{
"type": "FeatureCollection",
"name": "parcels",
"crs": { "type": "name", "properties": { "name": "urn:ogc:def:crs:OGC:1.3:CRS84" } },
"features": [
{ "type": "Feature", "properties": { "fid": 1, "cadastral_number": null, "house_number": "1", "owner_uk": "Едмунд Країнський", "type": null, "locality_uk": "Ліщовате", "owner_pl": "Edmund Kraiński", "locality_pl": "Leszczowate" }, "geometry": { "type": "MultiPolygon", "coordinates": [ [ [ [ 22.552911754542176, 49.499701709319034 ], [ 22.553395044153834, 49.500360363478052 ], [ 22.553852704770929, 49.500876342673308 ], [ 22.55463988103234, 49.500617164863598 ], [ 22.554793654999678, 49.500895364843799 ], [ 22.554844912988795, 49.500923898085674 ], [ 22.555251315616779, 49.500759831717673 ], [ 22.555211041482469, 49.500652831616108 ], [ 22.55550028299248, 49.500522053396452 ], [ 22.556034830593244, 49.500407919391861 ], [ 22.556184943275657, 49.500396030417726 ], [ 22.556137346571472, 49.500322318713721 ], [ 22.556071443442615, 49.500236717885834 ], [ 22.556144669141354, 49.500210562047442 ], [ 22.555298912320954, 49.498881351489374 ], [ 22.554068720582205, 49.499292721047603 ], [ 22.552911754542176, 49.499701709319034 ] ], [ [ 22.553828312856361, 49.50048840378841 ], [ 22.553745120192385, 49.50036171546467 ], [ 22.554057809860442, 49.500302097316478 ], [ 22.554135265099319, 49.500419470476452 ], [ 22.553828312856361, 49.50048840378841 ] ], [ [ 22.554525410006249, 49.500451142550759 ], [ 22.55439918665401, 49.500251794447443 ], [ 22.555156526767458, 49.50005989784254 ], [ 22.555262669131839, 49.500227574529099 ], [ 22.555107758654088, 49.500266699006623 ], [ 22.555222507156127, 49.500456731738211 ], [ 22.55477211928563, 49.50058341981596 ], [ 22.554663108208686, 49.500415744348729 ], [ 22.554525410006249, 49.500451142550759 ] ], [ [ 22.555228244581226, 49.499892220581437 ], [ 22.555497903561019, 49.499799066299232 ], [ 22.555472085148057, 49.499772983068439 ], [ 22.555532328111624, 49.499758078358887 ], [ 22.555555277812037, 49.499784161597617 ], [ 22.555698713439586, 49.499735721286036 ], [ 22.555744612840396, 49.499795340124244 ], [ 22.555581096224994, 49.499849369633651 ], [ 22.555606914637956, 49.499884768245387 ], [ 22.555520853261424, 49.499916440665771 ], [ 22.555497903561019, 49.499881042076936 ], [ 22.555277012694596, 49.499957428473465 ], [ 22.555228244581226, 49.499892220581437 ] ] ] ] } },
{ "type": "Feature", "properties": { "fid": 2, "cadastral_number": "44", "house_number": "31", "owner_uk": "церква", "type": "yard", "locality_uk": "Ліщовате", "owner_pl": "cerkiew", "locality_pl": "Leszczowate" }, "geometry": { "type": "MultiPolygon", "coordinates": [ [ [ [ 22.551538772690883, 49.502707192687474 ], [ 22.55144586758556, 49.502743749546774 ], [ 22.551395524917677, 49.50270154569025 ], [ 22.551480192131905, 49.502662016693257 ], [ 22.551282482745314, 49.502637050994352 ], [ 22.551079281431321, 49.502716703417782 ], [ 22.551251361823347, 49.502876007875663 ], [ 22.551408797075631, 49.503003213301696 ], [ 22.551782248139187, 49.502853419961696 ], [ 22.551837167413236, 49.502757124000979 ], [ 22.551720006295259, 49.502709570370207 ], [ 22.551538772690883, 49.502707192687474 ] ], [ [ 22.551461428046544, 49.502811513409263 ], [ 22.551677443857805, 49.502738994184483 ], [ 22.551747008271612, 49.502811513409263 ], [ 22.551543806957618, 49.502895920896208 ], [ 22.551525500532932, 49.502873332991442 ], [ 22.55148156511369, 49.502892354385622 ], [ 22.551448613549265, 49.50286501112916 ], [ 22.55149621025344, 49.502845989724349 ], [ 22.551461428046544, 49.502811513409263 ] ] ] ] } },
{ "type": "Feature", "properties": { "fid": 3, "cadastral_number": "41", "house_number": "33", "owner_uk": "Васько Стефанів", "type": "household", "locality_uk": "Ліщовате", "owner_pl": "Wasko Stefanów", "locality_pl": "Leszczowate" }, "geometry": { "type": "MultiPolygon", "coordinates": [ [ [ [ 22.552161191130146, 49.504719859789674 ], [ 22.55196302408288, 49.504801589205776 ], [ 22.551794715830511, 49.504889606837331 ], [ 22.552029384872423, 49.505147823218948 ], [ 22.552314965097491, 49.505464038236845 ], [ 22.552479722919646, 49.505418864787984 ], [ 22.552362561801669, 49.505152578347143 ], [ 22.552487045489517, 49.505083628943211 ], [ 22.552161191130146, 49.504719859789674 ] ] ] ] } },
{ "type": "Feature", "properties": { "fid": 4, "cadastral_number": "40", "house_number": "34", "owner_uk": "Михайло Добровольський", "type": "household", "locality_uk": "Ліщовате", "owner_pl": "Michał Dobrowolski", "locality_pl": "Leszczowate" }, "geometry": { "type": "MultiPolygon", "coordinates": [ [ [ [ 22.551508959864517, 49.505364805623948 ], [ 22.551756161483947, 49.505249761178021 ], [ 22.552047233636426, 49.505243817279521 ], [ 22.552092999698132, 49.505290179668663 ], [ 22.551631044385424, 49.505514890033034 ], [ 22.551820691631022, 49.505748154498555 ], [ 22.552044030012169, 49.506042967954734 ], [ 22.55236988437154, 49.505928846827601 ], [ 22.551890256044818, 49.505714868996741 ], [ 22.55205501386698, 49.505467604559989 ], [ 22.552314965097491, 49.505464038236845 ], [ 22.552029384872423, 49.505147823218948 ], [ 22.551633966099249, 49.504712727034132 ], [ 22.551267837605572, 49.50495048499166 ], [ 22.55119461190684, 49.505025378508989 ], [ 22.551508959864517, 49.505364805623948 ] ] ] ] } },
{ "type": "Feature", "properties": { "fid": 5, "cadastral_number": "39", "house_number": "35", "owner_uk": "Федьо Стефанів", "type": "household", "locality_uk": "Ліщовате", "owner_pl": "Fedio Stefanów", "locality_pl": "Leszczowate" }, "geometry": { "type": "MultiPolygon", "coordinates": [ [ [ [ 22.551407330694268, 49.505737064396719 ], [ 22.551700326888671, 49.505672964894899 ], [ 22.551773933286416, 49.505764642875306 ], [ 22.551820497002222, 49.505747915106816 ], [ 22.551509482411401, 49.505365369860414 ], [ 22.55119461190684, 49.505025378508989 ], [ 22.550923676821522, 49.505175165199731 ], [ 22.551172644197216, 49.505427186215925 ], [ 22.551407330694268, 49.505737064396719 ] ] ] ] } },
{ "type": "Feature", "properties": { "fid": 6, "cadastral_number": "38", "house_number": "35", "owner_uk": "Іван Капустинський", "type": null, "locality_uk": "Ліщовате", "owner_pl": "Iwan Kapustiński", "locality_pl": "Leszczowate" }, "geometry": { "type": "MultiPolygon", "coordinates": [ [ [ [ 22.5513673866805, 49.505897283106812 ], [ 22.551157697724914, 49.505959873413772 ], [ 22.551352047159124, 49.506185618989321 ], [ 22.551582708110139, 49.506430502295487 ], [ 22.551795062636469, 49.506656364452418 ], [ 22.552150207275343, 49.506901245402318 ], [ 22.552402835935972, 49.507067668649285 ], [ 22.552549287333445, 49.506993966995466 ], [ 22.552454551585665, 49.506930666695844 ], [ 22.552326406612877, 49.506804660222329 ], [ 22.552136019796169, 49.506614461157085 ], [ 22.552022062302555, 49.506492317305231 ], [ 22.551920003984893, 49.506179378015013 ], [ 22.551754788502169, 49.505988284947883 ], [ 22.551622982244442, 49.506016815219958 ], [ 22.551502159841522, 49.505862276047182 ], [ 22.5513673866805, 49.505897283106812 ] ] ] ] } },
{ "type": "Feature", "properties": { "fid": 7, "cadastral_number": "37", "house_number": "36", "owner_uk": "Михайло Томків", "type": "household", "locality_uk": "Ліщовате", "owner_pl": "Michał Tomków", "locality_pl": "Leszczowate" }, "geometry": { "type": "MultiPolygon", "coordinates": [ [ [ [ 22.550323226091898, 49.505769552309218 ], [ 22.550641757881387, 49.506316382072313 ], [ 22.551267837605579, 49.506149956269681 ], [ 22.551306646766587, 49.50613288436778 ], [ 22.551092095928613, 49.505883673807908 ], [ 22.55105182179431, 49.505800460241389 ], [ 22.550923676821522, 49.505650675464992 ], [ 22.55066738687594, 49.505308308539853 ], [ 22.550136500560114, 49.505565083958317 ], [ 22.550323226091898, 49.505769552309218 ] ], [ [ 22.550549768097291, 49.505972533852642 ], [ 22.550423453766971, 49.50580254058189 ], [ 22.550615671226154, 49.505739535932918 ], [ 22.550848162819634, 49.505837014789442 ], [ 22.550912235306033, 49.505916662003649 ], [ 22.550723679131785, 49.505970156328459 ], [ 22.550688896924882, 49.505933304688739 ], [ 22.550549768097291, 49.505972533852642 ] ] ] ] } },
{ "type": "Feature", "properties": { "fid": 8, "cadastral_number": "36", "house_number": "37", "owner_uk": "Михайло Добровольський", "type": "household", "locality_uk": "Ліщовате", "owner_pl": "Michał Dobrowolski", "locality_pl": "Leszczowate" }, "geometry": { "type": "MultiPolygon", "coordinates": [ [ [ [ 22.550323226091898, 49.505769552309218 ], [ 22.550172655748799, 49.505817994540003 ], [ 22.550121144352548, 49.505758527830316 ], [ 22.550081123625386, 49.505772821417956 ], [ 22.549985661696105, 49.50567147215294 ], [ 22.549675178658092, 49.50579095011048 ], [ 22.549660533518345, 49.506054855556847 ], [ 22.549946113743413, 49.50648756230725 ], [ 22.550641757881387, 49.506316382072313 ], [ 22.550323226091898, 49.505769552309218 ] ] ] ] } },
{ "type": "Feature", "properties": { "fid": 9, "cadastral_number": "35", "house_number": "38", "owner_uk": "Ілько Волянський", "type": "household", "locality_uk": "Ліщовате", "owner_pl": "Ilko Wolański", "locality_pl": "Leszczowate" }, "geometry": { "type": "MultiPolygon", "coordinates": [ [ [ [ 22.55019141983416, 49.506825166015147 ], [ 22.549946113743413, 49.50648756230725 ], [ 22.549660533518345, 49.506054855556847 ], [ 22.549517743405797, 49.505857520987973 ], [ 22.549250469605408, 49.506002550085995 ], [ 22.549155276197059, 49.506119048558283 ], [ 22.549385937148074, 49.506423369789331 ], [ 22.549752065641751, 49.506946417482467 ], [ 22.55019141983416, 49.506825166015147 ] ], [ [ 22.549804696612657, 49.506537192575472 ], [ 22.549883414238796, 49.506506285108713 ], [ 22.549976777004684, 49.506582364991758 ], [ 22.54990538194841, 49.50662278238152 ], [ 22.549804696612657, 49.506537192575472 ] ] ] ] } },
{ "type": "Feature", "properties": { "fid": 10, "cadastral_number": "34", "house_number": "39", "owner_uk": "Андрій Романів", "type": "household", "locality_uk": "Ліщовате", "owner_pl": "Andrzej Romanów", "locality_pl": "Leszczowate" }, "geometry": { "type": "MultiPolygon", "coordinates": [ [ [ [ 22.549646051380758, 49.506794967089988 ], [ 22.549444060046376, 49.506846266169141 ], [ 22.549401955269605, 49.506788017833507 ], [ 22.549606127245873, 49.506737931761307 ], [ 22.549385937148074, 49.506423369789331 ], [ 22.549285713994095, 49.506291140933669 ], [ 22.549285713587896, 49.50629114063031 ], [ 22.548871526614448, 49.506480429809422 ], [ 22.549149784269648, 49.506913132795873 ], [ 22.549347493656231, 49.5071057081691 ], [ 22.549680670585477, 49.507027251627079 ], [ 22.550028492654473, 49.507364851610767 ], [ 22.549752065641751, 49.506946417482467 ], [ 22.549646051380758, 49.506794967089988 ] ] ] ] } },
{ "type": "Feature", "properties": { "fid": 11, "cadastral_number": "33", "house_number": "40", "owner_uk": "Микола Стиранець", "type": "household", "locality_uk": "Ліщовате", "owner_pl": "Mikołaj Styraniec", "locality_pl": "Leszczowate" }, "geometry": { "type": "MultiPolygon", "coordinates": [ [ [ [ 22.549025513098787, 49.506719885617379 ], [ 22.548806996467388, 49.506798716512584 ], [ 22.548726448198781, 49.506705994549385 ], [ 22.548955070205096, 49.5066103437956 ], [ 22.548871526614448, 49.506480429809422 ], [ 22.54887884918433, 49.50643525729901 ], [ 22.548820268625338, 49.506416237282146 ], [ 22.548556656109891, 49.506646854487883 ], [ 22.548845897619895, 49.507200806839251 ], [ 22.549047268291417, 49.507039138990024 ], [ 22.548996010302307, 49.506846563354749 ], [ 22.549083803585546, 49.506810530253908 ], [ 22.549083803668434, 49.506810530036667 ], [ 22.549025513098787, 49.506719885617379 ] ] ] ] } },
{ "type": "Feature", "properties": { "fid": 12, "cadastral_number": "32", "house_number": "41", "owner_uk": "Онуфер Антошків", "type": "household", "locality_uk": "Ліщовате", "owner_pl": "Onufer Antoszków", "locality_pl": "Leszczowate" }, "geometry": { "type": "MultiPolygon", "coordinates": [ [ [ [ 22.548675304270343, 49.506874088218851 ], [ 22.548470158253203, 49.506921156784486 ], [ 22.548392647040785, 49.506754430435507 ], [ 22.547956205380263, 49.50703438404517 ], [ 22.548285721024573, 49.50739100362496 ], [ 22.54839189828774, 49.507538405625304 ], [ 22.548476107841285, 49.507859360057452 ], [ 22.548776333206099, 49.507799924210374 ], [ 22.548886171754198, 49.507788037032284 ], [ 22.548552994824952, 49.507269753259507 ], [ 22.548845897619895, 49.507200806839251 ], [ 22.548675304270343, 49.506874088218851 ] ] ] ] } },
{ "type": "Feature", "properties": { "fid": 13, "cadastral_number": "42", "house_number": "32", "owner_uk": "Михайло Волянський", "type": null, "locality_uk": "Ліщовате", "owner_pl": "Michał Wolański", "locality_pl": "Leszczowate" }, "geometry": { "type": "MultiPolygon", "coordinates": [ [ [ [ 22.550957086046566, 49.503472503356342 ], [ 22.551374472529357, 49.503893344821165 ], [ 22.551729617168217, 49.504252364904538 ], [ 22.551936479767097, 49.504440195553883 ], [ 22.552430753233565, 49.504181036620615 ], [ 22.552238535774432, 49.503997960216779 ], [ 22.551883391135569, 49.503705512072244 ], [ 22.551539230351505, 49.503389285688897 ], [ 22.551469665937709, 49.503315578493819 ], [ 22.551158456718088, 49.503344110324441 ], [ 22.55113648900846, 49.503391663338498 ], [ 22.550957086046566, 49.503472503356342 ] ], [ [ 22.551463776536266, 49.503743063415769 ], [ 22.551383452584833, 49.503681586447691 ], [ 22.551284482001833, 49.50372815991544 ], [ 22.551135308949185, 49.503588439379193 ], [ 22.551242885669843, 49.503544660195736 ], [ 22.551276427539673, 49.503577333370728 ], [ 22.551397796147594, 49.503452444340731 ], [ 22.551648808495798, 49.503646190582543 ], [ 22.551723395022126, 49.503703941717738 ], [ 22.551536928706309, 49.503806403241477 ], [ 22.551463776536266, 49.503743063415769 ] ] ] ] } },
{ "type": "Feature", "properties": { "fid": 14, "cadastral_number": "43", "house_number": "31", "owner_uk": "церква (проборство)", "type": "yard", "locality_uk": "Ліщовате", "owner_pl": "cerkiew (probostwo)", "locality_pl": "Leszczowate" }, "geometry": { "type": "MultiPolygon", "coordinates": [ [ [ [ 22.551843117001258, 49.503172919091149 ], [ 22.551802284617274, 49.503187904963987 ], [ 22.55186109322457, 49.50325590289809 ], [ 22.551752082147637, 49.503295956431494 ], [ 22.551779334916873, 49.503325763690881 ], [ 22.551716223240746, 49.503351845027957 ], [ 22.551684667402686, 49.503323900737705 ], [ 22.551638085044804, 49.503358376233514 ], [ 22.552062794097466, 49.503755442367016 ], [ 22.552087162436504, 49.503742518801175 ], [ 22.55200452885212, 49.503662025578024 ], [ 22.55220558421, 49.503574742011189 ], [ 22.552089155872373, 49.503470142346579 ], [ 22.552173656905399, 49.50343469201075 ], [ 22.551843117001258, 49.503172919091149 ] ] ] ] } },
{ "type": "Feature", "properties": { "fid": 15, "cadastral_number": "46", "house_number": "30", "owner_uk": "громада (школа)", "type": null, "locality_uk": "Ліщовате", "owner_pl": "gromada (szkoła)", "locality_pl": "Leszczowate" }, "geometry": { "type": "MultiPolygon", "coordinates": [ [ [ [ 22.553620525976584, 49.502995848697473 ], [ 22.553261791066451, 49.503164876983561 ], [ 22.553267356841669, 49.503170541430897 ], [ 22.553567582206483, 49.503467748064892 ], [ 22.553919065560418, 49.503275158371949 ], [ 22.553620525976584, 49.502995848697473 ] ] ] ] } },
{ "type": "Feature", "properties": { "fid": 16, "cadastral_number": "30, 31", "house_number": "42", "owner_uk": "Максим Волянський", "type": "household", "locality_uk": "Ліщовате", "owner_pl": "Maxym Wolański", "locality_pl": "Leszczowate" }, "geometry": { "type": "MultiPolygon", "coordinates": [ [ [ [ 22.547738816587156, 49.507794872160055 ], [ 22.548233090053614, 49.507616564167094 ], [ 22.548218444913868, 49.507404971172292 ], [ 22.548285721024573, 49.50739100362496 ], [ 22.548238337930197, 49.507339723211828 ], [ 22.548174671021915, 49.507270819620736 ], [ 22.547956205380263, 49.50703438404517 ], [ 22.547423946082585, 49.507295608142059 ], [ 22.547515478205998, 49.507421613351092 ], [ 22.547581381334876, 49.507521466305121 ], [ 22.547738816587156, 49.507794872160055 ] ] ] ] } },
{ "type": "Feature", "properties": { "fid": 17, "cadastral_number": "28, 29", "house_number": "43", "owner_uk": "Дмитро Кавчак", "type": "household", "locality_uk": "Ліщовате", "owner_pl": "Dmytro Kawczak", "locality_pl": "Leszczowate" }, "geometry": { "type": "MultiPolygon", "coordinates": [ [ [ [ 22.547517186450715, 49.507424201593629 ], [ 22.547478865356556, 49.507441227339882 ], [ 22.547513647563463, 49.507498286172826 ], [ 22.547332413959094, 49.507568420897165 ], [ 22.547293970467251, 49.50750779597184 ], [ 22.547180587423433, 49.507401660946663 ], [ 22.546976497485659, 49.507487984925042 ], [ 22.547024866024405, 49.507533947909629 ], [ 22.547081615940929, 49.507594572802532 ], [ 22.546880245269403, 49.507670650993205 ], [ 22.546838140492696, 49.507618941611277 ], [ 22.547094430438275, 49.508429643339952 ], [ 22.547156672282195, 49.508429643339952 ], [ 22.547226236695995, 49.508199034538038 ], [ 22.547207930271306, 49.507832911114427 ], [ 22.547738816587156, 49.507794872160055 ], [ 22.547581381334876, 49.507521466305121 ], [ 22.547517186450715, 49.507424201593629 ] ] ] ] } },
{ "type": "Feature", "properties": { "fid": 19, "cadastral_number": "26", "house_number": "45", "owner_uk": "Іван Добровольський", "type": "household", "locality_uk": "Ліщовате", "owner_pl": "Iwan Dobrowolski", "locality_pl": "Leszczowate" }, "geometry": { "type": "MultiPolygon", "coordinates": [ [ [ [ 22.545475789219807, 49.507960195556556 ], [ 22.545693073628644, 49.508220431276321 ], [ 22.545508178739333, 49.508292942376798 ], [ 22.545370880554206, 49.508145542649878 ], [ 22.545524654521554, 49.508095616835242 ], [ 22.545429653445876, 49.507977215396245 ], [ 22.544901320761145, 49.508118202329534 ], [ 22.545047772158618, 49.508398737068731 ], [ 22.545161271991653, 49.508593683990959 ], [ 22.545974077247628, 49.508467681800745 ], [ 22.545942956325668, 49.508357132442065 ], [ 22.54582030328028, 49.508170505538523 ], [ 22.545633577748497, 49.507899479213435 ], [ 22.545633577748493, 49.507899479213435 ], [ 22.545475789219807, 49.507960195556556 ] ] ] ] } },
{ "type": "Feature", "properties": { "fid": 20, "cadastral_number": "25", "house_number": "46", "owner_uk": "Михайло Мельничок", "type": "household", "locality_uk": "Ліщовате", "owner_pl": "Michał Mielniczek", "locality_pl": "Leszczowate" }, "geometry": { "type": "MultiPolygon", "coordinates": [ [ [ [ 22.544985074080948, 49.508278635866752 ], [ 22.544724663762867, 49.508396359662044 ], [ 22.544644115494261, 49.508330980943924 ], [ 22.544625908990703, 49.508157285654072 ], [ 22.544348466735695, 49.508196657122028 ], [ 22.544469289138604, 49.508325037420164 ], [ 22.544249612042396, 49.508398737068731 ], [ 22.54434114416582, 49.508548513431776 ], [ 22.544403386009744, 49.508771988422538 ], [ 22.545161271991653, 49.508593683990959 ], [ 22.545047772158618, 49.508398737068731 ], [ 22.544985074080948, 49.508278635866752 ] ] ] ] } },
{ "type": "Feature", "properties": { "fid": 21, "cadastral_number": "24", "house_number": "48", "owner_uk": "Гриць Паньків", "type": "household", "locality_uk": "Ліщовате", "owner_pl": "Hryć Pańków", "locality_pl": "Leszczowate" }, "geometry": { "type": "MultiPolygon", "coordinates": [ [ [ [ 22.544249612042407, 49.508398737068724 ], [ 22.544249612042396, 49.508398737068724 ], [ 22.544080277613997, 49.508447473871719 ], [ 22.544023527697469, 49.50831790518982 ], [ 22.543972483170375, 49.508264734822156 ], [ 22.543967693102267, 49.508265602138842 ], [ 22.543447790641245, 49.508322660010293 ], [ 22.543521016339973, 49.508522362036366 ], [ 22.543608887178458, 49.508722063247205 ], [ 22.543656483882636, 49.508793384910646 ], [ 22.544139773494294, 49.508676892806562 ], [ 22.544373428072365, 49.508664426669483 ], [ 22.544373428103594, 49.50866442665415 ], [ 22.54434114416582, 49.508548513431776 ], [ 22.544249612042396, 49.508398737068731 ], [ 22.544249612042407, 49.508398737068724 ] ] ] ] } },
{ "type": "Feature", "properties": { "fid": 22, "cadastral_number": null, "house_number": "49", "owner_uk": "Іван Магац", "type": "household", "locality_uk": "Ліщовате", "owner_pl": "Iwan Magac", "locality_pl": "Leszczowate" }, "geometry": { "type": "MultiPolygon", "coordinates": [ [ [ [ 22.543574346754522, 49.50864356444081 ], [ 22.54357434677917, 49.508643564399584 ], [ 22.543521016339973, 49.508522362036366 ], [ 22.543447790641245, 49.508322660010293 ], [ 22.543146649955204, 49.508358321146169 ], [ 22.542871138263706, 49.508405869286896 ], [ 22.543032234800918, 49.508931273165139 ], [ 22.543574346754522, 49.50864356444081 ] ] ] ] } },
{ "type": "Feature", "properties": { "fid": 23, "cadastral_number": "22", "house_number": "50", "owner_uk": "Тимко Ткачів", "type": "household", "locality_uk": "Ліщовате", "owner_pl": "Tymko Tkaczów", "locality_pl": "Leszczowate" }, "geometry": { "type": "MultiPolygon", "coordinates": [ [ [ [ 22.542871624517854, 49.508699446681071 ], [ 22.542914362084005, 49.508839661446601 ], [ 22.542936126071321, 49.508911065427995 ], [ 22.542936517428014, 49.508911988281675 ], [ 22.542554437116589, 49.508934839235117 ], [ 22.542529988498448, 49.50885105331821 ], [ 22.542510501697343, 49.508851630858253 ], [ 22.542498416885856, 49.509002686047062 ], [ 22.543005690485121, 49.509075104464728 ], [ 22.543079160318534, 49.509073102161061 ], [ 22.543065620543352, 49.509027930970099 ], [ 22.543032234800918, 49.508931273165139 ], [ 22.542871138263706, 49.508405869286896 ], [ 22.542778690819041, 49.508423699827752 ], [ 22.542072062826243, 49.508525928136557 ], [ 22.542335675341693, 49.50895385827323 ], [ 22.542453031028575, 49.508990145152744 ], [ 22.542464735635644, 49.508788630135911 ], [ 22.542871624517854, 49.508699446681071 ] ] ] ] } },
{ "type": "Feature", "properties": { "fid": 24, "cadastral_number": "21", "house_number": "51", "owner_uk": "Іван Шимоняк", "type": "household", "locality_uk": "Ліщовате", "owner_pl": "Iwan Szymoniak", "locality_pl": "Leszczowate" }, "geometry": { "type": "MultiPolygon", "coordinates": [ [ [ [ 22.542137965955103, 49.509015670094655 ], [ 22.542072978147409, 49.50888966899096 ], [ 22.541983276666457, 49.508640043205268 ], [ 22.542071147504938, 49.508628156231325 ], [ 22.542042304017698, 49.508530254276614 ], [ 22.541826756735482, 49.508561589124255 ], [ 22.54136909611838, 49.508642420600118 ], [ 22.541445983102054, 49.508777931892382 ], [ 22.541507909628187, 49.508913372570149 ], [ 22.541691507231445, 49.509166704607473 ], [ 22.542294814600492, 49.509196171676045 ], [ 22.542137965955103, 49.509015670094662 ], [ 22.54213796595511, 49.509015670094662 ], [ 22.542137965955103, 49.509015670094655 ] ] ] ] } },
{ "type": "Feature", "properties": { "fid": 25, "cadastral_number": "17", "house_number": "55", "owner_uk": "Юліан Тимків", "type": "household", "locality_uk": "Ліщовате", "owner_pl": "Julian Tymkow", "locality_pl": "Leszczowate" }, "geometry": { "type": "MultiPolygon", "coordinates": [ [ [ [ 22.539182997397631, 49.509622965828989 ], [ 22.539487260225091, 49.509524580442864 ], [ 22.539627827140091, 49.509609333998327 ], [ 22.539692373172485, 49.509691293340879 ], [ 22.539422714192696, 49.509808643978651 ], [ 22.53932087489714, 49.509686636563728 ], [ 22.539217025604295, 49.509665374413252 ], [ 22.539256534709843, 49.509714613717826 ], [ 22.539472550521115, 49.510056949808138 ], [ 22.5401279205248, 49.509781179256343 ], [ 22.540032727116447, 49.509674198882394 ], [ 22.539878953149096, 49.5095006524448 ], [ 22.539802066165429, 49.509291444961868 ], [ 22.539710534042008, 49.509172576675248 ], [ 22.539029535043767, 49.509431709168595 ], [ 22.539182997397631, 49.509622965828989 ] ] ] ] } },
{ "type": "Feature", "properties": { "fid": 26, "cadastral_number": "18", "house_number": "54", "owner_uk": "Васько Кавчак", "type": "household", "locality_uk": "Ліщовате", "owner_pl": "Wasko Kawczak", "locality_pl": "Leszczowate" }, "geometry": { "type": "MultiPolygon", "coordinates": [ [ [ [ 22.540485624232122, 49.509146488669806 ], [ 22.540400945172564, 49.509179045197065 ], [ 22.540422460516698, 49.509221887974654 ], [ 22.540332096071346, 49.509253554351353 ], [ 22.540144195399257, 49.509397915514825 ], [ 22.540049527885071, 49.509444483541188 ], [ 22.539901789188697, 49.509263799351196 ], [ 22.5399892849215, 49.509218162517215 ], [ 22.540020840759567, 49.509101741829554 ], [ 22.539983234119671, 49.5090613394228 ], [ 22.539710534042008, 49.50917257667524 ], [ 22.539710534042005, 49.509172576675248 ], [ 22.539710534042008, 49.509172576675248 ], [ 22.539802066165429, 49.509291444961868 ], [ 22.539878953149096, 49.5095006524448 ], [ 22.540032727116447, 49.509674198882394 ], [ 22.540662468125568, 49.509415067673572 ], [ 22.540490387733541, 49.509155935092089 ], [ 22.540485624232122, 49.509146488669806 ] ] ] ] } },
{ "type": "Feature", "properties": { "fid": 27, "cadastral_number": "16", "house_number": "56", "owner_uk": "Тимко Сухар", "type": "household", "locality_uk": "Ліщовате", "owner_pl": "Tymko Suchar", "locality_pl": "Leszczowate" }, "geometry": { "type": "MultiPolygon", "coordinates": [ [ [ [ 22.538817862876744, 49.509976310196976 ], [ 22.539029700573217, 49.509896191096495 ], [ 22.539118630662294, 49.510031236875264 ], [ 22.538900150607194, 49.510109138099054 ], [ 22.538978277054643, 49.510235248906277 ], [ 22.53942495381693, 49.510073591084726 ], [ 22.539472550521115, 49.510056949808138 ], [ 22.539256534709843, 49.509714613717826 ], [ 22.539203481228629, 49.509648494364228 ], [ 22.539029535043767, 49.509431709168595 ], [ 22.538989260909453, 49.509443595947204 ], [ 22.538586519566408, 49.509602878503031 ], [ 22.538817862876744, 49.509976310196976 ] ] ] ] } },
{ "type": "Feature", "properties": { "fid": 28, "cadastral_number": "15", "house_number": "57", "owner_uk": "Микола Кавчак", "type": "household", "locality_uk": "Ліщовате", "owner_pl": "Mikołaj Kawczak", "locality_pl": "Leszczowate" }, "geometry": { "type": "MultiPolygon", "coordinates": [ [ [ [ 22.538855372361063, 49.510036857572423 ], [ 22.538722748330265, 49.510096431255732 ], [ 22.538661071010413, 49.510011678544188 ], [ 22.538543453795825, 49.510054520592554 ], [ 22.538465998556955, 49.509943689999105 ], [ 22.538731570279833, 49.509837017685804 ], [ 22.538586519566408, 49.509602878503031 ], [ 22.538158149228799, 49.509774047238608 ], [ 22.538396132749693, 49.510142533456289 ], [ 22.53857553571159, 49.510401660811603 ], [ 22.538978277054643, 49.510235248906277 ], [ 22.538855372361063, 49.510036857572423 ] ] ] ] } },
{ "type": "Feature", "properties": { "fid": 29, "cadastral_number": "14", "house_number": "58", "owner_uk": "Гриць Кавчак", "type": "household", "locality_uk": "Ліщовате", "owner_pl": "Hryć Kawczak", "locality_pl": "Leszczowate" }, "geometry": { "type": "MultiPolygon", "coordinates": [ [ [ [ 22.537568557459092, 49.510352737001824 ], [ 22.53772730507508, 49.51034789448078 ], [ 22.537658455973855, 49.510265936238312 ], [ 22.537833447439461, 49.510184909204533 ], [ 22.538074419293739, 49.510276181026136 ], [ 22.538170521164194, 49.510254760103699 ], [ 22.538256582540722, 49.510429852585922 ], [ 22.538166218095366, 49.510447548067866 ], [ 22.538136096613584, 49.510397255628725 ], [ 22.537813366451601, 49.510427989903228 ], [ 22.537685624749979, 49.510581670394771 ], [ 22.537715133751455, 49.510639391122893 ], [ 22.53782497229956, 49.510641768420172 ], [ 22.538070278390325, 49.510734482923915 ], [ 22.538491326158056, 49.51087474299301 ], [ 22.538363181185261, 49.510755878553674 ], [ 22.538568213141723, 49.510679805160912 ], [ 22.538447390738806, 49.510453961579216 ], [ 22.53857553571159, 49.510401660811603 ], [ 22.538396132749693, 49.510142533456289 ], [ 22.538158149228799, 49.509774047238608 ], [ 22.537737101461079, 49.509935706050065 ], [ 22.537385618107145, 49.510075968409488 ], [ 22.537568557459092, 49.510352737001824 ] ] ] ] } },
{ "type": "Feature", "properties": { "fid": 30, "cadastral_number": "12", "house_number": "59", "owner_uk": "Дмитро Томків", "type": "household", "locality_uk": "Ліщовате", "owner_pl": "Dmytro Tomków", "locality_pl": "Leszczowate" }, "geometry": { "type": "MultiPolygon", "coordinates": [ [ [ [ 22.537230013497325, 49.510747558032101 ], [ 22.537685624749979, 49.510581670394771 ], [ 22.537568682353989, 49.510352925955075 ], [ 22.537385618107145, 49.510075968409488 ], [ 22.536962739696943, 49.510231682930666 ], [ 22.537131158804034, 49.510507450942804 ], [ 22.537230013497325, 49.510747558032101 ] ], [ [ 22.537202330678252, 49.51048759571389 ], [ 22.537406009269372, 49.510416813805655 ], [ 22.537460514807844, 49.510500634475299 ], [ 22.5372640079981, 49.510577935632249 ], [ 22.537202330678252, 49.51048759571389 ] ] ] ] } },
{ "type": "Feature", "properties": { "fid": 31, "cadastral_number": "9, 10", "house_number": "60", "owner_uk": "Ілько Волянський", "type": "household", "locality_uk": "Ліщовате", "owner_pl": "Ilko Wolański", "locality_pl": "Leszczowate" }, "geometry": { "type": "MultiPolygon", "coordinates": [ [ [ [ 22.5357947898021, 49.509694406304199 ], [ 22.535908541317774, 49.509666146739022 ], [ 22.536069189220626, 49.509678254363749 ], [ 22.536050542589038, 49.509625167063831 ], [ 22.536206887423063, 49.509559972055314 ], [ 22.53636466661337, 49.50978629149791 ], [ 22.536183937722662, 49.509856142966278 ], [ 22.536109660306664, 49.5099178760603 ], [ 22.536292724553498, 49.510234060247782 ], [ 22.53636412873038, 49.510375136252676 ], [ 22.536914921540134, 49.510173965888107 ], [ 22.536706449751364, 49.509832292019013 ], [ 22.53656365963883, 49.509644482070243 ], [ 22.536340461851836, 49.509314791477749 ], [ 22.536182886005399, 49.509033500413146 ], [ 22.53612430544641, 49.508917008880857 ], [ 22.536051079747676, 49.508912254118542 ], [ 22.535842386506275, 49.508993085015 ], [ 22.53570325767868, 49.508966933857231 ], [ 22.53563735454982, 49.509000217146514 ], [ 22.535578773990835, 49.509088180016313 ], [ 22.535421338738544, 49.509130972706608 ], [ 22.535539488752267, 49.509316710551808 ], [ 22.535560467566146, 49.509349690316789 ], [ 22.5357947898021, 49.509694406304199 ] ] ] ] } },
{ "type": "Feature", "properties": { "fid": 32, "cadastral_number": "11", "house_number": "61", "owner_uk": "Михайло Катинський", "type": "household", "locality_uk": "Ліщовате", "owner_pl": "Michał Katyński", "locality_pl": "Leszczowate" }, "geometry": { "type": "MultiPolygon", "coordinates": [ [ [ [ 22.53596537768582, 49.510529738841008 ], [ 22.536166187564376, 49.510457094312173 ], [ 22.53636412873038, 49.510375136252676 ], [ 22.536292724553498, 49.510234060247782 ], [ 22.536109660306664, 49.5099178760603 ], [ 22.535981515333877, 49.509848933372098 ], [ 22.535875338070706, 49.50988459339537 ], [ 22.5357947898021, 49.509694406304199 ], [ 22.535560467566146, 49.509349690316789 ], [ 22.535539488752267, 49.509316710551808 ], [ 22.535539488713862, 49.509316710554046 ], [ 22.535230951921839, 49.509425765778062 ], [ 22.535165048792972, 49.509409124281014 ], [ 22.534824549293873, 49.509349690316789 ], [ 22.53482454929388, 49.509349690316796 ], [ 22.534824549293859, 49.509349690316789 ], [ 22.534952694266643, 49.509475690235242 ], [ 22.535077177954488, 49.509687274273887 ], [ 22.535271226056143, 49.509808518647631 ], [ 22.535443306448169, 49.510193645841468 ], [ 22.535457951587915, 49.510253078780352 ], [ 22.535655660974502, 49.510640579771547 ], [ 22.535816757511718, 49.510585901903575 ], [ 22.53596537768582, 49.510529738841008 ] ], [ [ 22.535710600151745, 49.510377697443978 ], [ 22.535681913026234, 49.510189565934247 ], [ 22.535770843115312, 49.510182115166486 ], [ 22.535885591617358, 49.510284563123655 ], [ 22.536069189220612, 49.51027897505881 ], [ 22.536074926645721, 49.510370246704881 ], [ 22.535710600151745, 49.510377697443978 ] ] ] ] } },
{ "type": "Feature", "properties": { "fid": 33, "cadastral_number": "8", "house_number": "62", "owner_uk": "Стах Романів", "type": "household", "locality_uk": "Ліщовате", "owner_pl": "Stach Romanów", "locality_pl": "Leszczowate" }, "geometry": { "type": "MultiPolygon", "coordinates": [ [ [ [ 22.534519409672804, 49.509618366830779 ], [ 22.534738106596979, 49.509552521191665 ], [ 22.535027846564628, 49.50965962724753 ], [ 22.535046493196212, 49.509685705208241 ], [ 22.534997725082842, 49.509686636563728 ], [ 22.535050796265036, 49.509771389838427 ], [ 22.534905926281212, 49.509799330446242 ], [ 22.534844248961367, 49.509713645865006 ], [ 22.534659791471707, 49.509787122603491 ], [ 22.534659791471704, 49.509787122603491 ], [ 22.534659791471707, 49.509787122603498 ], [ 22.534842855718544, 49.510343416709127 ], [ 22.535108529105152, 49.510867348216344 ], [ 22.535360975809631, 49.51075931346972 ], [ 22.535655660974502, 49.510640579771547 ], [ 22.535457951587915, 49.510253078780352 ], [ 22.535443306448169, 49.510193645841468 ], [ 22.535443306448165, 49.510193645841461 ], [ 22.535271226056143, 49.509808518647631 ], [ 22.535077177954488, 49.509687274273887 ], [ 22.534952694266643, 49.509475690235242 ], [ 22.534824549293859, 49.509349690316789 ], [ 22.53482454929388, 49.509349690316796 ], [ 22.534824549293859, 49.509349690316782 ], [ 22.534388856386386, 49.509461426109809 ], [ 22.534519409672804, 49.509618366830779 ] ] ] ] } },
{ "type": "Feature", "properties": { "fid": 34, "cadastral_number": "20", "house_number": "52", "owner_uk": "Панько Стефанів", "type": "household", "locality_uk": "Ліщовате", "owner_pl": "Pańko Stefanów", "locality_pl": "Leszczowate" }, "geometry": { "type": "MultiPolygon", "coordinates": [ [ [ [ 22.54081696138066, 49.508937384419731 ], [ 22.540953172338629, 49.508855860426728 ], [ 22.540967968874455, 49.508718147797133 ], [ 22.540938895138257, 49.508724440637486 ], [ 22.540741185751674, 49.508788630136152 ], [ 22.54081696138066, 49.508937384419731 ] ] ] ] } },
{ "type": "Feature", "properties": { "fid": 35, "cadastral_number": "19", "house_number": "53", "owner_uk": "Роман Сорока", "type": "yard", "locality_uk": "Ліщовате", "owner_pl": "Roman Sroka", "locality_pl": "Leszczowate" }, "geometry": { "type": "MultiPolygon", "coordinates": [ [ [ [ 22.540477526866383, 49.508644991175942 ], [ 22.540679859228973, 49.508598438783821 ], [ 22.540734955102071, 49.508708666215831 ], [ 22.540799766310666, 49.508698289336103 ], [ 22.540693589047496, 49.508524739436339 ], [ 22.540437299101924, 49.508574664813061 ], [ 22.540477526866383, 49.508644991175942 ] ] ] ] } },
{ "type": "Feature", "properties": { "fid": 36, "cadastral_number": "40", "house_number": "34", "owner_uk": "Михайло Добровольський", "type": "yard", "locality_uk": "Ліщовате", "owner_pl": "Michał Dobrowolski", "locality_pl": "Leszczowate" }, "geometry": { "type": "MultiPolygon", "coordinates": [ [ [ [ 22.551928454846742, 49.505370219734218 ], [ 22.551853185534771, 49.505312766457713 ], [ 22.552047233636426, 49.505243817279521 ], [ 22.551756161483947, 49.505249761178021 ], [ 22.551508959864517, 49.505364805623948 ], [ 22.551509482411401, 49.505365369860414 ], [ 22.551631044385424, 49.505514890033034 ], [ 22.551758051589196, 49.505453109522556 ], [ 22.551631677796102, 49.505341297123714 ], [ 22.551736024416801, 49.505292557225893 ], [ 22.551864801130449, 49.505401183010072 ], [ 22.551928454846742, 49.505370219734218 ] ] ] ] } },
{ "type": "Feature", "properties": { "fid": 37, "cadastral_number": "40", "house_number": "34", "owner_uk": "Михайло Добровольський", "type": "building", "locality_uk": "Ліщовате", "owner_pl": "Michał Dobrowolski", "locality_pl": "Leszczowate" }, "geometry": { "type": "MultiPolygon", "coordinates": [ [ [ [ 22.551864801130449, 49.505401183010072 ], [ 22.551736024416801, 49.505292557225893 ], [ 22.551631677796102, 49.505341297123714 ], [ 22.551758051589196, 49.505453109522556 ], [ 22.551864801130449, 49.505401183010072 ] ] ] ] } },
{ "type": "Feature", "properties": { "fid": 38, "cadastral_number": "40", "house_number": "34", "owner_uk": "Михайло Добровольський", "type": "building", "locality_uk": "Ліщовате", "owner_pl": "Michał Dobrowolski", "locality_pl": "Leszczowate" }, "geometry": { "type": "MultiPolygon", "coordinates": [ [ [ [ 22.552047233636426, 49.505243817279521 ], [ 22.551853185534771, 49.505312766457713 ], [ 22.551928454846742, 49.505370219734218 ], [ 22.552092999698132, 49.505290179668663 ], [ 22.552047233636426, 49.505243817279521 ] ] ] ] } },
{ "type": "Feature", "properties": { "fid": 39, "cadastral_number": "41", "house_number": "33", "owner_uk": "Васько Стефанів", "type": "yard", "locality_uk": "Ліщовате", "owner_pl": "Wasko Stefanów", "locality_pl": "Leszczowate" }, "geometry": { "type": "MultiPolygon", "coordinates": [ [ [ [ 22.551896485483947, 49.504739709386996 ], [ 22.552050894921365, 49.504662500517597 ], [ 22.552124169941795, 49.504735128322707 ], [ 22.552161191130146, 49.504719859789674 ], [ 22.551996433307988, 49.504498743884518 ], [ 22.551633966099249, 49.504712727034132 ], [ 22.551794715830511, 49.504889606837331 ], [ 22.551847415886602, 49.504862047082803 ], [ 22.551690258355091, 49.504731450515003 ], [ 22.551814742042939, 49.504663689311471 ], [ 22.551896485483947, 49.504739709386996 ] ] ] ] } },
{ "type": "Feature", "properties": { "fid": 40, "cadastral_number": "41", "house_number": "33", "owner_uk": "Васько Стефанів", "type": "building", "locality_uk": "Ліщовате", "owner_pl": "Wasko Stefanów", "locality_pl": "Leszczowate" }, "geometry": { "type": "MultiPolygon", "coordinates": [ [ [ [ 22.55196302408288, 49.504801589205776 ], [ 22.551814742042939, 49.504663689311471 ], [ 22.551690258355091, 49.504731450515003 ], [ 22.551847415886602, 49.504862047082803 ], [ 22.55196302408288, 49.504801589205776 ] ] ] ] } },
{ "type": "Feature", "properties": { "fid": 41, "cadastral_number": "41", "house_number": "33", "owner_uk": "Васько Стефанів", "type": "building", "locality_uk": "Ліщовате", "owner_pl": "Wasko Stefanów", "locality_pl": "Leszczowate" }, "geometry": { "type": "MultiPolygon", "coordinates": [ [ [ [ 22.552124169941795, 49.504735128322707 ], [ 22.552050894921365, 49.504662500517597 ], [ 22.551896485483947, 49.504739709386996 ], [ 22.55196302408288, 49.504801589205776 ], [ 22.552124169941795, 49.504735128322707 ] ] ] ] } },
{ "type": "Feature", "properties": { "fid": 42, "cadastral_number": "44", "house_number": "31", "owner_uk": "церква", "type": "building", "locality_uk": "Ліщовате", "owner_pl": "cerkiew", "locality_pl": "Leszczowate" }, "geometry": { "type": "MultiPolygon", "coordinates": [ [ [ [ 22.551461428046544, 49.502811513409263 ], [ 22.55149621025344, 49.502845989724349 ], [ 22.551448613549265, 49.50286501112916 ], [ 22.55148156511369, 49.502892354385622 ], [ 22.551525500532932, 49.502873332991442 ], [ 22.551543806957618, 49.502895920896208 ], [ 22.551747008271612, 49.502811513409263 ], [ 22.551677443857805, 49.502738994184483 ], [ 22.551461428046544, 49.502811513409263 ] ] ] ] } },
{ "type": "Feature", "properties": { "fid": 43, "cadastral_number": "43", "house_number": "31", "owner_uk": "церква", "type": "building", "locality_uk": "Ліщовате", "owner_pl": "cerkiew", "locality_pl": "Leszczowate" }, "geometry": { "type": "MultiPolygon", "coordinates": [ [ [ [ 22.551480192131905, 49.502662016693257 ], [ 22.551395524917677, 49.50270154569025 ], [ 22.55144586758556, 49.502743749546774 ], [ 22.551538772690883, 49.502707192687474 ], [ 22.551480192131905, 49.502662016693257 ] ] ] ] } },
{ "type": "Feature", "properties": { "fid": 46, "cadastral_number": "54", "house_number": "28", "owner_uk": "Лесько Дуда", "type": "household", "locality_uk": "Ліщовате", "owner_pl": "Lesko Duda", "locality_pl": "Leszczowate" }, "geometry": { "type": "MultiPolygon", "coordinates": [ [ [ [ 22.560017417366943, 49.500048475478366 ], [ 22.559839953638612, 49.500077288811532 ], [ 22.559951535655731, 49.500189385468602 ], [ 22.559653402453751, 49.50028789444012 ], [ 22.559552281250745, 49.500152019944792 ], [ 22.559208817854309, 49.500210898939081 ], [ 22.559175691942979, 49.500167871988673 ], [ 22.559529616153515, 49.500115786682301 ], [ 22.559740575904623, 49.500053510699757 ], [ 22.559989268608042, 49.500014524829091 ], [ 22.5599839840581, 49.500008151052455 ], [ 22.55974600053721, 49.499758479949676 ], [ 22.55948238802176, 49.49948265134563 ], [ 22.559116259528082, 49.499192554067378 ], [ 22.559010082264919, 49.499128351978307 ], [ 22.558900243716813, 49.499313824450262 ], [ 22.558548760362878, 49.499570631327849 ], [ 22.558491405107944, 49.499592263158924 ], [ 22.558594678759775, 49.499681691651176 ], [ 22.559099572168741, 49.500154914702129 ], [ 22.559283169772005, 49.500385935316622 ], [ 22.559455292525062, 49.500605776501509 ], [ 22.559621677853016, 49.500687750927824 ], [ 22.559724951504851, 49.50080698621187 ], [ 22.560467273669772, 49.500569311929503 ], [ 22.560137758025441, 49.50019362018989 ], [ 22.560017417366943, 49.500048475478366 ] ] ] ] } },
{ "type": "Feature", "properties": { "fid": 47, "cadastral_number": "55", "house_number": "27", "owner_uk": "Тимко Романів", "type": "household", "locality_uk": "Ліщовате", "owner_pl": "Tymko Romanów", "locality_pl": "Leszczowate" }, "geometry": { "type": "MultiPolygon", "coordinates": [ [ [ [ 22.560860364740975, 49.50020743674181 ], [ 22.560662871014834, 49.500272042435107 ], [ 22.560622771227433, 49.500207502075952 ], [ 22.560505958803265, 49.500137300185131 ], [ 22.560450167794709, 49.500070495066488 ], [ 22.56070581769789, 49.499999214634975 ], [ 22.560622878279567, 49.49989044911986 ], [ 22.56033363676956, 49.499602732092782 ], [ 22.560260411070832, 49.499524263519085 ], [ 22.560260411070828, 49.499524263519078 ], [ 22.560260411070821, 49.499524263519064 ], [ 22.559974830845771, 49.499279345646478 ], [ 22.559784444029056, 49.499136674476084 ], [ 22.559116259528082, 49.499192554067378 ], [ 22.55948238802176, 49.49948265134563 ], [ 22.55974600053721, 49.499758479949676 ], [ 22.559898940604874, 49.499918931039772 ], [ 22.5599839840581, 49.500008151052455 ], [ 22.56011517203471, 49.500166378880508 ], [ 22.560467273669772, 49.500569311929503 ], [ 22.560632899027233, 49.500497719093403 ], [ 22.560959932258037, 49.500382209186341 ], [ 22.560860364740975, 49.50020743674181 ] ] ] ] } },
{ "type": "Feature", "properties": { "fid": 48, "cadastral_number": "56", "house_number": "26", "owner_uk": "Гнат Возний", "type": "household", "locality_uk": "Ліщовате", "owner_pl": "Hnat Wozny", "locality_pl": "Leszczowate" }, "geometry": { "type": "MultiPolygon", "coordinates": [ [ [ [ 22.560596136311155, 49.499403061640564 ], [ 22.56053385430755, 49.499410365007911 ], [ 22.560380429034012, 49.499473774113696 ], [ 22.560275820892976, 49.499361675817333 ], [ 22.560384767489172, 49.499279256549407 ], [ 22.560102975818548, 49.499081983750486 ], [ 22.559784444029056, 49.499136674476084 ], [ 22.559974830845771, 49.499279345646478 ], [ 22.560260411070828, 49.499524263519071 ], [ 22.560260411070832, 49.499524263519085 ], [ 22.56033363676956, 49.499602732092782 ], [ 22.560593499854523, 49.499861225537416 ], [ 22.560846216660714, 49.499693089688449 ], [ 22.560596136311155, 49.499403061640564 ] ] ] ] } },
{ "type": "Feature", "properties": { "fid": 49, "cadastral_number": "57", "house_number": "26", "owner_uk": "Гнат Возний", "type": "household", "locality_uk": "Ліщовате", "owner_pl": "Hnat Wozny", "locality_pl": "Leszczowate" }, "geometry": { "type": "MultiPolygon", "coordinates": [ [ [ [ 22.560384767489172, 49.4992792565494 ], [ 22.560479806768011, 49.49920654946856 ], [ 22.560593132254141, 49.499191829424518 ], [ 22.560675075297961, 49.499342426589124 ], [ 22.560584414909055, 49.499359411202654 ], [ 22.560596136311155, 49.499403061640557 ], [ 22.560846216660714, 49.499693089688449 ], [ 22.561212345154395, 49.4996360217527 ], [ 22.561021958337683, 49.499452928342905 ], [ 22.560838894090846, 49.499260322847789 ], [ 22.560685120123498, 49.499084361609391 ], [ 22.560366588333999, 49.498913155472842 ], [ 22.560256749785896, 49.499036804409307 ], [ 22.560102975818548, 49.499081983750486 ], [ 22.560384767489172, 49.4992792565494 ] ] ] ] } },
{ "type": "Feature", "properties": { "fid": 50, "cadastral_number": "58", "house_number": "25", "owner_uk": "Тимко Гут", "type": "household", "locality_uk": "Ліщовате", "owner_pl": "Tymko Gut", "locality_pl": "Leszczowate" }, "geometry": { "type": "MultiPolygon", "coordinates": [ [ [ [ 22.562093692879422, 49.49969275069877 ], [ 22.561796125876153, 49.499746658791992 ], [ 22.561689774266092, 49.499607385889036 ], [ 22.561947923379176, 49.499550251755139 ], [ 22.561926295717061, 49.499529019193815 ], [ 22.561659021916672, 49.499217521523711 ], [ 22.561534538228823, 49.499070094454225 ], [ 22.561333167557304, 49.498779994730313 ], [ 22.560707087833112, 49.498822796437068 ], [ 22.560589926715142, 49.49877286110889 ], [ 22.560366588333999, 49.498913155472842 ], [ 22.560685120123498, 49.499084361609391 ], [ 22.560838894090846, 49.499260322847789 ], [ 22.561021958337683, 49.499452928342905 ], [ 22.56121234515436, 49.499636021752664 ], [ 22.561212345154395, 49.499636021752693 ], [ 22.561377102976543, 49.499807225360293 ], [ 22.561711926757351, 49.500137569890811 ], [ 22.561948263426686, 49.500068785270877 ], [ 22.562372972479345, 49.499949894575749 ], [ 22.562093692879422, 49.49969275069877 ] ] ] ] } },
{ "type": "Feature", "properties": { "fid": 51, "cadastral_number": "59", "house_number": "24", "owner_uk": "Іван Жовтків", "type": "household", "locality_uk": "Ліщовате", "owner_pl": "Iwan Żołtków", "locality_pl": "Leszczowate" }, "geometry": { "type": "MultiPolygon", "coordinates": [ [ [ [ 22.562475488457576, 49.499046315853015 ], [ 22.562567020581, 49.499234166487533 ], [ 22.562859923375939, 49.499424394243313 ], [ 22.563050310192658, 49.499438661295187 ], [ 22.563229713154556, 49.499602732092782 ], [ 22.563401793546582, 49.499543286215179 ], [ 22.563266326003919, 49.499367325994221 ], [ 22.562999052203541, 49.499086739468176 ], [ 22.562900197510249, 49.498989247163024 ], [ 22.562475488457576, 49.499046315853015 ] ], [ [ 22.562756777304738, 49.499163521635083 ], [ 22.562929380737462, 49.499140875391731 ], [ 22.562972967462894, 49.499195226358168 ], [ 22.563082806010989, 49.499276752694634 ], [ 22.563030501940471, 49.499276752694634 ], [ 22.563047936630639, 49.499349220435249 ], [ 22.562884050543008, 49.499353749665474 ], [ 22.562880563604974, 49.499282414240731 ], [ 22.562793390154102, 49.499224666439787 ], [ 22.562756777304738, 49.499163521635083 ] ] ] ] } },
{ "type": "Feature", "properties": { "fid": 52, "cadastral_number": "61", "house_number": "23", "owner_uk": "Антон Романів", "type": "household", "locality_uk": "Ліщовате", "owner_pl": "Anton Romanów", "locality_pl": "Leszczowate" }, "geometry": { "type": "MultiPolygon", "coordinates": [ [ [ [ 22.563848132081624, 49.499847819194727 ], [ 22.563778663625925, 49.499760970285998 ], [ 22.564001692784409, 49.49968532813552 ], [ 22.564083735068468, 49.499769057741318 ], [ 22.564156018243562, 49.499759668862716 ], [ 22.563888744443179, 49.499441039136762 ], [ 22.563379825836968, 49.49966693355951 ], [ 22.563650760922286, 49.499947516758894 ], [ 22.563848132081624, 49.499847819194727 ] ] ] ] } },
{ "type": "Feature", "properties": { "fid": 53, "cadastral_number": "60", "house_number": "23", "owner_uk": "Лесько Романів", "type": "household", "locality_uk": "Ліщовате", "owner_pl": "Lesko Romanów", "locality_pl": "Leszczowate" }, "geometry": { "type": "MultiPolygon", "coordinates": [ [ [ [ 22.563808196174566, 49.499355436767274 ], [ 22.563577535223558, 49.499117651621937 ], [ 22.563365180697222, 49.498979735708218 ], [ 22.562969761924055, 49.498875109583359 ], [ 22.562680520414041, 49.498675368178418 ], [ 22.562318053205299, 49.498473248069729 ], [ 22.56206542454467, 49.498606409646918 ], [ 22.56210203739403, 49.498653967265248 ], [ 22.562545052871386, 49.498801395588359 ], [ 22.562900197510249, 49.498989247163024 ], [ 22.562999052203541, 49.499086739468176 ], [ 22.563266326003919, 49.499367325994221 ], [ 22.563401793546582, 49.499543286215179 ], [ 22.563808196174566, 49.499355436767274 ] ], [ [ 22.563110701515264, 49.499088788992253 ], [ 22.563220540063362, 49.499052554942523 ], [ 22.563473343070889, 49.499146536953546 ], [ 22.56340709124823, 49.499226931060697 ], [ 22.563309456983255, 49.499191829424532 ], [ 22.563218796594352, 49.499231460302248 ], [ 22.563110701515264, 49.499088788992253 ] ] ] ] } },
{ "type": "Feature", "properties": { "fid": 54, "cadastral_number": "62", "house_number": "22", "owner_uk": "Роман Шимоняк", "type": "household", "locality_uk": "Ліщовате", "owner_pl": "Roman Szymoniak", "locality_pl": "Leszczowate" }, "geometry": { "type": "MultiPolygon", "coordinates": [ [ [ [ 22.563808196174566, 49.499355436767267 ], [ 22.56399492170635, 49.499269834248054 ], [ 22.56449651774269, 49.499015403654198 ], [ 22.564199953662804, 49.498801395588359 ], [ 22.563947325002172, 49.498549340443923 ], [ 22.563694696341528, 49.498409045036965 ], [ 22.563376164552029, 49.498221191235132 ], [ 22.563108890751646, 49.498014313429159 ], [ 22.562958778069238, 49.498011935518264 ], [ 22.562863584660885, 49.498114185582615 ], [ 22.562588988290628, 49.498294906104093 ], [ 22.562742762257969, 49.49841855660268 ], [ 22.563163810025699, 49.498777616856621 ], [ 22.563365180697222, 49.498979735708218 ], [ 22.563577535223558, 49.499117651621937 ], [ 22.563808196174559, 49.499355436767267 ], [ 22.563808196174566, 49.499355436767267 ] ], [ [ 22.563931875422469, 49.499006130027105 ], [ 22.563897006042122, 49.498929132509318 ], [ 22.5639249015464, 49.498849870232114 ], [ 22.563809832591254, 49.498639258414606 ], [ 22.563942336236575, 49.498615479604091 ], [ 22.564168987208838, 49.49896989591619 ], [ 22.563931875422469, 49.499006130027105 ] ] ] ] } },
{ "type": "Feature", "properties": { "fid": 55, "cadastral_number": "63", "house_number": "21", "owner_uk": "Стефан Гебель", "type": "household", "locality_uk": "Ліщовате", "owner_pl": "Stefan Hebel", "locality_pl": "Leszczowate" }, "geometry": { "type": "MultiPolygon", "coordinates": [ [ [ [ 22.564813285159353, 49.498783701748181 ], [ 22.564526398357419, 49.498738902828329 ], [ 22.564573472020882, 49.498797783522903 ], [ 22.564402612057179, 49.498827223843598 ], [ 22.564367742676833, 49.498770607826522 ], [ 22.564304977792204, 49.498547540081738 ], [ 22.564486298570014, 49.498520364246403 ], [ 22.56452116795036, 49.498583774505398 ], [ 22.564536859171518, 49.498700403874359 ], [ 22.564835479032329, 49.49876698135008 ], [ 22.564998113779023, 49.498644455745278 ], [ 22.56480040439244, 49.498387644007337 ], [ 22.56453313059205, 49.498133208826822 ], [ 22.563808196174566, 49.49820692382832 ], [ 22.563493325670006, 49.498118941394367 ], [ 22.563416438686339, 49.498045226260345 ], [ 22.563185777735313, 49.498002423873523 ], [ 22.563108890751646, 49.498014313429159 ], [ 22.563376164552029, 49.498221191235132 ], [ 22.563694696341528, 49.498409045036965 ], [ 22.563947325002172, 49.498549340443923 ], [ 22.564199953662804, 49.498801395588359 ], [ 22.56449651774269, 49.499015403654198 ], [ 22.564723517408765, 49.49885133088744 ], [ 22.564813285159353, 49.498783701748181 ] ] ] ] } },
{ "type": "Feature", "properties": { "fid": 56, "cadastral_number": null, "house_number": "1", "owner_uk": "Едмунд Країнський", "type": "yard", "locality_uk": "Ліщовате", "owner_pl": "Edmund Kraiński", "locality_pl": "Leszczowate" }, "geometry": { "type": "MultiPolygon", "coordinates": [ [ [ [ 22.566215819835282, 49.496484398333671 ], [ 22.565954299482669, 49.496539884623061 ], [ 22.565448693467619, 49.496679166256015 ], [ 22.565129638637437, 49.496776549926508 ], [ 22.564658902002741, 49.496922625068933 ], [ 22.564224778217437, 49.496876198132945 ], [ 22.564721666887394, 49.497419730232821 ], [ 22.564662388940771, 49.497425391993744 ], [ 22.564749562391643, 49.49754768587016 ], [ 22.564428764092437, 49.497657523628298 ], [ 22.564327642889431, 49.49753070062782 ], [ 22.564226721939026, 49.497559952813944 ], [ 22.564362512269781, 49.497719802659994 ], [ 22.564224743345498, 49.497751958773279 ], [ 22.564366715740441, 49.497930087575604 ], [ 22.56473735810853, 49.497833037060033 ], [ 22.564995631697794, 49.497958909665456 ], [ 22.565085414457503, 49.497909131361261 ], [ 22.564824531559402, 49.49780359614121 ], [ 22.564834992373509, 49.497727729076523 ], [ 22.56512615169941, 49.497559009361758 ], [ 22.565089538850046, 49.497452568437119 ], [ 22.564756536267726, 49.497055111448944 ], [ 22.56603275558847, 49.49666331308201 ], [ 22.566053677216679, 49.497026802423512 ], [ 22.566212332897258, 49.497026802423512 ], [ 22.566515696506286, 49.496955463606788 ], [ 22.566564513638774, 49.497031331868691 ], [ 22.566801625425146, 49.496895448331252 ], [ 22.567035250273481, 49.496610091674583 ], [ 22.567059417198436, 49.496268895746795 ], [ 22.566742347478538, 49.496349645654696 ], [ 22.56656625710778, 49.496394940714239 ], [ 22.566215819835282, 49.496484398333671 ] ] ] ] } },
{ "type": "Feature", "properties": { "fid": 57, "cadastral_number": null, "house_number": "34", "owner_uk": "Михайло Добровольський", "type": null, "locality_uk": "Ліщовате", "owner_pl": "Michał Dobrowolski", "locality_pl": "Leszczowate" }, "geometry": { "type": "MultiPolygon", "coordinates": [ [ [ [ 22.551096214874111, 49.504933544775191 ], [ 22.551345182249811, 49.504779002180719 ], [ 22.551579504485758, 49.504633969455739 ], [ 22.551323214540183, 49.504305861048842 ], [ 22.551143811578285, 49.504122785111825 ], [ 22.550459151295108, 49.503578308471809 ], [ 22.550210183919404, 49.503402362760077 ], [ 22.550049087382188, 49.503240682359056 ], [ 22.549441314082678, 49.502807946892517 ], [ 22.549038572739633, 49.502303876578644 ], [ 22.5488555084928, 49.502237300865971 ], [ 22.548159864354812, 49.501728469212978 ], [ 22.547779090721384, 49.501409852306445 ], [ 22.547442252507196, 49.500977100648242 ], [ 22.547185962561628, 49.500591900897923 ], [ 22.546775898648711, 49.500016473400592 ], [ 22.546255996187689, 49.499336413998165 ], [ 22.545970415962618, 49.498527939475643 ], [ 22.545589642329194, 49.497876394406013 ], [ 22.545062417298297, 49.497082163501879 ], [ 22.5445644825469, 49.496411575277804 ], [ 22.544498579418033, 49.496340235564304 ], [ 22.544330160310945, 49.496359259498064 ], [ 22.544037257516003, 49.495626832709789 ], [ 22.543275710249151, 49.495760002032021 ], [ 22.543539322764602, 49.496378283424441 ], [ 22.543641838742833, 49.496368771462173 ], [ 22.543693096731946, 49.496468646973732 ], [ 22.544132450924362, 49.497143990322314 ], [ 22.544439998859044, 49.497500681991994 ], [ 22.544835417632221, 49.497876394406006 ], [ 22.545150288136782, 49.498456602847099 ], [ 22.545523739200327, 49.499431527769772 ], [ 22.546080254510724, 49.500263765385604 ], [ 22.54616080277933, 49.500363632948357 ], [ 22.54681983406795, 49.501138788528827 ], [ 22.546980930605173, 49.501252920828733 ], [ 22.547127382002635, 49.501514473011994 ], [ 22.547808381000877, 49.50212317086207 ], [ 22.548042703236835, 49.502313387387368 ], [ 22.548255057763171, 49.502451293905807 ], [ 22.548423476870262, 49.502494092401484 ], [ 22.54895802447103, 49.503017182101466 ], [ 22.549177701567238, 49.503245437672597 ], [ 22.549338798104458, 49.503340543846299 ], [ 22.549573120340412, 49.503602084870806 ], [ 22.549704926598128, 49.503630616534366 ], [ 22.550155264645358, 49.503987260924994 ], [ 22.550433522300551, 49.504251176100453 ], [ 22.55068615096118, 49.504484181108168 ], [ 22.550795989509293, 49.50465774534176 ], [ 22.550993698895876, 49.504864595062585 ], [ 22.551096214874111, 49.504933544775191 ] ] ] ] } },
{ "type": "Feature", "properties": { "fid": 60, "cadastral_number": null, "house_number": "36", "owner_uk": "Михайло Томків", "type": null, "locality_uk": "Ліщовате", "owner_pl": "Michał Tomków", "locality_pl": "Leszczowate" }, "geometry": { "type": "MultiPolygon", "coordinates": [ [ [ [ 22.550825279788796, 49.506597818703703 ], [ 22.550927795767027, 49.506807037705968 ], [ 22.551059602024747, 49.506935421650759 ], [ 22.551780875157299, 49.506721448222265 ], [ 22.551795062636469, 49.506656364452418 ], [ 22.551582708110139, 49.506430502295487 ], [ 22.551352047159124, 49.506185618989321 ], [ 22.551268997269549, 49.506089152764005 ], [ 22.551268997269545, 49.506089152764005 ], [ 22.551306646766587, 49.50613288436778 ], [ 22.551267837605579, 49.506149956269681 ], [ 22.550641757881387, 49.506316382072313 ], [ 22.550825279788796, 49.506597818703703 ] ] ] ] } },
{ "type": "Feature", "properties": { "fid": 61, "cadastral_number": null, "house_number": "37", "owner_uk": "Михайло Добровольський", "type": null, "locality_uk": "Ліщовате", "owner_pl": "Michał Dobrowolski", "locality_pl": "Leszczowate" }, "geometry": { "type": "MultiPolygon", "coordinates": [ [ [ [ 22.550338328892202, 49.507092334903533 ], [ 22.551059602024747, 49.506935421650759 ], [ 22.550927795767027, 49.506807037705968 ], [ 22.550825279788796, 49.506597818703703 ], [ 22.550641757881387, 49.506316382072313 ], [ 22.549946113743413, 49.50648756230725 ], [ 22.55019141983416, 49.506825166015147 ], [ 22.550338328892202, 49.507092334903533 ] ] ] ] } },
{ "type": "Feature", "properties": { "fid": 62, "cadastral_number": null, "house_number": "35", "owner_uk": "Федьо Стефанів", "type": null, "locality_uk": "Ліщовате", "owner_pl": "Fedio Stefanów", "locality_pl": "Leszczowate" }, "geometry": { "type": "MultiPolygon", "coordinates": [ [ [ [ 22.551920003984893, 49.506179378015013 ], [ 22.552022062302555, 49.506492317305231 ], [ 22.552136019796169, 49.506614461157085 ], [ 22.552326406612877, 49.506804660222329 ], [ 22.552454551585665, 49.506930666695844 ], [ 22.552549287333445, 49.506993966995466 ], [ 22.552684754876111, 49.506867960684993 ], [ 22.552503978932272, 49.506525305090726 ], [ 22.552284301836064, 49.506304197345017 ], [ 22.552229382562004, 49.506330349926188 ], [ 22.552044030012169, 49.506042967954734 ], [ 22.551754788502169, 49.505988284947883 ], [ 22.551920003984893, 49.506179378015013 ] ] ] ] } },
{ "type": "Feature", "properties": { "fid": 63, "cadastral_number": "38", "house_number": "35", "owner_uk": "Іван Капустинський", "type": "household", "locality_uk": "Ліщовате", "owner_pl": "Iwan Kapustiński", "locality_pl": "Leszczowate" }, "geometry": { "type": "MultiPolygon", "coordinates": [ [ [ [ 22.551042012978602, 49.505788995013873 ], [ 22.551281109763412, 49.505757367445575 ], [ 22.551365721149537, 49.505897780253143 ], [ 22.5513673866805, 49.505897283106812 ], [ 22.551502159841522, 49.505862276047182 ], [ 22.551172644197216, 49.505427186215925 ], [ 22.550923676821522, 49.505175165199731 ], [ 22.55066738687594, 49.505308308539853 ], [ 22.550923676821522, 49.505650675464992 ], [ 22.551042012978602, 49.505788995013873 ] ] ] ] } },
{ "type": "Feature", "properties": { "fid": 67, "cadastral_number": null, "house_number": "41", "owner_uk": "Онуфер Антошків", "type": null, "locality_uk": "Ліщовате", "owner_pl": "Onufer Antoszków", "locality_pl": "Leszczowate" }, "geometry": { "type": "MultiPolygon", "coordinates": [ [ [ [ 22.549311338467433, 49.509450728012929 ], [ 22.549633531541865, 49.510320832242485 ], [ 22.549831240928444, 49.510791537915708 ], [ 22.550014305175289, 49.511266993593452 ], [ 22.550480365165068, 49.512324303713726 ], [ 22.551182145859777, 49.514221370268451 ], [ 22.551937909684845, 49.515202733789174 ], [ 22.55252666320035, 49.515858790607219 ], [ 22.553322914373194, 49.516594790452878 ], [ 22.553903511096898, 49.516228494413276 ], [ 22.553663141605416, 49.515990694641872 ], [ 22.552987817796019, 49.51508407240626 ], [ 22.551866093502461, 49.513248482488535 ], [ 22.551396800685769, 49.512289786685628 ], [ 22.550900336129988, 49.511271748126866 ], [ 22.550453659367705, 49.510587090553436 ], [ 22.550299885400364, 49.510297059108524 ], [ 22.550058240594531, 49.509579105020052 ], [ 22.550043595454781, 49.509289067598786 ], [ 22.549948402046422, 49.509241520316479 ], [ 22.549875176347683, 49.508856385626636 ], [ 22.549772660369463, 49.50866619453798 ], [ 22.549296693327676, 49.507995765053273 ], [ 22.549135596790457, 49.507681943839721 ], [ 22.548845897619895, 49.507200806839251 ], [ 22.548552994824952, 49.507269753259507 ], [ 22.548886171754198, 49.507788037032284 ], [ 22.548776333206099, 49.507799924210374 ], [ 22.548476107841285, 49.507859360057452 ], [ 22.548959855113502, 49.508704232814871 ], [ 22.549128274220589, 49.508994273703564 ], [ 22.549311338467433, 49.509450728012929 ] ] ] ] } },
{ "type": "Feature", "properties": { "fid": 70, "cadastral_number": null, "house_number": "32", "owner_uk": "Михайло Волянський", "type": null, "locality_uk": "Ліщовате", "owner_pl": "Michał Wolański", "locality_pl": "Leszczowate" }, "geometry": { "type": "MultiPolygon", "coordinates": [ [ [ [ 22.557406439462639, 49.510937741028634 ], [ 22.557172117226685, 49.510747558031994 ], [ 22.556300731411731, 49.509920253392529 ], [ 22.555729570961599, 49.509311652541676 ], [ 22.555619732413501, 49.508798139684281 ], [ 22.555202345930702, 49.508631722323983 ], [ 22.555041249393483, 49.507961292366865 ], [ 22.555070539672975, 49.506938987866633 ], [ 22.554792282017779, 49.506900948217179 ], [ 22.55461654034081, 49.506625159874133 ], [ 22.554294347266381, 49.506263779692055 ], [ 22.55375979966561, 49.505488705299634 ], [ 22.553335090612944, 49.505136826983012 ], [ 22.55329847776358, 49.504822987430359 ], [ 22.552752946308001, 49.504406909162228 ], [ 22.552588188485846, 49.504204812726719 ], [ 22.551996433307988, 49.504498743884518 ], [ 22.552161191130146, 49.504719859789674 ], [ 22.552487045489517, 49.505083628943211 ], [ 22.552756607592894, 49.505415001267174 ], [ 22.553313122903287, 49.506094976192387 ], [ 22.553543783854305, 49.506530060085041 ], [ 22.55398679933165, 49.506779696637196 ], [ 22.554307161763674, 49.506956818942129 ], [ 22.554277871484178, 49.507807948053681 ], [ 22.55451951629, 49.508226374813354 ], [ 22.554651322547727, 49.508873027311694 ], [ 22.554951547912538, 49.509410312959453 ], [ 22.555815611157623, 49.510261399385911 ], [ 22.556350158758384, 49.510675050569809 ], [ 22.556862738649539, 49.511240843651244 ], [ 22.557687627709395, 49.512668513065414 ], [ 22.558743313928108, 49.514240520010482 ], [ 22.559408855239905, 49.514098966952645 ], [ 22.558731839077907, 49.513145335676086 ], [ 22.557589503709476, 49.511237277748961 ], [ 22.557406439462639, 49.510937741028634 ] ] ] ] } },
{ "type": "Feature", "properties": { "fid": 71, "cadastral_number": null, "house_number": "34", "owner_uk": "Михайло Добровольський", "type": null, "locality_uk": "Ліщовате", "owner_pl": "Michał Dobrowolski", "locality_pl": "Leszczowate" }, "geometry": { "type": "MultiPolygon", "coordinates": [ [ [ [ 22.552198072668631, 49.506932777553615 ], [ 22.552198071065046, 49.506932776453766 ], [ 22.552150207275343, 49.506901245402318 ], [ 22.551795062636469, 49.506656364452418 ], [ 22.551780875157299, 49.506721448222265 ], [ 22.551059602024747, 49.506935421650759 ], [ 22.550338328892202, 49.507092334903533 ], [ 22.550338328892199, 49.507092334903525 ], [ 22.550338328892199, 49.507092334903533 ], [ 22.550428030373155, 49.507256380038797 ], [ 22.550625739759735, 49.507351478416055 ], [ 22.552017028035717, 49.50698891486163 ], [ 22.55215249557838, 49.506955630203954 ], [ 22.552198072668631, 49.506932777553615 ] ] ] ] } },
{ "type": "Feature", "properties": { "fid": 72, "cadastral_number": null, "house_number": "37", "owner_uk": "Михайло Добровольський", "type": null, "locality_uk": "Ліщовате", "owner_pl": "Michał Dobrowolski", "locality_pl": "Leszczowate" }, "geometry": { "type": "MultiPolygon", "coordinates": [ [ [ [ 22.552335559825213, 49.507100656046809 ], [ 22.552402835935972, 49.507067668649285 ], [ 22.552198076473744, 49.506932780016832 ], [ 22.552198072170391, 49.506932777803435 ], [ 22.55215249557838, 49.506955630203954 ], [ 22.552017028035717, 49.50698891486163 ], [ 22.550625739759735, 49.507351478416055 ], [ 22.550713610598219, 49.507527409926652 ], [ 22.550711982841644, 49.50755700536633 ], [ 22.550711982842241, 49.50755700536665 ], [ 22.551486141719884, 49.507324137651501 ], [ 22.552104898874198, 49.507212396976762 ], [ 22.552335559825213, 49.507100656046809 ] ] ] ] } },
{ "type": "Feature", "properties": { "fid": 73, "cadastral_number": null, "house_number": "35", "owner_uk": "Іван Капустинський", "type": null, "locality_uk": "Ліщовате", "owner_pl": "Iwan Kapustiński", "locality_pl": "Leszczowate" }, "geometry": { "type": "MultiPolygon", "coordinates": [ [ [ [ 22.552604350691158, 49.507113121217451 ], [ 22.552123632243315, 49.507343658267942 ], [ 22.551602831678441, 49.507399402546525 ], [ 22.551602831678441, 49.507460721179591 ], [ 22.55072270327485, 49.507636570223887 ], [ 22.550761207302401, 49.507765154206098 ], [ 22.551811996079252, 49.507519088855915 ], [ 22.552145173008498, 49.507447765334661 ], [ 22.552445398373312, 49.50731700527561 ], [ 22.552657913897072, 49.507217465536399 ], [ 22.552657914116114, 49.507217465726946 ], [ 22.552604350691158, 49.507113121217451 ] ] ] ] } },
{ "type": "Feature", "properties": { "fid": 74, "cadastral_number": null, "house_number": "36", "owner_uk": "Михайло Томків", "type": null, "locality_uk": "Ліщовате", "owner_pl": "Michał Tomków", "locality_pl": "Leszczowate" }, "geometry": { "type": "MultiPolygon", "coordinates": [ [ [ [ 22.552621140050277, 49.507645093489351 ], [ 22.552884427736679, 49.507590109782569 ], [ 22.552884428074925, 49.507590110001104 ], [ 22.552758438235426, 49.507413292262129 ], [ 22.552657914116118, 49.507217465726946 ], [ 22.552657913897072, 49.507217465536399 ], [ 22.552445398373312, 49.50731700527561 ], [ 22.552145173008498, 49.507447765334661 ], [ 22.551811996079252, 49.507519088855915 ], [ 22.550761207302401, 49.507765154206098 ], [ 22.550900336129992, 49.507926819656184 ], [ 22.551801012224441, 49.507797249595278 ], [ 22.552621140050277, 49.507645093489351 ] ] ] ] } },
{ "type": "Feature", "properties": { "fid": 75, "cadastral_number": null, "house_number": "35", "owner_uk": "Іван Капустинський", "type": null, "locality_uk": "Ліщовате", "owner_pl": "Iwan Kapustiński", "locality_pl": "Leszczowate" }, "geometry": { "type": "MultiPolygon", "coordinates": [ [ [ [ 22.552961727375365, 49.507698594046978 ], [ 22.552292463195659, 49.507813766359739 ], [ 22.552203755407142, 49.507906672562655 ], [ 22.550941856839039, 49.508030516231749 ], [ 22.550995529538348, 49.508164561994626 ], [ 22.552163479433183, 49.508030237715353 ], [ 22.552207414852422, 49.507982689209534 ], [ 22.552807865582054, 49.507868572607009 ], [ 22.55280786558205, 49.507868572607002 ], [ 22.552807865582054, 49.507868572607002 ], [ 22.553050860490092, 49.507823101524302 ], [ 22.553050861390229, 49.507823102283794 ], [ 22.552985437901501, 49.507731870076519 ], [ 22.552961727375365, 49.507698594046978 ] ] ] ] } },
{ "type": "Feature", "properties": { "fid": 76, "cadastral_number": null, "house_number": "36", "owner_uk": "Михайло Томків", "type": null, "locality_uk": "Ліщовате", "owner_pl": "Michał Tomków", "locality_pl": "Leszczowate" }, "geometry": { "type": "MultiPolygon", "coordinates": [ [ [ [ 22.552163479433183, 49.508030237715353 ], [ 22.552139008620141, 49.508156902278309 ], [ 22.552131664972336, 49.508272213691328 ], [ 22.552376118163057, 49.508620203442447 ], [ 22.552496656362433, 49.508574664812961 ], [ 22.553188639215481, 49.508498588028125 ], [ 22.553187157438217, 49.508496136328624 ], [ 22.553188116887107, 49.50849602721356 ], [ 22.553188116887121, 49.50849602721356 ], [ 22.553510807980135, 49.508459328585083 ], [ 22.55351080838825, 49.508459328791979 ], [ 22.553432114663792, 49.508354755033508 ], [ 22.553050861390229, 49.507823102283794 ], [ 22.553050860490092, 49.507823101524302 ], [ 22.552807865582054, 49.507868572607002 ], [ 22.55280786558205, 49.507868572607002 ], [ 22.552807865582054, 49.507868572607009 ], [ 22.552207414852422, 49.507982689209534 ], [ 22.552163479433183, 49.508030237715353 ] ] ] ] } },
{ "type": "Feature", "properties": { "fid": 77, "cadastral_number": null, "house_number": "35", "owner_uk": "Федьо Стефанів", "type": null, "locality_uk": "Ліщовате", "owner_pl": "Fedio Stefanów", "locality_pl": "Leszczowate" }, "geometry": { "type": "MultiPolygon", "coordinates": [ [ [ [ 22.551326449438552, 49.508871639436229 ], [ 22.552406924858264, 49.508839441061589 ], [ 22.552552863478091, 49.508722381449019 ], [ 22.552833294551487, 49.508729813813702 ], [ 22.553646947724644, 49.508640240321839 ], [ 22.553510808388253, 49.508459328791979 ], [ 22.553510807980135, 49.508459328585083 ], [ 22.553187157438217, 49.508496136328624 ], [ 22.553188639215481, 49.508498588028125 ], [ 22.552496656362433, 49.508574664812961 ], [ 22.552295285690899, 49.508650741479514 ], [ 22.551288432333291, 49.508716119770327 ], [ 22.551326449438552, 49.508871639436229 ] ] ] ] } },
{ "type": "Feature", "properties": { "fid": 78, "cadastral_number": null, "house_number": "37", "owner_uk": "Михайло Добровольський", "type": null, "locality_uk": "Ліщовате", "owner_pl": "Michał Dobrowolski", "locality_pl": "Leszczowate" }, "geometry": { "type": "MultiPolygon", "coordinates": [ [ [ [ 22.55356209027903, 49.509154746407106 ], [ 22.553562090279026, 49.509154746407098 ], [ 22.55356209027903, 49.509154746407098 ], [ 22.553834856006834, 49.509129784021155 ], [ 22.553752957087546, 49.508797413002284 ], [ 22.553752957052488, 49.508797412942371 ], [ 22.553422961451432, 49.508819536160935 ], [ 22.552547914351543, 49.508950292203949 ], [ 22.551738770380517, 49.509021613534657 ], [ 22.551366327269537, 49.50903727209743 ], [ 22.551409474680529, 49.509236891521113 ], [ 22.55187057663824, 49.509216557974739 ], [ 22.552606494910531, 49.509218935341167 ], [ 22.55356209027903, 49.509154746407106 ] ] ] ] } },
{ "type": "Feature", "properties": { "fid": 79, "cadastral_number": null, "house_number": "36", "owner_uk": "Михайло Томків", "type": null, "locality_uk": "Ліщовате", "owner_pl": "Michał Tomków", "locality_pl": "Leszczowate" }, "geometry": { "type": "MultiPolygon", "coordinates": [ [ [ [ 22.553800596935012, 49.509247077280307 ], [ 22.553834856006834, 49.509129784021155 ], [ 22.55356209027903, 49.509154746407098 ], [ 22.553562090279026, 49.509154746407098 ], [ 22.55356209027903, 49.509154746407106 ], [ 22.552606494910531, 49.509218935341167 ], [ 22.55187057663824, 49.509216557974739 ], [ 22.551409474680529, 49.509236891521113 ], [ 22.551420238591014, 49.509286690235761 ], [ 22.551899866917733, 49.509325916710736 ], [ 22.552800543012175, 49.509287878917242 ], [ 22.553598703128394, 49.509249841094174 ], [ 22.553800596935012, 49.509247077280307 ] ] ] ] } },
{ "type": "Feature", "properties": { "fid": 80, "cadastral_number": null, "house_number": "35", "owner_uk": "Федьо Стефанів", "type": null, "locality_uk": "Ліщовате", "owner_pl": "Fedio Stefanów", "locality_pl": "Leszczowate" }, "geometry": { "type": "MultiPolygon", "coordinates": [ [ [ [ 22.551581427897851, 49.509429033330136 ], [ 22.551894708918095, 49.509434025245127 ], [ 22.552467017231141, 49.509469328453747 ], [ 22.553434218280191, 49.509443315565655 ], [ 22.553765213703208, 49.509428041856822 ], [ 22.553754307738227, 49.509405558245092 ], [ 22.553800596935012, 49.509247077280307 ], [ 22.553598703128394, 49.509249841094174 ], [ 22.552800543012175, 49.509287878917242 ], [ 22.551899866917733, 49.509325916710736 ], [ 22.551420238591014, 49.509286690235761 ], [ 22.551581427897851, 49.509429033330136 ] ] ] ] } },
{ "type": "Feature", "properties": { "fid": 81, "cadastral_number": null, "house_number": "37", "owner_uk": "Михайло Добровольський", "type": null, "locality_uk": "Ліщовате", "owner_pl": "Michał Dobrowolski", "locality_pl": "Leszczowate" }, "geometry": { "type": "MultiPolygon", "coordinates": [ [ [ [ 22.552562559491292, 49.509834669355364 ], [ 22.55330946161839, 49.509870329389031 ], [ 22.553954663393924, 49.509818609961641 ], [ 22.553954663589437, 49.509818609559204 ], [ 22.553809261260305, 49.509518849792968 ], [ 22.553809261087064, 49.50951885000385 ], [ 22.553638977262704, 49.509518482586401 ], [ 22.552767591447747, 49.509542256098733 ], [ 22.551833963788866, 49.509513727882556 ], [ 22.551603302837851, 49.509448350657756 ], [ 22.551625270547476, 49.509595746459276 ], [ 22.551668102964342, 49.509774978172842 ], [ 22.552562559491292, 49.509834669355364 ] ] ] ] } },
{ "type": "Feature", "properties": { "fid": 82, "cadastral_number": null, "house_number": "36", "owner_uk": "Михайло Томків", "type": null, "locality_uk": "Ліщовате", "owner_pl": "Michał Tomków", "locality_pl": "Leszczowate" }, "geometry": { "type": "MultiPolygon", "coordinates": [ [ [ [ 22.552284301836103, 49.510119948896858 ], [ 22.553217929494981, 49.510179381925269 ], [ 22.554088539316965, 49.510128043876705 ], [ 22.554088539415883, 49.51012804382021 ], [ 22.554047210533174, 49.51000940327198 ], [ 22.553954663589437, 49.509818609559204 ], [ 22.553954663393924, 49.509818609961641 ], [ 22.55330946161839, 49.509870329389031 ], [ 22.552562559491292, 49.509834669355364 ], [ 22.551668102964342, 49.509774978172842 ], [ 22.551641831667698, 49.509665046260068 ], [ 22.551727559224979, 49.510023772153104 ], [ 22.552284301836103, 49.510119948896858 ] ] ] ] } },
{ "type": "Feature", "properties": { "fid": 83, "cadastral_number": null, "house_number": "35", "owner_uk": "Іван Капустинський", "type": null, "locality_uk": "Ліщовате", "owner_pl": "Iwan Kapustiński", "locality_pl": "Leszczowate" }, "geometry": { "type": "MultiPolygon", "coordinates": [ [ [ [ 22.552225721277114, 49.510305379706679 ], [ 22.553184977930542, 49.510338662085331 ], [ 22.553188639215481, 49.510305379706679 ], [ 22.55414381943762, 49.510286733481173 ], [ 22.55414381952329, 49.510286733381101 ], [ 22.554088539415883, 49.51012804382021 ], [ 22.554088539316965, 49.510128043876705 ], [ 22.553217929494981, 49.510179381925269 ], [ 22.552284301836103, 49.510119948896858 ], [ 22.551727559224979, 49.510023772153104 ], [ 22.551757076805188, 49.510147288098928 ], [ 22.5517622621066, 49.510171633159942 ], [ 22.552225721277114, 49.510305379706679 ] ] ] ] } },
{ "type": "Feature", "properties": { "fid": 84, "cadastral_number": null, "house_number": "35", "owner_uk": "Федьо Стефанів", "type": null, "locality_uk": "Ліщовате", "owner_pl": "Fedio Stefanów", "locality_pl": "Leszczowate" }, "geometry": { "type": "MultiPolygon", "coordinates": [ [ [ [ 22.552639446474963, 49.510474168678847 ], [ 22.553510832289909, 49.510483677899401 ], [ 22.55388062206853, 49.510469414067899 ], [ 22.554196747032069, 49.510422841802466 ], [ 22.554186339360765, 49.510408792737614 ], [ 22.55414381952329, 49.510286733381101 ], [ 22.55414381943762, 49.510286733481173 ], [ 22.553188639215481, 49.510305379706679 ], [ 22.553184977930542, 49.510338662085331 ], [ 22.552225721277114, 49.510305379706679 ], [ 22.5517622621066, 49.510171633159942 ], [ 22.551815768059093, 49.510422844338358 ], [ 22.552639446474963, 49.510474168678847 ] ] ] ] } },
{ "type": "Feature", "properties": { "fid": 89, "cadastral_number": null, "house_number": "33", "owner_uk": "Васько Стефанів", "type": null, "locality_uk": "Ліщовате", "owner_pl": "Wasko Stefanów", "locality_pl": "Leszczowate" }, "geometry": { "type": "MultiPolygon", "coordinates": [ [ [ [ 22.551936479767097, 49.504440195553883 ], [ 22.551729617168217, 49.504252364904538 ], [ 22.551374472529357, 49.503893344821165 ], [ 22.550957086046566, 49.503472503356342 ], [ 22.550673336463916, 49.503182429730629 ], [ 22.549820257073637, 49.50254045739613 ], [ 22.54932232232224, 49.502074427758366 ], [ 22.548663291033616, 49.501603638209403 ], [ 22.548165356282219, 49.501189910320988 ], [ 22.547879776057151, 49.50079520114393 ], [ 22.547447744434614, 49.50016270871572 ], [ 22.547147519069792, 49.49982505903489 ], [ 22.546715487447255, 49.499125974121462 ], [ 22.546473842641433, 49.498531506304253 ], [ 22.546210230125986, 49.497908496282228 ], [ 22.545499940848245, 49.496947808795795 ], [ 22.545075231795586, 49.496353314519475 ], [ 22.54503129637634, 49.496308132659209 ], [ 22.544961731962534, 49.496320022626492 ], [ 22.5445699744743, 49.49549485204178 ], [ 22.544037257516003, 49.495626832709789 ], [ 22.544330160310945, 49.496359259498064 ], [ 22.544498579418033, 49.496340235564304 ], [ 22.5445644825469, 49.496411575277804 ], [ 22.545062417298297, 49.497082163501879 ], [ 22.545589642329194, 49.497876394406013 ], [ 22.545970415962618, 49.498527939475643 ], [ 22.546255996187689, 49.499336413998165 ], [ 22.546775898648711, 49.500016473400592 ], [ 22.547185962561628, 49.500591900897923 ], [ 22.547442252507196, 49.500977100648242 ], [ 22.547779090721384, 49.501409852306445 ], [ 22.548159864354812, 49.501728469212978 ], [ 22.5488555084928, 49.502237300865971 ], [ 22.549038572739633, 49.502303876578644 ], [ 22.549441314082678, 49.502807946892517 ], [ 22.550049087382188, 49.503240682359056 ], [ 22.550210183919404, 49.503402362760077 ], [ 22.550459151295108, 49.503578308471809 ], [ 22.551143811578285, 49.504122785111825 ], [ 22.551323214540183, 49.504305861048842 ], [ 22.551579504485758, 49.504633969455739 ], [ 22.551936479767097, 49.504440195553883 ] ] ] ] } },
{ "type": "Feature", "properties": { "fid": 90, "cadastral_number": null, "house_number": "32", "owner_uk": "Михайло Волянський", "type": null, "locality_uk": "Ліщовате", "owner_pl": "Michał Wolański", "locality_pl": "Leszczowate" }, "geometry": { "type": "MultiPolygon", "coordinates": [ [ [ [ 22.551442206300631, 49.503087323249574 ], [ 22.55123717434417, 49.502928019479675 ], [ 22.550944271549223, 49.502654586426722 ], [ 22.550644046184409, 49.502402551128952 ], [ 22.549897144057315, 49.501867566241678 ], [ 22.549783644224274, 49.501789101299693 ], [ 22.549853208638069, 49.50176294629108 ], [ 22.549113629080843, 49.501227954410766 ], [ 22.54842530751273, 49.500455178035089 ], [ 22.547963985610696, 49.499803658624479 ], [ 22.547568566837526, 49.4991283519782 ], [ 22.547202438343842, 49.498210490680322 ], [ 22.546814342140543, 49.497520894442012 ], [ 22.546506794205854, 49.497031037418189 ], [ 22.546126020572427, 49.49670763397755 ], [ 22.545818472637741, 49.496279596725962 ], [ 22.54520337676836, 49.495314121180378 ], [ 22.5445699744743, 49.49549485204178 ], [ 22.544961731962534, 49.496320022626492 ], [ 22.54503129637634, 49.496308132659209 ], [ 22.545075231795586, 49.496353314519475 ], [ 22.545499940848245, 49.496947808795795 ], [ 22.546210230125986, 49.497908496282228 ], [ 22.546473842641433, 49.498531506304253 ], [ 22.546715487447255, 49.499125974121462 ], [ 22.547147519069792, 49.49982505903489 ], [ 22.547447744434614, 49.50016270871572 ], [ 22.547879776057151, 49.50079520114393 ], [ 22.548165356282219, 49.501189910320988 ], [ 22.548663291033616, 49.501603638209403 ], [ 22.54932232232224, 49.502074427758366 ], [ 22.549820257073637, 49.50254045739613 ], [ 22.550673336463916, 49.503182429730629 ], [ 22.550957086046566, 49.503472503356342 ], [ 22.55113648900846, 49.503391663338498 ], [ 22.551158456718088, 49.503344110324441 ], [ 22.551469665937709, 49.503315578493819 ], [ 22.551442206300631, 49.503087323249574 ] ] ] ] } },
{ "type": "Feature", "properties": { "fid": 91, "cadastral_number": "", "house_number": "31", "owner_uk": "церква", "type": null, "locality_uk": "Ліщовате", "owner_pl": "cerkiew", "locality_pl": "Leszczowate" }, "geometry": { "type": "MultiPolygon", "coordinates": [ [ [ [ 22.552390479099252, 49.504014603554239 ], [ 22.552514962787107, 49.504145372439709 ], [ 22.553082461952311, 49.503779218679618 ], [ 22.553499848435095, 49.503515300958462 ], [ 22.553567582206483, 49.503467748064892 ], [ 22.553267356841669, 49.503170541430897 ], [ 22.553022050750904, 49.502920886463237 ], [ 22.552818849436861, 49.502678363274583 ], [ 22.552309930830646, 49.502202824121923 ], [ 22.551401932166328, 49.501556083457601 ], [ 22.551013835963033, 49.501251731951896 ], [ 22.550676997748845, 49.500933111941144 ], [ 22.550120482438462, 49.500443289072464 ], [ 22.549424838300475, 49.49983932596993 ], [ 22.549066032376668, 49.499349492152625 ], [ 22.548699903882991, 49.498888187861112 ], [ 22.548487549356661, 49.498464925459018 ], [ 22.548407001088055, 49.498170066341352 ], [ 22.547843163207791, 49.497275966543 ], [ 22.547520970133355, 49.496500749773368 ], [ 22.547513647563473, 49.496443678114865 ], [ 22.54738184130575, 49.496429410189833 ], [ 22.546861938844728, 49.495758813021723 ], [ 22.54639329437282, 49.495064426129197 ], [ 22.54520337676836, 49.495314121180371 ], [ 22.54520337676836, 49.495314121180378 ], [ 22.545818472637741, 49.496279596725962 ], [ 22.546126020572427, 49.49670763397755 ], [ 22.546506794205854, 49.497031037418189 ], [ 22.546814342140543, 49.497520894442012 ], [ 22.547202438343842, 49.498210490680322 ], [ 22.547568566837526, 49.4991283519782 ], [ 22.547963985610696, 49.499803658624479 ], [ 22.54842530751273, 49.500455178035089 ], [ 22.549113629080843, 49.501227954410766 ], [ 22.549853208638069, 49.50176294629108 ], [ 22.550523223781507, 49.502245622834906 ], [ 22.550841755571003, 49.502459615838355 ], [ 22.550940610264295, 49.502578500435895 ], [ 22.551079281431321, 49.502716703417782 ], [ 22.551282482745314, 49.502637050994352 ], [ 22.551480192131905, 49.502662016693257 ], [ 22.551538772690883, 49.502707192687474 ], [ 22.551720006295259, 49.502709570370207 ], [ 22.551837167413236, 49.502757124000979 ], [ 22.551782248139187, 49.502853419961696 ], [ 22.551408797075631, 49.503003213301696 ], [ 22.551531907781634, 49.503049280605701 ], [ 22.551828471861509, 49.502916131118162 ], [ 22.551843117001258, 49.503172919091149 ], [ 22.552293455048485, 49.503529566817953 ], [ 22.55220558421, 49.503574742011189 ], [ 22.552282471193678, 49.503638938266654 ], [ 22.552062794097466, 49.503755442367016 ], [ 22.552390479099252, 49.504014603554239 ] ] ] ] } },
{ "type": "Feature", "properties": { "fid": 92, "cadastral_number": null, "house_number": "31", "owner_uk": "церква", "type": null, "locality_uk": "Ліщовате", "owner_pl": "cerkiew", "locality_pl": "Leszczowate" }, "geometry": { "type": "MultiPolygon", "coordinates": [ [ [ [ 22.559409162323057, 49.511220636868103 ], [ 22.55873548589469, 49.510688125693832 ], [ 22.558127712595187, 49.51022692829595 ], [ 22.557724971252142, 49.510041497188759 ], [ 22.557461358736692, 49.509651614106602 ], [ 22.556926811135924, 49.508962179099584 ], [ 22.556626585771099, 49.508477191411018 ], [ 22.556319037836417, 49.507949405227912 ], [ 22.556157941299201, 49.507597544609155 ], [ 22.555952909342746, 49.506969895059953 ], [ 22.55593826420299, 49.50655621254537 ], [ 22.555813780515145, 49.506508662606919 ], [ 22.555630716268308, 49.506052180846297 ], [ 22.555345136043236, 49.505790652918542 ], [ 22.554883814141199, 49.505357940004401 ], [ 22.554503040507779, 49.504987040174825 ], [ 22.554122266874352, 49.504616137533539 ], [ 22.553697557821685, 49.503983694493861 ], [ 22.55345591301586, 49.503646071178409 ], [ 22.552588188485846, 49.504204812726719 ], [ 22.552752946308001, 49.504406909162228 ], [ 22.55329847776358, 49.504822987430359 ], [ 22.553335090612944, 49.505136826983012 ], [ 22.55375979966561, 49.505488705299634 ], [ 22.554294347266381, 49.506263779692055 ], [ 22.55461654034081, 49.506625159874133 ], [ 22.554792282017779, 49.506900948217179 ], [ 22.555070539672975, 49.506938987866633 ], [ 22.555041249393483, 49.507961292366865 ], [ 22.555202345930702, 49.508631722323983 ], [ 22.555619732413501, 49.508798139684281 ], [ 22.555729570961599, 49.509311652541676 ], [ 22.556300731411731, 49.509920253392529 ], [ 22.557172117226685, 49.510747558031994 ], [ 22.557406439462639, 49.510937741028634 ], [ 22.557589503709476, 49.511237277748961 ], [ 22.558731839077907, 49.513145335676086 ], [ 22.559408855239905, 49.514098966952645 ], [ 22.561061233669196, 49.513562551647382 ], [ 22.559409162323057, 49.511220636868103 ] ] ] ] } },
{ "type": "Feature", "properties": { "fid": 93, "cadastral_number": "", "house_number": "1", "owner_uk": "Едмунд Країнський", "type": null, "locality_uk": "Ліщовате", "owner_pl": "Edmund Kraiński", "locality_pl": "Leszczowate" }, "geometry": { "type": "MultiPolygon", "coordinates": [ [ [ [ 22.545764740377585, 49.525642687860504 ], [ 22.546396955657755, 49.525943225405975 ], [ 22.547129212645107, 49.526447052152754 ], [ 22.547715018234996, 49.526546866269399 ], [ 22.548491210641586, 49.526917602632821 ], [ 22.549033080812237, 49.527250312360181 ], [ 22.549787305509216, 49.527820666624976 ], [ 22.549926434336818, 49.528072570973457 ], [ 22.550387756238841, 49.52832922689921 ], [ 22.550592788195303, 49.528543105808005 ], [ 22.550622078474795, 49.528785500773473 ], [ 22.551083400376832, 49.529398612085998 ], [ 22.551368980601904, 49.529745563142697 ], [ 22.551720463955828, 49.530092511736946 ], [ 22.552423430663698, 49.529764574088333 ], [ 22.553199623070288, 49.529588722559026 ], [ 22.55415887972373, 49.529512678458538 ], [ 22.556384940965291, 49.529051658566836 ], [ 22.558127712595198, 49.528547858662037 ], [ 22.55922609807623, 49.52812009995025 ], [ 22.560207322439286, 49.52754024327632 ], [ 22.561086030824111, 49.526779765082424 ], [ 22.561788997531973, 49.526142855492736 ], [ 22.562945963571998, 49.525905200535121 ], [ 22.565186669953302, 49.525477418700227 ], [ 22.566841570744721, 49.524507766017067 ], [ 22.567881375666765, 49.523984906099635 ], [ 22.568847954890078, 49.523148318601557 ], [ 22.569272663942741, 49.52273001948474 ], [ 22.570312468864788, 49.522055029272799 ], [ 22.571088661271379, 49.521855382494977 ], [ 22.572626400944831, 49.521598692582835 ], [ 22.573710141286117, 49.521113830183374 ], [ 22.574486333692715, 49.520476846783112 ], [ 22.575072139282597, 49.519782810647754 ], [ 22.575906912248179, 49.518965166398424 ], [ 22.576551298397053, 49.518508800872766 ], [ 22.577459297061367, 49.517909814657202 ], [ 22.578367295725691, 49.517824244598955 ], [ 22.57974393886192, 49.517405899936549 ], [ 22.580007551377363, 49.51726328162006 ], [ 22.580930195181438, 49.516778376233006 ], [ 22.582233612618928, 49.514686572401288 ], [ 22.582394709156148, 49.513954419923579 ], [ 22.582453289715129, 49.512385484851613 ], [ 22.582965869606284, 49.51193856686421 ], [ 22.583244127261477, 49.511910040045528 ], [ 22.583712771733381, 49.511672315909493 ], [ 22.584415738441248, 49.511548698902175 ], [ 22.585008866601004, 49.511339500178089 ], [ 22.585389640234421, 49.511149318743463 ], [ 22.585807026717223, 49.511063736856634 ], [ 22.586055994092916, 49.510849781484517 ], [ 22.586436767726344, 49.510483677899337 ], [ 22.586356219457738, 49.510440886392345 ], [ 22.586758960800786, 49.510127080864038 ], [ 22.587425314659278, 49.509741953146111 ], [ 22.587806088292705, 49.509375841269751 ], [ 22.588289377904356, 49.509019236158601 ], [ 22.588172216786379, 49.508496210626625 ], [ 22.588545667849928, 49.508172882955449 ], [ 22.588838570644871, 49.507868572606959 ], [ 22.588714086957026, 49.507697397204083 ], [ 22.588779990085886, 49.507635583716954 ], [ 22.588721409526894, 49.507526221202269 ], [ 22.588875183494245, 49.507421613350751 ], [ 22.588772667516015, 49.507217151904221 ], [ 22.588875183494245, 49.507098278577381 ], [ 22.588794635225632, 49.507017444550129 ], [ 22.588794635225632, 49.506551457553606 ], [ 22.589006989751969, 49.50615203659536 ], [ 22.588948409192973, 49.504958509302242 ], [ 22.589241311987927, 49.504288029007071 ], [ 22.589468311654002, 49.504093064927446 ], [ 22.589841762717555, 49.503779218679618 ], [ 22.59001750439452, 49.503741176573385 ], [ 22.590039472104134, 49.503665092272193 ], [ 22.590193246071486, 49.503622294800778 ], [ 22.5902445040606, 49.503294179609611 ], [ 22.590552051995289, 49.502989838914644 ], [ 22.590639922833773, 49.502647453370102 ], [ 22.590412923167687, 49.502538079705133 ], [ 22.590537406855528, 49.502414439615563 ], [ 22.590515439145914, 49.502219468070315 ], [ 22.59069118082288, 49.502157647662031 ], [ 22.59069118082288, 49.502091071750399 ], [ 22.590786374231232, 49.502076805471837 ], [ 22.590669213113255, 49.502005474016613 ], [ 22.590581342274774, 49.501815256294329 ], [ 22.590669213113255, 49.50171539169412 ], [ 22.590764406521618, 49.501710636231884 ], [ 22.591042664176804, 49.501458596071991 ], [ 22.590874245069717, 49.501211310125122 ], [ 22.590537406855528, 49.500379088624285 ], [ 22.590310407189456, 49.500326777085725 ], [ 22.590141988082365, 49.500231665054173 ], [ 22.589944278695782, 49.500250687475265 ], [ 22.58947563422387, 49.500464689203113 ], [ 22.58875069980639, 49.500711978923057 ], [ 22.588347958463345, 49.500740512271854 ], [ 22.587936366887675, 49.500640964574615 ], [ 22.587286185831676, 49.50048371153364 ], [ 22.587154379573949, 49.500540778480833 ], [ 22.586715025381544, 49.500393355397826 ], [ 22.586475751098583, 49.50038531772595 ], [ 22.586290316328874, 49.500379088624285 ], [ 22.585934900667386, 49.500454459086363 ], [ 22.585931510405072, 49.500455178035089 ], [ 22.585241675470336, 49.500595179957614 ], [ 22.584870927769707, 49.500670423161814 ], [ 22.584454497910897, 49.500754937554888 ], [ 22.584174093635422, 49.5008118455711 ], [ 22.583639546034647, 49.502290799213576 ], [ 22.583610255755151, 49.502438216580131 ], [ 22.583522384916673, 49.502447727362721 ], [ 22.583353965809582, 49.502932774823606 ], [ 22.583361288379461, 49.503175296750946 ], [ 22.582826740778689, 49.503275158371643 ], [ 22.582841385918439, 49.503603273690359 ], [ 22.583039095305018, 49.504021736411531 ], [ 22.583053740444768, 49.50433558110376 ], [ 22.582790127929314, 49.504944243859725 ], [ 22.582262902898425, 49.505505348130228 ], [ 22.580461550709526, 49.50604267076433 ], [ 22.580608002106999, 49.506346992470455 ], [ 22.579765906571538, 49.506565722527526 ], [ 22.579289939529758, 49.506793961544467 ], [ 22.578821295057857, 49.50692234552357 ], [ 22.578403908575066, 49.506760676754148 ], [ 22.578330682876327, 49.506475377622493 ], [ 22.578001167232021, 49.506323217405352 ], [ 22.578008489801888, 49.506889060820605 ], [ 22.578345328016074, 49.507821023944039 ], [ 22.577979199522396, 49.508196657121722 ], [ 22.577093168567693, 49.508581797005441 ], [ 22.576456104988697, 49.508795762297325 ], [ 22.574933010455005, 49.509242708999011 ], [ 22.574310592015749, 49.509675387554239 ], [ 22.573475819050167, 49.509979686663485 ], [ 22.572626400944834, 49.510017723919042 ], [ 22.570495533111629, 49.510735671570067 ], [ 22.569873114672379, 49.510940118311346 ], [ 22.569236051093377, 49.511230145943536 ], [ 22.567295570076887, 49.512737311032915 ], [ 22.566797635325482, 49.513060608535916 ], [ 22.566768345045993, 49.513355377926281 ], [ 22.566519377670282, 49.513345869264008 ], [ 22.566270410294589, 49.51315569563014 ], [ 22.564674090062152, 49.513735722901863 ], [ 22.563824671956823, 49.514039996752864 ], [ 22.563370672624657, 49.514334760240935 ], [ 22.562360157982109, 49.514610505121581 ], [ 22.560763837749683, 49.515285598094799 ], [ 22.558391325110648, 49.51606527134151 ], [ 22.556941456275684, 49.516654772130089 ], [ 22.556311715266553, 49.51687345609961 ], [ 22.55600416733186, 49.516863948121262 ], [ 22.555286555484258, 49.5171586945903 ], [ 22.553646299832579, 49.517624580547384 ], [ 22.552972623404216, 49.517691135321819 ], [ 22.552577204631046, 49.517900306880364 ], [ 22.552723656028512, 49.518042923339138 ], [ 22.552474688652818, 49.518118985280431 ], [ 22.552416108093826, 49.51852781618804 ], [ 22.552547914351543, 49.518784522220443 ], [ 22.551713141385964, 49.519259900203643 ], [ 22.551303077473047, 49.519611676936144 ], [ 22.55093694897937, 49.519678229006267 ], [ 22.550819787861393, 49.5195356173165 ], [ 22.550482949647204, 49.519564139687724 ], [ 22.550190046852268, 49.519659214138322 ], [ 22.547758953654249, 49.520809600340776 ], [ 22.547129212645121, 49.521094815873674 ], [ 22.54664592303347, 49.521456086493835 ], [ 22.546250504260293, 49.521627213750726 ], [ 22.54198937174656, 49.523507579907587 ], [ 22.543613297431683, 49.524420719248084 ], [ 22.545133788359792, 49.525259986689662 ], [ 22.545764740377585, 49.525642687860504 ] ] ] ] } },
{ "type": "Feature", "properties": { "fid": 94, "cadastral_number": null, "house_number": "35", "owner_uk": "Федьо Стефанів", "type": null, "locality_uk": "Ліщовате", "owner_pl": "Fedio Stefanów", "locality_pl": "Leszczowate" }, "geometry": { "type": "MultiPolygon", "coordinates": [ [ [ [ 22.544702176792264, 49.497797666653149 ], [ 22.54445470084849, 49.498284369196817 ], [ 22.544191630318558, 49.49874391189848 ], [ 22.544323807529771, 49.498955220510872 ], [ 22.545514666537731, 49.499407842832859 ], [ 22.545150288136782, 49.498456602847099 ], [ 22.544835417632221, 49.497876394406006 ], [ 22.544820561200495, 49.497862278369524 ], [ 22.544702176792264, 49.497797666653149 ] ] ] ] } },
{ "type": "Feature", "properties": { "fid": 95, "cadastral_number": null, "house_number": "36", "owner_uk": "Михайло Томків", "type": null, "locality_uk": "Ліщовате", "owner_pl": "Michał Tomków", "locality_pl": "Leszczowate" }, "geometry": { "type": "MultiPolygon", "coordinates": [ [ [ [ 22.542472748564844, 49.495899852004385 ], [ 22.541670236804379, 49.496003748513481 ], [ 22.541787397922356, 49.496312888646415 ], [ 22.541955817029454, 49.496674342325527 ], [ 22.542263364964139, 49.497401997556707 ], [ 22.542717364296294, 49.49814390939833 ], [ 22.543112783069468, 49.49871460316146 ], [ 22.543391040724661, 49.499361381380986 ], [ 22.543391040724661, 49.49951831892492 ], [ 22.543442298713774, 49.49993681658151 ], [ 22.543596072681122, 49.500017662307236 ], [ 22.543903620615804, 49.500302999095155 ], [ 22.544709103301905, 49.501173266022363 ], [ 22.545287586321912, 49.501762946291045 ], [ 22.545895359621419, 49.50217191391701 ], [ 22.54631274610421, 49.502423950402765 ], [ 22.546876583984474, 49.502614165758793 ], [ 22.547206099628777, 49.502942285510038 ], [ 22.547594195832076, 49.50336075388428 ], [ 22.547806550358406, 49.503531944460399 ], [ 22.548341097959177, 49.503940897301099 ], [ 22.54891225840932, 49.504463971533973 ], [ 22.549197838634385, 49.504687465182904 ], [ 22.549593257407558, 49.505103541065182 ], [ 22.549776321654395, 49.505286613332437 ], [ 22.550091192158956, 49.505529123592773 ], [ 22.550292562830474, 49.505412623715777 ], [ 22.550614755904917, 49.505241439719775 ], [ 22.550193708137186, 49.504856273538849 ], [ 22.549952063331361, 49.504547187373618 ], [ 22.54958593483768, 49.504223833603206 ], [ 22.548934226118931, 49.503691246264047 ], [ 22.548516839636143, 49.50338215273905 ], [ 22.547931034046261, 49.502840045533688 ], [ 22.547162164209542, 49.502221845776745 ], [ 22.546320068674088, 49.50144195186477 ], [ 22.545609779396354, 49.500681067776391 ], [ 22.5450971995052, 49.500110396945807 ], [ 22.544716425871773, 49.49962532150721 ], [ 22.544445490786455, 49.499149752683891 ], [ 22.544159910561387, 49.498693202265464 ], [ 22.544035426873531, 49.498712225284599 ], [ 22.543888975476058, 49.49834127507755 ], [ 22.543229944187445, 49.497423399017386 ], [ 22.542790589995036, 49.496486481864963 ], [ 22.542651461167431, 49.496139294812167 ], [ 22.542519654909707, 49.495963322351741 ], [ 22.542472748599991, 49.495899852016009 ], [ 22.542472748564844, 49.495899852004385 ] ] ] ] } },
{ "type": "Feature", "properties": { "fid": 96, "cadastral_number": "", "house_number": "37", "owner_uk": "Михайло Добровольський", "type": null, "locality_uk": "Ліщовате", "owner_pl": "Michał Dobrowolski", "locality_pl": "Leszczowate" }, "geometry": { "type": "MultiPolygon", "coordinates": [ [ [ [ 22.541168640768031, 49.496027528593011 ], [ 22.540926995962209, 49.496408008294445 ], [ 22.541366350154622, 49.497421021077734 ], [ 22.541666575519436, 49.498172444244524 ], [ 22.541813026916905, 49.498239025487656 ], [ 22.542069316862484, 49.498776427919566 ], [ 22.542479380775404, 49.499584898336941 ], [ 22.542435445356166, 49.499680011625564 ], [ 22.543416669719218, 49.500564556355798 ], [ 22.543969523744671, 49.501403907941331 ], [ 22.544178216986062, 49.501544194762388 ], [ 22.5442111685505, 49.501610771418108 ], [ 22.545152118779249, 49.502409684221234 ], [ 22.545316876601404, 49.502552345849182 ], [ 22.545961262750279, 49.502813891086795 ], [ 22.546664229458134, 49.502970817558328 ], [ 22.546832648565232, 49.503289424300768 ], [ 22.547220744768531, 49.503734043675138 ], [ 22.547638131251318, 49.504047890212732 ], [ 22.547667421530814, 49.50413823960038 ], [ 22.547715018234996, 49.504185791842644 ], [ 22.548377710808552, 49.504768303059819 ], [ 22.548472904216911, 49.50490144750713 ], [ 22.548681597458305, 49.505022703742121 ], [ 22.548769468296786, 49.50504647943923 ], [ 22.549197838634385, 49.505526746047011 ], [ 22.549230790198816, 49.505567164308836 ], [ 22.549186854779578, 49.505602827453316 ], [ 22.549271064333119, 49.50571457180429 ], [ 22.549629870256926, 49.505724081950035 ], [ 22.549988676180725, 49.50557905202654 ], [ 22.550091192158956, 49.505529123592773 ], [ 22.549776321654395, 49.505286613332437 ], [ 22.549593257407558, 49.505103541065182 ], [ 22.549197838634385, 49.504687465182904 ], [ 22.54891225840932, 49.504463971533973 ], [ 22.548341097959177, 49.503940897301099 ], [ 22.547806550358406, 49.503531944460399 ], [ 22.547594195832076, 49.50336075388428 ], [ 22.547206099628777, 49.502942285510038 ], [ 22.546876583984474, 49.502614165758793 ], [ 22.54631274610421, 49.502423950402765 ], [ 22.545895359621419, 49.50217191391701 ], [ 22.545287586321912, 49.501762946291045 ], [ 22.544709103301905, 49.501173266022363 ], [ 22.543903620615804, 49.500302999095155 ], [ 22.543596072681122, 49.500017662307236 ], [ 22.543442298713774, 49.49993681658151 ], [ 22.543391040724661, 49.49951831892492 ], [ 22.543391040724661, 49.499361381380986 ], [ 22.543112783069468, 49.49871460316146 ], [ 22.542717364296294, 49.49814390939833 ], [ 22.542263364964139, 49.497401997556707 ], [ 22.541955817029454, 49.496674342325527 ], [ 22.541787397922356, 49.496312888646415 ], [ 22.541670236804379, 49.496003748513481 ], [ 22.541168640768031, 49.496027528593011 ] ] ] ] } },
{ "type": "Feature", "properties": { "fid": 97, "cadastral_number": "38", "house_number": "35", "owner_uk": "Іван Капустинський", "type": "yard", "locality_uk": "Ліщовате", "owner_pl": "Iwan Kapustiński", "locality_pl": "Leszczowate" }, "geometry": { "type": "MultiPolygon", "coordinates": [ [ [ [ 22.551102748992026, 49.505896047847628 ], [ 22.551325977707975, 49.505831825912153 ], [ 22.551281109763412, 49.505757367445575 ], [ 22.551042012978602, 49.505788995013873 ], [ 22.55105182179431, 49.505800460241389 ], [ 22.551092095928613, 49.505883673807908 ], [ 22.551102748992026, 49.505896047847628 ] ] ] ] } },
{ "type": "Feature", "properties": { "fid": 98, "cadastral_number": "38", "house_number": "35", "owner_uk": "Іван Капустинський", "type": "building", "locality_uk": "Ліщовате", "owner_pl": "Iwan Kapustiński", "locality_pl": "Leszczowate" }, "geometry": { "type": "MultiPolygon", "coordinates": [ [ [ [ 22.551325977707975, 49.505831825912153 ], [ 22.551102748992026, 49.505896047847628 ], [ 22.551157697724914, 49.505959873413772 ], [ 22.551365721149537, 49.505897780253143 ], [ 22.551325977707975, 49.505831825912153 ] ] ] ] } },
{ "type": "Feature", "properties": { "fid": 99, "cadastral_number": "39", "house_number": "35", "owner_uk": "Федьо Стефанів", "type": "household", "locality_uk": "Ліщовате", "owner_pl": "Fedio Stefanów", "locality_pl": "Leszczowate" }, "geometry": { "type": "MultiPolygon", "coordinates": [ [ [ [ 22.551820497002222, 49.505747915106816 ], [ 22.551502159841522, 49.505862276047182 ], [ 22.551622982244442, 49.506016815219958 ], [ 22.551754788502169, 49.505988284947883 ], [ 22.552044030012169, 49.506042967954734 ], [ 22.551820691631022, 49.505748154498555 ], [ 22.551820497002222, 49.505747915106816 ] ] ] ] } },
{ "type": "Feature", "properties": { "fid": 100, "cadastral_number": "39", "house_number": "35", "owner_uk": "Іван Капустинський", "type": "yard", "locality_uk": "Ліщовате", "owner_pl": "Iwan Kapustiński", "locality_pl": "Leszczowate" }, "geometry": { "type": "MultiPolygon", "coordinates": [ [ [ [ 22.55158603757793, 49.505832143414253 ], [ 22.551522754569234, 49.505758556212861 ], [ 22.551724661931331, 49.505703274610248 ], [ 22.551700326888671, 49.505672964894899 ], [ 22.551407330694268, 49.505737064396719 ], [ 22.551502159841522, 49.505862276047182 ], [ 22.55158603757793, 49.505832143414253 ] ] ] ] } },
{ "type": "Feature", "properties": { "fid": 101, "cadastral_number": "39", "house_number": "35", "owner_uk": "Федьо Стефанів", "type": "building", "locality_uk": "Ліщовате", "owner_pl": "Fedio Stefanów", "locality_pl": "Leszczowate" }, "geometry": { "type": "MultiPolygon", "coordinates": [ [ [ [ 22.551724661931331, 49.505703274610248 ], [ 22.551522754569234, 49.505758556212861 ], [ 22.55158603757793, 49.505832143414253 ], [ 22.551773933286416, 49.505764642875306 ], [ 22.551724661931331, 49.505703274610248 ] ] ] ] } },
{ "type": "Feature", "properties": { "fid": 102, "cadastral_number": "37", "house_number": "36", "owner_uk": "Михайло Томків", "type": "yard", "locality_uk": "Ліщовате", "owner_pl": "Michał Tomków", "locality_pl": "Leszczowate" }, "geometry": { "type": "MultiPolygon", "coordinates": [ [ [ [ 22.550657534707689, 49.505892573273627 ], [ 22.55084816281963, 49.505837014789442 ], [ 22.550615671226154, 49.505739535932918 ], [ 22.550555009491262, 49.505759419513367 ], [ 22.550657534707689, 49.505892573273627 ] ] ] ] } },
{ "type": "Feature", "properties": { "fid": 103, "cadastral_number": "37", "house_number": "36", "owner_uk": "Михайло Томків", "type": "building", "locality_uk": "Ліщовате", "owner_pl": "Michał Tomków", "locality_pl": "Leszczowate" }, "geometry": { "type": "MultiPolygon", "coordinates": [ [ [ [ 22.550688896924882, 49.505933304688739 ], [ 22.550555009491262, 49.505759419513367 ], [ 22.550423453766971, 49.50580254058189 ], [ 22.550549768097291, 49.505972533852642 ], [ 22.550688896924882, 49.505933304688739 ] ] ] ] } },
{ "type": "Feature", "properties": { "fid": 104, "cadastral_number": "37", "house_number": "36", "owner_uk": "Михайло Томків", "type": "building", "locality_uk": "Ліщовате", "owner_pl": "Michał Tomków", "locality_pl": "Leszczowate" }, "geometry": { "type": "MultiPolygon", "coordinates": [ [ [ [ 22.55084816281963, 49.505837014789442 ], [ 22.550657534707689, 49.505892573273627 ], [ 22.550688896924882, 49.505933304688739 ], [ 22.550723679131785, 49.505970156328459 ], [ 22.550912235306033, 49.505916662003649 ], [ 22.550848162819634, 49.505837014789442 ], [ 22.55084816281963, 49.505837014789442 ] ] ] ] } },
{ "type": "Feature", "properties": { "fid": 105, "cadastral_number": "36", "house_number": "37", "owner_uk": "Михайло Добровольський", "type": "yard", "locality_uk": "Ліщовате", "owner_pl": "Michał Dobrowolski", "locality_pl": "Leszczowate" }, "geometry": { "type": "MultiPolygon", "coordinates": [ [ [ [ 22.550070597431265, 49.505638787764696 ], [ 22.550157882232806, 49.505745406726625 ], [ 22.55026593349368, 49.505706815719506 ], [ 22.550136500560114, 49.505565083958317 ], [ 22.550070597431265, 49.505638787764696 ] ] ] ] } },
{ "type": "Feature", "properties": { "fid": 106, "cadastral_number": "36", "house_number": "37", "owner_uk": "Михайло Добровольський", "type": "building", "locality_uk": "Ліщовате", "owner_pl": "Michał Dobrowolski", "locality_pl": "Leszczowate" }, "geometry": { "type": "MultiPolygon", "coordinates": [ [ [ [ 22.550121144352548, 49.505758527830316 ], [ 22.550172655748799, 49.505817994540003 ], [ 22.550323226091898, 49.505769552309218 ], [ 22.55026593349368, 49.505706815719506 ], [ 22.550121144352548, 49.505758527830316 ] ] ] ] } },
{ "type": "Feature", "properties": { "fid": 107, "cadastral_number": "36", "house_number": "37", "owner_uk": "Михайло Добровольський", "type": "building", "locality_uk": "Ліщовате", "owner_pl": "Michał Dobrowolski", "locality_pl": "Leszczowate" }, "geometry": { "type": "MultiPolygon", "coordinates": [ [ [ [ 22.550157882232806, 49.505745406726625 ], [ 22.550070597431265, 49.505638787764696 ], [ 22.549985661696105, 49.50567147215294 ], [ 22.550081123625386, 49.505772821417956 ], [ 22.550157882232806, 49.505745406726625 ] ] ] ] } },
{ "type": "Feature", "properties": { "fid": 108, "cadastral_number": "34", "house_number": "39", "owner_uk": "Андрій Романів", "type": "building", "locality_uk": "Ліщовате", "owner_pl": "Andrzej Romanów", "locality_pl": "Leszczowate" }, "geometry": { "type": "MultiPolygon", "coordinates": [ [ [ [ 22.549606127245873, 49.506737931761307 ], [ 22.549401955269605, 49.506788017833507 ], [ 22.549444060046376, 49.506846266169141 ], [ 22.549646051380758, 49.506794967089988 ], [ 22.549606127245873, 49.506737931761307 ] ] ] ] } },
{ "type": "Feature", "properties": { "fid": 109, "cadastral_number": "35", "house_number": "38", "owner_uk": "Ілько Волянський", "type": "building", "locality_uk": "Ліщовате", "owner_pl": "Ilko Wolański", "locality_pl": "Leszczowate" }, "geometry": { "type": "MultiPolygon", "coordinates": [ [ [ [ 22.549804696612657, 49.506537192575472 ], [ 22.54990538194841, 49.50662278238152 ], [ 22.549976777004684, 49.506582364991758 ], [ 22.549883414238796, 49.506506285108713 ], [ 22.549804696612657, 49.506537192575472 ] ] ] ] } },
{ "type": "Feature", "properties": { "fid": 110, "cadastral_number": "32", "house_number": "41", "owner_uk": "Онуфер Антошків", "type": "yard", "locality_uk": "Ліщовате", "owner_pl": "Onufer Antoszków", "locality_pl": "Leszczowate" }, "geometry": { "type": "MultiPolygon", "coordinates": [ [ [ [ 22.548447285451303, 49.506871957466963 ], [ 22.548648812384556, 49.506823351232917 ], [ 22.548556656109891, 49.506646854487883 ], [ 22.548407001088108, 49.506745223094129 ], [ 22.548392647040785, 49.506754430435507 ], [ 22.548447285451303, 49.506871957466963 ] ] ] ] } },
{ "type": "Feature", "properties": { "fid": 111, "cadastral_number": "32", "house_number": "41", "owner_uk": "Онуфер Антошків", "type": "building", "locality_uk": "Ліщовате", "owner_pl": "Onufer Antoszków", "locality_pl": "Leszczowate" }, "geometry": { "type": "MultiPolygon", "coordinates": [ [ [ [ 22.548648812384556, 49.506823351232917 ], [ 22.548447285451303, 49.506871957466963 ], [ 22.548470158253203, 49.506921156784486 ], [ 22.548675304270343, 49.506874088218851 ], [ 22.548648812384556, 49.506823351232917 ] ] ] ] } },
{ "type": "Feature", "properties": { "fid": 112, "cadastral_number": "33", "house_number": "40", "owner_uk": "Микола Стиранець", "type": "yard", "locality_uk": "Ліщовате", "owner_pl": "Mikołaj Styraniec", "locality_pl": "Leszczowate" }, "geometry": { "type": "MultiPolygon", "coordinates": [ [ [ [ 22.548806192029591, 49.506672631367735 ], [ 22.548890740448982, 49.506768505480153 ], [ 22.549025513098787, 49.506719885617379 ], [ 22.548955070205096, 49.5066103437956 ], [ 22.548806192029591, 49.506672631367735 ] ] ] ] } },
{ "type": "Feature", "properties": { "fid": 113, "cadastral_number": "33", "house_number": "40", "owner_uk": "Микола Стиранець", "type": "building", "locality_uk": "Ліщовате", "owner_pl": "Mikołaj Styraniec", "locality_pl": "Leszczowate" }, "geometry": { "type": "MultiPolygon", "coordinates": [ [ [ [ 22.548890740448982, 49.506768505480153 ], [ 22.548806192029591, 49.506672631367735 ], [ 22.548726448198781, 49.506705994549385 ], [ 22.548806996467388, 49.506798716512584 ], [ 22.548890740448982, 49.506768505480153 ] ] ] ] } },
{ "type": "Feature", "properties": { "fid": 114, "cadastral_number": "30, 31", "house_number": "42", "owner_uk": "Максим Волянський", "type": "household", "locality_uk": "Ліщовате", "owner_pl": "Maxym Wolański", "locality_pl": "Leszczowate" }, "geometry": { "type": "MultiPolygon", "coordinates": [ [ [ [ 22.547637853136852, 49.506631006917658 ], [ 22.547444998470905, 49.506702428316515 ], [ 22.54738772898726, 49.506644377992515 ], [ 22.547284817254983, 49.506682219659126 ], [ 22.547394655803092, 49.506879550901644 ], [ 22.547079785298532, 49.506931855434885 ], [ 22.547215252841188, 49.507119675797867 ], [ 22.547369026808536, 49.507236171610067 ], [ 22.547914558264115, 49.506998424759949 ], [ 22.547801058431073, 49.506832001277431 ], [ 22.547637853136852, 49.506631006917658 ] ] ] ] } },
{ "type": "Feature", "properties": { "fid": 115, "cadastral_number": "30, 31", "house_number": "42", "owner_uk": "Максим Волянський", "type": "building", "locality_uk": "Ліщовате", "owner_pl": "Maxym Wolański", "locality_pl": "Leszczowate" }, "geometry": { "type": "MultiPolygon", "coordinates": [ [ [ [ 22.54738772898726, 49.506644377992515 ], [ 22.547444998470905, 49.506702428316515 ], [ 22.547637853136852, 49.506631006917658 ], [ 22.547588703904744, 49.506570477518238 ], [ 22.54738772898726, 49.506644377992515 ] ] ] ] } },
{ "type": "Feature", "properties": { "fid": 116, "cadastral_number": "28, 29", "house_number": "43", "owner_uk": "Дмитро Кавчак", "type": "yard", "locality_uk": "Ліщовате", "owner_pl": "Dmytro Kawczak", "locality_pl": "Leszczowate" }, "geometry": { "type": "MultiPolygon", "coordinates": [ [ [ [ 22.546838140492696, 49.507618941611277 ], [ 22.547024866024405, 49.507533947909629 ], [ 22.546976497485659, 49.507487984925042 ], [ 22.546790543788514, 49.507566637812616 ], [ 22.546838140492696, 49.507618941611277 ] ] ] ] } },
{ "type": "Feature", "properties": { "fid": 117, "cadastral_number": "28, 29", "house_number": "43", "owner_uk": "Дмитро Кавчак", "type": "building", "locality_uk": "Ліщовате", "owner_pl": "Dmytro Kawczak", "locality_pl": "Leszczowate" }, "geometry": { "type": "MultiPolygon", "coordinates": [ [ [ [ 22.546838140492696, 49.507618941611277 ], [ 22.546880245269403, 49.507670650993205 ], [ 22.547081615940929, 49.507594572802532 ], [ 22.547024866024405, 49.507533947909629 ], [ 22.546838140492696, 49.507618941611277 ] ] ] ] } },
{ "type": "Feature", "properties": { "fid": 118, "cadastral_number": "28, 29", "house_number": "43", "owner_uk": "Дмитро Кавчак", "type": "yard", "locality_uk": "Ліщовате", "owner_pl": "Dmytro Kawczak", "locality_pl": "Leszczowate" }, "geometry": { "type": "MultiPolygon", "coordinates": [ [ [ [ 22.547293970467251, 49.50750779597184 ], [ 22.547478865356556, 49.507441227339882 ], [ 22.547517186450715, 49.507424201593629 ], [ 22.547515478205998, 49.507421613351092 ], [ 22.547423946082585, 49.507295608142059 ], [ 22.547189623846631, 49.507397838808203 ], [ 22.547180587423433, 49.507401660946663 ], [ 22.547293970467251, 49.50750779597184 ] ] ] ] } },
{ "type": "Feature", "properties": { "fid": 119, "cadastral_number": "28, 29", "house_number": "43", "owner_uk": "Дмитро Кавчак", "type": "building", "locality_uk": "Ліщовате", "owner_pl": "Dmytro Kawczak", "locality_pl": "Leszczowate" }, "geometry": { "type": "MultiPolygon", "coordinates": [ [ [ [ 22.547478865356556, 49.507441227339882 ], [ 22.547293970467251, 49.50750779597184 ], [ 22.547332413959094, 49.507568420897165 ], [ 22.547513647563463, 49.507498286172826 ], [ 22.547478865356556, 49.507441227339882 ] ] ] ] } },
{ "type": "Feature", "properties": { "fid": 120, "cadastral_number": "27", "house_number": "44", "owner_uk": "Лешко Тимків", "type": "building", "locality_uk": "Ліщовате", "owner_pl": "Leszko Tymków", "locality_pl": "Leszczowate" }, "geometry": { "type": "MultiPolygon", "coordinates": [ [ [ [ 22.546186716812688, 49.507821128716721 ], [ 22.545984145781119, 49.507886403343576 ], [ 22.545919157973568, 49.507792494724399 ], [ 22.545819687641579, 49.507829758448239 ], [ 22.545936549076949, 49.507991010201245 ], [ 22.546229451871888, 49.507889969490137 ], [ 22.546186716812688, 49.507821128716721 ] ] ] ] } },
{ "type": "Feature", "properties": { "fid": 121, "cadastral_number": "27", "house_number": "44", "owner_uk": "Лешко Тимків", "type": "yard", "locality_uk": "Ліщовате", "owner_pl": "Leszko Tymków", "locality_pl": "Leszczowate" }, "geometry": { "type": "MultiPolygon", "coordinates": [ [ [ [ 22.545919157973568, 49.507792494724399 ], [ 22.545984145781119, 49.507886403343576 ], [ 22.546186716812688, 49.507821128716721 ], [ 22.546158846862937, 49.507776233753852 ], [ 22.545919157973568, 49.507792494724399 ] ] ] ] } },
{ "type": "Feature", "properties": { "fid": 122, "cadastral_number": "26", "house_number": "45", "owner_uk": "Іван Добровольський", "type": "yard", "locality_uk": "Ліщовате", "owner_pl": "Iwan Dobrowolski", "locality_pl": "Leszczowate" }, "geometry": { "type": "MultiPolygon", "coordinates": [ [ [ [ 22.545435675847596, 49.508215105175722 ], [ 22.545635232569442, 49.50815115658812 ], [ 22.545475789219807, 49.507960195556556 ], [ 22.54543586836191, 49.507975556929949 ], [ 22.545429653445876, 49.507977215396245 ], [ 22.545524654521554, 49.508095616835242 ], [ 22.545370880554206, 49.508145542649878 ], [ 22.545435675847596, 49.508215105175722 ] ] ] ] } },
{ "type": "Feature", "properties": { "fid": 123, "cadastral_number": "26", "house_number": "45", "owner_uk": "Іван Добровольський", "type": "building", "locality_uk": "Ліщовате", "owner_pl": "Iwan Dobrowolski", "locality_pl": "Leszczowate" }, "geometry": { "type": "MultiPolygon", "coordinates": [ [ [ [ 22.545635232569442, 49.50815115658812 ], [ 22.545435675847596, 49.508215105175722 ], [ 22.545508178739333, 49.508292942376798 ], [ 22.545693073628644, 49.508220431276321 ], [ 22.545635232569442, 49.50815115658812 ] ] ] ] } },
{ "type": "Feature", "properties": { "fid": 124, "cadastral_number": "24", "house_number": "48", "owner_uk": "Гриць Паньків", "type": "yard", "locality_uk": "Ліщовате", "owner_pl": "Hryć Pańków", "locality_pl": "Leszczowate" }, "geometry": { "type": "MultiPolygon", "coordinates": [ [ [ [ 22.544249612042407, 49.508398737068724 ], [ 22.544193777447035, 49.508315527779608 ], [ 22.544356704626718, 49.508272734376 ], [ 22.544411341503054, 49.508344478319778 ], [ 22.544469289138604, 49.508325037420164 ], [ 22.544348466735695, 49.508196657122028 ], [ 22.543972483170375, 49.508264734822156 ], [ 22.544023527697469, 49.50831790518982 ], [ 22.544109567893489, 49.508294131082472 ], [ 22.544165596130483, 49.508422918022433 ], [ 22.544249612042396, 49.508398737068724 ], [ 22.544249612042407, 49.508398737068724 ] ] ] ] } },
{ "type": "Feature", "properties": { "fid": 125, "cadastral_number": "24", "house_number": "48", "owner_uk": "Гриць Паньків", "type": "household", "locality_uk": "Ліщовате", "owner_pl": "Hryć Pańków", "locality_pl": "Leszczowate" }, "geometry": { "type": "MultiPolygon", "coordinates": [ [ [ [ 22.544165596130483, 49.508422918022433 ], [ 22.544109567893489, 49.508294131082472 ], [ 22.544023527697469, 49.50831790518982 ], [ 22.544080277613997, 49.508447473871719 ], [ 22.544165596130483, 49.508422918022433 ] ] ] ] } },
{ "type": "Feature", "properties": { "fid": 126, "cadastral_number": "24", "house_number": "48", "owner_uk": "Гриць Паньків", "type": "building", "locality_uk": "Ліщовате", "owner_pl": "Hryć Pańków", "locality_pl": "Leszczowate" }, "geometry": { "type": "MultiPolygon", "coordinates": [ [ [ [ 22.544411341503054, 49.508344478319778 ], [ 22.544356704626718, 49.508272734376 ], [ 22.544193777447035, 49.508315527779608 ], [ 22.544249612042407, 49.508398737068724 ], [ 22.544411341503054, 49.508344478319778 ] ] ] ] } },
{ "type": "Feature", "properties": { "fid": 127, "cadastral_number": "25", "house_number": "46", "owner_uk": "Михайло Мельничок", "type": "yard", "locality_uk": "Ліщовате", "owner_pl": "Michał Mielniczek", "locality_pl": "Leszczowate" }, "geometry": { "type": "MultiPolygon", "coordinates": [ [ [ [ 22.544644115494261, 49.508330980943924 ], [ 22.544900405439837, 49.508228752227751 ], [ 22.544960191365764, 49.508289884605631 ], [ 22.544985074080948, 49.508278635866752 ], [ 22.544901320761145, 49.508118202329534 ], [ 22.544625908990703, 49.508157285654072 ], [ 22.544644115494261, 49.508330980943924 ] ] ] ] } },
{ "type": "Feature", "properties": { "fid": 128, "cadastral_number": "25", "house_number": "46", "owner_uk": "Михайло Мельничок", "type": "building", "locality_uk": "Ліщовате", "owner_pl": "Michał Mielniczek", "locality_pl": "Leszczowate" }, "geometry": { "type": "MultiPolygon", "coordinates": [ [ [ [ 22.544960191365764, 49.508289884605631 ], [ 22.544900405439837, 49.508228752227751 ], [ 22.544644115494261, 49.508330980943924 ], [ 22.544724663762867, 49.508396359662044 ], [ 22.544960191365764, 49.508289884605631 ] ] ] ] } },
{ "type": "Feature", "properties": { "fid": 130, "cadastral_number": "22", "house_number": "50", "owner_uk": "Тимко Ткачів", "type": "yard", "locality_uk": "Ліщовате", "owner_pl": "Tymko Tkaczów", "locality_pl": "Leszczowate" }, "geometry": { "type": "MultiPolygon", "coordinates": [ [ [ [ 22.542498416885856, 49.509002686047062 ], [ 22.542510501697343, 49.508851630858253 ], [ 22.542914362084005, 49.508839661446601 ], [ 22.542871624517854, 49.508699446681071 ], [ 22.542464735635644, 49.508788630135911 ], [ 22.542453031028575, 49.508990145152744 ], [ 22.542489449309038, 49.509001405835114 ], [ 22.542498416885856, 49.509002686047062 ] ] ] ] } },
{ "type": "Feature", "properties": { "fid": 131, "cadastral_number": "22", "house_number": "50", "owner_uk": "Тимко Ткачів", "type": "building", "locality_uk": "Ліщовате", "owner_pl": "Tymko Tkaczów", "locality_pl": "Leszczowate" }, "geometry": { "type": "MultiPolygon", "coordinates": [ [ [ [ 22.542529988498448, 49.50885105331821 ], [ 22.542554437116589, 49.508934839235117 ], [ 22.542936517428014, 49.508911988281675 ], [ 22.542936126071321, 49.508911065427995 ], [ 22.542914362084005, 49.508839661446601 ], [ 22.542529988498448, 49.50885105331821 ] ] ] ] } },
{ "type": "Feature", "properties": { "fid": 132, "cadastral_number": "21", "house_number": "51", "owner_uk": "Іван Шимоняк", "type": "yard", "locality_uk": "Ліщовате", "owner_pl": "Iwan Szymoniak", "locality_pl": "Leszczowate" }, "geometry": { "type": "MultiPolygon", "coordinates": [ [ [ [ 22.542071147504938, 49.508628156231325 ], [ 22.54217000219823, 49.508882536843331 ], [ 22.542075151248333, 49.508893882290721 ], [ 22.542137965955103, 49.509015670094655 ], [ 22.54213796595511, 49.509015670094662 ], [ 22.542335675341693, 49.50895385827323 ], [ 22.542072062826243, 49.508525928136557 ], [ 22.542042304017698, 49.508530254276614 ], [ 22.542071147504938, 49.508628156231325 ] ] ] ] } },
{ "type": "Feature", "properties": { "fid": 133, "cadastral_number": "21", "house_number": "51", "owner_uk": "Іван Шимоняк", "type": "building", "locality_uk": "Ліщовате", "owner_pl": "Iwan Szymoniak", "locality_pl": "Leszczowate" }, "geometry": { "type": "MultiPolygon", "coordinates": [ [ [ [ 22.542075151248333, 49.508893882290721 ], [ 22.54217000219823, 49.508882536843331 ], [ 22.542071147504938, 49.508628156231325 ], [ 22.541983276666457, 49.508640043205268 ], [ 22.542072978147409, 49.50888966899096 ], [ 22.542075151248333, 49.508893882290721 ] ] ] ] } },
{ "type": "Feature", "properties": { "fid": 134, "cadastral_number": "19", "house_number": "53", "owner_uk": "Роман Сорока", "type": "household", "locality_uk": "Ліщовате", "owner_pl": "Roman Sroka", "locality_pl": "Leszczowate" }, "geometry": { "type": "MultiPolygon", "coordinates": [ [ [ [ 22.540734955102071, 49.508708666215831 ], [ 22.540679859228973, 49.508598438783821 ], [ 22.540477526866383, 49.508644991175942 ], [ 22.540532492510273, 49.508741082367443 ], [ 22.540734955102071, 49.508708666215831 ] ] ] ] } },
{ "type": "Feature", "properties": { "fid": 135, "cadastral_number": null, "house_number": "49", "owner_uk": "Іван Магац", "type": "household", "locality_uk": "Ліщовате", "owner_pl": "Iwan Magac", "locality_pl": "Leszczowate" }, "geometry": { "type": "MultiPolygon", "coordinates": [ [ [ [ 22.543112783069535, 49.508298885905283 ], [ 22.543105460499586, 49.508229940934967 ], [ 22.542982807454198, 49.508215676446298 ], [ 22.542843678626603, 49.508082541018219 ], [ 22.542927888180149, 49.508034992563239 ], [ 22.542923549052251, 49.507995546474021 ], [ 22.542918734967888, 49.507994576340586 ], [ 22.542662445022316, 49.50789234692143 ], [ 22.54253796133446, 49.507939895515044 ], [ 22.542640477312691, 49.508201411953898 ], [ 22.542735670721044, 49.508355943737925 ], [ 22.543112783069535, 49.508298885905283 ] ] ] ] } },
{ "type": "Feature", "properties": { "fid": 136, "cadastral_number": null, "house_number": "49", "owner_uk": "Іван Магац", "type": "yard", "locality_uk": "Ліщовате", "owner_pl": "Iwan Magac", "locality_pl": "Leszczowate" }, "geometry": { "type": "MultiPolygon", "coordinates": [ [ [ [ 22.542927888180149, 49.508034992563239 ], [ 22.543070678292683, 49.508165750703235 ], [ 22.542982807454198, 49.508215676446298 ], [ 22.543105460499586, 49.508229940934967 ], [ 22.543105460499586, 49.508204978077075 ], [ 22.543332460165662, 49.508147920068353 ], [ 22.543363581087625, 49.508228752227744 ], [ 22.543112783069535, 49.508298885905283 ], [ 22.543445959998778, 49.508260847313217 ], [ 22.543343444020547, 49.508018350593495 ], [ 22.543229944187509, 49.507918498653638 ], [ 22.543131089494221, 49.508037369987505 ], [ 22.542923549052251, 49.507995546474021 ], [ 22.542927888180149, 49.508034992563239 ] ] ] ] } },
{ "type": "Feature", "properties": { "fid": 137, "cadastral_number": null, "house_number": "49", "owner_uk": "Іван Магац", "type": "building", "locality_uk": "Ліщовате", "owner_pl": "Iwan Magac", "locality_pl": "Leszczowate" }, "geometry": { "type": "MultiPolygon", "coordinates": [ [ [ [ 22.543112783069535, 49.508298885905283 ], [ 22.543363581087625, 49.508228752227744 ], [ 22.543332460165662, 49.508147920068353 ], [ 22.543105460499586, 49.508204978077075 ], [ 22.543105460499586, 49.508229940934967 ], [ 22.543112783069535, 49.508298885905283 ] ] ] ] } },
{ "type": "Feature", "properties": { "fid": 138, "cadastral_number": null, "house_number": "49", "owner_uk": "Іван Магац", "type": "building", "locality_uk": "Ліщовате", "owner_pl": "Iwan Magac", "locality_pl": "Leszczowate" }, "geometry": { "type": "MultiPolygon", "coordinates": [ [ [ [ 22.542982807454198, 49.508215676446298 ], [ 22.543070678292683, 49.508165750703235 ], [ 22.542927888180149, 49.508034992563239 ], [ 22.542843678626603, 49.508082541018219 ], [ 22.542982807454198, 49.508215676446298 ] ] ] ] } },
{ "type": "Feature", "properties": { "fid": 139, "cadastral_number": "71", "house_number": "20", "owner_uk": "Андрій Кавчак", "type": "household", "locality_uk": "Воля Мацькова", "owner_pl": "Andrzej Kawczak", "locality_pl": "Wola Maćkowa" }, "geometry": { "type": "MultiPolygon", "coordinates": [ [ [ [ 22.576655306976434, 49.492546363321608 ], [ 22.576327266187416, 49.492664908917526 ], [ 22.576207081441673, 49.492547810605892 ], [ 22.576525651656574, 49.492434512395398 ], [ 22.576506382042997, 49.492417888903752 ], [ 22.576265410188721, 49.492186830674335 ], [ 22.576110499710978, 49.491996765829299 ], [ 22.575766254204876, 49.492205464442947 ], [ 22.575221198820209, 49.492537144337362 ], [ 22.575559706901206, 49.492839008355141 ], [ 22.575967064083432, 49.493193044028629 ], [ 22.575921164682622, 49.493226584117537 ], [ 22.576047388034858, 49.49338310422857 ], [ 22.57615066168669, 49.49334956424692 ], [ 22.57621090465026, 49.493241490816338 ], [ 22.576265410188721, 49.493017889857597 ], [ 22.576684242221145, 49.492805468000654 ], [ 22.576873577249501, 49.492734660510145 ], [ 22.576655306976434, 49.492546363321608 ] ] ] ] } },
{ "type": "Feature", "properties": { "fid": 140, "cadastral_number": "72, 73", "house_number": "19", "owner_uk": "Міхал Івантейко", "type": "household", "locality_uk": "Воля Мацькова", "owner_pl": "Michał Iwanteiko", "locality_pl": "Wola Maćkowa" }, "geometry": { "type": "MultiPolygon", "coordinates": [ [ [ [ 22.576205178007022, 49.491941692343858 ], [ 22.57623140454497, 49.491971608483958 ], [ 22.576284343063925, 49.492015288559834 ], [ 22.57647463557802, 49.492095213704161 ], [ 22.576554758741846, 49.492158410237494 ], [ 22.576331964556648, 49.492250646983749 ], [ 22.576506382042997, 49.492417888903752 ], [ 22.576655306976434, 49.492546363321615 ], [ 22.57700697238311, 49.492436522584406 ], [ 22.577124205513325, 49.492386102953134 ], [ 22.577403205815934, 49.492387032308997 ], [ 22.577454491541037, 49.49242720574496 ], [ 22.577454491541054, 49.49242720574496 ], [ 22.577718413095717, 49.492347080852589 ], [ 22.577311055913501, 49.491968815054562 ], [ 22.577061477921571, 49.491724710943394 ], [ 22.576840587055155, 49.491504829862222 ], [ 22.576748788253536, 49.491588682933418 ], [ 22.576596746488338, 49.491704213596222 ], [ 22.576206601581426, 49.491940864263846 ], [ 22.576205178007022, 49.491941692343858 ] ] ] ] } },
{ "type": "Feature", "properties": { "fid": 141, "cadastral_number": "74, 75, 76", "house_number": "18", "owner_uk": "Стефан Вуйків", "type": "household", "locality_uk": "Воля Мацькова", "owner_pl": "Stefan Woyków", "locality_pl": "Wola Maćkowa" }, "geometry": { "type": "MultiPolygon", "coordinates": [ [ [ [ 22.577928488451786, 49.492297627660065 ], [ 22.577861767851704, 49.492230900278209 ], [ 22.577690075357793, 49.492194655271277 ], [ 22.577641429151182, 49.4921621276781 ], [ 22.577526967488577, 49.492057109872569 ], [ 22.577591352173791, 49.492030158364017 ], [ 22.57779166008336, 49.492040381351764 ], [ 22.577888952496576, 49.492124953259427 ], [ 22.5781007065724, 49.492138893669726 ], [ 22.578189361498044, 49.492223277021928 ], [ 22.578206094229358, 49.492218508076768 ], [ 22.578343792431795, 49.492170060276528 ], [ 22.578128638990488, 49.491939000877252 ], [ 22.577990940788052, 49.491776885970225 ], [ 22.577609402018787, 49.49134271351727 ], [ 22.577465966391248, 49.491169416141013 ], [ 22.577313924626051, 49.490981210768609 ], [ 22.577193438698917, 49.491130284390501 ], [ 22.576840587055155, 49.491504829862208 ], [ 22.576840587055159, 49.491504829862222 ], [ 22.577061477921571, 49.491724710943394 ], [ 22.577311055913501, 49.491968815054562 ], [ 22.577718413095717, 49.492347080852589 ], [ 22.577924960399379, 49.492298633179615 ], [ 22.577928488451786, 49.492297627660065 ] ], [ [ 22.577458290491016, 49.491926069639959 ], [ 22.577597075256929, 49.491878672022644 ], [ 22.577655736859011, 49.491931645827222 ], [ 22.57752267517623, 49.491982760847485 ], [ 22.577458290491016, 49.491926069639959 ] ] ] ] } },
{ "type": "Feature", "properties": { "fid": 142, "cadastral_number": "77", "house_number": "17", "owner_uk": "Іван Сташкевич", "type": "household", "locality_uk": "Воля Мацькова", "owner_pl": "Iwan Staszkiewicz", "locality_pl": "Wola Maćkowa" }, "geometry": { "type": "MultiPolygon", "coordinates": [ [ [ [ 22.578279946481018, 49.491554649895058 ], [ 22.578074237312968, 49.491626348640217 ], [ 22.577996975690702, 49.491537129011412 ], [ 22.578198965553472, 49.491462253006176 ], [ 22.577927829111935, 49.491236499069117 ], [ 22.577724150520826, 49.490981210768609 ], [ 22.577554896480326, 49.490716603971684 ], [ 22.577313924626051, 49.490981210768602 ], [ 22.577313924626058, 49.490981210768616 ], [ 22.577465966391248, 49.491169416141013 ], [ 22.577609402018787, 49.49134271351727 ], [ 22.577990940788052, 49.491776885970225 ], [ 22.578017718951685, 49.491808412449373 ], [ 22.578355267282006, 49.491668809067249 ], [ 22.578279946481018, 49.491554649895058 ] ] ] ] } },
{ "type": "Feature", "properties": { "fid": 143, "cadastral_number": "78", "house_number": "17", "owner_uk": "Юрко Тиркала", "type": "household", "locality_uk": "Воля Мацькова", "owner_pl": "Jurko Tyrkala", "locality_pl": "Wola Maćkowa" }, "geometry": { "type": "MultiPolygon", "coordinates": [ [ [ [ 22.57841265773607, 49.491686950550012 ], [ 22.578712988972239, 49.491564598899515 ], [ 22.578708118925764, 49.49155886852455 ], [ 22.578679431800264, 49.491493649441878 ], [ 22.578409772820482, 49.4912160015175 ], [ 22.578283549468249, 49.491098606283828 ], [ 22.578056921176731, 49.490858224688772 ], [ 22.577876192286027, 49.490638339715396 ], [ 22.577775787346749, 49.49050603556902 ], [ 22.577554896480326, 49.490716603971684 ], [ 22.577724150520826, 49.490981210768609 ], [ 22.577927829111935, 49.491236499069117 ], [ 22.578243387492527, 49.49149923965237 ], [ 22.578355267282006, 49.491668809067249 ], [ 22.578392560545179, 49.491655765286943 ], [ 22.57841265773607, 49.491686950550012 ] ] ] ] } },
{ "type": "Feature", "properties": { "fid": 144, "cadastral_number": "79", "house_number": "16", "owner_uk": "Федьо Кавчак", "type": "household", "locality_uk": "Воля Мацькова", "owner_pl": "Fedio Kawczak", "locality_pl": "Wola Maćkowa" }, "geometry": { "type": "MultiPolygon", "coordinates": [ [ [ [ 22.578353204280535, 49.490504855069915 ], [ 22.57816222971606, 49.490632377027367 ], [ 22.577967644889618, 49.490519920810073 ], [ 22.578225814282316, 49.490338898355851 ], [ 22.578181710172704, 49.490280558664608 ], [ 22.578095648796182, 49.490128687271728 ], [ 22.578062658601834, 49.490148253551233 ], [ 22.577881929711136, 49.490327144887004 ], [ 22.577813080609918, 49.490405409640829 ], [ 22.577775787346749, 49.49050603556902 ], [ 22.577876192286027, 49.490638339715396 ], [ 22.578056921176731, 49.490858224688772 ], [ 22.578283549468249, 49.491098606283828 ], [ 22.578409772820482, 49.4912160015175 ], [ 22.578679431800264, 49.491493649441878 ], [ 22.578676563087718, 49.491411659614648 ], [ 22.578584764286088, 49.491120967302422 ], [ 22.578561814585679, 49.490971893652166 ], [ 22.578620623192982, 49.490791141242291 ], [ 22.578482924990542, 49.490652315484638 ], [ 22.578353204280535, 49.490504855069915 ] ] ] ] } },
{ "type": "Feature", "properties": { "fid": 145, "cadastral_number": "80", "house_number": "15", "owner_uk": "Іван Приходняк", "type": "household", "locality_uk": "Воля Мацькова", "owner_pl": "Iwan Przychodniak", "locality_pl": "Wola Maćkowa" }, "geometry": { "type": "MultiPolygon", "coordinates": [ [ [ [ 22.578837210990564, 49.490583368317722 ], [ 22.578923272367085, 49.490512557612796 ], [ 22.578768361889345, 49.490320622818537 ], [ 22.578515915184873, 49.490031787486494 ], [ 22.57837247955732, 49.4898789835893 ], [ 22.578095648796182, 49.490128687271721 ], [ 22.578095648796186, 49.490128687271735 ], [ 22.578181710172704, 49.490280558664608 ], [ 22.578339489363, 49.490489264595368 ], [ 22.578482924990542, 49.490652315484638 ], [ 22.578620623192982, 49.490791141242291 ], [ 22.578837210990564, 49.490583368317722 ] ], [ [ 22.578351091459364, 49.490409323121263 ], [ 22.578439799247882, 49.490374006159598 ], [ 22.578534230119537, 49.490290360622424 ], [ 22.578635814845104, 49.490248537800248 ], [ 22.578748845736929, 49.490369359189053 ], [ 22.578451245414147, 49.490504121155531 ], [ 22.578351091459364, 49.490409323121263 ] ] ] ] } },
{ "type": "Feature", "properties": { "fid": 146, "cadastral_number": "81", "house_number": "9", "owner_uk": "Юрко Роман", "type": "household", "locality_uk": "Воля Мацькова", "owner_pl": "Jurko Roman", "locality_pl": "Wola Maćkowa" }, "geometry": { "type": "MultiPolygon", "coordinates": [ [ [ [ 22.579301229965477, 49.490210016603733 ], [ 22.579244607813141, 49.490174650727049 ], [ 22.579170207732449, 49.490233202756471 ], [ 22.579005669092446, 49.490130039610001 ], [ 22.5791766842156, 49.490029995446264 ], [ 22.57908392026993, 49.489966566369205 ], [ 22.578848685840764, 49.489793264121055 ], [ 22.578673694375158, 49.489599463030856 ], [ 22.57837247955732, 49.4898789835893 ], [ 22.578515915184873, 49.490031787486494 ], [ 22.578768361889345, 49.490320622818537 ], [ 22.578923272367085, 49.490512557612796 ], [ 22.578960565630243, 49.490544236098714 ], [ 22.579000727605955, 49.49064113486957 ], [ 22.579058101856972, 49.490629954251958 ], [ 22.579439640626237, 49.490518147935333 ], [ 22.579264649160628, 49.490290807637336 ], [ 22.579301229965477, 49.490210016603733 ] ] ] ] } },
{ "type": "Feature", "properties": { "fid": 147, "cadastral_number": "82, 83", "house_number": "14", "owner_uk": "Андрій Роман", "type": "household", "locality_uk": "Воля Мацькова", "owner_pl": "Andrzej Roman", "locality_pl": "Wola Maćkowa" }, "geometry": { "type": "MultiPolygon", "coordinates": [ [ [ [ 22.57958883441961, 49.489798471569607 ], [ 22.579434900327225, 49.489897689384755 ], [ 22.579344761767917, 49.489841925166594 ], [ 22.579274653999573, 49.489892112965791 ], [ 22.579067192236096, 49.489756419908694 ], [ 22.579191669294175, 49.489665338056668 ], [ 22.579511358439998, 49.48973736003915 ], [ 22.579362185387357, 49.489510016115076 ], [ 22.579126950958191, 49.48917458872527 ], [ 22.578673694375158, 49.489599463030856 ], [ 22.578848685840764, 49.489793264121055 ], [ 22.57908392026993, 49.489966566369205 ], [ 22.579301942423786, 49.49011564308104 ], [ 22.579307679848895, 49.490195771626063 ], [ 22.579264649160628, 49.490290807637336 ], [ 22.579363906690666, 49.490419758134315 ], [ 22.579482671314501, 49.490370935895648 ], [ 22.579599776974199, 49.490296635876568 ], [ 22.579490700387751, 49.49024435551604 ], [ 22.579426315702534, 49.490275954987695 ], [ 22.57934046945558, 49.49019323868049 ], [ 22.579420592619407, 49.490170933135516 ], [ 22.579510731178708, 49.490097510644858 ], [ 22.579697782137526, 49.490181743708369 ], [ 22.579709299606012, 49.490167819822943 ], [ 22.579806835832741, 49.490100735430303 ], [ 22.579666268917752, 49.489892027843048 ], [ 22.579591682391424, 49.489800717993816 ], [ 22.57958883441961, 49.489798471569607 ] ] ] ] } },
{ "type": "Feature", "properties": { "fid": 149, "cadastral_number": "85", "house_number": "12", "owner_uk": "Федьо Тиркала", "type": "household", "locality_uk": "Воля Мацькова", "owner_pl": "Fedio Tyrkala", "locality_pl": "Wola Maćkowa" }, "geometry": { "type": "MultiPolygon", "coordinates": [ [ [ [ 22.580630156334834, 49.489249128343857 ], [ 22.580538024600617, 49.489295432466939 ], [ 22.580466486061489, 49.489397667959693 ], [ 22.580382070585312, 49.489441350332399 ], [ 22.58022468579923, 49.489320526653131 ], [ 22.580310532046184, 49.489277773587496 ], [ 22.580284778172096, 49.489262902947218 ], [ 22.580379209043752, 49.48917646726116 ], [ 22.580455164869232, 49.489133591886684 ], [ 22.580314597954235, 49.488950969188558 ], [ 22.58012239421333, 49.488678897374768 ], [ 22.580007645711301, 49.488537270352744 ], [ 22.579947402747731, 49.488438503897527 ], [ 22.579660531492646, 49.48869939598876 ], [ 22.579511358440005, 49.488831705017965 ], [ 22.579938796610083, 49.489413115105222 ], [ 22.580056413824661, 49.489595736079309 ], [ 22.580151081338837, 49.489655367270245 ], [ 22.580320335379344, 49.489860348935068 ], [ 22.580667449597993, 49.489718725331024 ], [ 22.580808016512982, 49.489882710519304 ], [ 22.580942846002873, 49.489841714273723 ], [ 22.580747773549419, 49.48961064388385 ], [ 22.580670318310542, 49.489543558727647 ], [ 22.580630156334834, 49.489249128343857 ] ] ] ] } },
{ "type": "Feature", "properties": { "fid": 150, "cadastral_number": "86", "house_number": "11", "owner_uk": "Міхал Мочарський", "type": "household", "locality_uk": "Воля Мацькова", "owner_pl": "Michał Moczarski", "locality_pl": "Wola Maćkowa" }, "geometry": { "type": "MultiPolygon", "coordinates": [ [ [ [ 22.581140787168874, 49.488878292619191 ], [ 22.580960101981454, 49.489041701639735 ], [ 22.58091574808719, 49.489020324989824 ], [ 22.580815594132414, 49.489110478623921 ], [ 22.580633886243021, 49.489012889631155 ], [ 22.580693978615894, 49.488950618457899 ], [ 22.581005769326929, 49.488791704043528 ], [ 22.58091129016481, 49.488716167575639 ], [ 22.580868259476546, 49.488645354169748 ], [ 22.580699005436053, 49.488397506442489 ], [ 22.580432215168827, 49.487981939392306 ], [ 22.580377709630355, 49.488030391337674 ], [ 22.579947402747731, 49.488438503897527 ], [ 22.580007645711301, 49.488537270352744 ], [ 22.58012239421333, 49.488678897374768 ], [ 22.580314597954235, 49.488950969188558 ], [ 22.580455164869232, 49.489133591886684 ], [ 22.580630156334834, 49.489249128343857 ], [ 22.580670318310542, 49.489543558727647 ], [ 22.580954320853074, 49.48930316949636 ], [ 22.581106362618264, 49.489189496658085 ], [ 22.581051857079803, 49.489126137912351 ], [ 22.581103493905715, 49.489111229960244 ], [ 22.581140787168874, 49.488878292619191 ] ] ] ] } },
{ "type": "Feature", "properties": { "fid": 151, "cadastral_number": "87, 88", "house_number": "10", "owner_uk": "Іван Василишин", "type": "household", "locality_uk": "Воля Мацькова", "owner_pl": "Iwan Wasylyszyn", "locality_pl": "Wola Maćkowa" }, "geometry": { "type": "MultiPolygon", "coordinates": [ [ [ [ 22.581172343006934, 49.489088868023622 ], [ 22.581284222796413, 49.489055325099486 ], [ 22.581645680577818, 49.488857794080126 ], [ 22.581660024140579, 49.48855963254136 ], [ 22.581404708723554, 49.488287558552663 ], [ 22.581287091508973, 49.488162702174975 ], [ 22.581140787168877, 49.487942805093731 ], [ 22.581028907379395, 49.487788131131303 ], [ 22.580917027589916, 49.487568232367593 ], [ 22.580432215168827, 49.487981939392306 ], [ 22.580699005436053, 49.488397506442489 ], [ 22.580868259476546, 49.488645354169748 ], [ 22.58091129016481, 49.488716167575639 ], [ 22.581060463217458, 49.488835432027699 ], [ 22.581140787168874, 49.488878292619191 ], [ 22.581103493905715, 49.489111229960251 ], [ 22.581172343006934, 49.489088868023622 ] ], [ [ 22.581088871351881, 49.48853516546896 ], [ 22.581234809971715, 49.488456163942345 ], [ 22.581458010213794, 49.488584425179852 ], [ 22.58151381027432, 49.488638331976468 ], [ 22.5813921947578, 49.488697815269383 ], [ 22.581314933135541, 49.488629967132624 ], [ 22.581273440782837, 49.488656920513279 ], [ 22.581088871351881, 49.48853516546896 ] ] ] ] } },
{ "type": "Feature", "properties": { "fid": 152, "cadastral_number": "89", "house_number": "8", "owner_uk": "Ілько Масний", "type": "household", "locality_uk": "Воля Мацькова", "owner_pl": "Ilko Masny", "locality_pl": "Wola Maćkowa" }, "geometry": { "type": "MultiPolygon", "coordinates": [ [ [ [ 22.582074553104167, 49.487951191017487 ], [ 22.581827149075743, 49.4879403273112 ], [ 22.581745595141129, 49.487984940423736 ], [ 22.58156245648096, 49.487852959848034 ], [ 22.581656887352612, 49.487803699401141 ], [ 22.581828140264243, 49.487734738839571 ], [ 22.581655721071751, 49.487548665056856 ], [ 22.581509416731652, 49.487380944929797 ], [ 22.581403274367275, 49.487099546537003 ], [ 22.581274182302487, 49.487224405626144 ], [ 22.580981573622303, 49.487507666856651 ], [ 22.580917027589916, 49.487568232367593 ], [ 22.581028907379395, 49.487788131131303 ], [ 22.581140787168877, 49.487942805093731 ], [ 22.581287091508973, 49.488162702174975 ], [ 22.581404708723554, 49.488287558552663 ], [ 22.581660024140579, 49.48855963254136 ], [ 22.581708792253949, 49.488593175805121 ], [ 22.582025784990808, 49.488254946842964 ], [ 22.582094634092027, 49.488096546801032 ], [ 22.582074553104167, 49.487951191017487 ] ] ] ] } },
{ "type": "Feature", "properties": { "fid": 153, "cadastral_number": "90", "house_number": "7", "owner_uk": "Лесько Кавчак", "type": "household", "locality_uk": "Воля Мацькова", "owner_pl": "Lesko Kawczak", "locality_pl": "Wola Maćkowa" }, "geometry": { "type": "MultiPolygon", "coordinates": [ [ [ [ 22.582283969120393, 49.487470395735727 ], [ 22.582283969120386, 49.487470395735727 ], [ 22.582214887957829, 49.487386377777419 ], [ 22.582014580048263, 49.487531371885147 ], [ 22.581911564551909, 49.487483040563617 ], [ 22.581860056803741, 49.487423555794699 ], [ 22.58213873874481, 49.487222926718538 ], [ 22.582057340828868, 49.487142408648282 ], [ 22.581948329751938, 49.48689455331202 ], [ 22.581850793525209, 49.486670923360393 ], [ 22.581452042480645, 49.487054820815665 ], [ 22.581403274367275, 49.487099546537003 ], [ 22.581509416731652, 49.487380944929797 ], [ 22.581655721071751, 49.487548665056856 ], [ 22.581833581249903, 49.487740610719428 ], [ 22.582074553104167, 49.487951191017487 ], [ 22.582090757382058, 49.488068485322231 ], [ 22.582461829298538, 49.487960508708866 ], [ 22.582461829298538, 49.487725702345401 ], [ 22.582283969120386, 49.487470395735734 ], [ 22.582283969120393, 49.487470395735727 ] ] ] ] } },
{ "type": "Feature", "properties": { "fid": 154, "cadastral_number": "91", "house_number": "6", "owner_uk": "Гриць Вуйків", "type": "household", "locality_uk": "Воля Мацькова", "owner_pl": "Hryć Woyków", "locality_pl": "Wola Maćkowa" }, "geometry": { "type": "MultiPolygon", "coordinates": [ [ [ [ 22.582378636634562, 49.48748344063128 ], [ 22.582797468666978, 49.487162907905613 ], [ 22.582668376602189, 49.486937415602753 ], [ 22.58246469801108, 49.486568425957856 ], [ 22.582292575258034, 49.486244160034687 ], [ 22.581890955500917, 49.486628060836345 ], [ 22.581850793525209, 49.486670923360393 ], [ 22.581948329751938, 49.48689455331202 ], [ 22.582057340828868, 49.487142408648282 ], [ 22.582183564181108, 49.487267267628098 ], [ 22.582332737233752, 49.487444305934225 ], [ 22.582378636634562, 49.48748344063128 ] ], [ [ 22.582159087897278, 49.487136354877869 ], [ 22.582392303534846, 49.486996936349605 ], [ 22.582601196069113, 49.486972770431002 ], [ 22.582475288240236, 49.487045268151029 ], [ 22.582555411404066, 49.487102894467284 ], [ 22.58231933422493, 49.4872441716008 ], [ 22.582159087897278, 49.487136354877869 ] ] ] ] } },
{ "type": "Feature", "properties": { "fid": 155, "cadastral_number": "92", "house_number": "5", "owner_uk": "Сенько Солонина", "type": "household", "locality_uk": "Воля Мацькова", "owner_pl": "Seńko Sołonyna", "locality_pl": "Wola Maćkowa" }, "geometry": { "type": "MultiPolygon", "coordinates": [ [ [ [ 22.582575876662659, 49.486769840210293 ], [ 22.582920257953653, 49.486786878350642 ], [ 22.583097673530695, 49.486723674882541 ], [ 22.583174935152961, 49.486772936416152 ], [ 22.583219289047218, 49.486841716587733 ], [ 22.582974627243392, 49.486916073421298 ], [ 22.582920257953653, 49.486841716587733 ], [ 22.58259438246732, 49.486803365826582 ], [ 22.582668376602189, 49.486937415602753 ], [ 22.582797468666978, 49.487162907905613 ], [ 22.583540465217649, 49.486969096402227 ], [ 22.583767093509163, 49.486944869910374 ], [ 22.583732668958554, 49.486896416890659 ], [ 22.583606445606314, 49.486678377708571 ], [ 22.58345727255367, 49.486301931706961 ], [ 22.583419979290507, 49.486171479446917 ], [ 22.583290887225726, 49.486022390724116 ], [ 22.582972460132577, 49.485556485539163 ], [ 22.582915085881563, 49.485595621745283 ], [ 22.5825105974119, 49.486014936276064 ], [ 22.582292575258034, 49.486244160034687 ], [ 22.58246469801108, 49.486568425957856 ], [ 22.582575876662659, 49.486769840210293 ] ] ] ] } },
{ "type": "Feature", "properties": { "fid": 156, "cadastral_number": "93", "house_number": "4", "owner_uk": "Іван Стефанів", "type": "household", "locality_uk": "Воля Мацькова", "owner_pl": "Iwan Stefanów", "locality_pl": "Wola Maćkowa" }, "geometry": { "type": "MultiPolygon", "coordinates": [ [ [ [ 22.583501827500619, 49.485377914169817 ], [ 22.583534058619392, 49.485422408876936 ], [ 22.583807335838866, 49.485369428028257 ], [ 22.583877443607218, 49.485482825564226 ], [ 22.58393324366774, 49.48563990860228 ], [ 22.583947551375559, 49.485707760882974 ], [ 22.58376870502774, 49.48570869036562 ], [ 22.583760120403038, 49.485640838086219 ], [ 22.583524043223907, 49.485506062731801 ], [ 22.583458772719489, 49.485387493011856 ], [ 22.58345727255367, 49.485387826769248 ], [ 22.583041309233806, 49.485523872010191 ], [ 22.582972460132574, 49.485556485539163 ], [ 22.582972460132577, 49.485556485539163 ], [ 22.583290887225726, 49.486022390724116 ], [ 22.583419979290507, 49.486171479446917 ], [ 22.58345727255367, 49.486301931706961 ], [ 22.583606445606314, 49.486678377708571 ], [ 22.583719666968094, 49.486873957153101 ], [ 22.583844548748036, 49.48686194067438 ], [ 22.583635132731828, 49.486366225907268 ], [ 22.583738406383659, 49.486211546963794 ], [ 22.584240431080048, 49.486146320756795 ], [ 22.584114207727822, 49.485876096973556 ], [ 22.583953559824963, 49.485520144748357 ], [ 22.583876104586093, 49.485294644879225 ], [ 22.583501827500619, 49.485377914169817 ] ] ] ] } },
{ "type": "Feature", "properties": { "fid": 157, "cadastral_number": "94", "house_number": "3", "owner_uk": "Іван Роман", "type": "household", "locality_uk": "Воля Мацькова", "owner_pl": "Iwan Roman", "locality_pl": "Wola Maćkowa" }, "geometry": { "type": "MultiPolygon", "coordinates": [ [ [ [ 22.584350780253139, 49.486131630925662 ], [ 22.58426232094773, 49.48594663734206 ], [ 22.58451395656563, 49.485812420253552 ], [ 22.584481402934315, 49.485719552858228 ], [ 22.584398210270347, 49.485490326643429 ], [ 22.58421461266709, 49.485227553808613 ], [ 22.583876104586093, 49.485294644879225 ], [ 22.583953559824963, 49.485520144748357 ], [ 22.584114207727822, 49.485876096973556 ], [ 22.584240431080048, 49.486146320756795 ], [ 22.584350780253139, 49.486131630925662 ] ] ] ] } },
{ "type": "Feature", "properties": { "fid": 158, "cadastral_number": "95", "house_number": "3", "owner_uk": "Матвій Роман", "type": "household", "locality_uk": "Воля Мацькова", "owner_pl": "Matwiy Roman", "locality_pl": "Wola Maćkowa" }, "geometry": { "type": "MultiPolygon", "coordinates": [ [ [ [ 22.584398210270347, 49.485490326643429 ], [ 22.584511275063914, 49.485475389668288 ], [ 22.584742312340239, 49.485503785296814 ], [ 22.58473958706389, 49.485497781171361 ], [ 22.584716637363488, 49.485397144948493 ], [ 22.584613363711654, 49.485147417131543 ], [ 22.58421461266709, 49.485227553808613 ], [ 22.584398210270347, 49.485490326643429 ] ] ] ] } },
{ "type": "Feature", "properties": { "fid": 159, "cadastral_number": "96", "house_number": "2", "owner_uk": "Іван Баран", "type": "household", "locality_uk": "Воля Мацькова", "owner_pl": "Iwan Baran", "locality_pl": "Wola Maćkowa" }, "geometry": { "type": "MultiPolygon", "coordinates": [ [ [ [ 22.584891628829087, 49.485803415839406 ], [ 22.585017767920952, 49.485776542550994 ], [ 22.585366875991912, 49.485869490597494 ], [ 22.585389768324436, 49.485939201516565 ], [ 22.5849685400221, 49.485996942977827 ], [ 22.585060882869584, 49.48617054764383 ], [ 22.585161287808866, 49.486362498709546 ], [ 22.58557438241618, 49.486138866327607 ], [ 22.585531351727923, 49.485963686914943 ], [ 22.585887072084226, 49.485943187155478 ], [ 22.585849778821064, 49.485853733559161 ], [ 22.585588725978941, 49.48544187218419 ], [ 22.585313329574056, 49.485011370844553 ], [ 22.584903103679292, 49.485091507744293 ], [ 22.584613363711654, 49.485147417131543 ], [ 22.584716637363488, 49.485397144948493 ], [ 22.58473958706389, 49.485497781171361 ], [ 22.584805567452563, 49.485643144239205 ], [ 22.584891628829087, 49.485803415839406 ] ] ] ] } },
{ "type": "Feature", "properties": { "fid": 160, "cadastral_number": null, "house_number": "38", "owner_uk": "Ілько Волянський", "type": null, "locality_uk": "Ліщовате", "owner_pl": "Ilko Wolański", "locality_pl": "Leszczowate" }, "geometry": { "type": "MultiPolygon", "coordinates": [ [ [ [ 22.541007050734176, 49.496592591018668 ], [ 22.540228643125204, 49.496691337812784 ], [ 22.540670424858028, 49.49742170901014 ], [ 22.540699111983539, 49.497544678598821 ], [ 22.541135156291261, 49.498219142666052 ], [ 22.541238429943093, 49.498498614003253 ], [ 22.541381865570628, 49.498729642437013 ], [ 22.54138760299573, 49.498986753443873 ], [ 22.54211625598364, 49.499836328033957 ], [ 22.542408864663827, 49.50010833783378 ], [ 22.54289080837237, 49.500548021710152 ], [ 22.543315377829895, 49.501147922999593 ], [ 22.543619461360279, 49.501486994388259 ], [ 22.543808796388639, 49.501677022380925 ], [ 22.544772683805714, 49.502478112668221 ], [ 22.545007918234891, 49.502634603193101 ], [ 22.545541498769346, 49.502943856806141 ], [ 22.546235727206646, 49.503208397502327 ], [ 22.546688983789672, 49.503584713493062 ], [ 22.547079128696588, 49.504016914426344 ], [ 22.547337312826162, 49.504288900987433 ], [ 22.547652871206751, 49.504531079529634 ], [ 22.548106127789783, 49.504963272103382 ], [ 22.548522091109646, 49.505449484185441 ], [ 22.548915104729112, 49.505890982924761 ], [ 22.549124520745327, 49.506066091025929 ], [ 22.549190501133996, 49.505948731410371 ], [ 22.549457291401218, 49.505805291497921 ], [ 22.549213450834397, 49.505754994286178 ], [ 22.549153207870827, 49.505652536843058 ], [ 22.549186854779578, 49.505602827453316 ], [ 22.549230790198816, 49.505567164308836 ], [ 22.549197838634385, 49.505526746047011 ], [ 22.548769468296786, 49.50504647943923 ], [ 22.548681597458305, 49.505022703742121 ], [ 22.548472904216911, 49.50490144750713 ], [ 22.548377710808552, 49.504768303059819 ], [ 22.547715018234996, 49.504185791842644 ], [ 22.547667421530814, 49.50413823960038 ], [ 22.547638131251318, 49.504047890212732 ], [ 22.547220744768531, 49.503734043675138 ], [ 22.546832648565232, 49.503289424300768 ], [ 22.546664229458134, 49.502970817558328 ], [ 22.545961262750279, 49.502813891086795 ], [ 22.545316876601404, 49.502552345849182 ], [ 22.545152118779249, 49.502409684221234 ], [ 22.5442111685505, 49.501610771418108 ], [ 22.544178216986062, 49.501544194762388 ], [ 22.543969523744671, 49.501403907941331 ], [ 22.543416669719218, 49.500564556355798 ], [ 22.542435445356166, 49.499680011625564 ], [ 22.542479380775404, 49.499584898336941 ], [ 22.542069316862484, 49.498776427919566 ], [ 22.541813026916905, 49.498239025487656 ], [ 22.541666575519436, 49.498172444244524 ], [ 22.541366350154622, 49.497421021077734 ], [ 22.541007051921227, 49.496592592193409 ], [ 22.541007050734176, 49.496592591018668 ] ] ] ] } },
{ "type": "Feature", "properties": { "fid": 161, "cadastral_number": null, "house_number": "39", "owner_uk": "Андрій Романів", "type": null, "locality_uk": "Ліщовате", "owner_pl": "Andrzej Romanów", "locality_pl": "Leszczowate" }, "geometry": { "type": "MultiPolygon", "coordinates": [ [ [ [ 22.539852841781041, 49.496739781137883 ], [ 22.539657769327583, 49.496784498010783 ], [ 22.53982989208064, 49.497164589780795 ], [ 22.53985857920615, 49.497276380916077 ], [ 22.540059389084707, 49.49757448936171 ], [ 22.540271673813468, 49.497917311829319 ], [ 22.540570019918754, 49.498409183349018 ], [ 22.540759354947113, 49.498718463666968 ], [ 22.540931477700159, 49.498956943541316 ], [ 22.5414363711091, 49.499657471451222 ], [ 22.541746192064593, 49.499959291555385 ], [ 22.541987163918861, 49.500182860802752 ], [ 22.542331409424957, 49.500657942061963 ], [ 22.542443289214443, 49.500639311511243 ], [ 22.543108830526236, 49.501472090200792 ], [ 22.543249397441226, 49.50156337827795 ], [ 22.543335458817758, 49.501682611428379 ], [ 22.543679704323853, 49.501902446787817 ], [ 22.543863301927107, 49.502081295165176 ], [ 22.544190335157907, 49.502386826297617 ], [ 22.544798502218676, 49.502792956190959 ], [ 22.54527470850212, 49.503105934726342 ], [ 22.545722227660043, 49.503344393219116 ], [ 22.546244333344298, 49.503698352901516 ], [ 22.546485305198566, 49.503907001619979 ], [ 22.546714802202629, 49.5041193752947 ], [ 22.54680660100426, 49.504193892155072 ], [ 22.547288544712796, 49.504670797374118 ], [ 22.54773606387073, 49.505147697944693 ], [ 22.548252432129878, 49.505684205530216 ], [ 22.548453242008435, 49.505885394358032 ], [ 22.548593808923414, 49.506153644841497 ], [ 22.548748719401161, 49.50639022564453 ], [ 22.548961004129918, 49.506230021446271 ], [ 22.549124520745327, 49.506066091025929 ], [ 22.548915104729112, 49.505890982924761 ], [ 22.548522091109646, 49.505449484185441 ], [ 22.548106127789783, 49.504963272103382 ], [ 22.547652871206751, 49.504531079529634 ], [ 22.547337312826162, 49.504288900987433 ], [ 22.547079128696588, 49.504016914426344 ], [ 22.546688983789672, 49.503584713493062 ], [ 22.546235727206646, 49.503208397502327 ], [ 22.545541498769346, 49.502943856806141 ], [ 22.545007918234891, 49.502634603193101 ], [ 22.544772683805714, 49.502478112668221 ], [ 22.543808796388639, 49.501677022380925 ], [ 22.543619461360279, 49.501486994388259 ], [ 22.543315377829895, 49.501147922999593 ], [ 22.54289080837237, 49.500548021710152 ], [ 22.542408864663827, 49.50010833783378 ], [ 22.54211625598364, 49.499836328033957 ], [ 22.54138760299573, 49.498986753443873 ], [ 22.541381865570628, 49.498729642437013 ], [ 22.541238429943093, 49.498498614003253 ], [ 22.541135156291261, 49.498219142666052 ], [ 22.540699111983539, 49.497544678598821 ], [ 22.540670424858028, 49.49742170901014 ], [ 22.540228643125204, 49.496691337812784 ], [ 22.539852841781041, 49.496739781137883 ] ] ] ] } },
{ "type": "Feature", "properties": { "fid": 162, "cadastral_number": null, "house_number": "40", "owner_uk": "Микола Стиранець", "type": null, "locality_uk": "Ліщовате", "owner_pl": "Mikołaj Styraniec", "locality_pl": "Leszczowate" }, "geometry": { "type": "MultiPolygon", "coordinates": [ [ [ [ 22.539095501667635, 49.49681803563864 ], [ 22.539330736096801, 49.497235390862777 ], [ 22.539525808550255, 49.497630384493092 ], [ 22.539663506752706, 49.497827880112759 ], [ 22.539961852857981, 49.498398004505738 ], [ 22.540306098364088, 49.498882418705421 ], [ 22.540403634590817, 49.498919681137551 ], [ 22.540478221117137, 49.499009110858907 ], [ 22.541166712129336, 49.499881042077519 ], [ 22.54211912469621, 49.500894549439096 ], [ 22.542629755530257, 49.501449733911045 ], [ 22.542819090558616, 49.501509350661024 ], [ 22.543071537263081, 49.501826063427423 ], [ 22.543691179174061, 49.502291813771798 ], [ 22.544001000129558, 49.502656958941515 ], [ 22.544402619886675, 49.502884241803912 ], [ 22.544683753716651, 49.502969938346794 ], [ 22.545125535449483, 49.503338804361483 ], [ 22.545372244728849, 49.503506469812528 ], [ 22.546066473166153, 49.503934945577193 ], [ 22.546301707595319, 49.504169674187899 ], [ 22.546623003401013, 49.504508724637525 ], [ 22.546760701603453, 49.50453853115809 ], [ 22.546846762979978, 49.504627950610889 ], [ 22.54709920968445, 49.504993078347056 ], [ 22.547489354591363, 49.505455072802 ], [ 22.548074571951734, 49.505935691435724 ], [ 22.548126208777642, 49.50605305108256 ], [ 22.548456110720991, 49.506531801011022 ], [ 22.548590940210879, 49.506522486854763 ], [ 22.548748719401161, 49.50639022564453 ], [ 22.548593808923414, 49.506153644841497 ], [ 22.548453242008435, 49.505885394358032 ], [ 22.548252432129878, 49.505684205530216 ], [ 22.54773606387073, 49.505147697944693 ], [ 22.547288544712796, 49.504670797374118 ], [ 22.54680660100426, 49.504193892155072 ], [ 22.546714802202629, 49.5041193752947 ], [ 22.546485305198566, 49.503907001619979 ], [ 22.546244333344298, 49.503698352901516 ], [ 22.545722227660043, 49.503344393219116 ], [ 22.54527470850212, 49.503105934726342 ], [ 22.544798502218676, 49.502792956190959 ], [ 22.544190335157907, 49.502386826297617 ], [ 22.543863301927107, 49.502081295165176 ], [ 22.543679704323853, 49.501902446787817 ], [ 22.543335458817758, 49.501682611428379 ], [ 22.543249397441226, 49.50156337827795 ], [ 22.543108830526236, 49.501472090200792 ], [ 22.542443289214443, 49.500639311511243 ], [ 22.542331409424957, 49.500657942061963 ], [ 22.541987163918861, 49.500182860802752 ], [ 22.541746192064593, 49.499959291555385 ], [ 22.5414363711091, 49.499657471451222 ], [ 22.540931477700159, 49.498956943541316 ], [ 22.540759354947113, 49.498718463666968 ], [ 22.540570019918754, 49.498409183349018 ], [ 22.540271673813468, 49.497917311829319 ], [ 22.540059389084707, 49.49757448936171 ], [ 22.53985857920615, 49.497276380916077 ], [ 22.53982989208064, 49.497164589780795 ], [ 22.539657769327583, 49.496784498010783 ], [ 22.539095501667635, 49.49681803563864 ] ] ] ] } },
{ "type": "Feature", "properties": { "fid": 163, "cadastral_number": null, "house_number": "41", "owner_uk": "Онуфер Антошків", "type": null, "locality_uk": "Ліщовате", "owner_pl": "Onufer Antoszków", "locality_pl": "Leszczowate" }, "geometry": { "type": "MultiPolygon", "coordinates": [ [ [ [ 22.548072779006393, 49.506853604020705 ], [ 22.548296538585362, 49.506743697586813 ], [ 22.548523166876876, 49.506581631716855 ], [ 22.54844284292545, 49.50657231757009 ], [ 22.548456110720991, 49.506531801011022 ], [ 22.548126208777642, 49.50605305108256 ], [ 22.548074571951734, 49.505935691435724 ], [ 22.547489354591363, 49.505455072802 ], [ 22.54709920968445, 49.504993078347056 ], [ 22.546846762979978, 49.504627950610889 ], [ 22.546760701603453, 49.50453853115809 ], [ 22.546623003401013, 49.504508724637525 ], [ 22.546301707595319, 49.504169674187899 ], [ 22.546066473166153, 49.503934945577193 ], [ 22.545372244728849, 49.503506469812528 ], [ 22.545125535449483, 49.503338804361483 ], [ 22.544683753716651, 49.502969938346794 ], [ 22.544402619886675, 49.502884241803912 ], [ 22.544001000129558, 49.502656958941515 ], [ 22.543691179174061, 49.502291813771798 ], [ 22.543071537263081, 49.501826063427423 ], [ 22.542819090558616, 49.501509350661024 ], [ 22.542629755530257, 49.501449733911045 ], [ 22.54211912469621, 49.500894549439096 ], [ 22.541166712129336, 49.499881042077519 ], [ 22.540478221117137, 49.499009110858907 ], [ 22.540403634590817, 49.498919681137551 ], [ 22.540306098364088, 49.498882418705421 ], [ 22.539961852857981, 49.498398004505738 ], [ 22.539663506752706, 49.497827880112759 ], [ 22.539525808550255, 49.497630384493092 ], [ 22.539330736096801, 49.497235390862777 ], [ 22.539095501667635, 49.49681803563864 ], [ 22.538640452139415, 49.496862286640344 ], [ 22.539036334471426, 49.497615013338425 ], [ 22.539541227880356, 49.498654651472322 ], [ 22.539885473386452, 49.499045907415628 ], [ 22.539931372787272, 49.499027276251169 ], [ 22.540396104220495, 49.49958248190832 ], [ 22.540528064997833, 49.499835862262536 ], [ 22.541606700916933, 49.501050579268565 ], [ 22.542524688933188, 49.502004446333167 ], [ 22.54303531976722, 49.502421757326957 ], [ 22.543586112576975, 49.502749642039568 ], [ 22.544418039216708, 49.503368145856925 ], [ 22.545617161062939, 49.504292161091207 ], [ 22.545863870342302, 49.504489629825741 ], [ 22.546093367346373, 49.504627484885013 ], [ 22.546345814050838, 49.504929274334543 ], [ 22.546758908658159, 49.505488138770104 ], [ 22.547068729613642, 49.505864437227068 ], [ 22.547281014342399, 49.506073076708468 ], [ 22.547588703904744, 49.506570477518238 ], [ 22.547637853136852, 49.506631006917658 ], [ 22.547801058431073, 49.506832001277431 ], [ 22.547914558264115, 49.506998424759949 ], [ 22.548072779006393, 49.506853604020705 ] ] ] ] } },
{ "type": "Feature", "properties": { "fid": 164, "cadastral_number": null, "house_number": "43", "owner_uk": "Дмитро Кавчак", "type": null, "locality_uk": "Ліщовате", "owner_pl": "Dmytro Kawczak", "locality_pl": "Leszczowate" }, "geometry": { "type": "MultiPolygon", "coordinates": [ [ [ [ 22.547079785298532, 49.506931855434885 ], [ 22.546757474301888, 49.506535992380769 ], [ 22.546516502447624, 49.506211858727909 ], [ 22.546005871613588, 49.50559339085779 ], [ 22.545684575807897, 49.505194735737419 ], [ 22.545260006350382, 49.504807254750432 ], [ 22.544869861443473, 49.504427222340141 ], [ 22.543779750674179, 49.503600082772813 ], [ 22.542792913556703, 49.502888433486198 ], [ 22.542288020147762, 49.502541919877288 ], [ 22.541493386771197, 49.501783679926113 ], [ 22.541338476293451, 49.501530309657525 ], [ 22.540827845459415, 49.50101983910276 ], [ 22.540495074803523, 49.500628598941454 ], [ 22.539852483192146, 49.499875918595535 ], [ 22.539531187386455, 49.499585276551784 ], [ 22.539209891580764, 49.49930953763252 ], [ 22.538773847273049, 49.498556836997778 ], [ 22.538613199370204, 49.498124587835804 ], [ 22.538613199370204, 49.497830209065917 ], [ 22.5382574790139, 49.497185550638235 ], [ 22.537839571471611, 49.496513014473948 ], [ 22.537358137629219, 49.496523183206655 ], [ 22.537034840837073, 49.496493588772587 ], [ 22.5373767842608, 49.496907935000088 ], [ 22.537577594139357, 49.497191140198666 ], [ 22.537864465394438, 49.497880514424189 ], [ 22.53800790102197, 49.498480448414981 ], [ 22.538030850722382, 49.498592236544482 ], [ 22.538202973475428, 49.498953683082227 ], [ 22.538776715985577, 49.49961694916599 ], [ 22.539419307596958, 49.500261575565581 ], [ 22.540136485734656, 49.50104405862897 ], [ 22.540606954592988, 49.501625323661969 ], [ 22.541278233329876, 49.502269923604963 ], [ 22.541829026139627, 49.502769203274021 ], [ 22.542144584520212, 49.502992759683522 ], [ 22.542758489006083, 49.503533016789653 ], [ 22.543297806965633, 49.504017380158096 ], [ 22.543642052471728, 49.504196220805177 ], [ 22.544072359354342, 49.504572529198512 ], [ 22.544255956957599, 49.504609787297809 ], [ 22.544433817135747, 49.504922754211819 ], [ 22.545099358447523, 49.505347491821631 ], [ 22.545087883597322, 49.505518876128853 ], [ 22.545684575807893, 49.506237938526553 ], [ 22.546258318318046, 49.506930910940724 ], [ 22.546350117119676, 49.507087387224182 ], [ 22.546505027597419, 49.507269942255689 ], [ 22.546741175771409, 49.507520898095784 ], [ 22.547180609403121, 49.507336071716367 ], [ 22.547369026808536, 49.507236171610067 ], [ 22.547215252841188, 49.507119675797867 ], [ 22.547079785298532, 49.506931855434885 ] ] ] ] } },
{ "type": "Feature", "properties": { "fid": 165, "cadastral_number": null, "house_number": "45", "owner_uk": "Іван Добровольський", "type": null, "locality_uk": "Ліщовате", "owner_pl": "Iwan Dobrowolski", "locality_pl": "Leszczowate" }, "geometry": { "type": "MultiPolygon", "coordinates": [ [ [ [ 22.545618381205312, 49.507827643576199 ], [ 22.545371886139861, 49.507402201087672 ], [ 22.545090752309882, 49.506917871227834 ], [ 22.544930104407037, 49.506638447973785 ], [ 22.544648970577061, 49.506213721571136 ], [ 22.544557171775434, 49.505867231511751 ], [ 22.544310462496068, 49.50563996250574 ], [ 22.543736719985905, 49.505181695561795 ], [ 22.543117078074932, 49.504566940481162 ], [ 22.542939217896784, 49.504373197885307 ], [ 22.542227777184191, 49.503870208718652 ], [ 22.541441749945264, 49.503281518534074 ], [ 22.540965543661834, 49.502838133275866 ], [ 22.540649985281245, 49.50260339827728 ], [ 22.540374588876372, 49.502178636845933 ], [ 22.539720522414793, 49.50145951478914 ], [ 22.539622986188075, 49.501470692933047 ], [ 22.539112355354032, 49.500908056518703 ], [ 22.538710735596919, 49.500505637101838 ], [ 22.538217317038178, 49.499868466256977 ], [ 22.537873071532083, 49.49933189490006 ], [ 22.537712423629245, 49.499108321764929 ], [ 22.537328016147431, 49.498199113825756 ], [ 22.537382521685899, 49.498204703270424 ], [ 22.537201792795205, 49.497901009184936 ], [ 22.536814516600842, 49.497247035767892 ], [ 22.536498958220257, 49.496818501439009 ], [ 22.536420631811733, 49.496699147059616 ], [ 22.536024186293108, 49.496705777655237 ], [ 22.535771739588636, 49.496601438053759 ], [ 22.536379906649405, 49.497529307417295 ], [ 22.53666104047938, 49.497998824970367 ], [ 22.536810213532021, 49.498516779585074 ], [ 22.537085609936895, 49.499098074638418 ], [ 22.537521654244618, 49.499757612587317 ], [ 22.537820000349893, 49.500331440633502 ], [ 22.53841669256046, 49.50120334829117 ], [ 22.538858474293285, 49.50144554210565 ], [ 22.53931173087631, 49.501836775735228 ], [ 22.53979080587229, 49.50233233384219 ], [ 22.53974203775892, 49.502367730657788 ], [ 22.539931372787276, 49.502527947502855 ], [ 22.539856786260955, 49.502658356175523 ], [ 22.540258406018069, 49.50298996523469 ], [ 22.54066576320028, 49.503172535555194 ], [ 22.54097558415577, 49.5034892375566 ], [ 22.54190504702223, 49.504197152265149 ], [ 22.542708286536449, 49.505013104406842 ], [ 22.543804134730852, 49.506056311068747 ], [ 22.54387298383207, 49.506119647899823 ], [ 22.543999207184306, 49.506495941499686 ], [ 22.544194279637754, 49.506950470503511 ], [ 22.544418039216723, 49.507259696838275 ], [ 22.544521312868547, 49.507326757713223 ], [ 22.544834002536572, 49.50806255849789 ], [ 22.545183985467773, 49.507973145322339 ], [ 22.545499543848361, 49.507880006424045 ], [ 22.545618381205312, 49.507827643576199 ] ] ] ] } },
{ "type": "Feature", "properties": { "fid": 166, "cadastral_number": null, "house_number": "44", "owner_uk": "Лешко Тимків", "type": null, "locality_uk": "Ліщовате", "owner_pl": "Leszko Tymków", "locality_pl": "Leszczowate" }, "geometry": { "type": "MultiPolygon", "coordinates": [ [ [ [ 22.546741175771409, 49.507520898095784 ], [ 22.546505027597419, 49.507269942255689 ], [ 22.546350117119676, 49.507087387224182 ], [ 22.546258318318046, 49.506930910940724 ], [ 22.545684575807893, 49.506237938526553 ], [ 22.545087883597322, 49.505518876128853 ], [ 22.545099358447523, 49.505347491821631 ], [ 22.544433817135747, 49.504922754211819 ], [ 22.544255956957599, 49.504609787297809 ], [ 22.544072359354342, 49.504572529198512 ], [ 22.543642052471728, 49.504196220805177 ], [ 22.543297806965633, 49.504017380158096 ], [ 22.542758489006083, 49.503533016789653 ], [ 22.542144584520212, 49.502992759683522 ], [ 22.541829026139627, 49.502769203274021 ], [ 22.541278233329876, 49.502269923604963 ], [ 22.540606954592988, 49.501625323661969 ], [ 22.540136485734656, 49.50104405862897 ], [ 22.539419307596958, 49.500261575565581 ], [ 22.538776715985577, 49.49961694916599 ], [ 22.538202973475428, 49.498953683082227 ], [ 22.538030850722382, 49.498592236544482 ], [ 22.53800790102197, 49.498480448414981 ], [ 22.537864465394438, 49.497880514424189 ], [ 22.537577594139357, 49.497191140198666 ], [ 22.5373767842608, 49.496907935000088 ], [ 22.537034840837073, 49.496493588772587 ], [ 22.536503261289088, 49.496444928234453 ], [ 22.53669259631744, 49.496694598422849 ], [ 22.536420631811733, 49.496699147059616 ], [ 22.536498958220257, 49.496818501439009 ], [ 22.536814516600842, 49.497247035767892 ], [ 22.537201792795205, 49.497901009184936 ], [ 22.537382521685899, 49.498204703270424 ], [ 22.537328016147431, 49.498199113825756 ], [ 22.537712423629245, 49.499108321764929 ], [ 22.537873071532083, 49.49933189490006 ], [ 22.538217317038178, 49.499868466256977 ], [ 22.538710735596919, 49.500505637101838 ], [ 22.539112355354032, 49.500908056518703 ], [ 22.539622986188075, 49.501470692933047 ], [ 22.539720522414793, 49.50145951478914 ], [ 22.540374588876372, 49.502178636845933 ], [ 22.540649985281245, 49.50260339827728 ], [ 22.540965543661834, 49.502838133275866 ], [ 22.541441749945264, 49.503281518534074 ], [ 22.542227777184191, 49.503870208718652 ], [ 22.542939217896784, 49.504373197885307 ], [ 22.543117078074932, 49.504566940481162 ], [ 22.543736719985905, 49.505181695561795 ], [ 22.544310462496068, 49.50563996250574 ], [ 22.544557171775434, 49.505867231511751 ], [ 22.544648970577061, 49.506213721571136 ], [ 22.544930104407037, 49.506638447973785 ], [ 22.545090752309882, 49.506917871227834 ], [ 22.545371886139861, 49.507402201087672 ], [ 22.545618381205312, 49.507827643576199 ], [ 22.545660191751207, 49.507809220742736 ], [ 22.545832314504246, 49.507734709388622 ], [ 22.54621098456095, 49.507712355960258 ], [ 22.546377369888898, 49.507704904815199 ], [ 22.54667571599418, 49.507548430506816 ], [ 22.546741175771409, 49.507520898095784 ] ] ] ] } },
{ "type": "Feature", "properties": { "fid": 167, "cadastral_number": null, "house_number": "42", "owner_uk": "Максим Волянський", "type": null, "locality_uk": "Ліщовате", "owner_pl": "Maxym Wolański", "locality_pl": "Leszczowate" }, "geometry": { "type": "MultiPolygon", "coordinates": [ [ [ [ 22.537839571471611, 49.496513014473948 ], [ 22.5382574790139, 49.497185550638235 ], [ 22.538613199370204, 49.497830209065917 ], [ 22.538613199370204, 49.498124587835804 ], [ 22.538773847273049, 49.498556836997778 ], [ 22.539209891580764, 49.49930953763252 ], [ 22.539531187386455, 49.499585276551784 ], [ 22.539852483192146, 49.499875918595535 ], [ 22.540495074803523, 49.500628598941454 ], [ 22.540827845459415, 49.50101983910276 ], [ 22.541338476293451, 49.501530309657525 ], [ 22.541493386771197, 49.501783679926113 ], [ 22.542288020147762, 49.502541919877288 ], [ 22.542792913556703, 49.502888433486198 ], [ 22.543779750674179, 49.503600082772813 ], [ 22.544869861443473, 49.504427222340141 ], [ 22.545260006350382, 49.504807254750432 ], [ 22.545684575807897, 49.505194735737419 ], [ 22.546005871613588, 49.50559339085779 ], [ 22.546516502447624, 49.506211858727909 ], [ 22.546757474301888, 49.506535992380769 ], [ 22.547079785298532, 49.506931855434885 ], [ 22.547394655803092, 49.506879550901644 ], [ 22.547284817254983, 49.506682219659126 ], [ 22.54738772898726, 49.506644377992515 ], [ 22.547588703904744, 49.506570477518238 ], [ 22.547281014342399, 49.506073076708468 ], [ 22.547068729613642, 49.505864437227068 ], [ 22.546758908658159, 49.505488138770104 ], [ 22.546345814050838, 49.504929274334543 ], [ 22.546093367346373, 49.504627484885013 ], [ 22.545863870342302, 49.504489629825741 ], [ 22.545617161062939, 49.504292161091207 ], [ 22.544418039216708, 49.503368145856925 ], [ 22.543586112576975, 49.502749642039568 ], [ 22.54303531976722, 49.502421757326957 ], [ 22.542524688933188, 49.502004446333167 ], [ 22.541606700916933, 49.501050579268565 ], [ 22.540528064997833, 49.499835862262536 ], [ 22.540396104220495, 49.49958248190832 ], [ 22.539931372787272, 49.499027276251169 ], [ 22.539885473386452, 49.499045907415628 ], [ 22.539541227880356, 49.498654651472322 ], [ 22.539036334471426, 49.497615013338425 ], [ 22.538640452139415, 49.496862286640344 ], [ 22.538322025046291, 49.496895824214917 ], [ 22.538063840916717, 49.496508277507324 ], [ 22.537839571471611, 49.496513014473948 ] ] ] ] } },
{ "type": "Feature", "properties": { "fid": 170, "cadastral_number": null, "house_number": "44", "owner_uk": "Лешко Тимків", "type": "household", "locality_uk": "Ліщовате", "owner_pl": "Leszko Tymków", "locality_pl": "Leszczowate" }, "geometry": { "type": "MultiPolygon", "coordinates": [ [ [ [ 22.545819687641576, 49.507829758448231 ], [ 22.545633577748493, 49.507899479213435 ], [ 22.545633577748497, 49.507899479213435 ], [ 22.54582030328028, 49.508170505538523 ], [ 22.545942956325668, 49.508357132442065 ], [ 22.545974077247628, 49.508467681800745 ], [ 22.546682887775599, 49.508589254668493 ], [ 22.546794767565085, 49.508667490220716 ], [ 22.547175220331209, 49.508731553906863 ], [ 22.54717522033123, 49.508731553906863 ], [ 22.5471752203573, 49.508731553901534 ], [ 22.547094430438275, 49.508429643339952 ], [ 22.546849746276269, 49.507655653269182 ], [ 22.546790543788514, 49.507566637812616 ], [ 22.546427751653063, 49.507763116855728 ], [ 22.546158846862937, 49.507776233753852 ], [ 22.546186716812688, 49.507821128716721 ], [ 22.546229451871888, 49.507889969490137 ], [ 22.545936549076949, 49.507991010201245 ], [ 22.545819687641579, 49.507829758448239 ], [ 22.54581968764159, 49.507829758448231 ], [ 22.545819687641576, 49.507829758448231 ] ] ] ] } },
{ "type": "Feature", "properties": { "fid": 171, "cadastral_number": null, "house_number": "49", "owner_uk": "Іван Магац", "type": null, "locality_uk": "Ліщовате", "owner_pl": "Iwan Magac", "locality_pl": "Leszczowate" }, "geometry": { "type": "MultiPolygon", "coordinates": [ [ [ [ 22.543160288057543, 49.507623407841983 ], [ 22.543097176381423, 49.507608505523635 ], [ 22.542982427879387, 49.507507914756054 ], [ 22.542959478178975, 49.507381244606371 ], [ 22.542724243749795, 49.506896914539041 ], [ 22.542213612915727, 49.506468464713386 ], [ 22.542012803037167, 49.506200215956049 ], [ 22.541651345255744, 49.505790388625634 ], [ 22.54102596591963, 49.505205447307453 ], [ 22.54055549706128, 49.504784434259868 ], [ 22.540492385385161, 49.504776982668865 ], [ 22.539884218324353, 49.504188303394258 ], [ 22.539505548267623, 49.503808266176364 ], [ 22.539195727312123, 49.503335078455805 ], [ 22.53828921414603, 49.502343977534004 ], [ 22.53805397971685, 49.502239649953388 ], [ 22.537744158761349, 49.502004912083684 ], [ 22.537399913255232, 49.501568967338052 ], [ 22.536654047991984, 49.500693340088439 ], [ 22.536585198890762, 49.500458594800747 ], [ 22.536407338712607, 49.500197765382545 ], [ 22.536218003684244, 49.499769256891646 ], [ 22.535931132429145, 49.49931838738496 ], [ 22.535707372850172, 49.499076183042241 ], [ 22.534967245012027, 49.497444067139668 ], [ 22.534645949206315, 49.497008081761884 ], [ 22.534146793222448, 49.496471479041944 ], [ 22.533670586938992, 49.496072749599662 ], [ 22.53335502855839, 49.495521230624504 ], [ 22.533228805206143, 49.495290187044553 ], [ 22.53299357077697, 49.494965978891734 ], [ 22.532976358501664, 49.494835549718736 ], [ 22.532586213594733, 49.494727479569228 ], [ 22.532247705513722, 49.494734932690641 ], [ 22.53263211299555, 49.495286460526266 ], [ 22.532987833351871, 49.495681469886208 ], [ 22.53319438065553, 49.496333601004117 ], [ 22.533498464185939, 49.496456573326867 ], [ 22.533796810291239, 49.496519922584653 ], [ 22.53402630729531, 49.496870205235773 ], [ 22.534244329449187, 49.497283833648829 ], [ 22.534318915975508, 49.497287560015046 ], [ 22.534766435133459, 49.498386825659466 ], [ 22.535076256088956, 49.498856334985604 ], [ 22.535231166566707, 49.498975574732121 ], [ 22.535747534825873, 49.499825149516312 ], [ 22.536034406080972, 49.5006672573343 ], [ 22.536218003684233, 49.501032414627041 ], [ 22.53656224919035, 49.501546611092557 ], [ 22.537606460558898, 49.502589891665373 ], [ 22.538753945579277, 49.503744926353079 ], [ 22.539545710243331, 49.504467740641871 ], [ 22.540062078502508, 49.504981901007639 ], [ 22.540176827004547, 49.505220350357796 ], [ 22.540635821012696, 49.505689794119796 ], [ 22.541312837174715, 49.506181587515492 ], [ 22.541817730583691, 49.506859658181405 ], [ 22.542468928332756, 49.507906551028093 ], [ 22.54253796133446, 49.507939895515037 ], [ 22.542537961334471, 49.507939895515037 ], [ 22.542662445022316, 49.50789234692143 ], [ 22.542918734967888, 49.507994576340586 ], [ 22.542923549052251, 49.507995546474021 ], [ 22.543131089494221, 49.508037369987505 ], [ 22.543229944187509, 49.507918498653638 ], [ 22.543160288057543, 49.507623407841983 ] ] ] ] } },
{ "type": "Feature", "properties": { "fid": 172, "cadastral_number": null, "house_number": "53", "owner_uk": "Роман Сорока", "type": "household", "locality_uk": "Ліщовате", "owner_pl": "Roman Sroka", "locality_pl": "Leszczowate" }, "geometry": { "type": "MultiPolygon", "coordinates": [ [ [ [ 22.540601396462094, 49.508390871100119 ], [ 22.540506728947904, 49.508172927661057 ], [ 22.54036903074546, 49.507938218256207 ], [ 22.54008789691547, 49.507532131070839 ], [ 22.539973148413431, 49.5074017353881 ], [ 22.53962890290731, 49.507733312299585 ], [ 22.539735045271701, 49.507828314258916 ], [ 22.54007068464016, 49.508334988259584 ], [ 22.540331737482298, 49.508809990369329 ], [ 22.540532492510273, 49.508741082367443 ], [ 22.540477526866383, 49.508644991175942 ], [ 22.540437299101924, 49.508574664813061 ], [ 22.540693589047496, 49.508524739436339 ], [ 22.540601396462094, 49.508390871100119 ] ] ] ] } },
{ "type": "Feature", "properties": { "fid": 173, "cadastral_number": null, "house_number": "51", "owner_uk": "Іван Шимоняк", "type": null, "locality_uk": "Ліщовате", "owner_pl": "Iwan Szymoniak", "locality_pl": "Leszczowate" }, "geometry": { "type": "MultiPolygon", "coordinates": [ [ [ [ 22.532203883400875, 49.496275110716461 ], [ 22.532247705513697, 49.496298199823563 ], [ 22.5327038308093, 49.496538554703641 ], [ 22.532875953562357, 49.496821762039737 ], [ 22.533116925416635, 49.497246569971068 ], [ 22.533432483797235, 49.497816701136173 ], [ 22.533616081400503, 49.498278763351429 ], [ 22.533885740380292, 49.498666296039033 ], [ 22.534247198161712, 49.499452530812739 ], [ 22.534631605643543, 49.500097159378221 ], [ 22.535113549352101, 49.500998879887199 ], [ 22.535469269708422, 49.501714282684752 ], [ 22.535670079586978, 49.501960199980765 ], [ 22.536048749643708, 49.502463208782295 ], [ 22.536570855327977, 49.503048182884996 ], [ 22.537551955020405, 49.504098883137907 ], [ 22.537919150226923, 49.504512450453333 ], [ 22.538286345433448, 49.504929740057307 ], [ 22.539290394826281, 49.505939417142926 ], [ 22.540053472364836, 49.506624942475888 ], [ 22.540403455296055, 49.507057116553469 ], [ 22.540592790324414, 49.507440854129371 ], [ 22.540962854243485, 49.507969885463808 ], [ 22.541183745109912, 49.508366655210338 ], [ 22.541332918162588, 49.508586460539263 ], [ 22.542030015312466, 49.508463518697368 ], [ 22.541809124446036, 49.508115181800811 ], [ 22.541312837174715, 49.507211729628189 ], [ 22.540733357239418, 49.506477778879905 ], [ 22.540326000057188, 49.506135016383077 ], [ 22.539654721320261, 49.5055239990199 ], [ 22.538851481805992, 49.50469315219199 ], [ 22.538220365044783, 49.50400759979108 ], [ 22.537939231214796, 49.503825032586448 ], [ 22.536963868947467, 49.502751970758034 ], [ 22.536361439311769, 49.502051487147369 ], [ 22.535913920153821, 49.501488857411061 ], [ 22.53547787584608, 49.500587145931085 ], [ 22.534938557886491, 49.499540096463122 ], [ 22.534559887829776, 49.49877249436485 ], [ 22.534037782145504, 49.498135300953223 ], [ 22.533905821368158, 49.497755216722211 ], [ 22.533871396817545, 49.49753536273122 ], [ 22.533796810291225, 49.497520457340144 ], [ 22.533687799214292, 49.497039756044082 ], [ 22.53361321268796, 49.497050935197613 ], [ 22.533377978258788, 49.496760276375817 ], [ 22.533165693530012, 49.496465889399296 ], [ 22.53266080012105, 49.49640626650487 ], [ 22.532459990242483, 49.495701965567839 ], [ 22.531966571683721, 49.495139262826768 ], [ 22.531733765340181, 49.494894117300611 ], [ 22.531576426776798, 49.494932439994713 ], [ 22.531285448397366, 49.495161524035822 ], [ 22.531501840250449, 49.495318135922666 ], [ 22.531696912703921, 49.495482102352966 ], [ 22.532029683359831, 49.49592182779503 ], [ 22.532203883400875, 49.496275110716461 ] ] ] ] } },
{ "type": "Feature", "properties": { "fid": 174, "cadastral_number": null, "house_number": "54", "owner_uk": "Васько Кавчак", "type": null, "locality_uk": "Ліщовате", "owner_pl": "Wasko Kawczak", "locality_pl": "Leszczowate" }, "geometry": { "type": "MultiPolygon", "coordinates": [ [ [ [ 22.53962890290731, 49.507733312299585 ], [ 22.539488335992313, 49.507588014828485 ], [ 22.539258838988243, 49.507368205013499 ], [ 22.539195727312123, 49.507211729628203 ], [ 22.538994917433552, 49.507014271880109 ], [ 22.538587560251315, 49.506418168183416 ], [ 22.538277739295815, 49.505930102873947 ], [ 22.537904806664187, 49.50549791884071 ], [ 22.537543348882767, 49.505114166025066 ], [ 22.536172104283409, 49.503530688107716 ], [ 22.535724585125461, 49.503012786561698 ], [ 22.535122155489773, 49.502424086061012 ], [ 22.534703323457336, 49.501861460608929 ], [ 22.534519725854075, 49.501522391815058 ], [ 22.534376290226525, 49.50131373292794 ], [ 22.534204167473465, 49.500836794987656 ], [ 22.533819759991641, 49.500177271583624 ], [ 22.53341814023451, 49.49954382265755 ], [ 22.533200118080632, 49.499025878913017 ], [ 22.532832922874114, 49.498411046488847 ], [ 22.532649325270853, 49.497986248665441 ], [ 22.532431303116983, 49.497211169450985 ], [ 22.532138694436785, 49.496983860238103 ], [ 22.531777236655365, 49.496231123832438 ], [ 22.531501840250467, 49.496178953553525 ], [ 22.531364142048027, 49.495903195441215 ], [ 22.53087538508322, 49.495588740154169 ], [ 22.530773187262536, 49.495882699843811 ], [ 22.530882198339469, 49.495953502780281 ], [ 22.531146119894156, 49.496165910975115 ], [ 22.531444465999456, 49.496840394043907 ], [ 22.531817398631084, 49.497112420496414 ], [ 22.532058370485355, 49.498241500431313 ], [ 22.532241968088623, 49.49878180999648 ], [ 22.532437040542085, 49.499098540416377 ], [ 22.532712436946984, 49.499523328584758 ], [ 22.533005045627171, 49.499847506548271 ], [ 22.533274704606963, 49.500298371179959 ], [ 22.533550101011851, 49.500838658035519 ], [ 22.53388860909287, 49.501397569194857 ], [ 22.533986145319599, 49.501680748412305 ], [ 22.534100893821641, 49.501870775652527 ], [ 22.53466889890673, 49.502623425314781 ], [ 22.535523775246908, 49.503644327641624 ], [ 22.535759009676084, 49.503949849014305 ], [ 22.536011456380574, 49.504233013461118 ], [ 22.536522087214642, 49.504739724696869 ], [ 22.537170416251158, 49.505563119262661 ], [ 22.537790058162159, 49.506431208029475 ], [ 22.538432649773579, 49.507455756498835 ], [ 22.538954755457848, 49.508018317624114 ], [ 22.539238758000398, 49.508463518697368 ], [ 22.539482598567226, 49.508834206039595 ], [ 22.539634640332437, 49.509091263954268 ], [ 22.539875612186712, 49.509013029079746 ], [ 22.540331737482298, 49.508809990369329 ], [ 22.54007068464016, 49.508334988259584 ], [ 22.539735045271701, 49.507828314258916 ], [ 22.53962890290731, 49.507733312299585 ] ] ] ] } },
{ "type": "Feature", "properties": { "fid": 175, "cadastral_number": null, "house_number": "50", "owner_uk": "Тимко Ткачів", "type": null, "locality_uk": "Ліщовате", "owner_pl": "Tymko Tkaczów", "locality_pl": "Leszczowate" }, "geometry": { "type": "MultiPolygon", "coordinates": [ [ [ [ 22.531733765340181, 49.494894117300611 ], [ 22.531966571683721, 49.495139262826768 ], [ 22.532459990242483, 49.495701965567839 ], [ 22.53266080012105, 49.49640626650487 ], [ 22.533165693530012, 49.496465889399296 ], [ 22.533377978258788, 49.496760276375817 ], [ 22.53361321268796, 49.497050935197613 ], [ 22.533687799214292, 49.497039756044082 ], [ 22.533796810291225, 49.497520457340144 ], [ 22.533871396817545, 49.49753536273122 ], [ 22.533905821368158, 49.497755216722211 ], [ 22.534037782145504, 49.498135300953223 ], [ 22.534559887829776, 49.49877249436485 ], [ 22.534938557886491, 49.499540096463122 ], [ 22.53547787584608, 49.500587145931085 ], [ 22.535913920153821, 49.501488857411061 ], [ 22.536361439311769, 49.502051487147369 ], [ 22.536963868947467, 49.502751970758034 ], [ 22.537939231214796, 49.503825032586448 ], [ 22.538220365044783, 49.50400759979108 ], [ 22.538851481805992, 49.50469315219199 ], [ 22.539654721320261, 49.5055239990199 ], [ 22.540326000057188, 49.506135016383077 ], [ 22.540733357239418, 49.506477778879905 ], [ 22.541312837174715, 49.507211729628189 ], [ 22.541809124446036, 49.508115181800811 ], [ 22.542030015312466, 49.508463518697368 ], [ 22.542735670721044, 49.508355943737925 ], [ 22.542640477312691, 49.508201411953898 ], [ 22.54253796133446, 49.507939895515044 ], [ 22.542662445022316, 49.50789234692143 ], [ 22.542537961334471, 49.507939895515037 ], [ 22.54253796133446, 49.507939895515037 ], [ 22.542468928332756, 49.507906551028093 ], [ 22.541817730583691, 49.506859658181405 ], [ 22.541312837174715, 49.506181587515492 ], [ 22.540635821012696, 49.505689794119796 ], [ 22.540176827004547, 49.505220350357796 ], [ 22.540062078502508, 49.504981901007639 ], [ 22.539545710243331, 49.504467740641871 ], [ 22.538753945579277, 49.503744926353079 ], [ 22.537606460558898, 49.502589891665373 ], [ 22.53656224919035, 49.501546611092557 ], [ 22.536218003684233, 49.501032414627041 ], [ 22.536034406080972, 49.5006672573343 ], [ 22.535747534825873, 49.499825149516312 ], [ 22.535231166566707, 49.498975574732121 ], [ 22.535076256088956, 49.498856334985604 ], [ 22.534766435133459, 49.498386825659466 ], [ 22.534318915975508, 49.497287560015046 ], [ 22.534244329449187, 49.497283833648829 ], [ 22.53402630729531, 49.496870205235773 ], [ 22.533796810291239, 49.496519922584653 ], [ 22.533498464185939, 49.496456573326867 ], [ 22.53319438065553, 49.496333601004117 ], [ 22.532987833351871, 49.495681469886208 ], [ 22.53263211299555, 49.495286460526266 ], [ 22.532247705513722, 49.494734932690641 ], [ 22.531760024380066, 49.49488772142962 ], [ 22.531733765340181, 49.494894117300611 ] ] ] ] } },
{ "type": "Feature", "properties": { "fid": 176, "cadastral_number": null, "house_number": "53", "owner_uk": "Роман Сорока", "type": null, "locality_uk": "Ліщовате", "owner_pl": "Roman Sroka", "locality_pl": "Leszczowate" }, "geometry": { "type": "MultiPolygon", "coordinates": [ [ [ [ 22.539973148413431, 49.5074017353881 ], [ 22.539735045271687, 49.50720055279578 ], [ 22.539253101563119, 49.506597000055024 ], [ 22.539149827911292, 49.506462876212581 ], [ 22.538834269530682, 49.506008342678705 ], [ 22.53829495157111, 49.505442032695548 ], [ 22.537870382113564, 49.504994941236482 ], [ 22.537640885109486, 49.504754627889042 ], [ 22.536969606372566, 49.503940534366485 ], [ 22.536068830631567, 49.502982979111614 ], [ 22.535437713870358, 49.502316032668119 ], [ 22.535087730939139, 49.501868912643936 ], [ 22.534714798307522, 49.501049181988279 ], [ 22.534508251003853, 49.500639311510845 ], [ 22.534066469271007, 49.499901536000053 ], [ 22.533785335441014, 49.499413405684287 ], [ 22.533573050712242, 49.498850745615329 ], [ 22.533177168380217, 49.498269447624075 ], [ 22.532838660299198, 49.497419845831658 ], [ 22.532574738744511, 49.49696522828858 ], [ 22.532310817189828, 49.496491974392761 ], [ 22.532029683359831, 49.49592182779503 ], [ 22.531696912703921, 49.495482102352966 ], [ 22.531501840250449, 49.495318135922666 ], [ 22.531285448397366, 49.495161524035822 ], [ 22.531197756720076, 49.495230562717815 ], [ 22.530893673189677, 49.495536136624438 ], [ 22.53087538508322, 49.495588740154169 ], [ 22.531364142048027, 49.495903195441215 ], [ 22.531501840250467, 49.496178953553525 ], [ 22.531777236655365, 49.496231123832438 ], [ 22.532138694436785, 49.496983860238103 ], [ 22.532431303116983, 49.497211169450985 ], [ 22.532649325270853, 49.497986248665441 ], [ 22.532832922874114, 49.498411046488847 ], [ 22.533200118080632, 49.499025878913017 ], [ 22.53341814023451, 49.49954382265755 ], [ 22.533819759991641, 49.500177271583624 ], [ 22.534204167473465, 49.500836794987656 ], [ 22.534376290226525, 49.50131373292794 ], [ 22.534519725854075, 49.501522391815058 ], [ 22.534703323457336, 49.501861460608929 ], [ 22.535122155489773, 49.502424086061012 ], [ 22.535724585125461, 49.503012786561698 ], [ 22.536172104283409, 49.503530688107716 ], [ 22.537543348882767, 49.505114166025066 ], [ 22.537904806664187, 49.50549791884071 ], [ 22.538277739295815, 49.505930102873947 ], [ 22.538587560251315, 49.506418168183416 ], [ 22.538994917433552, 49.507014271880109 ], [ 22.539195727312123, 49.507211729628203 ], [ 22.539258838988243, 49.507368205013499 ], [ 22.539488335992313, 49.507588014828485 ], [ 22.53962890290731, 49.507733312299585 ], [ 22.539973148413431, 49.5074017353881 ] ] ] ] } },
{ "type": "Feature", "properties": { "fid": 177, "cadastral_number": null, "house_number": "52", "owner_uk": "Панько Стефанів", "type": null, "locality_uk": "Ліщовате", "owner_pl": "Pańko Stefanów", "locality_pl": "Leszczowate" }, "geometry": { "type": "MultiPolygon", "coordinates": [ [ [ [ 22.541332918162588, 49.508586460539263 ], [ 22.541183745109912, 49.508366655210338 ], [ 22.540962854243485, 49.507969885463808 ], [ 22.540592790324414, 49.507440854129371 ], [ 22.540403455296055, 49.507057116553469 ], [ 22.540053472364836, 49.506624942475888 ], [ 22.539290394826281, 49.505939417142926 ], [ 22.538286345433448, 49.504929740057307 ], [ 22.537919150226923, 49.504512450453333 ], [ 22.537551955020405, 49.504098883137907 ], [ 22.536570855327977, 49.503048182884996 ], [ 22.536048749643708, 49.502463208782295 ], [ 22.535670079586978, 49.501960199980765 ], [ 22.535469269708422, 49.501714282684752 ], [ 22.535113549352101, 49.500998879887199 ], [ 22.534631605643543, 49.500097159378221 ], [ 22.534247198161712, 49.499452530812739 ], [ 22.533885740380292, 49.498666296039033 ], [ 22.533616081400503, 49.498278763351429 ], [ 22.533432483797235, 49.497816701136173 ], [ 22.533116925416635, 49.497246569971068 ], [ 22.532875953562357, 49.496821762039737 ], [ 22.5327038308093, 49.496538554703641 ], [ 22.532247705513697, 49.496298199823563 ], [ 22.532203883400875, 49.496275110716461 ], [ 22.532310817189828, 49.496491974392761 ], [ 22.532574738744511, 49.49696522828858 ], [ 22.532838660299198, 49.497419845831658 ], [ 22.533177168380217, 49.498269447624075 ], [ 22.533573050712242, 49.498850745615329 ], [ 22.533785335441014, 49.499413405684287 ], [ 22.534066469271007, 49.499901536000053 ], [ 22.534508251003853, 49.500639311510845 ], [ 22.534714798307522, 49.501049181988279 ], [ 22.535087730939139, 49.501868912643936 ], [ 22.535437713870358, 49.502316032668119 ], [ 22.536068830631567, 49.502982979111614 ], [ 22.536969606372566, 49.503940534366485 ], [ 22.537640885109486, 49.504754627889042 ], [ 22.537870382113564, 49.504994941236482 ], [ 22.53829495157111, 49.505442032695548 ], [ 22.538834269530682, 49.506008342678705 ], [ 22.539149827911292, 49.506462876212581 ], [ 22.539253101563119, 49.506597000055024 ], [ 22.539735045271687, 49.50720055279578 ], [ 22.539973148413431, 49.5074017353881 ], [ 22.54008789691547, 49.507532131070839 ], [ 22.54036903074546, 49.507938218256207 ], [ 22.540506728947904, 49.508172927661057 ], [ 22.540601396462094, 49.508390871100119 ], [ 22.540693589047496, 49.508524739436339 ], [ 22.540799766310666, 49.508698289336103 ], [ 22.541332918162588, 49.508586460539263 ] ] ] ] } },
{ "type": "Feature", "properties": { "fid": 178, "cadastral_number": null, "house_number": "33", "owner_uk": "Васько Стефанів", "type": null, "locality_uk": "Ліщовате", "owner_pl": "Wasko Stefanów", "locality_pl": "Leszczowate" }, "geometry": { "type": "MultiPolygon", "coordinates": [ [ [ [ 22.553543783854305, 49.506530060085041 ], [ 22.553313122903287, 49.506094976192387 ], [ 22.552756607592894, 49.505415001267174 ], [ 22.552487045489517, 49.505083628943211 ], [ 22.552362561801669, 49.505152578347143 ], [ 22.552479722919646, 49.505418864787984 ], [ 22.552314965097491, 49.505464038236845 ], [ 22.552412446808848, 49.505628980409533 ], [ 22.552613817480374, 49.505957079943514 ], [ 22.553163010220889, 49.506603762437713 ], [ 22.553346074467726, 49.506860531057256 ], [ 22.553346074467722, 49.506860531057256 ], [ 22.553717694888853, 49.507194565994432 ], [ 22.553651791759986, 49.507313439087326 ], [ 22.553768952877963, 49.507389517715197 ], [ 22.553827533436952, 49.507641527324971 ], [ 22.553915404275436, 49.507755644457106 ], [ 22.554017920253667, 49.508321471305088 ], [ 22.554274210199235, 49.5089728773033 ], [ 22.554486564725579, 49.509367520513528 ], [ 22.554413339026844, 49.509481633619494 ], [ 22.554933241487873, 49.510080723058593 ], [ 22.555431176239274, 49.510461093497625 ], [ 22.55585588529193, 49.510770142301531 ], [ 22.556251304065103, 49.511112471005056 ], [ 22.556353820043338, 49.511240843651244 ], [ 22.557228633701261, 49.512877123529535 ], [ 22.558066297766111, 49.514270320602037 ], [ 22.558490867223636, 49.514933379067642 ], [ 22.558995760632584, 49.514709877218387 ], [ 22.558743313928108, 49.514240520010482 ], [ 22.557687627709395, 49.512668513065414 ], [ 22.556862738649539, 49.511240843651244 ], [ 22.556350158758384, 49.510675050569809 ], [ 22.555815611157623, 49.510261399385911 ], [ 22.554951547912538, 49.509410312959453 ], [ 22.554651322547727, 49.508873027311694 ], [ 22.55451951629, 49.508226374813354 ], [ 22.554277871484178, 49.507807948053681 ], [ 22.554307161763674, 49.506956818942129 ], [ 22.55398679933165, 49.506779696637196 ], [ 22.553543783854305, 49.506530060085041 ] ] ] ] } },
{ "type": "Feature", "properties": { "fid": 179, "cadastral_number": null, "house_number": "34", "owner_uk": "Михайло Добровольський", "type": null, "locality_uk": "Ліщовате", "owner_pl": "Michał Dobrowolski", "locality_pl": "Leszczowate" }, "geometry": { "type": "MultiPolygon", "coordinates": [ [ [ [ 22.552284301836064, 49.506304197345017 ], [ 22.552503978932272, 49.506525305090726 ], [ 22.552684754876111, 49.506867960684993 ], [ 22.552549287333445, 49.506993966995466 ], [ 22.552597341698206, 49.507099467312152 ], [ 22.552758438235426, 49.507413292262129 ], [ 22.552985437901501, 49.507731870076519 ], [ 22.553432114663792, 49.508354755033508 ], [ 22.553746985168349, 49.508773177116325 ], [ 22.553834856006834, 49.509129784021155 ], [ 22.553754307738227, 49.509405558245092 ], [ 22.553832443671482, 49.509566642384712 ], [ 22.553954663589437, 49.509818609559204 ], [ 22.554047210533174, 49.51000940327198 ], [ 22.554088539415883, 49.51012804382021 ], [ 22.55414381952329, 49.510286733381101 ], [ 22.554186339360765, 49.510408792737614 ], [ 22.554196747032069, 49.510422841802466 ], [ 22.554196747032066, 49.510422841802466 ], [ 22.554464597015965, 49.510784406045332 ], [ 22.554977176907109, 49.511250352722733 ], [ 22.555782802575632, 49.512653612283941 ], [ 22.556528667838855, 49.513897811902574 ], [ 22.556901600470464, 49.514504999625998 ], [ 22.557584354057568, 49.515194129934258 ], [ 22.558490867223636, 49.514933379067642 ], [ 22.558066297766111, 49.514270320602037 ], [ 22.557228633701261, 49.512877123529535 ], [ 22.556353820043338, 49.511240843651244 ], [ 22.556251304065103, 49.511112471005056 ], [ 22.55585588529193, 49.510770142301531 ], [ 22.555431176239274, 49.510461093497625 ], [ 22.554933241487873, 49.510080723058593 ], [ 22.554413339026844, 49.509481633619494 ], [ 22.554486564725579, 49.509367520513528 ], [ 22.554274210199235, 49.5089728773033 ], [ 22.554017920253667, 49.508321471305088 ], [ 22.553915404275436, 49.507755644457106 ], [ 22.553827533436952, 49.507641527324971 ], [ 22.553768952877963, 49.507389517715197 ], [ 22.553651791759986, 49.507313439087326 ], [ 22.553717694888853, 49.507194565994432 ], [ 22.553346074467722, 49.506860531057256 ], [ 22.553346074467726, 49.506860531057256 ], [ 22.553163010220889, 49.506603762437713 ], [ 22.552613817480374, 49.505957079943514 ], [ 22.552412446808848, 49.505628980409533 ], [ 22.552314965097491, 49.505464038236845 ], [ 22.55205501386698, 49.505467604559989 ], [ 22.551890256044818, 49.505714868996741 ], [ 22.55236988437154, 49.505928846827601 ], [ 22.552044030012169, 49.506042967954734 ], [ 22.552229382562004, 49.506330349926188 ], [ 22.552284301836064, 49.506304197345017 ] ] ] ] } },
{ "type": "Feature", "properties": { "fid": 180, "cadastral_number": "43", "house_number": "31", "owner_uk": "церква (проборство)", "type": "building", "locality_uk": "Ліщовате", "owner_pl": "cerkiew (probostwo)", "locality_pl": "Leszczowate" }, "geometry": { "type": "MultiPolygon", "coordinates": [ [ [ [ 22.55220558421, 49.503574742011189 ], [ 22.55200452885212, 49.503662025578024 ], [ 22.552087162436504, 49.503742518801175 ], [ 22.552282471193678, 49.503638938266654 ], [ 22.55220558421, 49.503574742011189 ] ] ] ] } },
{ "type": "Feature", "properties": { "fid": 181, "cadastral_number": "43", "house_number": "31", "owner_uk": "церква (проборство)", "type": "building", "locality_uk": "Ліщовате", "owner_pl": "cerkiew (probostwo)", "locality_pl": "Leszczowate" }, "geometry": { "type": "MultiPolygon", "coordinates": [ [ [ [ 22.552173656905399, 49.50343469201075 ], [ 22.552089155872373, 49.503470142346579 ], [ 22.55220558421, 49.503574742011189 ], [ 22.552293455048485, 49.503529566817953 ], [ 22.552173656905399, 49.50343469201075 ] ] ] ] } },
{ "type": "Feature", "properties": { "fid": 182, "cadastral_number": "43", "house_number": "31", "owner_uk": "церква (проборство)", "type": null, "locality_uk": "Ліщовате", "owner_pl": "cerkiew (probostwo)", "locality_pl": "Leszczowate" }, "geometry": { "type": "MultiPolygon", "coordinates": [ [ [ [ 22.551520923926827, 49.503291801955598 ], [ 22.551802284617274, 49.503187904963987 ], [ 22.551843117001258, 49.503172919091149 ], [ 22.551828471861509, 49.502916131118162 ], [ 22.551531907781634, 49.503049280605701 ], [ 22.551520923926827, 49.503291801955598 ] ] ] ] } },
{ "type": "Feature", "properties": { "fid": 183, "cadastral_number": "43", "house_number": "31", "owner_uk": "церква (проборство)", "type": "building", "locality_uk": "Ліщовате", "owner_pl": "cerkiew (probostwo)", "locality_pl": "Leszczowate" }, "geometry": { "type": "MultiPolygon", "coordinates": [ [ [ [ 22.551802284617274, 49.503187904963987 ], [ 22.551520923926827, 49.503291801955598 ], [ 22.551597810910494, 49.503365509186494 ], [ 22.551638085044804, 49.503358376233514 ], [ 22.551684667402686, 49.503323900737705 ], [ 22.551716223240746, 49.503351845027957 ], [ 22.551779334916873, 49.503325763690881 ], [ 22.551752082147637, 49.503295956431494 ], [ 22.55186109322457, 49.50325590289809 ], [ 22.551802284617274, 49.503187904963987 ] ] ] ] } },
{ "type": "Feature", "properties": { "fid": 184, "cadastral_number": "46", "house_number": "30", "owner_uk": "громада (школа)", "type": null, "locality_uk": "Ліщовате", "owner_pl": "gromada (szkoła)", "locality_pl": "Leszczowate" }, "geometry": { "type": "MultiPolygon", "coordinates": [ [ [ [ 22.553125602021957, 49.503026273529436 ], [ 22.553489810859602, 49.502873553367976 ], [ 22.553487033937881, 49.502870955316851 ], [ 22.553413808239142, 49.502809135731681 ], [ 22.553022050750904, 49.502920886463237 ], [ 22.553125602021957, 49.503026273529436 ] ] ] ] } },
{ "type": "Feature", "properties": { "fid": 185, "cadastral_number": "46", "house_number": "30", "owner_uk": "громада (школа)", "type": "yard", "locality_uk": "Ліщовате", "owner_pl": "gromada (szkoła)", "locality_pl": "Leszczowate" }, "geometry": { "type": "MultiPolygon", "coordinates": [ [ [ [ 22.553261791066451, 49.503164876983561 ], [ 22.553620525976584, 49.502995848697473 ], [ 22.553489810859602, 49.502873553367976 ], [ 22.553125602021957, 49.503026273529436 ], [ 22.553261791066451, 49.503164876983561 ] ], [ [ 22.553228034755101, 49.503025827315327 ], [ 22.553474744034482, 49.502926158609604 ], [ 22.553542158779432, 49.502982047628464 ], [ 22.553301186925143, 49.503092893993681 ], [ 22.553228034755101, 49.503025827315327 ] ] ] ] } },
{ "type": "Feature", "properties": { "fid": 186, "cadastral_number": "46", "house_number": "30", "owner_uk": "громада (школа)", "type": "building", "locality_uk": "Ліщовате", "owner_pl": "gromada (szkoła)", "locality_pl": "Leszczowate" }, "geometry": { "type": "MultiPolygon", "coordinates": [ [ [ [ 22.553228034755101, 49.503025827315327 ], [ 22.553301186925143, 49.503092893993681 ], [ 22.553542158779432, 49.502982047628464 ], [ 22.553474744034482, 49.502926158609604 ], [ 22.553228034755101, 49.503025827315327 ] ] ] ] } },
{ "type": "Feature", "properties": { "fid": 187, "cadastral_number": "42", "house_number": "32", "owner_uk": "Михайло Волянський", "type": "building", "locality_uk": "Ліщовате", "owner_pl": "Michał Wolański", "locality_pl": "Leszczowate" }, "geometry": { "type": "MultiPolygon", "coordinates": [ [ [ [ 22.551284482001833, 49.50372815991544 ], [ 22.551383452584833, 49.503681586447691 ], [ 22.551242885669843, 49.503544660195736 ], [ 22.551135308949185, 49.503588439379193 ], [ 22.551284482001833, 49.50372815991544 ] ] ] ] } },
{ "type": "Feature", "properties": { "fid": 189, "cadastral_number": "42", "house_number": "32", "owner_uk": "Михайло Волянський", "type": "yard", "locality_uk": "Ліщовате", "owner_pl": "Michał Wolański", "locality_pl": "Leszczowate" }, "geometry": { "type": "MultiPolygon", "coordinates": [ [ [ [ 22.551383452584833, 49.503681586447691 ], [ 22.551463776536266, 49.503743063415769 ], [ 22.551648808495798, 49.503646190582543 ], [ 22.551397796147594, 49.503452444340731 ], [ 22.551276427539673, 49.503577333370728 ], [ 22.551383452584833, 49.503681586447691 ] ] ] ] } },
{ "type": "Feature", "properties": { "fid": 191, "cadastral_number": "42", "house_number": "32", "owner_uk": "Михайло Волянський", "type": "building", "locality_uk": "Ліщовате", "owner_pl": "Michał Wolański", "locality_pl": "Leszczowate" }, "geometry": { "type": "MultiPolygon", "coordinates": [ [ [ [ 22.551536928706309, 49.503806403241477 ], [ 22.551723395022126, 49.503703941717738 ], [ 22.551648808495798, 49.503646190582543 ], [ 22.551463776536266, 49.503743063415769 ], [ 22.551536928706309, 49.503806403241477 ] ] ] ] } },
{ "type": "Feature", "properties": { "fid": 192, "cadastral_number": null, "house_number": "48", "owner_uk": "Гриць Паньків", "type": null, "locality_uk": "Ліщовате", "owner_pl": "Hryć Pańków", "locality_pl": "Leszczowate" }, "geometry": { "type": "MultiPolygon", "coordinates": [ [ [ [ 22.541169745606297, 49.503637118393613 ], [ 22.540813681190873, 49.503582850549378 ], [ 22.54038337430822, 49.503538139888413 ], [ 22.539958804850684, 49.503288504613757 ], [ 22.539757994972117, 49.503057497702606 ], [ 22.539637509044972, 49.50303886806546 ], [ 22.539258838988253, 49.502673725745716 ], [ 22.539207202162338, 49.502476249682374 ], [ 22.539080978810102, 49.502360744445724 ], [ 22.538931805757453, 49.502025405117031 ], [ 22.538438387198688, 49.501850282554145 ], [ 22.537858907263391, 49.501369623788399 ], [ 22.537078617449534, 49.500266699006673 ], [ 22.536631098291583, 49.499461846314823 ], [ 22.536126204882613, 49.498560097482709 ], [ 22.535701635425077, 49.497650879358005 ], [ 22.535477875846098, 49.497255885893075 ], [ 22.535219691716517, 49.496894426815658 ], [ 22.534806597109181, 49.496529238644925 ], [ 22.534336128250821, 49.496171500651897 ], [ 22.533980407894511, 49.495858477762958 ], [ 22.533727961190021, 49.495456016821159 ], [ 22.533602431921526, 49.495268793599706 ], [ 22.533597434768943, 49.495265964670494 ], [ 22.533279007675787, 49.495113177112259 ], [ 22.533049510671706, 49.494915670537516 ], [ 22.532976358501664, 49.494835549718736 ], [ 22.53299357077697, 49.494965978891734 ], [ 22.533228805206143, 49.495290187044553 ], [ 22.53335502855839, 49.495521230624504 ], [ 22.533670586938992, 49.496072749599662 ], [ 22.534146793222448, 49.496471479041944 ], [ 22.534645949206315, 49.497008081761884 ], [ 22.534967245012027, 49.497444067139668 ], [ 22.535707372850172, 49.499076183042241 ], [ 22.535931132429145, 49.49931838738496 ], [ 22.536218003684244, 49.499769256891646 ], [ 22.536407338712607, 49.500197765382545 ], [ 22.536585198890762, 49.500458594800747 ], [ 22.536654047991984, 49.500693340088439 ], [ 22.537399913255232, 49.501568967338052 ], [ 22.537744158761349, 49.502004912083684 ], [ 22.53805397971685, 49.502239649953388 ], [ 22.53828921414603, 49.502343977534004 ], [ 22.539195727312123, 49.503335078455805 ], [ 22.539387777261652, 49.503628395751726 ], [ 22.539683408445793, 49.503657368226889 ], [ 22.539993229401293, 49.503772870402734 ], [ 22.540394849158421, 49.503806403241427 ], [ 22.54068172041352, 49.503877194714306 ], [ 22.540911217417598, 49.503854839523413 ], [ 22.54155693412276, 49.503932016076647 ], [ 22.541169745606297, 49.503637118393613 ] ] ] ] } },
{ "type": "Feature", "properties": { "fid": 193, "cadastral_number": null, "house_number": "48", "owner_uk": "Гриць Паньків", "type": null, "locality_uk": "Ліщовате", "owner_pl": "Hryć Pańków", "locality_pl": "Leszczowate" }, "geometry": { "type": "MultiPolygon", "coordinates": [ [ [ [ 22.544165586421375, 49.508156905611663 ], [ 22.543950618365326, 49.507649486888049 ], [ 22.543431381393599, 49.506775831272897 ], [ 22.542932225409739, 49.506159233377353 ], [ 22.542496181101988, 49.505686068393253 ], [ 22.54187701332836, 49.506046255143147 ], [ 22.542012803037167, 49.506200215956049 ], [ 22.542213612915727, 49.506468464713386 ], [ 22.542724243749795, 49.506896914539041 ], [ 22.542959478178975, 49.507381244606371 ], [ 22.542982427879387, 49.507507914756054 ], [ 22.543097176381423, 49.507608505523635 ], [ 22.543160288057543, 49.507623407841983 ], [ 22.543229944187509, 49.507918498653638 ], [ 22.543343444020547, 49.508018350593495 ], [ 22.543445959998778, 49.508260847313217 ], [ 22.544117003693287, 49.50816361381716 ], [ 22.544165586421375, 49.508156905611663 ] ] ] ] } },
{ "type": "Feature", "properties": { "fid": 194, "cadastral_number": null, "house_number": "46", "owner_uk": "Михайло Мельничок", "type": null, "locality_uk": "Ліщовате", "owner_pl": "Michał Mielniczek", "locality_pl": "Leszczowate" }, "geometry": { "type": "MultiPolygon", "coordinates": [ [ [ [ 22.542909384836676, 49.505204542497964 ], [ 22.542372826462302, 49.505408500977772 ], [ 22.541617584708767, 49.505758811089073 ], [ 22.541651345255744, 49.505790388625634 ], [ 22.54187701332836, 49.506046255143147 ], [ 22.542496181101988, 49.505686068393253 ], [ 22.542932225409739, 49.506159233377353 ], [ 22.543431381393599, 49.506775831272897 ], [ 22.543950618365326, 49.507649486888049 ], [ 22.544165586421375, 49.508156905611663 ], [ 22.544616159677144, 49.508094691317815 ], [ 22.544834002536572, 49.50806255849789 ], [ 22.544521312868547, 49.507326757713223 ], [ 22.544418039216723, 49.507259696838275 ], [ 22.544194279637754, 49.506950470503511 ], [ 22.543999207184306, 49.506495941499686 ], [ 22.54387298383207, 49.506119647899823 ], [ 22.543804134730852, 49.506056311068747 ], [ 22.542909384836676, 49.505204542497964 ] ] ] ] } },
{ "type": "Feature", "properties": { "fid": 195, "cadastral_number": null, "house_number": "48", "owner_uk": "Гриць Паньків", "type": null, "locality_uk": "Ліщовате", "owner_pl": "Hryć Pańków", "locality_pl": "Leszczowate" }, "geometry": { "type": "MultiPolygon", "coordinates": [ [ [ [ 22.542708829560016, 49.50501362134505 ], [ 22.542197834996703, 49.505134657756244 ], [ 22.541290075494754, 49.505452479139329 ], [ 22.541617584708767, 49.505758811089073 ], [ 22.542372826462302, 49.505408500977772 ], [ 22.542909384836676, 49.505204542497964 ], [ 22.542708829560016, 49.50501362134505 ] ] ] ] } },
{ "type": "Feature", "properties": { "fid": 196, "cadastral_number": null, "house_number": "46", "owner_uk": "Михайло Мельничок", "type": null, "locality_uk": "Ліщовате", "owner_pl": "Michał Mielniczek", "locality_pl": "Leszczowate" }, "geometry": { "type": "MultiPolygon", "coordinates": [ [ [ [ 22.542478473520077, 49.504779654209763 ], [ 22.541895185822579, 49.504912974025714 ], [ 22.541017564675769, 49.50519792920457 ], [ 22.54102596591963, 49.505205447307453 ], [ 22.541290075494754, 49.505452479139329 ], [ 22.542197834996703, 49.505134657756244 ], [ 22.542708829560016, 49.50501362134505 ], [ 22.542708286536449, 49.505013104406842 ], [ 22.542478473520077, 49.504779654209763 ] ] ] ] } },
{ "type": "Feature", "properties": { "fid": 197, "cadastral_number": null, "house_number": "48", "owner_uk": "Гриць Паньків", "type": null, "locality_uk": "Ліщовате", "owner_pl": "Hryć Pańków", "locality_pl": "Leszczowate" }, "geometry": { "type": "MultiPolygon", "coordinates": [ [ [ [ 22.542245324643694, 49.504542815357027 ], [ 22.54162265813023, 49.504652168350937 ], [ 22.54071218916518, 49.504924654848381 ], [ 22.541017564675769, 49.50519792920457 ], [ 22.541895185822579, 49.504912974025714 ], [ 22.542478473520077, 49.504779654209763 ], [ 22.542245324643694, 49.504542815357027 ] ] ] ] } },
{ "type": "Feature", "properties": { "fid": 198, "cadastral_number": null, "house_number": "46", "owner_uk": "Михайло Мельничок", "type": null, "locality_uk": "Ліщовате", "owner_pl": "Michał Mielniczek", "locality_pl": "Leszczowate" }, "geometry": { "type": "MultiPolygon", "coordinates": [ [ [ [ 22.54055549706128, 49.504784434259868 ], [ 22.540584184186791, 49.504629813514093 ], [ 22.540303050356798, 49.504331748047257 ], [ 22.539993229401293, 49.503772870402734 ], [ 22.539683408445793, 49.503657368226889 ], [ 22.539387777261652, 49.503628395751726 ], [ 22.539505548267623, 49.503808266176364 ], [ 22.539884218324353, 49.504188303394258 ], [ 22.540492385385161, 49.504776982668865 ], [ 22.54055549706128, 49.504784434259868 ] ] ] ] } },
{ "type": "Feature", "properties": { "fid": 199, "cadastral_number": null, "house_number": "46", "owner_uk": "Михайло Мельничок", "type": null, "locality_uk": "Ліщовате", "owner_pl": "Michał Mielniczek", "locality_pl": "Leszczowate" }, "geometry": { "type": "MultiPolygon", "coordinates": [ [ [ [ 22.542032918685688, 49.504327047714533 ], [ 22.54141611082656, 49.504413716231646 ], [ 22.540536137816684, 49.504578873491198 ], [ 22.540584184186791, 49.504629813514093 ], [ 22.54055549706128, 49.504784434259868 ], [ 22.54071218916518, 49.504924654848381 ], [ 22.54162265813023, 49.504652168350937 ], [ 22.542245324643694, 49.504542815357027 ], [ 22.542032918685688, 49.504327047714533 ] ] ] ] } },
{ "type": "Feature", "properties": { "fid": 200, "cadastral_number": null, "house_number": "48", "owner_uk": "Гриць Паньків", "type": null, "locality_uk": "Ліщовате", "owner_pl": "Hryć Pańków", "locality_pl": "Leszczowate" }, "geometry": { "type": "MultiPolygon", "coordinates": [ [ [ [ 22.541840639813824, 49.504148097255197 ], [ 22.54110628987106, 49.504138004520073 ], [ 22.540168417643237, 49.504088887735534 ], [ 22.540303050356798, 49.504331748047257 ], [ 22.540536137816684, 49.504578873491198 ], [ 22.54141611082656, 49.504413716231646 ], [ 22.542032918685688, 49.504327047714533 ], [ 22.54190504702223, 49.504197152265149 ], [ 22.541840639813824, 49.504148097255197 ] ] ] ] } },
{ "type": "Feature", "properties": { "fid": 201, "cadastral_number": null, "house_number": "46", "owner_uk": "Михайло Мельничок", "type": null, "locality_uk": "Ліщовате", "owner_pl": "Michał Mielniczek", "locality_pl": "Leszczowate" }, "geometry": { "type": "MultiPolygon", "coordinates": [ [ [ [ 22.54155693412276, 49.503932016076647 ], [ 22.540911217417598, 49.503854839523413 ], [ 22.54068172041352, 49.503877194714306 ], [ 22.540394849158421, 49.503806403241427 ], [ 22.539993229401293, 49.503772870402734 ], [ 22.540168417643237, 49.504088887735534 ], [ 22.54110628987106, 49.504138004520073 ], [ 22.541840639813824, 49.504148097255197 ], [ 22.54155693412276, 49.503932016076647 ] ] ] ] } },
{ "type": "Feature", "properties": { "fid": 202, "cadastral_number": null, "house_number": "46", "owner_uk": "Михайло Мельничок", "type": null, "locality_uk": "Ліщовате", "owner_pl": "Michał Mielniczek", "locality_pl": "Leszczowate" }, "geometry": { "type": "MultiPolygon", "coordinates": [ [ [ [ 22.533602431921526, 49.495268793599706 ], [ 22.533727961190021, 49.495456016821159 ], [ 22.533980407894511, 49.495858477762958 ], [ 22.534336128250821, 49.496171500651897 ], [ 22.534806597109181, 49.496529238644925 ], [ 22.535219691716517, 49.496894426815658 ], [ 22.535477875846098, 49.497255885893075 ], [ 22.535701635425077, 49.497650879358005 ], [ 22.536126204882613, 49.498560097482709 ], [ 22.536631098291583, 49.499461846314823 ], [ 22.537078617449534, 49.500266699006673 ], [ 22.537858907263391, 49.501369623788399 ], [ 22.538438387198688, 49.501850282554145 ], [ 22.538931805757453, 49.502025405117031 ], [ 22.539080978810102, 49.502360744445724 ], [ 22.539207202162338, 49.502476249682374 ], [ 22.539258838988253, 49.502673725745716 ], [ 22.539637509044972, 49.50303886806546 ], [ 22.539757994972117, 49.503057497702606 ], [ 22.539958804850684, 49.503288504613757 ], [ 22.54038337430822, 49.503538139888413 ], [ 22.540813681190873, 49.503582850549378 ], [ 22.541169745606297, 49.503637118393613 ], [ 22.54097558415577, 49.5034892375566 ], [ 22.54066576320028, 49.503172535555194 ], [ 22.540258406018069, 49.50298996523469 ], [ 22.539856786260955, 49.502658356175523 ], [ 22.539931372787276, 49.502527947502855 ], [ 22.53974203775892, 49.502367730657788 ], [ 22.53979080587229, 49.50233233384219 ], [ 22.53931173087631, 49.501836775735228 ], [ 22.538858474293285, 49.50144554210565 ], [ 22.53841669256046, 49.50120334829117 ], [ 22.537820000349893, 49.500331440633502 ], [ 22.537521654244618, 49.499757612587317 ], [ 22.537085609936895, 49.499098074638418 ], [ 22.536810213532021, 49.498516779585074 ], [ 22.53666104047938, 49.497998824970367 ], [ 22.536379906649405, 49.497529307417295 ], [ 22.535771739588633, 49.496601438053759 ], [ 22.535330137149717, 49.4963690021589 ], [ 22.534810900177995, 49.496029895307295 ], [ 22.534334693894532, 49.495683333130245 ], [ 22.533602431921526, 49.495268793599706 ] ] ] ] } },
{ "type": "Feature", "properties": { "fid": 217, "cadastral_number": null, "house_number": "55", "owner_uk": "Юліан Тимків", "type": null, "locality_uk": "Ліщовате", "owner_pl": "Julian Tymkow", "locality_pl": "Leszczowate" }, "geometry": { "type": "MultiPolygon", "coordinates": [ [ [ [ 22.530691849351069, 49.496267863353211 ], [ 22.530792551072256, 49.496527375432926 ], [ 22.530809763347563, 49.496832941242936 ], [ 22.531154008853672, 49.497011808148898 ], [ 22.531234332805106, 49.497205579892686 ], [ 22.531251545080412, 49.497652742527109 ], [ 22.531349081307141, 49.498248953017445 ], [ 22.531469567234279, 49.498260131894774 ], [ 22.531567103461018, 49.498666296038898 ], [ 22.531802337890191, 49.499139528908998 ], [ 22.531899874116927, 49.499363101901565 ], [ 22.532255594473238, 49.499851232719102 ], [ 22.532530990878126, 49.500153051628217 ], [ 22.532714588481387, 49.500518212758074 ], [ 22.533076046262813, 49.501166553356171 ], [ 22.533173582489546, 49.501453459959507 ], [ 22.533339967817497, 49.501613679798197 ], [ 22.533712900449121, 49.502172582105331 ], [ 22.533913710327692, 49.502586165702724 ], [ 22.53418336930747, 49.502884241803457 ], [ 22.535038245647659, 49.503890235237549 ], [ 22.535198893550508, 49.504110060678762 ], [ 22.535812798036414, 49.504788160054751 ], [ 22.536352115995992, 49.505466250032811 ], [ 22.536793897728842, 49.506121976457912 ], [ 22.537465176465762, 49.507291830185402 ], [ 22.53783237167228, 49.507832039822027 ], [ 22.538165142328189, 49.508282830883992 ], [ 22.538331527656151, 49.508439302843435 ], [ 22.53855528723513, 49.508783911941613 ], [ 22.53872740998818, 49.509119204950395 ], [ 22.538932298495205, 49.50936026133185 ], [ 22.539634640332437, 49.509091263954268 ], [ 22.539482598567226, 49.508834206039595 ], [ 22.539238758000398, 49.508463518697368 ], [ 22.538954755457848, 49.508018317624114 ], [ 22.538432649773579, 49.507455756498835 ], [ 22.537790058162159, 49.506431208029475 ], [ 22.537170416251158, 49.505563119262661 ], [ 22.536522087214642, 49.504739724696869 ], [ 22.536011456380574, 49.504233013461118 ], [ 22.535759009676084, 49.503949849014305 ], [ 22.535523775246908, 49.503644327641624 ], [ 22.53466889890673, 49.502623425314781 ], [ 22.534100893821641, 49.501870775652527 ], [ 22.533986145319599, 49.501680748412305 ], [ 22.53388860909287, 49.501397569194857 ], [ 22.533550101011851, 49.500838658035519 ], [ 22.533274704606963, 49.500298371179959 ], [ 22.533005045627171, 49.499847506548271 ], [ 22.532712436946984, 49.499523328584758 ], [ 22.532437040542085, 49.499098540416377 ], [ 22.532241968088623, 49.49878180999648 ], [ 22.532058370485355, 49.498241500431313 ], [ 22.531817398631084, 49.497112420496414 ], [ 22.531444465999456, 49.496840394043907 ], [ 22.531146119894156, 49.496165910975115 ], [ 22.530882198339469, 49.495953502780281 ], [ 22.530773187262536, 49.495882699843811 ], [ 22.530724419149159, 49.496018715920442 ], [ 22.530691849351069, 49.496267863353211 ] ] ] ] } },
{ "type": "Feature", "properties": { "fid": 218, "cadastral_number": null, "house_number": "59", "owner_uk": "Дмитро Томків", "type": null, "locality_uk": "Ліщовате", "owner_pl": "Dmytro Tomków", "locality_pl": "Leszczowate" }, "geometry": { "type": "MultiPolygon", "coordinates": [ [ [ [ 22.536946656672168, 49.509420966693447 ], [ 22.53682617074503, 49.509301752400098 ], [ 22.536602411166051, 49.508955284211005 ], [ 22.536470450388709, 49.508795088412285 ], [ 22.536108992607289, 49.508579009527182 ], [ 22.535999981530352, 49.508258614940786 ], [ 22.535426239020161, 49.507103686808001 ], [ 22.534663161481607, 49.505676754075942 ], [ 22.534152530647543, 49.505058279441435 ], [ 22.533211592930829, 49.503910727481468 ], [ 22.532964883651445, 49.503523236325634 ], [ 22.53276981119798, 49.50343008895566 ], [ 22.53242556569187, 49.502960623512017 ], [ 22.532110007311264, 49.502498605503092 ], [ 22.531914934857802, 49.502029131122178 ], [ 22.531765761805154, 49.501980693032877 ], [ 22.531673963003517, 49.501567104317814 ], [ 22.53154773965128, 49.501384528007073 ], [ 22.531410041448837, 49.501250389875288 ], [ 22.531163332169449, 49.500602050387975 ], [ 22.531042846242304, 49.500572241469357 ], [ 22.530985471991293, 49.500277877423024 ], [ 22.530899410614765, 49.500240616025081 ], [ 22.530853511213948, 49.500058034765026 ], [ 22.530609670647117, 49.499834464947369 ], [ 22.530305587116718, 49.499204737804007 ], [ 22.530116252088359, 49.498824661878928 ], [ 22.530035928136929, 49.49867561169075 ], [ 22.529881017659179, 49.498623444017618 ], [ 22.529760531732041, 49.498507929686404 ], [ 22.529714632331217, 49.49838496251806 ], [ 22.529599166651042, 49.49837378366928 ], [ 22.529657975258338, 49.498812551568086 ], [ 22.529850178999258, 49.499282056809804 ], [ 22.530015847149073, 49.499592263158931 ], [ 22.530245344153148, 49.499774846156818 ], [ 22.530222394452739, 49.500087843996873 ], [ 22.530497790857627, 49.500426922731094 ], [ 22.530661307473039, 49.500557337003244 ], [ 22.530661307473039, 49.500747368606163 ], [ 22.530753106274666, 49.500762273014416 ], [ 22.530833430226096, 49.501093894923457 ], [ 22.531091614355685, 49.501265294130292 ], [ 22.531257999683636, 49.501731049812264 ], [ 22.531412910161386, 49.501976967024007 ], [ 22.531527658663425, 49.501980693032863 ], [ 22.53164240716546, 49.502319758651019 ], [ 22.531900591295042, 49.502763148606547 ], [ 22.532416959554222, 49.50350460686581 ], [ 22.532623506857892, 49.503541865778338 ], [ 22.533495595473379, 49.504771393974693 ], [ 22.533948852056426, 49.50536006623377 ], [ 22.534442270615184, 49.506168547602712 ], [ 22.534815203246811, 49.506719946587452 ], [ 22.534981588574762, 49.507085058711461 ], [ 22.535360258631496, 49.507770567991734 ], [ 22.535584018210471, 49.508396459380492 ], [ 22.535922526291479, 49.508739206033496 ], [ 22.53612430544641, 49.508917008880857 ], [ 22.536182886005399, 49.509033500413146 ], [ 22.536340461851836, 49.509314791477749 ], [ 22.53656365963883, 49.509644482070243 ], [ 22.536706449751364, 49.509832292019013 ], [ 22.536914921540134, 49.510173965888107 ], [ 22.537300083457154, 49.510014133819134 ], [ 22.537064273886756, 49.509622140154676 ], [ 22.536946656672168, 49.509420966693447 ] ] ] ] } },
{ "type": "Feature", "properties": { "fid": 219, "cadastral_number": null, "house_number": "58", "owner_uk": "Гриць Кавчак", "type": null, "locality_uk": "Ліщовате", "owner_pl": "Hryć Kawczak", "locality_pl": "Leszczowate" }, "geometry": { "type": "MultiPolygon", "coordinates": [ [ [ [ 22.538090651993482, 49.509695365894039 ], [ 22.537620086943502, 49.508919892161074 ], [ 22.537327478263311, 49.508379694536956 ], [ 22.53697175790699, 49.508003415425911 ], [ 22.536730786052711, 49.507709096084213 ], [ 22.536587350425172, 49.507504189167918 ], [ 22.536426702522313, 49.507083195901416 ], [ 22.536065244740893, 49.50632316348554 ], [ 22.535675099833963, 49.505753131425188 ], [ 22.534957921696229, 49.504851498527543 ], [ 22.534166157032164, 49.503968478304422 ], [ 22.533535040270952, 49.5032531084642 ], [ 22.533076046262803, 49.502608521473277 ], [ 22.532794912432813, 49.502131596153063 ], [ 22.532536728303224, 49.501781351160659 ], [ 22.532462141776897, 49.501494446479825 ], [ 22.532301493874048, 49.501319322016705 ], [ 22.532209695072417, 49.501110662263656 ], [ 22.531871186991406, 49.500577830642982 ], [ 22.531750701064269, 49.500268562076201 ], [ 22.531429405258557, 49.499691007109725 ], [ 22.531148271428567, 49.499348197067178 ], [ 22.53086713759857, 49.498763178731309 ], [ 22.530591741193689, 49.498289942221817 ], [ 22.530488467541854, 49.498114806290417 ], [ 22.530368698792845, 49.497598710592477 ], [ 22.530053140412239, 49.497691869063232 ], [ 22.530150676638968, 49.497874459151532 ], [ 22.52984085568346, 49.497975069725399 ], [ 22.529858067958767, 49.498176290252623 ], [ 22.529726107181428, 49.498247089870979 ], [ 22.529714632331217, 49.49838496251806 ], [ 22.529760531732041, 49.498507929686404 ], [ 22.529881017659179, 49.498623444017618 ], [ 22.530035928136929, 49.49867561169075 ], [ 22.530116252088359, 49.498824661878928 ], [ 22.530305587116718, 49.499204737804007 ], [ 22.530609670647117, 49.499834464947369 ], [ 22.530853511213948, 49.500058034765026 ], [ 22.530899410614765, 49.500240616025081 ], [ 22.530985471991293, 49.500277877423024 ], [ 22.531042846242304, 49.500572241469357 ], [ 22.531163332169449, 49.500602050387975 ], [ 22.531410041448837, 49.501250389875288 ], [ 22.53154773965128, 49.501384528007073 ], [ 22.531673963003517, 49.501567104317814 ], [ 22.531765761805154, 49.501980693032877 ], [ 22.531914934857802, 49.502029131122178 ], [ 22.532110007311264, 49.502498605503092 ], [ 22.53242556569187, 49.502960623512017 ], [ 22.53276981119798, 49.50343008895566 ], [ 22.532964883651445, 49.503523236325634 ], [ 22.533211592930829, 49.503910727481468 ], [ 22.534152530647543, 49.505058279441435 ], [ 22.534663161481607, 49.505676754075942 ], [ 22.535426239020161, 49.507103686808001 ], [ 22.535999981530352, 49.508258614940786 ], [ 22.536108992607289, 49.508579009527182 ], [ 22.536470450388709, 49.508795088412285 ], [ 22.536602411166051, 49.508955284211005 ], [ 22.53682617074503, 49.509301752400098 ], [ 22.536946656672168, 49.509420966693447 ], [ 22.537064273886756, 49.509622140154676 ], [ 22.537300083457154, 49.510014133819134 ], [ 22.53751753046981, 49.509923898795314 ], [ 22.538090651993482, 49.509695365894039 ] ] ] ] } },
{ "type": "Feature", "properties": { "fid": 220, "cadastral_number": null, "house_number": "57", "owner_uk": "Микола Кавчак", "type": null, "locality_uk": "Ліщовате", "owner_pl": "Mikołaj Kawczak", "locality_pl": "Leszczowate" }, "geometry": { "type": "MultiPolygon", "coordinates": [ [ [ [ 22.538499685248436, 49.509532262735618 ], [ 22.53838316448207, 49.509344595070203 ], [ 22.538245466279619, 49.509154596856121 ], [ 22.53809916193952, 49.508824892321506 ], [ 22.537840977809942, 49.50845234215079 ], [ 22.537496732303822, 49.508046259233062 ], [ 22.536957414344243, 49.507185650348482 ], [ 22.536027951477738, 49.505635771058877 ], [ 22.535121438311638, 49.504462151912378 ], [ 22.534123126343907, 49.503377926351014 ], [ 22.533469059882293, 49.502524687281046 ], [ 22.533222350602912, 49.502185623082944 ], [ 22.533325624254744, 49.502178171096155 ], [ 22.533193663477405, 49.501872638660856 ], [ 22.532935479347817, 49.501697515551243 ], [ 22.532637133242517, 49.501026825505143 ], [ 22.53207486558253, 49.500002142406345 ], [ 22.531529810197849, 49.4993426077531 ], [ 22.531288838343571, 49.498880555582431 ], [ 22.53119703954194, 49.498560097482624 ], [ 22.530904430861742, 49.498071953786202 ], [ 22.530910168286841, 49.497811111647046 ], [ 22.530841319185619, 49.497803658994066 ], [ 22.530818369485214, 49.497149684276096 ], [ 22.530414598193659, 49.496954049115331 ], [ 22.530523609270595, 49.497248433155498 ], [ 22.530500659570187, 49.497349045016378 ], [ 22.53017362633938, 49.497352771377621 ], [ 22.530368698792845, 49.497598710592477 ], [ 22.530488467541854, 49.498114806290417 ], [ 22.530591741193689, 49.498289942221817 ], [ 22.53086713759857, 49.498763178731309 ], [ 22.531148271428567, 49.499348197067178 ], [ 22.531429405258557, 49.499691007109725 ], [ 22.531750701064269, 49.500268562076201 ], [ 22.531871186991406, 49.500577830642982 ], [ 22.532209695072417, 49.501110662263656 ], [ 22.532301493874048, 49.501319322016705 ], [ 22.532462141776897, 49.501494446479825 ], [ 22.532536728303224, 49.501781351160659 ], [ 22.532794912432813, 49.502131596153063 ], [ 22.533076046262803, 49.502608521473277 ], [ 22.533535040270952, 49.5032531084642 ], [ 22.534166157032164, 49.503968478304422 ], [ 22.534957921696229, 49.504851498527543 ], [ 22.535675099833963, 49.505753131425188 ], [ 22.536065244740893, 49.50632316348554 ], [ 22.536426702522313, 49.507083195901416 ], [ 22.536587350425172, 49.507504189167918 ], [ 22.536730786052711, 49.507709096084213 ], [ 22.53697175790699, 49.508003415425911 ], [ 22.537327478263311, 49.508379694536956 ], [ 22.537620086943502, 49.508919892161074 ], [ 22.538090651993482, 49.509695365894039 ], [ 22.538499685248436, 49.509532262735618 ] ] ] ] } },
{ "type": "Feature", "properties": { "fid": 221, "cadastral_number": null, "house_number": "56", "owner_uk": "Тимко Сухар", "type": null, "locality_uk": "Ліщовате", "owner_pl": "Tymko Suchar", "locality_pl": "Leszczowate" }, "geometry": { "type": "MultiPolygon", "coordinates": [ [ [ [ 22.538932298495205, 49.50936026133185 ], [ 22.53872740998818, 49.509119204950395 ], [ 22.53855528723513, 49.508783911941613 ], [ 22.538331527656151, 49.508439302843435 ], [ 22.538165142328189, 49.508282830883992 ], [ 22.53783237167228, 49.507832039822027 ], [ 22.537465176465762, 49.507291830185402 ], [ 22.536793897728842, 49.506121976457912 ], [ 22.536352115995992, 49.505466250032811 ], [ 22.535812798036414, 49.504788160054751 ], [ 22.535198893550508, 49.504110060678762 ], [ 22.535038245647659, 49.503890235237549 ], [ 22.53418336930747, 49.502884241803457 ], [ 22.533913710327692, 49.502586165702724 ], [ 22.533712900449121, 49.502172582105331 ], [ 22.533339967817497, 49.501613679798197 ], [ 22.533173582489546, 49.501453459959507 ], [ 22.533076046262813, 49.501166553356171 ], [ 22.532714588481387, 49.500518212758074 ], [ 22.532530990878126, 49.500153051628217 ], [ 22.532255594473238, 49.499851232719102 ], [ 22.531899874116927, 49.499363101901565 ], [ 22.531802337890191, 49.499139528908998 ], [ 22.531567103461018, 49.498666296038898 ], [ 22.531469567234279, 49.498260131894774 ], [ 22.531349081307141, 49.498248953017445 ], [ 22.531251545080412, 49.497652742527109 ], [ 22.531234332805106, 49.497205579892686 ], [ 22.531154008853672, 49.497011808148898 ], [ 22.530809763347563, 49.496832941242936 ], [ 22.530792551072256, 49.496527375432926 ], [ 22.530691849351069, 49.496267863353211 ], [ 22.530672782323244, 49.496413719370501 ], [ 22.530546558970997, 49.496503153671277 ], [ 22.530598195796916, 49.496667116131576 ], [ 22.530414598193659, 49.496954049115331 ], [ 22.530818369485214, 49.497149684276096 ], [ 22.530841319185619, 49.497803658994066 ], [ 22.530910168286841, 49.497811111647046 ], [ 22.530904430861742, 49.498071953786202 ], [ 22.53119703954194, 49.498560097482624 ], [ 22.531288838343571, 49.498880555582431 ], [ 22.531529810197849, 49.4993426077531 ], [ 22.53207486558253, 49.500002142406345 ], [ 22.532637133242517, 49.501026825505143 ], [ 22.532935479347817, 49.501697515551243 ], [ 22.533193663477405, 49.501872638660856 ], [ 22.533325624254744, 49.502178171096155 ], [ 22.533222350602912, 49.502185623082944 ], [ 22.533469059882293, 49.502524687281046 ], [ 22.534123126343907, 49.503377926351014 ], [ 22.535121438311638, 49.504462151912378 ], [ 22.536027951477738, 49.505635771058877 ], [ 22.536957414344243, 49.507185650348482 ], [ 22.537496732303822, 49.508046259233062 ], [ 22.537840977809942, 49.50845234215079 ], [ 22.53809916193952, 49.508824892321506 ], [ 22.538245466279619, 49.509154596856121 ], [ 22.53838316448207, 49.509344595070203 ], [ 22.538499685248436, 49.509532262735618 ], [ 22.538900249919362, 49.509372535921813 ], [ 22.538932298495205, 49.50936026133185 ] ] ] ] } },
{ "type": "Feature", "properties": { "fid": 222, "cadastral_number": null, "house_number": "30", "owner_uk": "громада (школа)", "type": null, "locality_uk": "Ліщовате", "owner_pl": "gromada (szkoła)", "locality_pl": "Leszczowate" }, "geometry": { "type": "MultiPolygon", "coordinates": [ [ [ [ 22.559255917002762, 49.510685737945344 ], [ 22.558223180484418, 49.509709687606296 ], [ 22.557936309229326, 49.509292438771205 ], [ 22.557546164322389, 49.508938519558974 ], [ 22.55724208079199, 49.508491460052042 ], [ 22.557018321213018, 49.507802235307899 ], [ 22.556788824208951, 49.506908091440621 ], [ 22.556863410735271, 49.506904365806975 ], [ 22.556731449957933, 49.506598862883443 ], [ 22.556352779901204, 49.506174136137119 ], [ 22.555985584694675, 49.505622731000813 ], [ 22.555291356257346, 49.505019158795022 ], [ 22.554981535301849, 49.504579515093866 ], [ 22.554849574524507, 49.504288900987071 ], [ 22.55450532901839, 49.503845524857482 ], [ 22.55414387123697, 49.503305271201896 ], [ 22.55345591301586, 49.503646071178409 ], [ 22.553697557821685, 49.503983694493861 ], [ 22.554122266874352, 49.504616137533539 ], [ 22.554503040507779, 49.504987040174825 ], [ 22.554883814141199, 49.505357940004401 ], [ 22.555345136043236, 49.505790652918542 ], [ 22.555630716268308, 49.506052180846297 ], [ 22.555813780515145, 49.506508662606919 ], [ 22.55593826420299, 49.50655621254537 ], [ 22.555952909342746, 49.506969895059953 ], [ 22.556157941299201, 49.507597544609155 ], [ 22.556319037836417, 49.507949405227912 ], [ 22.556626585771099, 49.508477191411018 ], [ 22.556926811135924, 49.508962179099584 ], [ 22.557461358736692, 49.509651614106602 ], [ 22.557724971252142, 49.510041497188759 ], [ 22.558127712595187, 49.51022692829595 ], [ 22.55873548589469, 49.510688125693832 ], [ 22.559409162323057, 49.511220636868103 ], [ 22.560241726323458, 49.512400848571303 ], [ 22.560708919909828, 49.512182372727629 ], [ 22.559904246039274, 49.51122218480009 ], [ 22.559255917002762, 49.510685737945344 ] ] ] ] } },
{ "type": "Feature", "properties": { "fid": 223, "cadastral_number": null, "house_number": "1", "owner_uk": "Едмунд Країнський", "type": "building", "locality_uk": "Ліщовате", "owner_pl": "Edmund Kraiński", "locality_pl": "Leszczowate" }, "geometry": { "type": "MultiPolygon", "coordinates": [ [ [ [ 22.553828312856361, 49.50048840378841 ], [ 22.553745120192385, 49.50036171546467 ], [ 22.554057809860442, 49.500302097316478 ], [ 22.554135265099319, 49.500419470476452 ], [ 22.553828312856361, 49.50048840378841 ] ] ] ] } },
{ "type": "Feature", "properties": { "fid": 224, "cadastral_number": null, "house_number": "1", "owner_uk": "Едмунд Країнський", "type": "yard", "locality_uk": "Ліщовате", "owner_pl": "Edmund Kraiński", "locality_pl": "Leszczowate" }, "geometry": { "type": "MultiPolygon", "coordinates": [ [ [ [ 22.554676448860565, 49.500181541102663 ], [ 22.554709007609514, 49.500241547560371 ], [ 22.554622946232982, 49.500266699006623 ], [ 22.554702625379758, 49.500403869896282 ], [ 22.554759210079155, 49.500386866849148 ], [ 22.554840968386859, 49.500515418167943 ], [ 22.554745810296268, 49.500542952624855 ], [ 22.55477211928563, 49.50058341981596 ], [ 22.555222507156127, 49.500456731738211 ], [ 22.555107758654088, 49.500266699006623 ], [ 22.555028869058944, 49.500149325480194 ], [ 22.555187513695369, 49.50010884894165 ], [ 22.555156526767458, 49.50005989784254 ], [ 22.554676448860565, 49.500181541102663 ] ] ] ] } },
{ "type": "Feature", "properties": { "fid": 225, "cadastral_number": null, "house_number": "1", "owner_uk": "Едмунд Країнський", "type": "building", "locality_uk": "Ліщовате", "owner_pl": "Edmund Kraiński", "locality_pl": "Leszczowate" }, "geometry": { "type": "MultiPolygon", "coordinates": [ [ [ [ 22.555228244581226, 49.499892220581437 ], [ 22.555277012694596, 49.499957428473465 ], [ 22.555497903561019, 49.499881042076936 ], [ 22.555520853261424, 49.499916440665771 ], [ 22.555606914637956, 49.499884768245387 ], [ 22.555581096224994, 49.499849369633651 ], [ 22.555744612840396, 49.499795340124244 ], [ 22.555698713439586, 49.499735721286036 ], [ 22.555555277812037, 49.499784161597617 ], [ 22.555532328111624, 49.499758078358887 ], [ 22.555472085148057, 49.499772983068439 ], [ 22.555497903561019, 49.499799066299232 ], [ 22.555228244581226, 49.499892220581437 ] ] ] ] } },
{ "type": "Feature", "properties": { "fid": 226, "cadastral_number": null, "house_number": "1", "owner_uk": "Едмунд Країнський", "type": "building", "locality_uk": "Ліщовате", "owner_pl": "Edmund Kraiński", "locality_pl": "Leszczowate" }, "geometry": { "type": "MultiPolygon", "coordinates": [ [ [ [ 22.554745810296268, 49.500542952624855 ], [ 22.554840968386859, 49.500515418167943 ], [ 22.554759210079155, 49.500386866849148 ], [ 22.554663108208686, 49.500415744348729 ], [ 22.554745810296268, 49.500542952624855 ] ] ] ] } },
{ "type": "Feature", "properties": { "fid": 227, "cadastral_number": null, "house_number": "1", "owner_uk": "Едмунд Країнський", "type": "building", "locality_uk": "Ліщовате", "owner_pl": "Edmund Kraiński", "locality_pl": "Leszczowate" }, "geometry": { "type": "MultiPolygon", "coordinates": [ [ [ [ 22.555187513695369, 49.50010884894165 ], [ 22.555028869058944, 49.500149325480194 ], [ 22.555107758654088, 49.500266699006623 ], [ 22.555262669131839, 49.500227574529099 ], [ 22.555187513695369, 49.50010884894165 ] ] ] ] } },
{ "type": "Feature", "properties": { "fid": 228, "cadastral_number": null, "house_number": "1", "owner_uk": "Едмунд Країнський", "type": "building", "locality_uk": "Ліщовате", "owner_pl": "Edmund Kraiński", "locality_pl": "Leszczowate" }, "geometry": { "type": "MultiPolygon", "coordinates": [ [ [ [ 22.554702625379758, 49.500403869896282 ], [ 22.554622946232982, 49.500266699006623 ], [ 22.554709007609514, 49.500241547560371 ], [ 22.554676448860565, 49.500181541102663 ], [ 22.55439918665401, 49.500251794447443 ], [ 22.554525410006249, 49.500451142550759 ], [ 22.554663108208686, 49.500415744348729 ], [ 22.554702625379758, 49.500403869896282 ] ] ] ] } },
{ "type": "Feature", "properties": { "fid": 229, "cadastral_number": null, "house_number": "1", "owner_uk": "Едмунд Країнський", "type": null, "locality_uk": "Ліщовате", "owner_pl": "Edmund Kraiński", "locality_pl": "Leszczowate" }, "geometry": { "type": "MultiPolygon", "coordinates": [ [ [ [ 22.560708919909828, 49.512182372727629 ], [ 22.560241726323458, 49.512400848571303 ], [ 22.561061233669196, 49.513562551647382 ], [ 22.56655535608866, 49.511582606726463 ], [ 22.567163523149461, 49.511396342496631 ], [ 22.567080330485492, 49.51122218480009 ], [ 22.56673034755427, 49.510618681674856 ], [ 22.566059068817353, 49.509732040122024 ], [ 22.565645974210017, 49.509318516927664 ], [ 22.565336153254513, 49.508282830883992 ], [ 22.564676349367787, 49.507541445034711 ], [ 22.56367803740007, 49.506814950514617 ], [ 22.563190356266404, 49.506587685911036 ], [ 22.562599401480906, 49.506118250764416 ], [ 22.562392854177233, 49.505835097228307 ], [ 22.562438753578054, 49.505656262571698 ], [ 22.562673988007223, 49.505481153003693 ], [ 22.562823161059882, 49.505231527642373 ], [ 22.562524814954582, 49.504847772737286 ], [ 22.562278105675194, 49.504311255979651 ], [ 22.561887960768264, 49.503662957048078 ], [ 22.561601089513175, 49.503335078455606 ], [ 22.560860961675026, 49.502332799589411 ], [ 22.56065441437136, 49.502116692161898 ], [ 22.560258532039327, 49.501662118250827 ], [ 22.559851174857091, 49.50103614070764 ], [ 22.559765113480562, 49.500913179892109 ], [ 22.558606153609972, 49.501337952308525 ], [ 22.557866025771833, 49.501636036013061 ], [ 22.55713163535879, 49.501844693525832 ], [ 22.55584645213596, 49.502466934754004 ], [ 22.554343246759267, 49.503197219754959 ], [ 22.55414387123697, 49.503305271201889 ], [ 22.55414387123697, 49.503305271201896 ], [ 22.55450532901839, 49.503845524857482 ], [ 22.554849574524507, 49.504288900987071 ], [ 22.554981535301849, 49.504579515093866 ], [ 22.555291356257346, 49.505019158795022 ], [ 22.555985584694675, 49.505622731000813 ], [ 22.556352779901204, 49.506174136137119 ], [ 22.556731449957933, 49.506598862883443 ], [ 22.556863410735271, 49.506904365806975 ], [ 22.556788824208951, 49.506908091440621 ], [ 22.557018321213018, 49.507802235307899 ], [ 22.55724208079199, 49.508491460052042 ], [ 22.557546164322389, 49.508938519558974 ], [ 22.557936309229326, 49.509292438771205 ], [ 22.558223180484418, 49.509709687606296 ], [ 22.559255917002762, 49.510685737945344 ], [ 22.559904246039274, 49.51122218480009 ], [ 22.560708919909828, 49.512182372727629 ] ] ] ] } },
{ "type": "Feature", "properties": { "fid": 230, "cadastral_number": null, "house_number": "1", "owner_uk": "Едмунд Країнський", "type": null, "locality_uk": "Ліщовате", "owner_pl": "Edmund Kraiński", "locality_pl": "Leszczowate" }, "geometry": { "type": "MultiPolygon", "coordinates": [ [ [ [ 22.555493600492191, 49.50251350937792 ], [ 22.55637716395788, 49.502085021165612 ], [ 22.556968118743377, 49.501801844287769 ], [ 22.557117291796025, 49.501742227894134 ], [ 22.558327888492531, 49.501313732927763 ], [ 22.559297513334752, 49.500956029908352 ], [ 22.559724951504847, 49.500806986211863 ], [ 22.559621677853016, 49.500687750927824 ], [ 22.559455292525062, 49.500605776501509 ], [ 22.559283169772005, 49.500385935316622 ], [ 22.559099572168741, 49.500154914702129 ], [ 22.558594678759775, 49.499681691651176 ], [ 22.558491405107944, 49.499592263158924 ], [ 22.558548760362878, 49.499570631327849 ], [ 22.558491405107944, 49.499592263158917 ], [ 22.558304938792123, 49.499410611030918 ], [ 22.558006592686823, 49.49924293154502 ], [ 22.557759883407442, 49.498888939632472 ], [ 22.557599235504583, 49.498806962192823 ], [ 22.557300889399293, 49.498318820958808 ], [ 22.556795995990317, 49.4976108212037 ], [ 22.556675510063187, 49.49740587199453 ], [ 22.556555024136046, 49.497141299928103 ], [ 22.555975544200749, 49.496425830274958 ], [ 22.555602611569132, 49.495993562290906 ], [ 22.555252628637913, 49.49581841814156 ], [ 22.55500018193343, 49.495602281944358 ], [ 22.554799372054863, 49.49532279406732 ], [ 22.554529713075073, 49.494912875627364 ], [ 22.554455126548742, 49.494767540083323 ], [ 22.553996132540593, 49.494707915119918 ], [ 22.553680574159987, 49.494547672670805 ], [ 22.553405177755096, 49.494342710634037 ], [ 22.553256004702448, 49.494178740386637 ], [ 22.55283717267001, 49.493847071616031 ], [ 22.552504402014101, 49.49341105419488 ], [ 22.552068357706361, 49.493019753202269 ], [ 22.55178722387636, 49.492874412036862 ], [ 22.551391341544331, 49.492341490738028 ], [ 22.551345442143521, 49.492125339186686 ], [ 22.551150369690056, 49.491760115431028 ], [ 22.550852023584756, 49.491398615764908 ], [ 22.550421716702115, 49.491830924331296 ], [ 22.549819287066409, 49.491659492080743 ], [ 22.54934881820806, 49.491413523020405 ], [ 22.54941192988418, 49.491719120757729 ], [ 22.549497991260708, 49.491830924331296 ], [ 22.549492253835609, 49.492061984240756 ], [ 22.549572577787028, 49.492188694050618 ], [ 22.549526678386218, 49.492412298797291 ], [ 22.549847974191927, 49.493030933274056 ], [ 22.549842236766818, 49.493153913894993 ], [ 22.548924248750517, 49.493228447454293 ], [ 22.548321819114818, 49.493370060904269 ], [ 22.547679227503405, 49.493832165101637 ], [ 22.547134172118724, 49.494189920193691 ], [ 22.547203021219943, 49.494573758686656 ], [ 22.547122697268517, 49.494644563516701 ], [ 22.54662354128466, 49.494722821367574 ], [ 22.546267820928339, 49.494748907290059 ], [ 22.546393294372816, 49.495064426129197 ], [ 22.54639329437282, 49.495064426129197 ], [ 22.546861938844728, 49.495758813021723 ], [ 22.54738184130575, 49.496429410189833 ], [ 22.547513647563473, 49.496443678114865 ], [ 22.547520970133355, 49.496500749773368 ], [ 22.547843163207791, 49.497275966543 ], [ 22.548407001088055, 49.498170066341352 ], [ 22.548487549356661, 49.498464925459018 ], [ 22.548699903882991, 49.498888187861112 ], [ 22.549066032376668, 49.499349492152625 ], [ 22.549424838300475, 49.49983932596993 ], [ 22.550120482438462, 49.500443289072464 ], [ 22.550676997748845, 49.500933111941144 ], [ 22.551013835963033, 49.501251731951896 ], [ 22.551401932166328, 49.501556083457601 ], [ 22.552309930830646, 49.502202824121923 ], [ 22.552818849436861, 49.502678363274583 ], [ 22.553022050750904, 49.502920886463237 ], [ 22.553413808239142, 49.502809135731681 ], [ 22.553487033937881, 49.502870955316851 ], [ 22.553489810859602, 49.502873553367976 ], [ 22.553620525976584, 49.502995848697473 ], [ 22.553919065560418, 49.503275158371949 ], [ 22.555493600492191, 49.50251350937792 ] ], [ [ 22.554793654999678, 49.500895364843799 ], [ 22.55463988103234, 49.500617164863598 ], [ 22.553852704770929, 49.500876342673308 ], [ 22.553395044153834, 49.500360363478052 ], [ 22.552911754542176, 49.499701709319034 ], [ 22.554068720582205, 49.499292721047603 ], [ 22.555298912320954, 49.498881351489374 ], [ 22.556144669141354, 49.500210562047442 ], [ 22.556071443442615, 49.500236717885834 ], [ 22.556137346571472, 49.500322318713721 ], [ 22.556184943275657, 49.500396030417726 ], [ 22.556034830593244, 49.500407919391861 ], [ 22.55550028299248, 49.500522053396452 ], [ 22.555211041482469, 49.500652831616108 ], [ 22.555251315616779, 49.500759831717673 ], [ 22.554844912988795, 49.500923898085674 ], [ 22.554793654999678, 49.500895364843799 ] ] ], [ [ [ 22.553125602021957, 49.503026273529436 ], [ 22.553022050750904, 49.502920886463237 ], [ 22.553226820369794, 49.503129286313495 ], [ 22.553125602021957, 49.503026273529436 ] ] ], [ [ [ 22.553267356841669, 49.503170541430897 ], [ 22.553261791066451, 49.503164876983561 ], [ 22.553226820369794, 49.503129286313495 ], [ 22.553267356841669, 49.503170541430897 ] ] ] ] } },
{ "type": "Feature", "properties": { "fid": 231, "cadastral_number": null, "house_number": "63", "owner_uk": "Юстина Крутей", "type": null, "locality_uk": "Ліщовате", "owner_pl": "Justina Krutey", "locality_pl": "Leszczowate" }, "geometry": { "type": "MultiPolygon", "coordinates": [ [ [ [ 22.533877551811663, 49.50774347417682 ], [ 22.533616798578656, 49.507562867145296 ], [ 22.53331845247336, 49.507343057217334 ], [ 22.533094692894387, 49.507182856139167 ], [ 22.533066005768877, 49.507004026409021 ], [ 22.532819296489489, 49.506594205811936 ], [ 22.532681598287045, 49.506691072808344 ], [ 22.532383252181749, 49.506247718447163 ], [ 22.53199884469992, 49.505673959780431 ], [ 22.53184393422217, 49.505387077923814 ], [ 22.531522638416465, 49.505074113979923 ], [ 22.531402152489321, 49.504828212333862 ], [ 22.531304616262592, 49.504820760749546 ], [ 22.531172655485246, 49.504455631727389 ], [ 22.530828409979122, 49.504001079545361 ], [ 22.530788248003415, 49.50366947733874 ], [ 22.530621862675464, 49.503524167798439 ], [ 22.530466952197713, 49.503539071360898 ], [ 22.530392365671386, 49.503166480937679 ], [ 22.530180080942618, 49.502756628195137 ], [ 22.530025170464864, 49.502682109145844 ], [ 22.529864522562004, 49.502343046038582 ], [ 22.529394053703655, 49.501743159400881 ], [ 22.529164556699577, 49.501299760202656 ], [ 22.529061283047739, 49.500997948366219 ], [ 22.528935059695499, 49.500945783168774 ], [ 22.528734249816928, 49.500349605534204 ], [ 22.52866540071571, 49.500129763198444 ], [ 22.528407216586125, 49.499630456597494 ], [ 22.52816624473185, 49.499119966223567 ], [ 22.527896585752057, 49.498765973421527 ], [ 22.527781837250011, 49.498430609457536 ], [ 22.527506440845123, 49.498072885362816 ], [ 22.527363005217584, 49.497778506281904 ], [ 22.527253994140644, 49.497420777420515 ], [ 22.527176509459942, 49.496981093701208 ], [ 22.526984335160854, 49.496936348752676 ], [ 22.527099083662893, 49.497204648299586 ], [ 22.52699423346029, 49.497801815885779 ], [ 22.527150720488812, 49.497841853828589 ], [ 22.527190882464524, 49.498072885362809 ], [ 22.527317105816763, 49.498158590332025 ], [ 22.527558077671053, 49.498561029049938 ], [ 22.527466278869412, 49.498598291726786 ], [ 22.52774167527431, 49.499164680921645 ], [ 22.527948222577972, 49.499731063561235 ], [ 22.528074445930223, 49.499745968279029 ], [ 22.528280993233889, 49.50037941458843 ], [ 22.528384266885723, 49.50037941458843 ], [ 22.52855638963878, 49.500945783168746 ], [ 22.528739987242041, 49.500938330993158 ], [ 22.52885473574408, 49.501564309787568 ], [ 22.529084232748151, 49.50169099499783 ], [ 22.529095707598358, 49.501989076551745 ], [ 22.529187506399989, 49.502003980581776 ], [ 22.529267830351419, 49.50267465723465 ], [ 22.529807148310997, 49.502935473450407 ], [ 22.529898947112628, 49.503419842734125 ], [ 22.530082544715889, 49.503501812446231 ], [ 22.530139918966906, 49.503747720758582 ], [ 22.530231717768537, 49.503784979485978 ], [ 22.530312041719966, 49.504015982962542 ], [ 22.530380890821188, 49.504030886375169 ], [ 22.530380890821188, 49.504202275294368 ], [ 22.530495639323224, 49.504217178650258 ], [ 22.530610387825266, 49.504671728824682 ], [ 22.530771035728115, 49.505089017070219 ], [ 22.531103806384024, 49.505603170907172 ], [ 22.531666074044011, 49.50648988729359 ], [ 22.531987369849713, 49.506847549858875 ], [ 22.532629961461129, 49.507279721970036 ], [ 22.532916832716225, 49.507719341407487 ], [ 22.533261078222338, 49.508382488677924 ], [ 22.533524999777029, 49.508501705211472 ], [ 22.533605323728455, 49.509053077900028 ], [ 22.533811871032125, 49.509537386621389 ], [ 22.534052842886403, 49.509723657929804 ], [ 22.534247915339865, 49.510073846069488 ], [ 22.534351188991703, 49.510394228767325 ], [ 22.534514744711299, 49.511076127812416 ], [ 22.535108529105152, 49.510867348216344 ], [ 22.534842855718544, 49.510343416709127 ], [ 22.534659791471707, 49.509787122603498 ], [ 22.534388856386386, 49.509461426109809 ], [ 22.534253652764974, 49.509086607119855 ], [ 22.534121691987625, 49.509090332587313 ], [ 22.533983993785185, 49.508814647229791 ], [ 22.533961044084776, 49.508486803160693 ], [ 22.533697122530089, 49.50828189950181 ], [ 22.533536474627237, 49.508132878119916 ], [ 22.533427463550296, 49.507886991847386 ], [ 22.533347139598867, 49.507801303916558 ], [ 22.533467625526008, 49.507708164691095 ], [ 22.533748759356005, 49.507954051862441 ], [ 22.533968798289383, 49.507987787544089 ], [ 22.533897932408646, 49.507875815169228 ], [ 22.533877551811663, 49.50774347417682 ] ] ] ] } },
{ "type": "Feature", "properties": { "fid": 232, "cadastral_number": null, "house_number": "60", "owner_uk": "Ілько Волянський", "type": null, "locality_uk": "Ліщовате", "owner_pl": "Ilko Wolański", "locality_pl": "Leszczowate" }, "geometry": { "type": "MultiPolygon", "coordinates": [ [ [ [ 22.528965676997331, 49.498064161590861 ], [ 22.528843260893879, 49.498262926613698 ], [ 22.528906372569999, 49.498646733164286 ], [ 22.529089970173256, 49.499254110195281 ], [ 22.52929078005182, 49.49928764613076 ], [ 22.529468640229975, 49.499395706210976 ], [ 22.529560439031616, 49.500114858597549 ], [ 22.529795673460786, 49.500122310898554 ], [ 22.529830098011399, 49.500752026234231 ], [ 22.530162868667304, 49.501065017824061 ], [ 22.530386628246283, 49.501553131665027 ], [ 22.530707924051992, 49.501769241581506 ], [ 22.530908733930552, 49.502123212658596 ], [ 22.531075119258514, 49.502618767864682 ], [ 22.531396415064215, 49.502719368684652 ], [ 22.531574275242381, 49.503147851342007 ], [ 22.531826721946864, 49.503725365508544 ], [ 22.532067693801142, 49.503673203218682 ], [ 22.532870933315408, 49.50477977701545 ], [ 22.533232391096828, 49.505428061149175 ], [ 22.533593848878247, 49.505591993707313 ], [ 22.533639748279064, 49.505744748551209 ], [ 22.533834820732537, 49.506135947806015 ], [ 22.534121691987625, 49.506620285406733 ], [ 22.534374138692112, 49.507074813255343 ], [ 22.534638060246795, 49.50770071354539 ], [ 22.534718384198225, 49.507793852785028 ], [ 22.534787233299443, 49.507995032937494 ], [ 22.534965093477606, 49.508278173972776 ], [ 22.535102791680053, 49.508676803968406 ], [ 22.535240489882501, 49.508777392332561 ], [ 22.535421338738544, 49.509130972706608 ], [ 22.535578773990835, 49.509088180016313 ], [ 22.53563735454982, 49.509000217146514 ], [ 22.53570325767868, 49.508966933857231 ], [ 22.535842386506275, 49.508993085015 ], [ 22.536051079747676, 49.508912254118542 ], [ 22.53612430544641, 49.508917008880857 ], [ 22.535922526291479, 49.508739206033496 ], [ 22.535584018210471, 49.508396459380492 ], [ 22.535360258631496, 49.507770567991734 ], [ 22.534981588574762, 49.507085058711461 ], [ 22.534815203246811, 49.506719946587452 ], [ 22.534442270615184, 49.506168547602712 ], [ 22.533948852056426, 49.50536006623377 ], [ 22.533495595473379, 49.504771393974693 ], [ 22.532623506857892, 49.503541865778338 ], [ 22.532416959554222, 49.50350460686581 ], [ 22.531900591295042, 49.502763148606547 ], [ 22.53164240716546, 49.502319758651019 ], [ 22.531527658663425, 49.501980693032863 ], [ 22.531412910161386, 49.501976967024007 ], [ 22.531257999683636, 49.501731049812264 ], [ 22.531091614355685, 49.501265294130292 ], [ 22.530833430226096, 49.501093894923457 ], [ 22.530753106274666, 49.500762273014416 ], [ 22.530661307473039, 49.500747368606163 ], [ 22.530661307473039, 49.500557337003244 ], [ 22.530497790857627, 49.500426922731094 ], [ 22.530222394452739, 49.500087843996873 ], [ 22.530245344153148, 49.499774846156818 ], [ 22.530015847149073, 49.499592263158931 ], [ 22.529850178999258, 49.499282056809804 ], [ 22.529657975258338, 49.498812551568086 ], [ 22.529599166651042, 49.49837378366928 ], [ 22.52959916665105, 49.49837378366928 ], [ 22.529599166651042, 49.498373783669273 ], [ 22.52919898125019, 49.498158590332025 ], [ 22.528965676997331, 49.498064161590861 ] ] ] ] } },
{ "type": "Feature", "properties": { "fid": 234, "cadastral_number": null, "house_number": "61", "owner_uk": "Михайло Катинський", "type": null, "locality_uk": "Ліщовате", "owner_pl": "Michał Katyński", "locality_pl": "Leszczowate" }, "geometry": { "type": "MultiPolygon", "coordinates": [ [ [ [ 22.527385455332695, 49.497029743663077 ], [ 22.527414642043503, 49.497342523883496 ], [ 22.527569552521253, 49.49774869564331 ], [ 22.528022809104304, 49.498467872233675 ], [ 22.528200669282459, 49.498557302780689 ], [ 22.52851049023797, 49.499172133367367 ], [ 22.528619501314903, 49.49919076447668 ], [ 22.528958009395918, 49.49988383670329 ], [ 22.529256355501218, 49.500822822126167 ], [ 22.529462902804877, 49.500889891824059 ], [ 22.529635025557937, 49.501500967059435 ], [ 22.530025170464867, 49.502059870653952 ], [ 22.53034072884547, 49.502205184542888 ], [ 22.530312041719966, 49.502372853878455 ], [ 22.530575963274654, 49.502827421186851 ], [ 22.530805460278724, 49.502950377192171 ], [ 22.530977583031785, 49.503211191938256 ], [ 22.531379202788923, 49.503799882969005 ], [ 22.531757872845645, 49.504433276800775 ], [ 22.531918520748494, 49.504500341549949 ], [ 22.53201605697523, 49.504686632037618 ], [ 22.532170967452981, 49.504817034956936 ], [ 22.53265864858664, 49.505700039865786 ], [ 22.532928307566429, 49.505953388543034 ], [ 22.533197966546219, 49.506400471243722 ], [ 22.533622536003758, 49.506679895856983 ], [ 22.533794658756815, 49.507205209809449 ], [ 22.533897932408646, 49.507875815169228 ], [ 22.534242177914763, 49.508419743875884 ], [ 22.534551998870263, 49.50882954918071 ], [ 22.534569211145573, 49.508989744866604 ], [ 22.534718384198225, 49.509142489101784 ], [ 22.534824549293859, 49.509349690316782 ], [ 22.53482454929388, 49.509349690316796 ], [ 22.534824549293873, 49.509349690316789 ], [ 22.535165048792972, 49.509409124281014 ], [ 22.535230951921839, 49.509425765778062 ], [ 22.535539488713862, 49.509316710554046 ], [ 22.535539488752267, 49.509316710551808 ], [ 22.535421338738544, 49.509130972706608 ], [ 22.535240489882501, 49.508777392332561 ], [ 22.535102791680053, 49.508676803968406 ], [ 22.534965093477606, 49.508278173972776 ], [ 22.534787233299443, 49.507995032937494 ], [ 22.534718384198225, 49.507793852785028 ], [ 22.534638060246795, 49.50770071354539 ], [ 22.534374138692112, 49.507074813255343 ], [ 22.534121691987625, 49.506620285406733 ], [ 22.533834820732537, 49.506135947806015 ], [ 22.533639748279064, 49.505744748551209 ], [ 22.533593848878247, 49.505591993707313 ], [ 22.533232391096828, 49.505428061149175 ], [ 22.532870933315408, 49.50477977701545 ], [ 22.532067693801142, 49.503673203218682 ], [ 22.531826721946864, 49.503725365508544 ], [ 22.531574275242381, 49.503147851342007 ], [ 22.531396415064215, 49.502719368684652 ], [ 22.531075119258514, 49.502618767864682 ], [ 22.530908733930552, 49.502123212658596 ], [ 22.530707924051992, 49.501769241581506 ], [ 22.530386628246283, 49.501553131665027 ], [ 22.530162868667304, 49.501065017824061 ], [ 22.529830098011399, 49.500752026234231 ], [ 22.529795673460786, 49.500122310898554 ], [ 22.529560439031616, 49.500114858597549 ], [ 22.529468640229975, 49.499395706210976 ], [ 22.52929078005182, 49.49928764613076 ], [ 22.529089970173256, 49.499254110195281 ], [ 22.528906372569999, 49.498646733164286 ], [ 22.528843260893879, 49.498262926613698 ], [ 22.528965676997331, 49.498064161590861 ], [ 22.528407216586125, 49.497838127504579 ], [ 22.527592502221658, 49.497077951474608 ], [ 22.527385455332695, 49.497029743663077 ] ] ] ] } },
{ "type": "Feature", "properties": { "fid": 235, "cadastral_number": null, "house_number": "67", "owner_uk": "Андрій Волянський", "type": null, "locality_uk": "Ліщовате", "owner_pl": "Andrzej Wolański", "locality_pl": "Leszczowate" }, "geometry": { "type": "MultiPolygon", "coordinates": [ [ [ [ 22.532801167278734, 49.511678636076205 ], [ 22.53207916865135, 49.510796566857564 ], [ 22.531849671647272, 49.510051493709945 ], [ 22.531826721946864, 49.509716207091095 ], [ 22.531448051890145, 49.50912013631666 ], [ 22.531057906983214, 49.508337782402961 ], [ 22.530323516570167, 49.507138148767886 ], [ 22.530128444116706, 49.506571851862432 ], [ 22.529956321363652, 49.506124770727844 ], [ 22.529256355501218, 49.505647879681142 ], [ 22.529118657298771, 49.505208241629553 ], [ 22.529015383646939, 49.505170983985984 ], [ 22.52893505969551, 49.504828212333848 ], [ 22.528785886642861, 49.504858018659803 ], [ 22.52864818844041, 49.504075596585899 ], [ 22.528430166286544, 49.503919110669671 ], [ 22.528269518383691, 49.503539071360883 ], [ 22.527936747727782, 49.503188836443066 ], [ 22.527712461846409, 49.503058678441683 ], [ 22.527971172278381, 49.504835663917035 ], [ 22.528349842335111, 49.505811811502767 ], [ 22.52899243394652, 49.506996575156045 ], [ 22.52929078005182, 49.507913070753041 ], [ 22.529531751906099, 49.508747588394378 ], [ 22.530025170464864, 49.509358565497998 ], [ 22.530518589023622, 49.510856172219114 ], [ 22.531792297396247, 49.512033363227566 ], [ 22.532801167278734, 49.511678636076205 ] ] ] ] } },
{ "type": "Feature", "properties": { "fid": 236, "cadastral_number": null, "house_number": "66", "owner_uk": "Павло Стефанів", "type": null, "locality_uk": "Ліщовате", "owner_pl": "Pawło Stefanów", "locality_pl": "Leszczowate" }, "geometry": { "type": "MultiPolygon", "coordinates": [ [ [ [ 22.53323075352937, 49.511527589930814 ], [ 22.532652911161541, 49.510789116182274 ], [ 22.532423414157464, 49.510051493709952 ], [ 22.53223981655421, 49.509462877899416 ], [ 22.531861146497484, 49.508725235428813 ], [ 22.531126756084436, 49.507458550692419 ], [ 22.530931683630975, 49.506959318874323 ], [ 22.530610387825266, 49.506400471243722 ], [ 22.530059595015487, 49.505700039865786 ], [ 22.529875997412223, 49.505290208345571 ], [ 22.52962355070774, 49.505223144679043 ], [ 22.529290780051831, 49.504582309451912 ], [ 22.529227668375711, 49.504418373510688 ], [ 22.529124394723873, 49.504254437020172 ], [ 22.529049808197552, 49.504239533675623 ], [ 22.528986696521425, 49.503982450267472 ], [ 22.528688350416125, 49.503844593390795 ], [ 22.528659663290622, 49.503632218523371 ], [ 22.528567864488991, 49.50356887847218 ], [ 22.528143295031452, 49.502834873074761 ], [ 22.528057233654913, 49.502570330359084 ], [ 22.528017071679209, 49.502372853878455 ], [ 22.527936747727782, 49.502316964163761 ], [ 22.527730200424113, 49.501821405901119 ], [ 22.527701513298606, 49.501553131665041 ], [ 22.527632664197384, 49.501527049369194 ], [ 22.527466278869426, 49.500774382842756 ], [ 22.527454804019214, 49.50062533859299 ], [ 22.527305630966563, 49.500662599698003 ], [ 22.527672826173081, 49.502786435783065 ], [ 22.527712461846409, 49.503058678441683 ], [ 22.527936747727782, 49.503188836443066 ], [ 22.528269518383691, 49.503539071360883 ], [ 22.528430166286544, 49.503919110669671 ], [ 22.52864818844041, 49.504075596585899 ], [ 22.528785886642861, 49.504858018659803 ], [ 22.52893505969551, 49.504828212333848 ], [ 22.529015383646939, 49.505170983985984 ], [ 22.529118657298771, 49.505208241629553 ], [ 22.529256355501218, 49.505647879681142 ], [ 22.529956321363652, 49.506124770727844 ], [ 22.530128444116706, 49.506571851862432 ], [ 22.530323516570167, 49.507138148767886 ], [ 22.531057906983214, 49.508337782402961 ], [ 22.531448051890145, 49.50912013631666 ], [ 22.531826721946864, 49.509716207091095 ], [ 22.531849671647272, 49.510051493709945 ], [ 22.53207916865135, 49.510796566857564 ], [ 22.532801167278734, 49.511678636076205 ], [ 22.53323075352937, 49.511527589930814 ] ] ] ] } },
{ "type": "Feature", "properties": { "fid": 237, "cadastral_number": null, "house_number": "65", "owner_uk": "Іван Пашкевич", "type": null, "locality_uk": "Ліщовате", "owner_pl": "Iwan Paszkiewicz", "locality_pl": "Leszczowate" }, "geometry": { "type": "MultiPolygon", "coordinates": [ [ [ [ 22.533846059943027, 49.511311243011235 ], [ 22.533433200975399, 49.510468736070749 ], [ 22.533284027922747, 49.509999338164626 ], [ 22.533146329720307, 49.509656600340492 ], [ 22.532790609363989, 49.509187194641378 ], [ 22.53276765966358, 49.509023274129802 ], [ 22.532067693801153, 49.507793852785028 ], [ 22.531620174643201, 49.507138148767879 ], [ 22.531241504586475, 49.506452630626022 ], [ 22.530977583031785, 49.505975742775099 ], [ 22.530633337525675, 49.505662782596708 ], [ 22.530300566869766, 49.505036856234177 ], [ 22.53001369561467, 49.504828212333848 ], [ 22.529749774059976, 49.504224630326533 ], [ 22.529726824359578, 49.504015982962542 ], [ 22.529371104003257, 49.503896755497912 ], [ 22.529267830351422, 49.50350926423144 ], [ 22.528866210594291, 49.503047251403004 ], [ 22.528682612991027, 49.50271191677917 ], [ 22.528705562691432, 49.502458551316984 ], [ 22.528499015387762, 49.502451099371768 ], [ 22.52812034533104, 49.501281129896277 ], [ 22.527799049525331, 49.500327248731601 ], [ 22.527523653120443, 49.499432968252286 ], [ 22.527466278869426, 49.499172133367367 ], [ 22.527168101684001, 49.49912026173655 ], [ 22.527282681266154, 49.49961927803318 ], [ 22.527454804019214, 49.50062533859299 ], [ 22.527466278869426, 49.500774382842756 ], [ 22.527632664197384, 49.501527049369194 ], [ 22.527701513298606, 49.501553131665041 ], [ 22.527730200424113, 49.501821405901119 ], [ 22.527936747727782, 49.502316964163761 ], [ 22.528017071679209, 49.502372853878455 ], [ 22.528057233654913, 49.502570330359084 ], [ 22.528143295031452, 49.502834873074761 ], [ 22.528567864488991, 49.50356887847218 ], [ 22.528659663290622, 49.503632218523371 ], [ 22.528688350416125, 49.503844593390795 ], [ 22.528986696521425, 49.503982450267472 ], [ 22.529049808197552, 49.504239533675623 ], [ 22.529124394723873, 49.504254437020172 ], [ 22.529227668375711, 49.504418373510688 ], [ 22.529290780051831, 49.504582309451912 ], [ 22.52962355070774, 49.505223144679043 ], [ 22.529875997412223, 49.505290208345571 ], [ 22.530059595015487, 49.505700039865786 ], [ 22.530610387825266, 49.506400471243722 ], [ 22.530931683630975, 49.506959318874323 ], [ 22.531126756084436, 49.507458550692419 ], [ 22.531861146497484, 49.508725235428813 ], [ 22.53223981655421, 49.509462877899416 ], [ 22.532423414157464, 49.510051493709952 ], [ 22.532652911161541, 49.510789116182274 ], [ 22.53323075352937, 49.511527589930814 ], [ 22.533846059943027, 49.511311243011235 ] ] ] ] } },
{ "type": "Feature", "properties": { "fid": 238, "cadastral_number": null, "house_number": "64", "owner_uk": "Іван Стефанів", "type": null, "locality_uk": "Ліщовате", "owner_pl": "Iwan Stefanów", "locality_pl": "Leszczowate" }, "geometry": { "type": "MultiPolygon", "coordinates": [ [ [ [ 22.534514744711299, 49.511076127812416 ], [ 22.534351188991703, 49.510394228767325 ], [ 22.534247915339865, 49.510073846069488 ], [ 22.534052842886403, 49.509723657929804 ], [ 22.533811871032125, 49.509537386621389 ], [ 22.533605323728455, 49.509053077900028 ], [ 22.533524999777029, 49.508501705211472 ], [ 22.533261078222338, 49.508382488677924 ], [ 22.532916832716225, 49.507719341407487 ], [ 22.532629961461129, 49.507279721970036 ], [ 22.531987369849713, 49.506847549858875 ], [ 22.531666074044011, 49.50648988729359 ], [ 22.531103806384024, 49.505603170907172 ], [ 22.530771035728115, 49.505089017070219 ], [ 22.530610387825266, 49.504671728824682 ], [ 22.530495639323224, 49.504217178650258 ], [ 22.530380890821188, 49.504202275294368 ], [ 22.530380890821188, 49.504030886375169 ], [ 22.530312041719966, 49.504015982962542 ], [ 22.530231717768537, 49.503784979485978 ], [ 22.530139918966906, 49.503747720758582 ], [ 22.530082544715889, 49.503501812446231 ], [ 22.529898947112628, 49.503419842734125 ], [ 22.529807148310997, 49.502935473450407 ], [ 22.529267830351419, 49.50267465723465 ], [ 22.529187506399989, 49.502003980581776 ], [ 22.529095707598358, 49.501989076551745 ], [ 22.529084232748151, 49.50169099499783 ], [ 22.52885473574408, 49.501564309787568 ], [ 22.528739987242041, 49.500938330993158 ], [ 22.52855638963878, 49.500945783168746 ], [ 22.528384266885723, 49.50037941458843 ], [ 22.528280993233889, 49.50037941458843 ], [ 22.528074445930223, 49.499745968279029 ], [ 22.527948222577972, 49.499731063561235 ], [ 22.52774167527431, 49.499164680921645 ], [ 22.527466278869412, 49.498598291726786 ], [ 22.527558077671053, 49.498561029049938 ], [ 22.527317105816763, 49.498158590332025 ], [ 22.527190882464524, 49.498072885362809 ], [ 22.527150720488812, 49.497841853828589 ], [ 22.52699423346029, 49.497801815885779 ], [ 22.526949910610245, 49.498054253827895 ], [ 22.527167932764122, 49.498777152180715 ], [ 22.527087608812693, 49.498769699674867 ], [ 22.527168101684001, 49.49912026173655 ], [ 22.527466278869426, 49.499172133367367 ], [ 22.527523653120443, 49.499432968252286 ], [ 22.527799049525331, 49.500327248731601 ], [ 22.52812034533104, 49.501281129896277 ], [ 22.528499015387762, 49.502451099371768 ], [ 22.528705562691432, 49.502458551316984 ], [ 22.528682612991027, 49.50271191677917 ], [ 22.528866210594291, 49.503047251403004 ], [ 22.529267830351422, 49.50350926423144 ], [ 22.529371104003257, 49.503896755497912 ], [ 22.529726824359578, 49.504015982962542 ], [ 22.529749774059976, 49.504224630326533 ], [ 22.53001369561467, 49.504828212333848 ], [ 22.530300566869766, 49.505036856234177 ], [ 22.530633337525675, 49.505662782596708 ], [ 22.530977583031785, 49.505975742775099 ], [ 22.531241504586475, 49.506452630626022 ], [ 22.531620174643201, 49.507138148767879 ], [ 22.532067693801153, 49.507793852785028 ], [ 22.53276765966358, 49.509023274129802 ], [ 22.532790609363989, 49.509187194641378 ], [ 22.533146329720307, 49.509656600340492 ], [ 22.533284027922747, 49.509999338164626 ], [ 22.533433200975399, 49.510468736070749 ], [ 22.533846059943027, 49.511311243011235 ], [ 22.534514744711299, 49.511076127812416 ] ] ] ] } },
{ "type": "Feature", "properties": { "fid": 239, "cadastral_number": null, "house_number": "62", "owner_uk": "Стах Романів", "type": null, "locality_uk": "Ліщовате", "owner_pl": "Stach Romanów", "locality_pl": "Leszczowate" }, "geometry": { "type": "MultiPolygon", "coordinates": [ [ [ [ 22.533968798289383, 49.507987787544089 ], [ 22.533748759356005, 49.507954051862441 ], [ 22.533467625526008, 49.507708164691095 ], [ 22.533347139598867, 49.507801303916558 ], [ 22.533427463550296, 49.507886991847386 ], [ 22.533536474627237, 49.508132878119916 ], [ 22.533697122530089, 49.50828189950181 ], [ 22.533961044084776, 49.508486803160693 ], [ 22.533983993785185, 49.508814647229791 ], [ 22.534121691987625, 49.509090332587313 ], [ 22.534253652764974, 49.509086607119855 ], [ 22.534388856386386, 49.509461426109809 ], [ 22.534824549293859, 49.509349690316782 ], [ 22.534718384198225, 49.509142489101784 ], [ 22.534569211145573, 49.508989744866604 ], [ 22.534551998870263, 49.50882954918071 ], [ 22.534242177914763, 49.508419743875884 ], [ 22.533968798289383, 49.507987787544089 ] ] ] ] } },
{ "type": "Feature", "properties": { "fid": 240, "cadastral_number": null, "house_number": "62", "owner_uk": "Стах Романів", "type": null, "locality_uk": "Ліщовате", "owner_pl": "Stach Romanów", "locality_pl": "Leszczowate" }, "geometry": { "type": "MultiPolygon", "coordinates": [ [ [ [ 22.527176509459942, 49.496981093701208 ], [ 22.527253994140644, 49.497420777420515 ], [ 22.527363005217584, 49.497778506281904 ], [ 22.527506440845123, 49.498072885362816 ], [ 22.527781837250011, 49.498430609457536 ], [ 22.527896585752057, 49.498765973421527 ], [ 22.52816624473185, 49.499119966223567 ], [ 22.528407216586125, 49.499630456597494 ], [ 22.52866540071571, 49.500129763198444 ], [ 22.528734249816928, 49.500349605534204 ], [ 22.528935059695499, 49.500945783168774 ], [ 22.529061283047739, 49.500997948366219 ], [ 22.529164556699577, 49.501299760202656 ], [ 22.529394053703655, 49.501743159400881 ], [ 22.529864522562004, 49.502343046038582 ], [ 22.530025170464864, 49.502682109145844 ], [ 22.530180080942618, 49.502756628195137 ], [ 22.530392365671386, 49.503166480937679 ], [ 22.530466952197713, 49.503539071360898 ], [ 22.530621862675464, 49.503524167798439 ], [ 22.530788248003415, 49.50366947733874 ], [ 22.530828409979122, 49.504001079545361 ], [ 22.531172655485246, 49.504455631727389 ], [ 22.531304616262592, 49.504820760749546 ], [ 22.531402152489321, 49.504828212333862 ], [ 22.531522638416465, 49.505074113979923 ], [ 22.53184393422217, 49.505387077923814 ], [ 22.53199884469992, 49.505673959780431 ], [ 22.532383252181749, 49.506247718447163 ], [ 22.532681598287045, 49.506691072808344 ], [ 22.532819296489489, 49.506594205811936 ], [ 22.533066005768877, 49.507004026409021 ], [ 22.533094692894387, 49.507182856139167 ], [ 22.53331845247336, 49.507343057217334 ], [ 22.533616798578656, 49.507562867145296 ], [ 22.533877551811663, 49.50774347417682 ], [ 22.533794658756815, 49.507205209809449 ], [ 22.533622536003758, 49.506679895856983 ], [ 22.533197966546219, 49.506400471243722 ], [ 22.532928307566429, 49.505953388543034 ], [ 22.53265864858664, 49.505700039865786 ], [ 22.532170967452981, 49.504817034956936 ], [ 22.53201605697523, 49.504686632037618 ], [ 22.531918520748494, 49.504500341549949 ], [ 22.531757872845645, 49.504433276800775 ], [ 22.531379202788923, 49.503799882969005 ], [ 22.530977583031785, 49.503211191938256 ], [ 22.530805460278724, 49.502950377192171 ], [ 22.530575963274654, 49.502827421186851 ], [ 22.530312041719966, 49.502372853878455 ], [ 22.53034072884547, 49.502205184542888 ], [ 22.530025170464867, 49.502059870653952 ], [ 22.529635025557937, 49.501500967059435 ], [ 22.529462902804877, 49.500889891824059 ], [ 22.529256355501218, 49.500822822126167 ], [ 22.528958009395918, 49.49988383670329 ], [ 22.528619501314903, 49.49919076447668 ], [ 22.52851049023797, 49.499172133367367 ], [ 22.528200669282459, 49.498557302780689 ], [ 22.528022809104304, 49.498467872233675 ], [ 22.527569552521253, 49.49774869564331 ], [ 22.527414642043503, 49.497342523883496 ], [ 22.527385455332695, 49.497029743663077 ], [ 22.527176509459942, 49.496981093701208 ] ] ] ] } },
{ "type": "Feature", "properties": { "fid": 241, "cadastral_number": "20", "house_number": "52", "owner_uk": "Панько Стефанів", "type": "household", "locality_uk": "Ліщовате", "owner_pl": "Pańko Stefanów", "locality_pl": "Leszczowate" }, "geometry": { "type": "MultiPolygon", "coordinates": [ [ [ [ 22.541114638526324, 49.509010710016263 ], [ 22.540880693636993, 49.509062496494124 ], [ 22.540898621003954, 49.509097689506241 ], [ 22.541151249664598, 49.509107198994364 ], [ 22.541114638526324, 49.509010710016263 ] ] ] ] } },
{ "type": "Feature", "properties": { "fid": 242, "cadastral_number": "20", "house_number": "52", "owner_uk": "Панько Стефанів", "type": "household", "locality_uk": "Ліщовате", "owner_pl": "Pańko Stefanów", "locality_pl": "Leszczowate" }, "geometry": { "type": "MultiPolygon", "coordinates": [ [ [ [ 22.54108900782067, 49.508943160065265 ], [ 22.540850606471942, 49.509003432719375 ], [ 22.540880693636993, 49.509062496494124 ], [ 22.541114638526324, 49.509010710016263 ], [ 22.54108900782067, 49.508943160065265 ] ] ] ] } },
{ "type": "Feature", "properties": { "fid": 243, "cadastral_number": "20", "house_number": "52", "owner_uk": "Панько Стефанів", "type": "household", "locality_uk": "Ліщовате", "owner_pl": "Pańko Stefanów", "locality_pl": "Leszczowate" }, "geometry": { "type": "MultiPolygon", "coordinates": [ [ [ [ 22.541001580421362, 49.508710872774159 ], [ 22.540990465601787, 49.508880076074291 ], [ 22.54108900782067, 49.508943160065265 ], [ 22.541297701062071, 49.508883725534915 ], [ 22.541092669105609, 49.508691157160584 ], [ 22.541001580421362, 49.508710872774159 ] ] ] ] } },
{ "type": "Feature", "properties": { "fid": 244, "cadastral_number": "20", "house_number": "52", "owner_uk": "Панько Стефанів", "type": "yard", "locality_uk": "Ліщовате", "owner_pl": "Pańko Stefanów", "locality_pl": "Leszczowate" }, "geometry": { "type": "MultiPolygon", "coordinates": [ [ [ [ 22.540967968874455, 49.508718147797133 ], [ 22.540953172338629, 49.508855860426728 ], [ 22.54081696138066, 49.508937384419731 ], [ 22.540850606471942, 49.509003432719375 ], [ 22.54108900782067, 49.508943160065265 ], [ 22.540990465601787, 49.508880076074291 ], [ 22.541001580421362, 49.508710872774159 ], [ 22.540967968874455, 49.508718147797133 ] ] ] ] } },
{ "type": "Feature", "properties": { "fid": 245, "cadastral_number": "18", "house_number": "54", "owner_uk": "Васько Кавчак", "type": "yard", "locality_uk": "Ліщовате", "owner_pl": "Wasko Kawczak", "locality_pl": "Leszczowate" }, "geometry": { "type": "MultiPolygon", "coordinates": [ [ [ [ 22.5399892849215, 49.509218162517215 ], [ 22.540144195399257, 49.509397915514825 ], [ 22.540332096071346, 49.509253554351353 ], [ 22.540244600338539, 49.509110124128334 ], [ 22.540079649366852, 49.509105467295861 ], [ 22.540021314503434, 49.509044230471147 ], [ 22.539996114267076, 49.509056085474136 ], [ 22.539983234119671, 49.5090613394228 ], [ 22.540020840759567, 49.509101741829554 ], [ 22.5399892849215, 49.509218162517215 ] ] ] ] } },
{ "type": "Feature", "properties": { "fid": 246, "cadastral_number": "18", "house_number": "54", "owner_uk": "Васько Кавчак", "type": "household", "locality_uk": "Ліщовате", "owner_pl": "Wasko Kawczak", "locality_pl": "Leszczowate" }, "geometry": { "type": "MultiPolygon", "coordinates": [ [ [ [ 22.540021314503434, 49.509044230471147 ], [ 22.540079649366852, 49.509105467295861 ], [ 22.540244600338539, 49.509110124128334 ], [ 22.540440443589656, 49.509056891671698 ], [ 22.540354920190875, 49.508887291608907 ], [ 22.540021314503434, 49.509044230471147 ] ] ] ] } },
{ "type": "Feature", "properties": { "fid": 247, "cadastral_number": "18", "house_number": "54", "owner_uk": "Васько Кавчак", "type": "yard", "locality_uk": "Ліщовате", "owner_pl": "Wasko Kawczak", "locality_pl": "Leszczowate" }, "geometry": { "type": "MultiPolygon", "coordinates": [ [ [ [ 22.54033782860105, 49.509084783610277 ], [ 22.540400945172564, 49.509179045197065 ], [ 22.540485624232122, 49.509146488669806 ], [ 22.540440443589656, 49.509056891671698 ], [ 22.54033782860105, 49.509084783610277 ] ] ] ] } },
{ "type": "Feature", "properties": { "fid": 248, "cadastral_number": "18", "house_number": "54", "owner_uk": "Васько Кавчак", "type": "building", "locality_uk": "Ліщовате", "owner_pl": "Wasko Kawczak", "locality_pl": "Leszczowate" }, "geometry": { "type": "MultiPolygon", "coordinates": [ [ [ [ 22.540244600338539, 49.509110124128334 ], [ 22.540332096071346, 49.509253554351353 ], [ 22.540422460516698, 49.509221887974654 ], [ 22.540400945172564, 49.509179045197065 ], [ 22.54033782860105, 49.509084783610277 ], [ 22.540244600338539, 49.509110124128334 ] ] ] ] } },
{ "type": "Feature", "properties": { "fid": 249, "cadastral_number": "18", "house_number": "54", "owner_uk": "Васько Кавчак", "type": "building", "locality_uk": "Ліщовате", "owner_pl": "Wasko Kawczak", "locality_pl": "Leszczowate" }, "geometry": { "type": "MultiPolygon", "coordinates": [ [ [ [ 22.540144195399257, 49.509397915514825 ], [ 22.5399892849215, 49.509218162517215 ], [ 22.539901789188697, 49.509263799351196 ], [ 22.540049527885071, 49.509444483541188 ], [ 22.540144195399257, 49.509397915514825 ] ] ] ] } },
{ "type": "Feature", "properties": { "fid": 250, "cadastral_number": "17", "house_number": "55", "owner_uk": "Юліан Тимків", "type": "yard", "locality_uk": "Ліщовате", "owner_pl": "Julian Tymkow", "locality_pl": "Leszczowate" }, "geometry": { "type": "MultiPolygon", "coordinates": [ [ [ [ 22.539425083869393, 49.509694613615608 ], [ 22.539627827140091, 49.509609333998327 ], [ 22.539487260225091, 49.509524580442864 ], [ 22.539182997397631, 49.509622965828989 ], [ 22.539217025604295, 49.509665374413252 ], [ 22.53932087489714, 49.509686636563728 ], [ 22.539389723998358, 49.509651245042924 ], [ 22.539425083869393, 49.509694613615608 ] ] ] ] } },
{ "type": "Feature", "properties": { "fid": 251, "cadastral_number": "17", "house_number": "55", "owner_uk": "Юліан Тимків", "type": "building", "locality_uk": "Ліщовате", "owner_pl": "Julian Tymkow", "locality_pl": "Leszczowate" }, "geometry": { "type": "MultiPolygon", "coordinates": [ [ [ [ 22.539493087098695, 49.50977801898182 ], [ 22.539389723998358, 49.509651245042924 ], [ 22.53932087489714, 49.509686636563728 ], [ 22.539422714192696, 49.509808643978651 ], [ 22.539493087098695, 49.50977801898182 ] ] ] ] } },
{ "type": "Feature", "properties": { "fid": 252, "cadastral_number": "17", "house_number": "55", "owner_uk": "Юліан Тимків", "type": "building", "locality_uk": "Ліщовате", "owner_pl": "Julian Tymkow", "locality_pl": "Leszczowate" }, "geometry": { "type": "MultiPolygon", "coordinates": [ [ [ [ 22.539627827140091, 49.509609333998327 ], [ 22.539425083869393, 49.509694613615608 ], [ 22.539493087098695, 49.50977801898182 ], [ 22.539692373172485, 49.509691293340879 ], [ 22.539627827140091, 49.509609333998327 ] ] ] ] } },
{ "type": "Feature", "properties": { "fid": 253, "cadastral_number": "16", "house_number": "56", "owner_uk": "Тимко Сухар", "type": "building", "locality_uk": "Ліщовате", "owner_pl": "Tymko Suchar", "locality_pl": "Leszczowate" }, "geometry": { "type": "MultiPolygon", "coordinates": [ [ [ [ 22.539068267829958, 49.509954757834429 ], [ 22.538855372361066, 49.51003685757243 ], [ 22.538900150607194, 49.510109138099054 ], [ 22.539118630662294, 49.510031236875264 ], [ 22.539068267829958, 49.509954757834429 ] ] ] ] } },
{ "type": "Feature", "properties": { "fid": 254, "cadastral_number": "16", "house_number": "56", "owner_uk": "Тимко Сухар", "type": "yard", "locality_uk": "Ліщовате", "owner_pl": "Tymko Suchar", "locality_pl": "Leszczowate" }, "geometry": { "type": "MultiPolygon", "coordinates": [ [ [ [ 22.538855372361063, 49.510036857572423 ], [ 22.53885537236108, 49.510036857572423 ], [ 22.539068267829958, 49.509954757834429 ], [ 22.539029700573217, 49.509896191096495 ], [ 22.538817862876744, 49.509976310196976 ], [ 22.538855372361063, 49.510036857572423 ] ] ] ] } },
{ "type": "Feature", "properties": { "fid": 255, "cadastral_number": "16", "house_number": "56", "owner_uk": "Тимко Сухар", "type": "household", "locality_uk": "Ліщовате", "owner_pl": "Tymko Suchar", "locality_pl": "Leszczowate" }, "geometry": { "type": "MultiPolygon", "coordinates": [ [ [ [ 22.53885537236108, 49.510036857572423 ], [ 22.538855372361063, 49.510036857572423 ], [ 22.538855372361066, 49.51003685757243 ], [ 22.53885537236108, 49.510036857572423 ] ] ] ] } },
{ "type": "Feature", "properties": { "fid": 256, "cadastral_number": "15", "house_number": "57", "owner_uk": "Микола Кавчак", "type": "yard", "locality_uk": "Ліщовате", "owner_pl": "Mikołaj Kawczak", "locality_pl": "Leszczowate" }, "geometry": { "type": "MultiPolygon", "coordinates": [ [ [ [ 22.538661071010413, 49.510011678544188 ], [ 22.538807817874609, 49.509960095670792 ], [ 22.538731570279833, 49.509837017685804 ], [ 22.538545970931082, 49.509911567459639 ], [ 22.53863138669757, 49.510022491049575 ], [ 22.538661071010413, 49.510011678544188 ] ] ] ] } },
{ "type": "Feature", "properties": { "fid": 257, "cadastral_number": "15", "house_number": "57", "owner_uk": "Микола Кавчак", "type": "household", "locality_uk": "Ліщовате", "owner_pl": "Mikołaj Kawczak", "locality_pl": "Leszczowate" }, "geometry": { "type": "MultiPolygon", "coordinates": [ [ [ [ 22.53863138669757, 49.510022491049575 ], [ 22.538545970931082, 49.509911567459639 ], [ 22.538465998556955, 49.509943689999105 ], [ 22.538543453795825, 49.510054520592554 ], [ 22.53863138669757, 49.510022491049575 ] ] ] ] } },
{ "type": "Feature", "properties": { "fid": 258, "cadastral_number": "15", "house_number": "57", "owner_uk": "Микола Кавчак", "type": "building", "locality_uk": "Ліщовате", "owner_pl": "Mikołaj Kawczak", "locality_pl": "Leszczowate" }, "geometry": { "type": "MultiPolygon", "coordinates": [ [ [ [ 22.538807817874609, 49.509960095670792 ], [ 22.538661071010413, 49.510011678544188 ], [ 22.538722748330265, 49.510096431255732 ], [ 22.538855372361063, 49.510036857572423 ], [ 22.538807817874609, 49.509960095670792 ] ] ] ] } },
{ "type": "Feature", "properties": { "fid": 259, "cadastral_number": "14", "house_number": "58", "owner_uk": "Гриць Кавчак", "type": "yard", "locality_uk": "Ліщовате", "owner_pl": "Hryć Kawczak", "locality_pl": "Leszczowate" }, "geometry": { "type": "MultiPolygon", "coordinates": [ [ [ [ 22.537833447439461, 49.510184909204533 ], [ 22.537902296540679, 49.510263142204892 ], [ 22.53772730507508, 49.51034789448078 ], [ 22.537568557459092, 49.510352737001824 ], [ 22.537568682353989, 49.510352925955075 ], [ 22.537685624749979, 49.510581670394771 ], [ 22.537813366451601, 49.510427989903228 ], [ 22.538136096613584, 49.510397255628725 ], [ 22.538074419293739, 49.510276181026136 ], [ 22.537833447439461, 49.510184909204533 ] ] ] ] } },
{ "type": "Feature", "properties": { "fid": 260, "cadastral_number": "14", "house_number": "58", "owner_uk": "Гриць Кавчак", "type": "building", "locality_uk": "Ліщовате", "owner_pl": "Hryć Kawczak", "locality_pl": "Leszczowate" }, "geometry": { "type": "MultiPolygon", "coordinates": [ [ [ [ 22.538074419293739, 49.510276181026136 ], [ 22.538136096613584, 49.510397255628725 ], [ 22.538166218095366, 49.510447548067866 ], [ 22.538256582540722, 49.510429852585922 ], [ 22.538170521164194, 49.510254760103699 ], [ 22.538074419293739, 49.510276181026136 ] ] ] ] } },
{ "type": "Feature", "properties": { "fid": 261, "cadastral_number": "14", "house_number": "58", "owner_uk": "Гриць Кавчак", "type": "building", "locality_uk": "Ліщовате", "owner_pl": "Hryć Kawczak", "locality_pl": "Leszczowate" }, "geometry": { "type": "MultiPolygon", "coordinates": [ [ [ [ 22.53772730507508, 49.51034789448078 ], [ 22.537902296540679, 49.510263142204892 ], [ 22.537833447439461, 49.510184909204533 ], [ 22.537658455973855, 49.510265936238312 ], [ 22.53772730507508, 49.51034789448078 ] ] ] ] } },
{ "type": "Feature", "properties": { "fid": 262, "cadastral_number": "12", "house_number": "59", "owner_uk": "Дмитро Томків", "type": "building", "locality_uk": "Ліщовате", "owner_pl": "Dmytro Tomków", "locality_pl": "Leszczowate" }, "geometry": { "type": "MultiPolygon", "coordinates": [ [ [ [ 22.537202330678252, 49.51048759571389 ], [ 22.5372640079981, 49.510577935632249 ], [ 22.537460514807844, 49.510500634475299 ], [ 22.537406009269372, 49.510416813805655 ], [ 22.537202330678252, 49.51048759571389 ] ] ] ] } },
{ "type": "Feature", "properties": { "fid": 263, "cadastral_number": "9, 10", "house_number": "60", "owner_uk": "Ілько Волянський", "type": "yard", "locality_uk": "Ліщовате", "owner_pl": "Ilko Wolański", "locality_pl": "Leszczowate" }, "geometry": { "type": "MultiPolygon", "coordinates": [ [ [ [ 22.536183937722662, 49.509856142966278 ], [ 22.536069189220626, 49.509678254363749 ], [ 22.535908541317774, 49.509666146739022 ], [ 22.5357947898021, 49.509694406304199 ], [ 22.535875338070706, 49.50988459339537 ], [ 22.535981515333877, 49.509848933372098 ], [ 22.536109660306664, 49.5099178760603 ], [ 22.536183937722662, 49.509856142966278 ] ] ] ] } },
{ "type": "Feature", "properties": { "fid": 264, "cadastral_number": "9, 10", "house_number": "60", "owner_uk": "Ілько Волянський", "type": "yard", "locality_uk": "Ліщовате", "owner_pl": "Ilko Wolański", "locality_pl": "Leszczowate" }, "geometry": { "type": "MultiPolygon", "coordinates": [ [ [ [ 22.536063733798859, 49.509662722684538 ], [ 22.536168159803626, 49.509639137411511 ], [ 22.536291173635412, 49.509814696433089 ], [ 22.53636466661337, 49.50978629149791 ], [ 22.536206887423063, 49.509559972055314 ], [ 22.536050542589038, 49.509625167063831 ], [ 22.536063733798859, 49.509662722684538 ] ] ] ] } },
{ "type": "Feature", "properties": { "fid": 265, "cadastral_number": "9, 10", "house_number": "60", "owner_uk": "Ілько Волянський", "type": "building", "locality_uk": "Ліщовате", "owner_pl": "Ilko Wolański", "locality_pl": "Leszczowate" }, "geometry": { "type": "MultiPolygon", "coordinates": [ [ [ [ 22.536291173635412, 49.509814696433089 ], [ 22.536168159803626, 49.509639137411511 ], [ 22.536063733798859, 49.509662722684538 ], [ 22.536069189220626, 49.509678254363749 ], [ 22.536183937722662, 49.509856142966278 ], [ 22.536291173635412, 49.509814696433089 ] ] ] ] } },
{ "type": "Feature", "properties": { "fid": 266, "cadastral_number": "8", "house_number": "62", "owner_uk": "Стах Романів", "type": "yard", "locality_uk": "Ліщовате", "owner_pl": "Stach Romanów", "locality_pl": "Leszczowate" }, "geometry": { "type": "MultiPolygon", "coordinates": [ [ [ [ 22.534738106596979, 49.509552521191665 ], [ 22.534844248961367, 49.509713645865006 ], [ 22.534997725082842, 49.509686636563728 ], [ 22.535046493196212, 49.509685705208241 ], [ 22.535027846564628, 49.50965962724753 ], [ 22.534738106596979, 49.509552521191665 ] ] ] ] } },
{ "type": "Feature", "properties": { "fid": 267, "cadastral_number": "8", "house_number": "62", "owner_uk": "Стах Романів", "type": "yard", "locality_uk": "Ліщовате", "owner_pl": "Stach Romanów", "locality_pl": "Leszczowate" }, "geometry": { "type": "MultiPolygon", "coordinates": [ [ [ [ 22.534755187236318, 49.509749122684582 ], [ 22.534644239423287, 49.509580782878778 ], [ 22.534519409672804, 49.509618366830779 ], [ 22.534659791471704, 49.509787122603491 ], [ 22.534659791471707, 49.509787122603491 ], [ 22.534755187236318, 49.509749122684582 ] ] ] ] } },
{ "type": "Feature", "properties": { "fid": 268, "cadastral_number": "8", "house_number": "62", "owner_uk": "Стах Романів", "type": "building", "locality_uk": "Ліщовате", "owner_pl": "Stach Romanów", "locality_pl": "Leszczowate" }, "geometry": { "type": "MultiPolygon", "coordinates": [ [ [ [ 22.534997725082842, 49.509686636563728 ], [ 22.534844248961367, 49.509713645865006 ], [ 22.534905926281212, 49.509799330446242 ], [ 22.535050796265036, 49.509771389838427 ], [ 22.534997725082842, 49.509686636563728 ] ] ] ] } },
{ "type": "Feature", "properties": { "fid": 269, "cadastral_number": "8", "house_number": "62", "owner_uk": "Стах Романів", "type": "building", "locality_uk": "Ліщовате", "owner_pl": "Stach Romanów", "locality_pl": "Leszczowate" }, "geometry": { "type": "MultiPolygon", "coordinates": [ [ [ [ 22.534844248961367, 49.509713645865006 ], [ 22.534738106596979, 49.509552521191665 ], [ 22.534644239423287, 49.509580782878778 ], [ 22.534755187236318, 49.509749122684582 ], [ 22.534844248961367, 49.509713645865006 ] ] ] ] } },
{ "type": "Feature", "properties": { "fid": 270, "cadastral_number": "11", "house_number": "61", "owner_uk": "Михайло Катинський", "type": "building", "locality_uk": "Ліщовате", "owner_pl": "Michał Katyński", "locality_pl": "Leszczowate" }, "geometry": { "type": "MultiPolygon", "coordinates": [ [ [ [ 22.535885591617358, 49.510284563123655 ], [ 22.535904151023463, 49.510373739189305 ], [ 22.536074926645721, 49.510370246704881 ], [ 22.536069189220612, 49.51027897505881 ], [ 22.535885591617358, 49.510284563123655 ] ] ] ] } },
{ "type": "Feature", "properties": { "fid": 271, "cadastral_number": "11", "house_number": "61", "owner_uk": "Михайло Катинський", "type": "building", "locality_uk": "Ліщовате", "owner_pl": "Michał Katyński", "locality_pl": "Leszczowate" }, "geometry": { "type": "MultiPolygon", "coordinates": [ [ [ [ 22.535807804276555, 49.510375709549642 ], [ 22.535770843115312, 49.510182115166486 ], [ 22.535681913026234, 49.510189565934247 ], [ 22.535710600151745, 49.510377697443978 ], [ 22.535807804276555, 49.510375709549642 ] ] ] ] } },
{ "type": "Feature", "properties": { "fid": 272, "cadastral_number": "11", "house_number": "61", "owner_uk": "Михайло Катинський", "type": "yard", "locality_uk": "Ліщовате", "owner_pl": "Michał Katyński", "locality_pl": "Leszczowate" }, "geometry": { "type": "MultiPolygon", "coordinates": [ [ [ [ 22.535904151023463, 49.510373739189305 ], [ 22.535885591617358, 49.510284563123655 ], [ 22.535770843115312, 49.510182115166486 ], [ 22.535807804276555, 49.510375709549642 ], [ 22.535904151023463, 49.510373739189305 ] ] ] ] } },
{ "type": "Feature", "properties": { "fid": 273, "cadastral_number": null, "house_number": "28", "owner_uk": "Лесько Дуда", "type": null, "locality_uk": "Ліщовате", "owner_pl": "Lesko Duda", "locality_pl": "Leszczowate" }, "geometry": { "type": "MultiPolygon", "coordinates": [ [ [ [ 22.559010082264919, 49.499128351978307 ], [ 22.558896803156998, 49.499047998139616 ], [ 22.558832372511215, 49.498977183183271 ], [ 22.558663861591477, 49.498819458594021 ], [ 22.558554825113994, 49.498681046800968 ], [ 22.558361533176644, 49.498446067744275 ], [ 22.558133547814649, 49.498217525387616 ], [ 22.558019555133647, 49.497889195063522 ], [ 22.557707314311777, 49.497522235035738 ], [ 22.557514022374427, 49.497168148189949 ], [ 22.557360380065255, 49.497013636763469 ], [ 22.556730942217992, 49.496353738722313 ], [ 22.556473219634857, 49.496031834009997 ], [ 22.555977599282681, 49.495449181096404 ], [ 22.555620752629121, 49.495017820327227 ], [ 22.554976446171292, 49.494412621197725 ], [ 22.554332139713466, 49.494351457039549 ], [ 22.553529234742943, 49.493614261962982 ], [ 22.552855191063983, 49.492931783260985 ], [ 22.552414088950545, 49.49239094432361 ], [ 22.552280271455459, 49.492268610878128 ], [ 22.552146453960368, 49.49211408398363 ], [ 22.551868906563151, 49.491689132508448 ], [ 22.551353925760253, 49.491138340907582 ], [ 22.550852023584756, 49.491398615764908 ], [ 22.551150369690056, 49.491760115431028 ], [ 22.551345442143521, 49.492125339186686 ], [ 22.551391341544331, 49.492341490738028 ], [ 22.55178722387636, 49.492874412036862 ], [ 22.552068357706361, 49.493019753202269 ], [ 22.552504402014101, 49.49341105419488 ], [ 22.55283717267001, 49.493847071616031 ], [ 22.553256004702448, 49.494178740386637 ], [ 22.553405177755096, 49.494342710634037 ], [ 22.553680574159987, 49.494547672670805 ], [ 22.553996132540593, 49.494707915119918 ], [ 22.554455126548742, 49.494767540083323 ], [ 22.554529713075073, 49.494912875627364 ], [ 22.554799372054863, 49.49532279406732 ], [ 22.55500018193343, 49.495602281944358 ], [ 22.555252628637913, 49.49581841814156 ], [ 22.555602611569132, 49.495993562290906 ], [ 22.555975544200749, 49.496425830274958 ], [ 22.556555024136046, 49.497141299928103 ], [ 22.556675510063187, 49.49740587199453 ], [ 22.556795995990317, 49.4976108212037 ], [ 22.557300889399293, 49.498318820958808 ], [ 22.557599235504583, 49.498806962192823 ], [ 22.557759883407442, 49.498888939632472 ], [ 22.558006592686823, 49.49924293154502 ], [ 22.558304938792123, 49.499410611030918 ], [ 22.558491405107944, 49.499592263158917 ], [ 22.558548760362878, 49.499570631327849 ], [ 22.558900243716813, 49.499313824450262 ], [ 22.559010082264919, 49.499128351978307 ] ] ] ] } },
{ "type": "Feature", "properties": { "fid": 275, "cadastral_number": null, "house_number": "24", "owner_uk": "Іван Жовтків", "type": null, "locality_uk": "Ліщовате", "owner_pl": "Iwan Żołtków", "locality_pl": "Leszczowate" }, "geometry": { "type": "MultiPolygon", "coordinates": [ [ [ [ 22.5624875726085, 49.49991386363736 ], [ 22.562250767905535, 49.499666015227213 ], [ 22.562165419379586, 49.499666015227213 ], [ 22.561692101943262, 49.498994886931939 ], [ 22.561635105602754, 49.498851647326951 ], [ 22.56137509001136, 49.498840389286556 ], [ 22.561534538228823, 49.499070094454225 ], [ 22.561659021916672, 49.499217521523711 ], [ 22.561926295717061, 49.499529019193815 ], [ 22.562083730969341, 49.499683578370458 ], [ 22.562372972479345, 49.499949894575749 ], [ 22.5624875726085, 49.49991386363736 ] ] ] ] } },
{ "type": "Feature", "properties": { "fid": 277, "cadastral_number": null, "house_number": "23", "owner_uk": "Лесько Романів", "type": null, "locality_uk": "Ліщовате", "owner_pl": "Lesko Romanów", "locality_pl": "Leszczowate" }, "geometry": { "type": "MultiPolygon", "coordinates": [ [ [ [ 22.561692101943262, 49.498994886931939 ], [ 22.562165419379586, 49.499666015227213 ], [ 22.562250767905535, 49.499666015227213 ], [ 22.562296758772913, 49.499666015227213 ], [ 22.562440488675044, 49.499638655260839 ], [ 22.562408273352155, 49.49931355331325 ], [ 22.561969649340476, 49.498867741685501 ], [ 22.561635105602754, 49.498851647326951 ], [ 22.561692101943262, 49.498994886931939 ] ] ] ] } },
{ "type": "Feature", "properties": { "fid": 278, "cadastral_number": null, "house_number": "21", "owner_uk": "Стефан Гебель", "type": null, "locality_uk": "Ліщовате", "owner_pl": "Stefan Hebel", "locality_pl": "Leszczowate" }, "geometry": { "type": "MultiPolygon", "coordinates": [ [ [ [ 22.554930725001164, 49.490470427824313 ], [ 22.555125132276959, 49.490716881166804 ], [ 22.555293643196698, 49.490971213680808 ], [ 22.555799175955919, 49.491447681163031 ], [ 22.556116372981311, 49.491817906072292 ], [ 22.55603211752144, 49.491859757407617 ], [ 22.556071767149614, 49.49189195071812 ], [ 22.556671467775747, 49.492439233757381 ], [ 22.556958927580006, 49.492619513889302 ], [ 22.557781657364618, 49.493176446531365 ], [ 22.558009642726621, 49.493144254065669 ], [ 22.558351620769617, 49.493366381648087 ], [ 22.558787766679529, 49.493797756971865 ], [ 22.560205240886749, 49.494924465630469 ], [ 22.561047795485443, 49.495603697461995 ], [ 22.561290649458005, 49.49591916686046 ], [ 22.561429423156621, 49.496189567583563 ], [ 22.561538459634093, 49.496408462312822 ], [ 22.561706970553839, 49.496476061957821 ], [ 22.561820963234837, 49.49648250001438 ], [ 22.56205886100388, 49.496556537603936 ], [ 22.562212503313056, 49.496843029830018 ], [ 22.562638736815924, 49.497358067816656 ], [ 22.562950977637797, 49.49771537223544 ], [ 22.563108890751646, 49.498014313429159 ], [ 22.563185777735313, 49.498002423873523 ], [ 22.563416438686339, 49.498045226260345 ], [ 22.563493325670006, 49.498118941394367 ], [ 22.563808196174566, 49.49820692382832 ], [ 22.564533130592043, 49.498133208826822 ], [ 22.56453313059205, 49.498133208826815 ], [ 22.564500179027625, 49.498097540237865 ], [ 22.564016889415971, 49.497491170247869 ], [ 22.563588519078372, 49.49697277739746 ], [ 22.563379689242414, 49.496917066874154 ], [ 22.563161616287459, 49.496572632717267 ], [ 22.563156660083941, 49.496418119410663 ], [ 22.563082317031107, 49.496202443771196 ], [ 22.562884068890241, 49.49608333890621 ], [ 22.5628741564832, 49.495896633399433 ], [ 22.562670952138809, 49.495703489022205 ], [ 22.562586696678942, 49.495532877521633 ], [ 22.562279412060583, 49.495249596735448 ], [ 22.561917609203498, 49.495301102454881 ], [ 22.561664842823884, 49.495011382077948 ], [ 22.561392251630195, 49.495040354192824 ], [ 22.561382339223155, 49.494966314309622 ], [ 22.561055229790718, 49.494982409945933 ], [ 22.560975930534365, 49.494740974845527 ], [ 22.560688470730106, 49.494489881077705 ], [ 22.558874500241142, 49.492951098826751 ], [ 22.558740682746063, 49.492728969359732 ], [ 22.558522609791105, 49.492712872982381 ], [ 22.558329317853755, 49.492764381371288 ], [ 22.558031945642448, 49.492539031769596 ], [ 22.557655274174799, 49.492564786062296 ], [ 22.557556150104364, 49.492481084561469 ], [ 22.557437201219841, 49.492481084561469 ], [ 22.556574821807057, 49.491650500373176 ], [ 22.556069289047841, 49.490910045222179 ], [ 22.555697573783711, 49.490333770201907 ], [ 22.555479500828753, 49.490343428498363 ], [ 22.554978924273055, 49.490462547331376 ], [ 22.554930725001164, 49.490470427824313 ] ] ] ] } },
{ "type": "Feature", "properties": { "fid": 279, "cadastral_number": null, "house_number": "22", "owner_uk": "Роман Шимоняк", "type": "Roman Szymoniak", "locality_uk": "Ліщовате", "owner_pl": "Roman Szymoniak", "locality_pl": "Leszczowate" }, "geometry": { "type": "MultiPolygon", "coordinates": [ [ [ [ 22.554256692199722, 49.490580630956508 ], [ 22.5543618769346, 49.49079414688044 ], [ 22.554540300261383, 49.49106457591769 ], [ 22.554718723588167, 49.491228764247111 ], [ 22.554793066640993, 49.491309248521183 ], [ 22.555154869498079, 49.491730983953829 ], [ 22.55535807384247, 49.491994969169504 ], [ 22.556056898539037, 49.4925937596254 ], [ 22.556304708715125, 49.492754723552508 ], [ 22.556800329067297, 49.493073430566561 ], [ 22.557087788871563, 49.493324531600919 ], [ 22.557276124605391, 49.493334189307284 ], [ 22.5574396793216, 49.493475835448379 ], [ 22.55756358440965, 49.493482273899602 ], [ 22.55769244570121, 49.493549877586268 ], [ 22.557974949301954, 49.493781660945992 ], [ 22.558460657247089, 49.494161525745369 ], [ 22.559005839634484, 49.494676591950949 ], [ 22.559040533059129, 49.494789261960904 ], [ 22.559109919908433, 49.494882616915511 ], [ 22.559337905270443, 49.495107955727498 ], [ 22.559546065818356, 49.495326855294294 ], [ 22.559808744605007, 49.495410551928742 ], [ 22.560041686170528, 49.495619792888697 ], [ 22.560314277364224, 49.495845128306698 ], [ 22.560611649575524, 49.495999643422294 ], [ 22.560819810123437, 49.496311891229418 ], [ 22.560884240769226, 49.496440652631591 ], [ 22.560978408636135, 49.496598384887612 ], [ 22.561221262608704, 49.496920285873557 ], [ 22.561632627501012, 49.497393476479111 ], [ 22.561964693136964, 49.497737904859079 ], [ 22.562162941277837, 49.497969668385927 ], [ 22.562588988290628, 49.498294906104093 ], [ 22.562863584660885, 49.498114185582615 ], [ 22.562958778069238, 49.498011935518264 ], [ 22.563108890751646, 49.498014313429159 ], [ 22.562950977637797, 49.49771537223544 ], [ 22.562638736815924, 49.497358067816656 ], [ 22.562212503313056, 49.496843029830018 ], [ 22.56205886100388, 49.496556537603936 ], [ 22.561820963234837, 49.49648250001438 ], [ 22.561706970553839, 49.496476061957821 ], [ 22.561538459634093, 49.496408462312822 ], [ 22.561429423156621, 49.496189567583563 ], [ 22.561290649458005, 49.49591916686046 ], [ 22.561047795485443, 49.495603697461995 ], [ 22.560205240886749, 49.494924465630469 ], [ 22.558787766679529, 49.493797756971865 ], [ 22.558351620769617, 49.493366381648087 ], [ 22.558009642726621, 49.493144254065669 ], [ 22.557781657364618, 49.493176446531365 ], [ 22.556958927580006, 49.492619513889302 ], [ 22.556671467775747, 49.492439233757381 ], [ 22.556071767149614, 49.49189195071812 ], [ 22.55603211752144, 49.491859757407617 ], [ 22.556116372981311, 49.491817906072292 ], [ 22.555799175955919, 49.491447681163031 ], [ 22.555293643196698, 49.490971213680808 ], [ 22.555125132276959, 49.490716881166804 ], [ 22.554930725001164, 49.490470427824313 ], [ 22.554256692199722, 49.490580630956508 ] ] ] ] } },
{ "type": "Feature", "properties": { "fid": 280, "cadastral_number": null, "house_number": "24", "owner_uk": "Іван Жовтків", "type": null, "locality_uk": "Ліщовате", "owner_pl": "Iwan Żołtków", "locality_pl": "Leszczowate" }, "geometry": { "type": "MultiPolygon", "coordinates": [ [ [ [ 22.557658109150456, 49.494744154488338 ], [ 22.559005839634484, 49.494676591950949 ], [ 22.558805087071772, 49.49448692907275 ], [ 22.557623058851899, 49.494522072658413 ], [ 22.557623058851899, 49.494663715361874 ], [ 22.557658109150456, 49.494744154488338 ] ] ] ] } },
{ "type": "Feature", "properties": { "fid": 281, "cadastral_number": null, "house_number": "25", "owner_uk": "Тимко Гут", "type": null, "locality_uk": "Ліщовате", "owner_pl": "Tymko Gut", "locality_pl": "Leszczowate" }, "geometry": { "type": "MultiPolygon", "coordinates": [ [ [ [ 22.552290998658332, 49.490892644961818 ], [ 22.552721373568883, 49.491431584364349 ], [ 22.553370636230238, 49.492210663349859 ], [ 22.553826606954239, 49.49264526813969 ], [ 22.554272665271192, 49.493095965327406 ], [ 22.554366833138108, 49.493060553555743 ], [ 22.555095395055805, 49.493833168210216 ], [ 22.555571190593888, 49.493858921822003 ], [ 22.555690139478411, 49.493971593714207 ], [ 22.555992467893233, 49.494100361273439 ], [ 22.556240278069321, 49.494254881897334 ], [ 22.556735898421504, 49.494824672481919 ], [ 22.556929190358847, 49.495011382078005 ], [ 22.557400029693415, 49.495671298218596 ], [ 22.557588365427243, 49.495896633399468 ], [ 22.557816350789246, 49.496112310386565 ], [ 22.55797494930194, 49.496186348536142 ], [ 22.55816824123929, 49.496405243279803 ], [ 22.558445788636508, 49.496608041948029 ], [ 22.558901759360506, 49.497139177334638 ], [ 22.559179306757731, 49.497560862536645 ], [ 22.559734401552166, 49.49840100313871 ], [ 22.559907868675431, 49.498610231313627 ], [ 22.560120985426856, 49.498732548909224 ], [ 22.560210197090253, 49.498774394332287 ], [ 22.560366588333999, 49.498913155472842 ], [ 22.560589926715142, 49.49877286110889 ], [ 22.560707087833112, 49.498822796437068 ], [ 22.561333167557304, 49.498779994730313 ], [ 22.561032926874869, 49.498607012425374 ], [ 22.560720686053003, 49.49846538113394 ], [ 22.560621561982568, 49.498301217078669 ], [ 22.560408445231129, 49.498063017274163 ], [ 22.560180459869134, 49.497686401704065 ], [ 22.559937605896561, 49.49742244718388 ], [ 22.559585715446524, 49.496875219862979 ], [ 22.559169394350697, 49.49648571904234 ], [ 22.558797679086556, 49.496138062799098 ], [ 22.558797679086556, 49.496028614952166 ], [ 22.558713423626688, 49.495954576563982 ], [ 22.558470569654116, 49.49591916686046 ], [ 22.558341708362555, 49.495748556111749 ], [ 22.558262409106209, 49.495764651490809 ], [ 22.558074073372374, 49.495529658431025 ], [ 22.55788573763855, 49.495323636190122 ], [ 22.557870869027987, 49.495098298371133 ], [ 22.557697401904726, 49.494834329892257 ], [ 22.557623058851899, 49.494663715361874 ], [ 22.557623058851899, 49.494522072658413 ], [ 22.557092745075067, 49.494563921681646 ], [ 22.55662190574051, 49.494177621646351 ], [ 22.556076723353112, 49.493643234904859 ], [ 22.555605884018547, 49.493469396996332 ], [ 22.555437373098801, 49.493372820113706 ], [ 22.555154869498065, 49.493066992061593 ], [ 22.554887234507888, 49.492825547512766 ], [ 22.554778198030416, 49.49285130165471 ], [ 22.554039723705671, 49.492207444040723 ], [ 22.553707658069715, 49.491879073396497 ], [ 22.553449935486586, 49.491627964946915 ], [ 22.55337559243376, 49.491495971527421 ], [ 22.552832888148135, 49.490845657288403 ], [ 22.55241161084879, 49.49086819307486 ], [ 22.552290998658332, 49.490892644961818 ] ] ] ] } },
{ "type": "Feature", "properties": { "fid": 282, "cadastral_number": null, "house_number": "26", "owner_uk": "Гнат Возний", "type": null, "locality_uk": "Ліщовате", "owner_pl": "Hnat Wozny", "locality_pl": "Leszczowate" }, "geometry": { "type": "MultiPolygon", "coordinates": [ [ [ [ 22.551726904917732, 49.491007004538538 ], [ 22.551958118226541, 49.491296371046253 ], [ 22.552389307932938, 49.491846880077517 ], [ 22.552711461161852, 49.492204224731381 ], [ 22.553162475682331, 49.492767600643845 ], [ 22.553479672707716, 49.493047676541515 ], [ 22.553886081396502, 49.493424327808164 ], [ 22.553955468245803, 49.493411450889631 ], [ 22.554480825819109, 49.493846045017811 ], [ 22.554446132394453, 49.493875017822489 ], [ 22.555432416895293, 49.494245224372634 ], [ 22.55581900076999, 49.494666934509475 ], [ 22.556141153998901, 49.495056449804814 ], [ 22.556572343705287, 49.495616573803801 ], [ 22.556755723235597, 49.495822594811607 ], [ 22.557330642844114, 49.496360176794958 ], [ 22.557518978577939, 49.496614479987215 ], [ 22.557969993098425, 49.49697822782619 ], [ 22.558307014937899, 49.497361286787047 ], [ 22.558425963822422, 49.49759627105238 ], [ 22.558688642609077, 49.497979325175748 ], [ 22.559119832315471, 49.498555510185021 ], [ 22.559382511102125, 49.498906368124437 ], [ 22.559784444029056, 49.499136674476084 ], [ 22.560102975818548, 49.499081983750486 ], [ 22.560256749785896, 49.499036804409307 ], [ 22.560366588333999, 49.498913155472842 ], [ 22.560210197090253, 49.498774394332287 ], [ 22.560120985426856, 49.498732548909224 ], [ 22.559907868675431, 49.498610231313627 ], [ 22.559734401552166, 49.49840100313871 ], [ 22.559179306757731, 49.497560862536645 ], [ 22.558901759360506, 49.497139177334638 ], [ 22.558445788636508, 49.496608041948029 ], [ 22.55816824123929, 49.496405243279803 ], [ 22.55797494930194, 49.496186348536142 ], [ 22.557816350789246, 49.496112310386565 ], [ 22.557588365427243, 49.495896633399468 ], [ 22.557400029693415, 49.495671298218596 ], [ 22.556929190358847, 49.495011382078005 ], [ 22.556735898421504, 49.494824672481919 ], [ 22.556240278069321, 49.494254881897334 ], [ 22.555992467893233, 49.494100361273439 ], [ 22.555690139478411, 49.493971593714207 ], [ 22.555571190593888, 49.493858921822003 ], [ 22.555095395055805, 49.493833168210216 ], [ 22.554366833138108, 49.493060553555743 ], [ 22.554272665271192, 49.493095965327406 ], [ 22.553826606954239, 49.49264526813969 ], [ 22.553370636230238, 49.492210663349859 ], [ 22.552721373568883, 49.491431584364349 ], [ 22.552290998658332, 49.490892644961818 ], [ 22.551726904917732, 49.491007004538538 ] ] ] ] } },
{ "type": "Feature", "properties": { "fid": 283, "cadastral_number": null, "house_number": "27", "owner_uk": "Тимко Романів", "type": null, "locality_uk": "Ліщовате", "owner_pl": "Tymko Romanów", "locality_pl": "Leszczowate" }, "geometry": { "type": "MultiPolygon", "coordinates": [ [ [ [ 22.551353925760253, 49.491138340907582 ], [ 22.551868906563151, 49.491689132508448 ], [ 22.552146453960368, 49.49211408398363 ], [ 22.552280271455459, 49.492268610878128 ], [ 22.552414088950545, 49.49239094432361 ], [ 22.552855191063983, 49.492931783260985 ], [ 22.553529234742943, 49.493614261962982 ], [ 22.554332139713466, 49.494351457039549 ], [ 22.554976446171292, 49.494412621197725 ], [ 22.555620752629121, 49.495017820327227 ], [ 22.555977599282681, 49.495449181096404 ], [ 22.556473219634857, 49.496031834009997 ], [ 22.556730942217992, 49.496353738722313 ], [ 22.557360380065255, 49.497013636763469 ], [ 22.557514022374427, 49.497168148189949 ], [ 22.557707314311777, 49.497522235035738 ], [ 22.558019555133647, 49.497889195063522 ], [ 22.558133547814649, 49.498217525387616 ], [ 22.558361533176644, 49.498446067744275 ], [ 22.558554825113994, 49.498681046800968 ], [ 22.558663861591477, 49.498819458594021 ], [ 22.558832372511215, 49.498977183183271 ], [ 22.558896803156998, 49.499047998139616 ], [ 22.559010082264919, 49.499128351978307 ], [ 22.559116259528082, 49.499192554067378 ], [ 22.559784444029056, 49.499136674476084 ], [ 22.559382511102125, 49.498906368124437 ], [ 22.559119832315471, 49.498555510185021 ], [ 22.558688642609077, 49.497979325175748 ], [ 22.558425963822422, 49.49759627105238 ], [ 22.558307014937899, 49.497361286787047 ], [ 22.557969993098425, 49.49697822782619 ], [ 22.557518978577939, 49.496614479987215 ], [ 22.557330642844114, 49.496360176794958 ], [ 22.556755723235597, 49.495822594811607 ], [ 22.556572343705287, 49.495616573803801 ], [ 22.556141153998901, 49.495056449804814 ], [ 22.55581900076999, 49.494666934509475 ], [ 22.555432416895293, 49.494245224372634 ], [ 22.554446132394453, 49.493875017822489 ], [ 22.554480825819109, 49.493846045017811 ], [ 22.553955468245803, 49.493411450889631 ], [ 22.553886081396502, 49.493424327808164 ], [ 22.553479672707716, 49.493047676541515 ], [ 22.553162475682331, 49.492767600643845 ], [ 22.552711461161852, 49.492204224731381 ], [ 22.552389307932938, 49.491846880077517 ], [ 22.551958118226541, 49.491296371046253 ], [ 22.551726904917732, 49.491007004538538 ], [ 22.55163348689587, 49.491025943289536 ], [ 22.551390632923312, 49.491119305421996 ], [ 22.551353925760253, 49.491138340907582 ] ] ] ] } },
{ "type": "Feature", "properties": { "fid": 284, "cadastral_number": null, "house_number": "24", "owner_uk": "Іван Жовтків", "type": null, "locality_uk": "Ліщовате", "owner_pl": "Iwan Żołtków", "locality_pl": "Leszczowate" }, "geometry": { "type": "MultiPolygon", "coordinates": [ [ [ [ 22.56206542454467, 49.498606409646918 ], [ 22.561607846483405, 49.498375251916883 ], [ 22.561345167696746, 49.49818855515349 ], [ 22.56106266409601, 49.497802283726656 ], [ 22.56071572984948, 49.4973258781013 ], [ 22.560314277364224, 49.496939599865392 ], [ 22.560259759125483, 49.496820496794363 ], [ 22.560145766444489, 49.496788306725406 ], [ 22.560081335798703, 49.496617699006492 ], [ 22.559932649693046, 49.496466404871406 ], [ 22.559798832197966, 49.496302234110615 ], [ 22.559709620534573, 49.496141281849717 ], [ 22.558989384970022, 49.496317360647971 ], [ 22.559169394350697, 49.49648571904234 ], [ 22.559585715446524, 49.496875219862979 ], [ 22.559937605896561, 49.49742244718388 ], [ 22.560180459869134, 49.497686401704065 ], [ 22.560408445231129, 49.498063017274163 ], [ 22.560621561982568, 49.498301217078669 ], [ 22.560720686053003, 49.49846538113394 ], [ 22.561032926874869, 49.498607012425374 ], [ 22.561333167557304, 49.498779994730313 ], [ 22.56137509001136, 49.498840389286556 ], [ 22.561635105602754, 49.498851647326951 ], [ 22.561969649340476, 49.498867741685501 ], [ 22.562408273352155, 49.49931355331325 ], [ 22.562440488675044, 49.499638655260839 ], [ 22.562296758772913, 49.499666015227213 ], [ 22.562257415865414, 49.499666015227213 ], [ 22.562250767905535, 49.499666015227213 ], [ 22.5624875726085, 49.49991386363736 ], [ 22.563229713154556, 49.499602732092782 ], [ 22.563050310192658, 49.499438661295187 ], [ 22.562859923375939, 49.499424394243313 ], [ 22.562567020581, 49.499234166487533 ], [ 22.562475488457576, 49.499046315853015 ], [ 22.562900197510249, 49.498989247163024 ], [ 22.562545052871386, 49.498801395588359 ], [ 22.56210203739403, 49.498653967265248 ], [ 22.56206542454467, 49.498606409646918 ] ] ] ] } },
{ "type": "Feature", "properties": { "fid": 285, "cadastral_number": null, "house_number": "24", "owner_uk": "Іван Жовтків", "type": null, "locality_uk": "Ліщовате", "owner_pl": "Iwan Żołtków", "locality_pl": "Leszczowate" }, "geometry": { "type": "MultiPolygon", "coordinates": [ [ [ [ 22.557623058851899, 49.494522072658413 ], [ 22.557657752276565, 49.494245224372619 ], [ 22.557603234037821, 49.494058511853844 ], [ 22.557172044331434, 49.494007004826763 ], [ 22.557097701278604, 49.49384282581623 ], [ 22.556849891102519, 49.493743030462277 ], [ 22.556626861944036, 49.493730153627595 ], [ 22.556592168519391, 49.493524123811888 ], [ 22.556384007971477, 49.493282681518004 ], [ 22.556076723353126, 49.493308435419422 ], [ 22.555972643079169, 49.493170008039932 ], [ 22.555982555486207, 49.493025141758466 ], [ 22.55571492049604, 49.492957537347024 ], [ 22.555541453372779, 49.492793354816271 ], [ 22.555407635877689, 49.492809451167162 ], [ 22.555244081161472, 49.492561566776487 ], [ 22.554664205349422, 49.492110864668128 ], [ 22.554267709067688, 49.4917470806541 ], [ 22.554153716386683, 49.491441242444211 ], [ 22.553545358734137, 49.490684064811234 ], [ 22.55345241358836, 49.490697564719341 ], [ 22.552832888148135, 49.490845657288403 ], [ 22.55337559243376, 49.491495971527421 ], [ 22.553449935486586, 49.491627964946915 ], [ 22.553707658069715, 49.491879073396497 ], [ 22.554039723705671, 49.492207444040723 ], [ 22.554778198030416, 49.49285130165471 ], [ 22.554887234507888, 49.492825547512766 ], [ 22.555154869498065, 49.493066992061593 ], [ 22.555437373098801, 49.493372820113706 ], [ 22.555605884018547, 49.493469396996332 ], [ 22.556076723353112, 49.493643234904859 ], [ 22.55662190574051, 49.494177621646351 ], [ 22.557092745075067, 49.494563921681646 ], [ 22.557623058851899, 49.494522072658413 ] ] ] ] } },
{ "type": "Feature", "properties": { "fid": 286, "cadastral_number": null, "house_number": "23", "owner_uk": "Антон Романів", "type": null, "locality_uk": "Ліщовате", "owner_pl": "Anton Romanów", "locality_pl": "Leszczowate" }, "geometry": { "type": "MultiPolygon", "coordinates": [ [ [ [ 22.554153716386683, 49.491441242444211 ], [ 22.554718806761137, 49.491228854290711 ], [ 22.554718723588167, 49.491228764247111 ], [ 22.554540300261383, 49.49106457591769 ], [ 22.5543618769346, 49.49079414688044 ], [ 22.554256692199722, 49.490580630956508 ], [ 22.554250362355358, 49.490581665874501 ], [ 22.553545358734137, 49.490684064811234 ], [ 22.554153716386683, 49.491441242444211 ] ] ] ] } },
{ "type": "Feature", "properties": { "fid": 287, "cadastral_number": null, "house_number": "23", "owner_uk": "Лесько Романів", "type": null, "locality_uk": "Ліщовате", "owner_pl": "Lesko Romanów", "locality_pl": "Leszczowate" }, "geometry": { "type": "MultiPolygon", "coordinates": [ [ [ [ 22.55571492049604, 49.492957537347024 ], [ 22.555903256229861, 49.492893152106483 ], [ 22.555695095681948, 49.492719311533982 ], [ 22.555472066523468, 49.492407040806846 ], [ 22.554708811181118, 49.491805028731186 ], [ 22.55509279717133, 49.491658629357772 ], [ 22.554793066640993, 49.491309248521183 ], [ 22.554718806761137, 49.491228854290711 ], [ 22.554153716386683, 49.491441242444211 ], [ 22.554267709067688, 49.4917470806541 ], [ 22.554664205349422, 49.492110864668128 ], [ 22.555244081161472, 49.492561566776487 ], [ 22.555407635877689, 49.492809451167162 ], [ 22.555541453372779, 49.492793354816271 ], [ 22.55571492049604, 49.492957537347024 ] ] ] ] } },
{ "type": "Feature", "properties": { "fid": 288, "cadastral_number": null, "house_number": "23", "owner_uk": "Антон Романів", "type": null, "locality_uk": "Ліщовате", "owner_pl": "Anton Romanów", "locality_pl": "Leszczowate" }, "geometry": { "type": "MultiPolygon", "coordinates": [ [ [ [ 22.556384007971477, 49.493282681518004 ], [ 22.556557475094735, 49.493150692560505 ], [ 22.556808478183839, 49.493080548958638 ], [ 22.556800329067297, 49.493073430566561 ], [ 22.556304708715125, 49.492754723552508 ], [ 22.556056898539037, 49.4925937596254 ], [ 22.55535807384247, 49.491994969169504 ], [ 22.555154869498079, 49.491730983953829 ], [ 22.55509279717133, 49.491658629357772 ], [ 22.554708811181118, 49.491805028731186 ], [ 22.555472066523468, 49.492407040806846 ], [ 22.555695095681948, 49.492719311533982 ], [ 22.555903256229861, 49.492893152106483 ], [ 22.55571492049604, 49.492957537347024 ], [ 22.555982555486207, 49.493025141758466 ], [ 22.555972643079169, 49.493170008039932 ], [ 22.556076723353126, 49.493308435419422 ], [ 22.556384007971477, 49.493282681518004 ] ] ] ] } },
{ "type": "Feature", "properties": { "fid": 289, "cadastral_number": null, "house_number": "23", "owner_uk": "Лесько Романів", "type": null, "locality_uk": "Ліщовате", "owner_pl": "Lesko Romanów", "locality_pl": "Leszczowate" }, "geometry": { "type": "MultiPolygon", "coordinates": [ [ [ [ 22.562588988290628, 49.498294906104093 ], [ 22.562318053205299, 49.498473248069729 ], [ 22.562680520414041, 49.498675368178418 ], [ 22.562969761924055, 49.498875109583359 ], [ 22.563365180697222, 49.498979735708218 ], [ 22.563163810025699, 49.498777616856621 ], [ 22.562742762257969, 49.49841855660268 ], [ 22.562588988290628, 49.498294906104093 ] ] ] ] } },
{ "type": "Feature", "properties": { "fid": 290, "cadastral_number": null, "house_number": "23", "owner_uk": "Лесько Романів", "type": null, "locality_uk": "Ліщовате", "owner_pl": "Lesko Romanów", "locality_pl": "Leszczowate" }, "geometry": { "type": "MultiPolygon", "coordinates": [ [ [ [ 22.562390563802182, 49.498143431910137 ], [ 22.561697578784933, 49.498420582576038 ], [ 22.56206542454467, 49.498606409646918 ], [ 22.562318053205299, 49.498473248069729 ], [ 22.562588988290628, 49.498294906104093 ], [ 22.562390563802182, 49.498143431910137 ] ] ] ] } },
{ "type": "Feature", "properties": { "fid": 291, "cadastral_number": null, "house_number": "23", "owner_uk": "Лесько Романів", "type": null, "locality_uk": "Ліщовате", "owner_pl": "Lesko Romanów", "locality_pl": "Leszczowate" }, "geometry": { "type": "MultiPolygon", "coordinates": [ [ [ [ 22.562221043489398, 49.49801402271806 ], [ 22.562019211375713, 49.498059798349999 ], [ 22.561751576385543, 49.498137052472778 ], [ 22.561492648589681, 49.498293375971812 ], [ 22.561607846483405, 49.498375251916883 ], [ 22.561697578784933, 49.498420582576038 ], [ 22.562390563802182, 49.498143431910137 ], [ 22.562221043489398, 49.49801402271806 ] ] ] ] } },
{ "type": "Feature", "properties": { "fid": 292, "cadastral_number": null, "house_number": "23", "owner_uk": "Лесько Романів", "type": null, "locality_uk": "Ліщовате", "owner_pl": "Lesko Romanów", "locality_pl": "Leszczowate" }, "geometry": { "type": "MultiPolygon", "coordinates": [ [ [ [ 22.562051652023666, 49.497839564820097 ], [ 22.561588021669326, 49.497960011594259 ], [ 22.561283290613144, 49.498103949685422 ], [ 22.561345167696746, 49.49818855515349 ], [ 22.561492648589681, 49.498293375971812 ], [ 22.561751576385543, 49.498137052472778 ], [ 22.562019211375713, 49.498059798349999 ], [ 22.562221043489398, 49.49801402271806 ], [ 22.562162941277837, 49.497969668385927 ], [ 22.562051652023666, 49.497839564820097 ] ] ] ] } },
{ "type": "Feature", "properties": { "fid": 293, "cadastral_number": null, "house_number": "23", "owner_uk": "Лесько Романів", "type": null, "locality_uk": "Ліщовате", "owner_pl": "Lesko Romanów", "locality_pl": "Leszczowate" }, "geometry": { "type": "MultiPolygon", "coordinates": [ [ [ [ 22.561570641865817, 49.497968220851867 ], [ 22.561141963352362, 49.497567300450527 ], [ 22.560936314827085, 49.497628782542847 ], [ 22.56106266409601, 49.497802283726656 ], [ 22.561283290613144, 49.498103949685422 ], [ 22.561570641865817, 49.497968220851867 ] ] ] ] } },
{ "type": "Feature", "properties": { "fid": 294, "cadastral_number": null, "house_number": "23", "owner_uk": "Лесько Романів", "type": null, "locality_uk": "Ліщовате", "owner_pl": "Lesko Romanów", "locality_pl": "Leszczowate" }, "geometry": { "type": "MultiPolygon", "coordinates": [ [ [ [ 22.561141963352362, 49.497567300450527 ], [ 22.560844591141056, 49.497203556989824 ], [ 22.560978408636142, 49.497171367172818 ], [ 22.560904065583316, 49.496984665816697 ], [ 22.560479077749708, 49.497098171065019 ], [ 22.56071572984948, 49.4973258781013 ], [ 22.560936314827085, 49.497628782542847 ], [ 22.561141963352362, 49.497567300450527 ] ] ] ] } },
{ "type": "Feature", "properties": { "fid": 295, "cadastral_number": null, "house_number": "23", "owner_uk": "Антон Романів", "type": null, "locality_uk": "Ліщовате", "owner_pl": "Anton Romanów", "locality_pl": "Leszczowate" }, "geometry": { "type": "MultiPolygon", "coordinates": [ [ [ [ 22.561007191502107, 49.496636536344788 ], [ 22.560259759125483, 49.496820496794363 ], [ 22.560314277364224, 49.496939599865392 ], [ 22.560479077749708, 49.497098171065019 ], [ 22.560904065583316, 49.496984665816697 ], [ 22.560978408636142, 49.497171367172818 ], [ 22.560844591141056, 49.497203556989824 ], [ 22.561141963352362, 49.497567300450527 ], [ 22.561570641865817, 49.497968220851867 ], [ 22.561588021669326, 49.497960011594259 ], [ 22.562051652023666, 49.497839564820097 ], [ 22.561964693136964, 49.497737904859079 ], [ 22.561632627501012, 49.497393476479111 ], [ 22.561221262608704, 49.496920285873557 ], [ 22.561007191502107, 49.496636536344788 ] ] ] ] } },
{ "type": "Feature", "properties": { "fid": 296, "cadastral_number": null, "house_number": "24", "owner_uk": "Іван Жовтків", "type": null, "locality_uk": "Ліщовате", "owner_pl": "Iwan Żołtków", "locality_pl": "Leszczowate" }, "geometry": { "type": "MultiPolygon", "coordinates": [ [ [ [ 22.560885743840156, 49.496443170292622 ], [ 22.560487744487492, 49.4965050332057 ], [ 22.560081335798703, 49.496617699006492 ], [ 22.560145766444489, 49.496788306725406 ], [ 22.560259759125483, 49.496820496794363 ], [ 22.561007191502107, 49.496636536344788 ], [ 22.560978408636135, 49.496598384887612 ], [ 22.560885743840156, 49.496443170292622 ] ] ] ] } },
{ "type": "Feature", "properties": { "fid": 297, "cadastral_number": null, "house_number": "23", "owner_uk": "Антон Романів", "type": null, "locality_uk": "Ліщовате", "owner_pl": "Anton Romanów", "locality_pl": "Leszczowate" }, "geometry": { "type": "MultiPolygon", "coordinates": [ [ [ [ 22.560818376940905, 49.496309741407529 ], [ 22.560438182452273, 49.496350519685677 ], [ 22.559913890245745, 49.496443390296719 ], [ 22.559932649693046, 49.496466404871406 ], [ 22.560081335798703, 49.496617699006492 ], [ 22.560487744487492, 49.4965050332057 ], [ 22.560885743840156, 49.496443170292622 ], [ 22.560884240769226, 49.496440652631591 ], [ 22.560819810123437, 49.496311891229418 ], [ 22.560818376940905, 49.496309741407529 ] ] ] ] } },
{ "type": "Feature", "properties": { "fid": 298, "cadastral_number": null, "house_number": "23", "owner_uk": "Лесько Романів", "type": null, "locality_uk": "Ліщовате", "owner_pl": "Lesko Romanów", "locality_pl": "Leszczowate" }, "geometry": { "type": "MultiPolygon", "coordinates": [ [ [ [ 22.560620497588598, 49.496012915738824 ], [ 22.560274627736053, 49.496025395894172 ], [ 22.559709620534573, 49.49614128184971 ], [ 22.559709620534566, 49.496141281849717 ], [ 22.559709620534573, 49.496141281849717 ], [ 22.559798832197966, 49.496302234110615 ], [ 22.559913890245745, 49.496443390296719 ], [ 22.560438182452273, 49.496350519685677 ], [ 22.560818376940905, 49.496309741407529 ], [ 22.560620497588598, 49.496012915738824 ] ] ] ] } },
{ "type": "Feature", "properties": { "fid": 299, "cadastral_number": null, "house_number": "23", "owner_uk": "Антон Романів", "type": null, "locality_uk": "Ліщовате", "owner_pl": "Anton Romanów", "locality_pl": "Leszczowate" }, "geometry": { "type": "MultiPolygon", "coordinates": [ [ [ [ 22.560335329076509, 49.495856066812834 ], [ 22.559565890632445, 49.495919166860503 ], [ 22.558797679086556, 49.496028614952166 ], [ 22.558797679086556, 49.496138062799098 ], [ 22.558989384970022, 49.496317360647971 ], [ 22.559709620534566, 49.496141281849717 ], [ 22.559709620534573, 49.49614128184971 ], [ 22.560274627736053, 49.496025395894172 ], [ 22.560620497588598, 49.496012915738824 ], [ 22.560611649575524, 49.495999643422294 ], [ 22.560335329076509, 49.495856066812834 ] ] ] ] } },
{ "type": "Feature", "properties": { "fid": 300, "cadastral_number": null, "house_number": "24", "owner_uk": "Іван Жовтків", "type": null, "locality_uk": "Ліщовате", "owner_pl": "Iwan Żołtków", "locality_pl": "Leszczowate" }, "geometry": { "type": "MultiPolygon", "coordinates": [ [ [ [ 22.56017440255302, 49.495729501867622 ], [ 22.559238781200019, 49.495822594811621 ], [ 22.558470569654116, 49.49591916686046 ], [ 22.558713423626688, 49.495954576563982 ], [ 22.558797679086556, 49.496028614952166 ], [ 22.559565890632445, 49.495919166860503 ], [ 22.560335329076509, 49.495856066812834 ], [ 22.560314277364224, 49.495845128306698 ], [ 22.56017440255302, 49.495729501867622 ] ] ] ] } },
{ "type": "Feature", "properties": { "fid": 301, "cadastral_number": null, "house_number": "23", "owner_uk": "Лесько Романів", "type": null, "locality_uk": "Ліщовате", "owner_pl": "Lesko Romanów", "locality_pl": "Leszczowate" }, "geometry": { "type": "MultiPolygon", "coordinates": [ [ [ [ 22.559160896193521, 49.495649954475539 ], [ 22.559217144275291, 49.495825314794367 ], [ 22.559238781200019, 49.495822594811621 ], [ 22.56017440255302, 49.495729501867622 ], [ 22.560041686170528, 49.495619792888697 ], [ 22.559987825691298, 49.495571412436057 ], [ 22.559303211845798, 49.495635888310133 ], [ 22.559160896193521, 49.495649954475539 ] ] ] ] } },
{ "type": "Feature", "properties": { "fid": 302, "cadastral_number": null, "house_number": "23", "owner_uk": "Антон Романів", "type": null, "locality_uk": "Ліщовате", "owner_pl": "Anton Romanów", "locality_pl": "Leszczowate" }, "geometry": { "type": "MultiPolygon", "coordinates": [ [ [ [ 22.559217144275291, 49.495825314794367 ], [ 22.559160896193521, 49.495649954475539 ], [ 22.558619255759798, 49.49570348902224 ], [ 22.558341708362555, 49.495748556111749 ], [ 22.558470569654116, 49.49591916686046 ], [ 22.559217144275291, 49.495825314794367 ] ] ] ] } },
{ "type": "Feature", "properties": { "fid": 303, "cadastral_number": null, "house_number": "24", "owner_uk": "Іван Жовтків", "type": null, "locality_uk": "Ліщовате", "owner_pl": "Iwan Żołtków", "locality_pl": "Leszczowate" }, "geometry": { "type": "MultiPolygon", "coordinates": [ [ [ [ 22.559543498057231, 49.495324155062171 ], [ 22.558668817795006, 49.495474933857892 ], [ 22.558068869029398, 49.495523965351012 ], [ 22.558074073372374, 49.495529658431025 ], [ 22.558262409106209, 49.495764651490809 ], [ 22.558341708362555, 49.495748556111749 ], [ 22.558619255759798, 49.49570348902224 ], [ 22.559303211845798, 49.495635888310133 ], [ 22.559987825691298, 49.495571412436057 ], [ 22.559808744605007, 49.495410551928742 ], [ 22.559546065818356, 49.495326855294294 ], [ 22.559543498057231, 49.495324155062171 ] ] ] ] } },
{ "type": "Feature", "properties": { "fid": 304, "cadastral_number": null, "house_number": "23", "owner_uk": "Лесько Романів", "type": null, "locality_uk": "Ліщовате", "owner_pl": "Lesko Romanów", "locality_pl": "Leszczowate" }, "geometry": { "type": "MultiPolygon", "coordinates": [ [ [ [ 22.55856453201617, 49.495010272677234 ], [ 22.558606619173645, 49.495480017113024 ], [ 22.558668817795006, 49.495474933857892 ], [ 22.559543498057231, 49.495324155062171 ], [ 22.559337905270443, 49.495107955727498 ], [ 22.559212882024838, 49.494984383804344 ], [ 22.558946365192234, 49.495011382078005 ], [ 22.558584562335142, 49.49500816295307 ], [ 22.55856453201617, 49.495010272677234 ] ] ] ] } },
{ "type": "Feature", "properties": { "fid": 305, "cadastral_number": null, "house_number": "24", "owner_uk": "Іван Жовтків", "type": null, "locality_uk": "Ліщовате", "owner_pl": "Iwan Żołtków", "locality_pl": "Leszczowate" }, "geometry": { "type": "MultiPolygon", "coordinates": [ [ [ [ 22.559052703872972, 49.494805636904935 ], [ 22.558644036777402, 49.494840768164799 ], [ 22.557765388490488, 49.494937786474061 ], [ 22.557861671646489, 49.49508430252709 ], [ 22.558584562335142, 49.49500816295307 ], [ 22.558946365192234, 49.495011382078005 ], [ 22.559212882024838, 49.494984383804344 ], [ 22.559109919908433, 49.494882616915511 ], [ 22.559052703872972, 49.494805636904935 ] ] ] ] } },
{ "type": "Feature", "properties": { "fid": 306, "cadastral_number": null, "house_number": "23", "owner_uk": "Лесько Романів", "type": null, "locality_uk": "Ліщовате", "owner_pl": "Lesko Romanów", "locality_pl": "Leszczowate" }, "geometry": { "type": "MultiPolygon", "coordinates": [ [ [ [ 22.557603234037821, 49.494058511853844 ], [ 22.558277724711765, 49.494018456990723 ], [ 22.557974949301954, 49.493781660945992 ], [ 22.55769244570121, 49.493549877586268 ], [ 22.55756358440965, 49.493482273899602 ], [ 22.5574396793216, 49.493475835448379 ], [ 22.557276124605391, 49.493334189307284 ], [ 22.557087788871563, 49.493324531600919 ], [ 22.556808478183839, 49.493080548958638 ], [ 22.556557475094735, 49.493150692560505 ], [ 22.556384007971477, 49.493282681518004 ], [ 22.556592168519391, 49.493524123811888 ], [ 22.556626861944036, 49.493730153627595 ], [ 22.556849891102519, 49.493743030462277 ], [ 22.557097701278604, 49.49384282581623 ], [ 22.557172044331434, 49.494007004826763 ], [ 22.557603234037821, 49.494058511853844 ] ] ] ] } },
{ "type": "Feature", "properties": { "fid": 307, "cadastral_number": null, "house_number": "24", "owner_uk": "Іван Жовтків", "type": null, "locality_uk": "Ліщовате", "owner_pl": "Iwan Żołtków", "locality_pl": "Leszczowate" }, "geometry": { "type": "MultiPolygon", "coordinates": [ [ [ [ 22.557657171280834, 49.494249860630759 ], [ 22.558527404424435, 49.494224585771086 ], [ 22.558460657247089, 49.494161525745369 ], [ 22.558277724711765, 49.494018456990723 ], [ 22.557603234037821, 49.494058511853844 ], [ 22.557657752276565, 49.494245224372619 ], [ 22.557657171280834, 49.494249860630759 ] ] ] ] } },
{ "type": "Feature", "properties": { "fid": 308, "cadastral_number": null, "house_number": "23", "owner_uk": "Антон Романів", "type": null, "locality_uk": "Ліщовате", "owner_pl": "Anton Romanów", "locality_pl": "Leszczowate" }, "geometry": { "type": "MultiPolygon", "coordinates": [ [ [ [ 22.557623058851899, 49.494522072658413 ], [ 22.558805087071772, 49.49448692907275 ], [ 22.558527404424435, 49.494224585771086 ], [ 22.557657171280834, 49.494249860630759 ], [ 22.557623058851899, 49.494522072658413 ] ] ] ] } },
{ "type": "Feature", "properties": { "fid": 309, "cadastral_number": null, "house_number": "23", "owner_uk": "Лесько Романів", "type": null, "locality_uk": "Ліщовате", "owner_pl": "Lesko Romanów", "locality_pl": "Leszczowate" }, "geometry": { "type": "MultiPolygon", "coordinates": [ [ [ [ 22.559005839634484, 49.494676591950949 ], [ 22.557658109150456, 49.494744154488338 ], [ 22.557697401904726, 49.494834329892257 ], [ 22.557765388490488, 49.494937786474061 ], [ 22.558644036777402, 49.494840768164799 ], [ 22.559052703872972, 49.494805636904935 ], [ 22.559040533059129, 49.494789261960904 ], [ 22.559005839634484, 49.494676591950949 ] ] ] ] } },
{ "type": "Feature", "properties": { "fid": 310, "cadastral_number": null, "house_number": "23", "owner_uk": "Антон Романів", "type": null, "locality_uk": "Ліщовате", "owner_pl": "Anton Romanów", "locality_pl": "Leszczowate" }, "geometry": { "type": "MultiPolygon", "coordinates": [ [ [ [ 22.558606619173645, 49.495480017113024 ], [ 22.55856453201617, 49.495010272677234 ], [ 22.557861671646489, 49.49508430252709 ], [ 22.557870869027987, 49.495098298371133 ], [ 22.55788573763855, 49.495323636190122 ], [ 22.558068869029398, 49.495523965351012 ], [ 22.558606619173645, 49.495480017113024 ] ] ] ] } },
{ "type": "Feature", "properties": { "fid": 311, "cadastral_number": null, "house_number": "26", "owner_uk": "Гнат Возний", "type": null, "locality_uk": "Ліщовате", "owner_pl": "Hnat Wozny", "locality_pl": "Leszczowate" }, "geometry": { "type": "MultiPolygon", "coordinates": [ [ [ [ 22.561426945054848, 49.500226086471258 ], [ 22.561711926757351, 49.500137569890811 ], [ 22.561377102976543, 49.499807225360293 ], [ 22.561212345154395, 49.499636021752693 ], [ 22.56121234515436, 49.499636021752664 ], [ 22.561186645749508, 49.499611306849893 ], [ 22.561186645749505, 49.499611306849893 ], [ 22.561212345154395, 49.4996360217527 ], [ 22.560846216660714, 49.499693089688449 ], [ 22.560593499854523, 49.499861225537416 ], [ 22.560497817316204, 49.499766047305677 ], [ 22.560622878279567, 49.49989044911986 ], [ 22.560813265096282, 49.500140119549314 ], [ 22.560857375784344, 49.500202190178747 ], [ 22.560959932258033, 49.500382209186334 ], [ 22.561426945054848, 49.500226086471258 ] ] ] ] } },
{ "type": "Feature", "properties": { "fid": 312, "cadastral_number": null, "house_number": "26", "owner_uk": "Гнат Возний", "type": null, "locality_uk": "Ліщовате", "owner_pl": "Hnat Wozny", "locality_pl": "Leszczowate" }, "geometry": { "type": "MultiPolygon", "coordinates": [ [ [ [ 22.565869395633047, 49.507309855463888 ], [ 22.566218354809411, 49.507354766572362 ], [ 22.566104362128414, 49.507126265822428 ], [ 22.56558891696216, 49.506141447561639 ], [ 22.565073471795909, 49.505790641497285 ], [ 22.564721581345864, 49.505394774752531 ], [ 22.564320128860608, 49.504654527529546 ], [ 22.56382450850845, 49.503865990994512 ], [ 22.563021603537951, 49.502816734920273 ], [ 22.562608960446081, 49.50275867365859 ], [ 22.563125683811933, 49.503521605745306 ], [ 22.563680778606358, 49.504313366343588 ], [ 22.563913720171879, 49.504776830017079 ], [ 22.564087187295129, 49.505156609476813 ], [ 22.56437960330291, 49.505613628308225 ], [ 22.564999128743118, 49.506225125700929 ], [ 22.565430318449504, 49.506643514250158 ], [ 22.565869395633047, 49.507309855463888 ] ] ] ] } },
{ "type": "Feature", "properties": { "fid": 313, "cadastral_number": null, "house_number": "21", "owner_uk": "Стефан Гебель", "type": null, "locality_uk": "Ліщовате", "owner_pl": "Stefan Hebel", "locality_pl": "Leszczowate" }, "geometry": { "type": "MultiPolygon", "coordinates": [ [ [ [ 22.56458900290173, 49.499107547000925 ], [ 22.564779816737332, 49.499319990996632 ], [ 22.564987977285245, 49.499429431482959 ], [ 22.565389429770498, 49.499847878144372 ], [ 22.566063473449457, 49.500710510739403 ], [ 22.566251809183285, 49.500790979422469 ], [ 22.566241896776244, 49.500945478923022 ], [ 22.566638393057985, 49.501511972918259 ], [ 22.567302524329904, 49.502606317746071 ], [ 22.567451210435557, 49.503224289894746 ], [ 22.56799143661943, 49.503993525571232 ], [ 22.568496969378643, 49.504923673060354 ], [ 22.568873640846302, 49.505580237112206 ], [ 22.569364304994952, 49.506668054236798 ], [ 22.569394042216082, 49.507221608694877 ], [ 22.569988786638692, 49.508061583438455 ], [ 22.570246509221828, 49.508496047474338 ], [ 22.570447235464439, 49.508795342676713 ], [ 22.570927987206048, 49.508730978271601 ], [ 22.571111366736346, 49.508631213276345 ], [ 22.570447235464435, 49.507784811744436 ], [ 22.570021001961564, 49.506970578960967 ], [ 22.569966483722819, 49.506780696639915 ], [ 22.570016045758042, 49.506751731475305 ], [ 22.569718673546738, 49.505902079017588 ], [ 22.569535294016429, 49.505464373507991 ], [ 22.569282527636823, 49.505203679395287 ], [ 22.568920724779733, 49.50446986628684 ], [ 22.568618396364911, 49.5040772073841 ], [ 22.568325980357127, 49.50337556313788 ], [ 22.567909659261304, 49.502622410869755 ], [ 22.567666805288734, 49.502068804374339 ], [ 22.567513162979562, 49.501466911135985 ], [ 22.567230659378822, 49.500971228792345 ], [ 22.566913462353433, 49.500517385360176 ], [ 22.566150207011081, 49.499712688075782 ], [ 22.566021345719516, 49.49958393528231 ], [ 22.565644674251857, 49.499326428679069 ], [ 22.564930980944734, 49.498853256763134 ], [ 22.56458900290173, 49.499107547000925 ] ] ] ] } },
{ "type": "Feature", "properties": { "fid": 314, "cadastral_number": null, "house_number": "22", "owner_uk": "Роман Шимоняк", "type": "Roman Szymoniak", "locality_uk": "Ліщовате", "owner_pl": "Roman Szymoniak", "locality_pl": "Leszczowate" }, "geometry": { "type": "MultiPolygon", "coordinates": [ [ [ [ 22.564156018243562, 49.499759668862716 ], [ 22.564418013880243, 49.500073194095364 ], [ 22.564750079516195, 49.50053991669369 ], [ 22.565156488204977, 49.501183664697315 ], [ 22.56542907939868, 49.501589221591281 ], [ 22.565776013645202, 49.502107428286557 ], [ 22.566068429652983, 49.502438948945986 ], [ 22.566370758067805, 49.502767248744711 ], [ 22.566717692314338, 49.50320175979725 ], [ 22.567029933136201, 49.503684545330138 ], [ 22.567282699515811, 49.504077207384093 ], [ 22.567892312548985, 49.504614698693132 ], [ 22.56795674319476, 49.50504597487501 ], [ 22.568070735875768, 49.50535816496307 ], [ 22.56809056068985, 49.505567363391947 ], [ 22.568318546051845, 49.505911734242027 ], [ 22.568675392705426, 49.506767823235535 ], [ 22.568784429182898, 49.507054255682036 ], [ 22.568903378067422, 49.507720446009785 ], [ 22.56922553129634, 49.508190313925411 ], [ 22.569557596932295, 49.508647304418368 ], [ 22.569914443585862, 49.509023835630877 ], [ 22.569981352333393, 49.509249109329623 ], [ 22.570174644270736, 49.509297382130107 ], [ 22.570382804818653, 49.509258763893541 ], [ 22.570581052959522, 49.50896268973365 ], [ 22.570447235464439, 49.508795342676713 ], [ 22.570246509221828, 49.508496047474338 ], [ 22.569988786638692, 49.508061583438455 ], [ 22.569394042216082, 49.507221608694877 ], [ 22.569364304994952, 49.506668054236798 ], [ 22.568873640846302, 49.505580237112206 ], [ 22.568496969378643, 49.504923673060354 ], [ 22.56799143661943, 49.503993525571232 ], [ 22.567451210435557, 49.503224289894746 ], [ 22.567302524329904, 49.502606317746071 ], [ 22.566638393057985, 49.501511972918259 ], [ 22.566241896776244, 49.500945478923022 ], [ 22.566251809183285, 49.500790979422469 ], [ 22.566063473449457, 49.500710510739403 ], [ 22.565389429770498, 49.499847878144372 ], [ 22.564987977285245, 49.499429431482959 ], [ 22.564779816737332, 49.499319990996632 ], [ 22.56458900290173, 49.499107547000925 ], [ 22.563888744443179, 49.499441039136762 ], [ 22.564156018243562, 49.499759668862716 ] ] ] ] } },
{ "type": "Feature", "properties": { "fid": 315, "cadastral_number": "61", "house_number": "23", "owner_uk": "Антон Романів", "type": "building", "locality_uk": "Ліщовате", "owner_pl": "Anton Romanów", "locality_pl": "Leszczowate" }, "geometry": { "type": "MultiPolygon", "coordinates": [ [ [ [ 22.564083735068468, 49.499769057741318 ], [ 22.564001692784409, 49.49968532813552 ], [ 22.563778663625925, 49.499760970285998 ], [ 22.563848132081624, 49.499847819194727 ], [ 22.563848470308876, 49.499847648346901 ], [ 22.564082792544824, 49.499769180165934 ], [ 22.564083735068468, 49.499769057741318 ] ] ] ] } },
{ "type": "Feature", "properties": { "fid": 316, "cadastral_number": null, "house_number": "23", "owner_uk": "Антон Романів", "type": null, "locality_uk": "Ліщовате", "owner_pl": "Anton Romanów", "locality_pl": "Leszczowate" }, "geometry": { "type": "MultiPolygon", "coordinates": [ [ [ [ 22.569664155307994, 49.509371400331666 ], [ 22.56962822283235, 49.509176297765258 ], [ 22.569425018487959, 49.508915623431534 ], [ 22.569261463771742, 49.508580928423186 ], [ 22.568711325180832, 49.508017734538804 ], [ 22.568384215748406, 49.507258217089941 ], [ 22.568314863909606, 49.506973940690401 ], [ 22.567926343066905, 49.507106329318304 ], [ 22.568281374525458, 49.507686653965202 ], [ 22.568519272294502, 49.508175831762543 ], [ 22.568772038674105, 49.508462255965476 ], [ 22.568940549593851, 49.508636040619521 ], [ 22.569029761257241, 49.508883843595441 ], [ 22.569188359769935, 49.509154172683047 ], [ 22.569272615229803, 49.509456682033722 ], [ 22.569391564114301, 49.509545181756032 ], [ 22.569753366971387, 49.509519436398783 ], [ 22.569664155307994, 49.509371400331666 ] ] ] ] } },
{ "type": "Feature", "properties": { "fid": 317, "cadastral_number": null, "house_number": "24", "owner_uk": "Іван Жовтків", "type": null, "locality_uk": "Ліщовате", "owner_pl": "Iwan Żołtków", "locality_pl": "Leszczowate" }, "geometry": { "type": "MultiPolygon", "coordinates": [ [ [ [ 22.562467747794436, 49.500034568577455 ], [ 22.562532178440222, 49.500103772608774 ], [ 22.562740338988139, 49.500293680843107 ], [ 22.563102141845224, 49.500770057577611 ], [ 22.563335083410745, 49.501124118362441 ], [ 22.563691930064316, 49.501745327912502 ], [ 22.563934784036878, 49.502118693588557 ], [ 22.564276762079881, 49.502482400516428 ], [ 22.564554309477099, 49.502762420822464 ], [ 22.564841769281358, 49.503177620395569 ], [ 22.565173834917314, 49.503547756579465 ], [ 22.565421645093409, 49.50389536018529 ], [ 22.565773535543453, 49.504397449922898 ], [ 22.566125425993487, 49.504909189930487 ], [ 22.566398017187183, 49.505298623708264 ], [ 22.566482272647047, 49.505488511781472 ], [ 22.566621046345663, 49.505816791118839 ], [ 22.56675486384075, 49.506260930245723 ], [ 22.566844075504143, 49.506370355208645 ], [ 22.566987805406274, 49.506824144354667 ], [ 22.567205878361229, 49.507071956508554 ], [ 22.567389257891527, 49.507310112460615 ], [ 22.567607330846492, 49.507564358751573 ], [ 22.567949308889489, 49.507921588649381 ], [ 22.568192162862065, 49.508590985398115 ], [ 22.568509359887454, 49.509260372987328 ], [ 22.568439973038149, 49.509434154806129 ], [ 22.568692739417735, 49.509722180720317 ], [ 22.569391564114301, 49.509545181756032 ], [ 22.569272615229803, 49.509456682033722 ], [ 22.569188359769935, 49.509154172683047 ], [ 22.569029761257241, 49.508883843595441 ], [ 22.568940549593851, 49.508636040619521 ], [ 22.568772038674105, 49.508462255965476 ], [ 22.568519272294502, 49.508175831762543 ], [ 22.568281374525458, 49.507686653965202 ], [ 22.567850184819068, 49.506981843143294 ], [ 22.567513162979587, 49.506202999283914 ], [ 22.567463600944368, 49.506013113983727 ], [ 22.567270309007018, 49.505279313015471 ], [ 22.566824250690065, 49.504638837385826 ], [ 22.56647236024002, 49.50415284274564 ], [ 22.565991608498408, 49.503467292429853 ], [ 22.565580243606103, 49.503010253549647 ], [ 22.565109404271535, 49.502488837782828 ], [ 22.56459395910527, 49.501848325624927 ], [ 22.564207375230577, 49.501136993251784 ], [ 22.56431145550453, 49.500947088290239 ], [ 22.563989302275623, 49.500419213000171 ], [ 22.56365076092229, 49.499947516758894 ], [ 22.563650760922286, 49.499947516758894 ], [ 22.563379825836968, 49.49966693355951 ], [ 22.562988149164209, 49.499831784108167 ], [ 22.562467747794436, 49.500034568577455 ] ] ] ] } },
{ "type": "Feature", "properties": { "fid": 318, "cadastral_number": null, "house_number": "28", "owner_uk": "Лесько Дуда", "type": null, "locality_uk": "Ліщовате", "owner_pl": "Lesko Duda", "locality_pl": "Leszczowate" }, "geometry": { "type": "MultiPolygon", "coordinates": [ [ [ [ 22.567884878243689, 49.511096314529418 ], [ 22.567789471325799, 49.510877083239599 ], [ 22.567348369212372, 49.510217372147558 ], [ 22.566664413126375, 49.509383870778358 ], [ 22.566059756296731, 49.508611501620017 ], [ 22.565896201580514, 49.508521391090525 ], [ 22.565831770934743, 49.50837335200319 ], [ 22.565935851208692, 49.50807083595339 ], [ 22.565648391404437, 49.507646023023412 ], [ 22.565132946238183, 49.507098910027416 ], [ 22.564716625142363, 49.506641905070289 ], [ 22.563765034066201, 49.505644203359388 ], [ 22.563522180093639, 49.505270864584887 ], [ 22.563447837040822, 49.504994077102765 ], [ 22.562981953909784, 49.503964156439473 ], [ 22.562803530583004, 49.503729202751188 ], [ 22.562035319037143, 49.50280225116682 ], [ 22.561698297197665, 49.502238990758791 ], [ 22.561519873870889, 49.501952530121137 ], [ 22.561172939624374, 49.50150191448828 ], [ 22.560905304634208, 49.501089919421112 ], [ 22.560531215387069, 49.500666796885376 ], [ 22.559860784741975, 49.500874666712498 ], [ 22.559765113480562, 49.500913179892109 ], [ 22.559851174857091, 49.50103614070764 ], [ 22.560258532039327, 49.501662118250827 ], [ 22.56065441437136, 49.502116692161898 ], [ 22.560860961675026, 49.502332799589411 ], [ 22.561601089513175, 49.503335078455606 ], [ 22.561887960768264, 49.503662957048078 ], [ 22.562278105675194, 49.504311255979651 ], [ 22.562524814954582, 49.504847772737286 ], [ 22.562823161059882, 49.505231527642373 ], [ 22.562673988007223, 49.505481153003693 ], [ 22.562438753578054, 49.505656262571698 ], [ 22.562392854177233, 49.505835097228307 ], [ 22.562599401480906, 49.506118250764416 ], [ 22.563190356266404, 49.506587685911036 ], [ 22.56367803740007, 49.506814950514617 ], [ 22.564676349367787, 49.507541445034711 ], [ 22.565336153254513, 49.508282830883992 ], [ 22.565645974210017, 49.509318516927664 ], [ 22.566059068817353, 49.509732040122024 ], [ 22.56673034755427, 49.510618681674856 ], [ 22.567080330485492, 49.51122218480009 ], [ 22.567163523149461, 49.511396342496631 ], [ 22.567884878243689, 49.511096314529418 ] ] ] ] } },
{ "type": "Feature", "properties": { "fid": 319, "cadastral_number": null, "house_number": "27", "owner_uk": "Тимко Романів", "type": null, "locality_uk": "Ліщовате", "owner_pl": "Tymko Romanów", "locality_pl": "Leszczowate" }, "geometry": { "type": "MultiPolygon", "coordinates": [ [ [ [ 22.560531215387069, 49.500666796885376 ], [ 22.560905304634208, 49.501089919421112 ], [ 22.561172939624374, 49.50150191448828 ], [ 22.561519873870889, 49.501952530121137 ], [ 22.561698297197665, 49.502238990758791 ], [ 22.562035319037143, 49.50280225116682 ], [ 22.562803530583004, 49.503729202751188 ], [ 22.562981953909784, 49.503964156439473 ], [ 22.563447837040822, 49.504994077102765 ], [ 22.563522180093639, 49.505270864584887 ], [ 22.563765034066201, 49.505644203359388 ], [ 22.564716625142363, 49.506641905070289 ], [ 22.565132946238183, 49.507098910027416 ], [ 22.565648391404437, 49.507646023023412 ], [ 22.565935851208692, 49.50807083595339 ], [ 22.565831770934743, 49.50837335200319 ], [ 22.565896201580514, 49.508521391090525 ], [ 22.566059756296731, 49.508611501620017 ], [ 22.566664413126375, 49.509383870778358 ], [ 22.567348369212372, 49.510217372147558 ], [ 22.567789471325799, 49.510877083239599 ], [ 22.567884878243689, 49.511096314529418 ], [ 22.568390411002905, 49.510845304677716 ], [ 22.568245442049815, 49.510711351777665 ], [ 22.567853901971599, 49.510270471174444 ], [ 22.56741775606169, 49.509787750628462 ], [ 22.566793274417964, 49.509008951439093 ], [ 22.566718931365138, 49.508860913827185 ], [ 22.566738756179216, 49.5086259836539 ], [ 22.566238179623529, 49.507689469969677 ], [ 22.565871420562932, 49.507312928486776 ], [ 22.565430318449504, 49.506643514250158 ], [ 22.564999128743118, 49.506225125700929 ], [ 22.56437960330291, 49.505613628308225 ], [ 22.564087187295129, 49.505156609476813 ], [ 22.563913720171879, 49.504776830017079 ], [ 22.563680778606358, 49.504313366343588 ], [ 22.563125683811933, 49.503521605745306 ], [ 22.562600326238631, 49.50274592541777 ], [ 22.562491289761155, 49.502562463957133 ], [ 22.562367384673113, 49.502404750923581 ], [ 22.562322778841423, 49.502282442506768 ], [ 22.561926282559686, 49.501423056325905 ], [ 22.561680950485364, 49.501019107419602 ], [ 22.561178151754277, 49.500435548423596 ], [ 22.5611196604365, 49.500453010064369 ], [ 22.560628996287839, 49.500636479434121 ], [ 22.560531215387069, 49.500666796885376 ] ] ] ] } },
{ "type": "Feature", "properties": { "fid": 320, "cadastral_number": null, "house_number": "23", "owner_uk": "Антон Романів", "type": null, "locality_uk": "Ліщовате", "owner_pl": "Anton Romanów", "locality_pl": "Leszczowate" }, "geometry": { "type": "MultiPolygon", "coordinates": [ [ [ [ 22.564129315025042, 49.500166136622909 ], [ 22.564633968896498, 49.500904669891014 ], [ 22.564953797681316, 49.50086260458329 ], [ 22.564750079516195, 49.50053991669369 ], [ 22.564418013880243, 49.500073194095364 ], [ 22.564396580496464, 49.5000475451696 ], [ 22.564129315025042, 49.500166136622909 ] ] ] ] } },
{ "type": "Feature", "properties": { "fid": 321, "cadastral_number": null, "house_number": "23", "owner_uk": "Лесько Романів", "type": null, "locality_uk": "Ліщовате", "owner_pl": "Lesko Romanów", "locality_pl": "Leszczowate" }, "geometry": { "type": "MultiPolygon", "coordinates": [ [ [ [ 22.564331034694487, 49.501364532437151 ], [ 22.564676975514192, 49.501324885782857 ], [ 22.56517625661121, 49.501213075821433 ], [ 22.565156488204977, 49.501183664697315 ], [ 22.564953797681316, 49.50086260458329 ], [ 22.56431145550453, 49.500947088290239 ], [ 22.564207375230577, 49.501136993251784 ], [ 22.564331034694487, 49.501364532437151 ] ] ] ] } },
{ "type": "Feature", "properties": { "fid": 322, "cadastral_number": null, "house_number": "23", "owner_uk": "Антон Романів", "type": null, "locality_uk": "Ліщовате", "owner_pl": "Anton Romanów", "locality_pl": "Leszczowate" }, "geometry": { "type": "MultiPolygon", "coordinates": [ [ [ [ 22.564582403340481, 49.501827062478348 ], [ 22.564969391521966, 49.501769065685693 ], [ 22.565461770488493, 49.50163805142514 ], [ 22.56542907939868, 49.501589221591281 ], [ 22.56517625661121, 49.501213075821433 ], [ 22.564676975514192, 49.501324885782857 ], [ 22.564331034694487, 49.501364532437151 ], [ 22.564582403340481, 49.501827062478348 ] ] ] ] } },
{ "type": "Feature", "properties": { "fid": 323, "cadastral_number": null, "house_number": "23", "owner_uk": "Лесько Романів", "type": null, "locality_uk": "Ліщовате", "owner_pl": "Lesko Romanów", "locality_pl": "Leszczowate" }, "geometry": { "type": "MultiPolygon", "coordinates": [ [ [ [ 22.564874243123185, 49.502196617417901 ], [ 22.565241982715655, 49.502132775212331 ], [ 22.5656939448683, 49.501984844280827 ], [ 22.565461770488493, 49.50163805142514 ], [ 22.564969391521966, 49.501769065685693 ], [ 22.564582403340481, 49.501827062478348 ], [ 22.56459395910527, 49.501848325624927 ], [ 22.564874243123185, 49.502196617417901 ] ] ] ] } },
{ "type": "Feature", "properties": { "fid": 324, "cadastral_number": null, "house_number": "23", "owner_uk": "Антон Романів", "type": null, "locality_uk": "Ліщовате", "owner_pl": "Anton Romanów", "locality_pl": "Leszczowate" }, "geometry": { "type": "MultiPolygon", "coordinates": [ [ [ [ 22.565092632079185, 49.502467996006011 ], [ 22.565469968077661, 49.502416016157078 ], [ 22.565941033968073, 49.502294516697596 ], [ 22.565776013645202, 49.502107428286557 ], [ 22.5656939448683, 49.501984844280827 ], [ 22.565241982715655, 49.502132775212331 ], [ 22.564874243123185, 49.502196617417901 ], [ 22.565092632079185, 49.502467996006011 ] ] ] ] } },
{ "type": "Feature", "properties": { "fid": 325, "cadastral_number": null, "house_number": "23", "owner_uk": "Лесько Романів", "type": null, "locality_uk": "Ліщовате", "owner_pl": "Lesko Romanów", "locality_pl": "Leszczowate" }, "geometry": { "type": "MultiPolygon", "coordinates": [ [ [ [ 22.565509961993957, 49.50293242245526 ], [ 22.565990369447427, 49.502853748937717 ], [ 22.5663613273348, 49.502757007868908 ], [ 22.566068429652983, 49.502438948945986 ], [ 22.565941033968073, 49.502294516697596 ], [ 22.565469968077661, 49.502416016157078 ], [ 22.565092632079185, 49.502467996006011 ], [ 22.565109404271535, 49.502488837782828 ], [ 22.565509961993957, 49.50293242245526 ] ] ] ] } },
{ "type": "Feature", "properties": { "fid": 326, "cadastral_number": null, "house_number": "23", "owner_uk": "Антон Романів", "type": null, "locality_uk": "Ліщовате", "owner_pl": "Anton Romanów", "locality_pl": "Leszczowate" }, "geometry": { "type": "MultiPolygon", "coordinates": [ [ [ [ 22.563853149386233, 49.500229508535618 ], [ 22.564129315025042, 49.500166136622909 ], [ 22.564396580496464, 49.5000475451696 ], [ 22.564156018243562, 49.499759668862716 ], [ 22.564082792544824, 49.499769180165934 ], [ 22.563848470308876, 49.499847648346901 ], [ 22.56365076092229, 49.499947516758894 ], [ 22.563853149386233, 49.500229508535618 ] ] ] ] } },
{ "type": "Feature", "properties": { "fid": 327, "cadastral_number": null, "house_number": "23", "owner_uk": "Лесько Романів", "type": null, "locality_uk": "Ліщовате", "owner_pl": "Lesko Romanów", "locality_pl": "Leszczowate" }, "geometry": { "type": "MultiPolygon", "coordinates": [ [ [ [ 22.564633968896498, 49.500904669891014 ], [ 22.564129315025042, 49.500166136622909 ], [ 22.563853149386233, 49.500229508535618 ], [ 22.563989302275623, 49.500419213000171 ], [ 22.56431145550453, 49.500947088290239 ], [ 22.564633968896498, 49.500904669891014 ] ] ] ] } },
{ "type": "Feature", "properties": { "fid": 328, "cadastral_number": null, "house_number": "23", "owner_uk": "Антон Романів", "type": null, "locality_uk": "Ліщовате", "owner_pl": "Anton Romanów", "locality_pl": "Leszczowate" }, "geometry": { "type": "MultiPolygon", "coordinates": [ [ [ [ 22.565989832570057, 49.503465319319552 ], [ 22.566724514868092, 49.503212308803079 ], [ 22.566717692314338, 49.50320175979725 ], [ 22.566370758067805, 49.502767248744711 ], [ 22.5663613273348, 49.502757007868908 ], [ 22.565990369447427, 49.502853748937717 ], [ 22.565509961993957, 49.50293242245526 ], [ 22.565580243606103, 49.503010253549647 ], [ 22.565989832570057, 49.503465319319552 ] ] ] ] } },
{ "type": "Feature", "properties": { "fid": 329, "cadastral_number": null, "house_number": "23", "owner_uk": "Антон Романів", "type": null, "locality_uk": "Ліщовате", "owner_pl": "Anton Romanów", "locality_pl": "Leszczowate" }, "geometry": { "type": "MultiPolygon", "coordinates": [ [ [ [ 22.567174893601265, 49.504536225798333 ], [ 22.567001434965857, 49.504091288444172 ], [ 22.566674325533427, 49.503592414125301 ], [ 22.566503439888482, 49.503288442793128 ], [ 22.565989832570057, 49.503465319319552 ], [ 22.565991608498408, 49.503467292429853 ], [ 22.56647236024002, 49.50415284274564 ], [ 22.566820622572482, 49.504633826605627 ], [ 22.567174893601265, 49.504536225798333 ] ] ] ] } },
{ "type": "Feature", "properties": { "fid": 330, "cadastral_number": null, "house_number": "23", "owner_uk": "Лесько Романів", "type": null, "locality_uk": "Ліщовате", "owner_pl": "Lesko Romanów", "locality_pl": "Leszczowate" }, "geometry": { "type": "MultiPolygon", "coordinates": [ [ [ [ 22.566503439888482, 49.503288442793128 ], [ 22.566674325533427, 49.503592414125301 ], [ 22.567001434965857, 49.504091288444172 ], [ 22.567174893601265, 49.504536225798333 ], [ 22.567224464124337, 49.504522569239718 ], [ 22.567678679807774, 49.504426340282997 ], [ 22.567282699515811, 49.504077207384093 ], [ 22.567029933136201, 49.503684545330138 ], [ 22.566724514868092, 49.503212308803079 ], [ 22.566503439888482, 49.503288442793128 ] ] ] ] } },
{ "type": "Feature", "properties": { "fid": 331, "cadastral_number": null, "house_number": "23", "owner_uk": "Антон Романів", "type": null, "locality_uk": "Ліщовате", "owner_pl": "Anton Romanów", "locality_pl": "Leszczowate" }, "geometry": { "type": "MultiPolygon", "coordinates": [ [ [ [ 22.567049311677213, 49.504961992614582 ], [ 22.567502011521555, 49.504931316932598 ], [ 22.567924031352469, 49.504827013257056 ], [ 22.567892312548985, 49.504614698693132 ], [ 22.567678679807774, 49.504426340282997 ], [ 22.567224464124337, 49.504522569239718 ], [ 22.566820622572482, 49.504633826605627 ], [ 22.566824250690065, 49.504638837385826 ], [ 22.567049311677213, 49.504961992614582 ] ] ] ] } },
{ "type": "Feature", "properties": { "fid": 332, "cadastral_number": null, "house_number": "23", "owner_uk": "Лесько Романів", "type": null, "locality_uk": "Ліщовате", "owner_pl": "Lesko Romanów", "locality_pl": "Leszczowate" }, "geometry": { "type": "MultiPolygon", "coordinates": [ [ [ [ 22.567401215246612, 49.505776276968973 ], [ 22.567858858175111, 49.50560719145286 ], [ 22.56809056068985, 49.505567363391947 ], [ 22.568070735875768, 49.50535816496307 ], [ 22.56795674319476, 49.50504597487501 ], [ 22.567924031352469, 49.504827013257056 ], [ 22.567502011521555, 49.504931316932598 ], [ 22.567049311677213, 49.504961992614582 ], [ 22.567270309007018, 49.505279313015471 ], [ 22.567401215246612, 49.505776276968973 ] ] ] ] } },
{ "type": "Feature", "properties": { "fid": 333, "cadastral_number": null, "house_number": "23", "owner_uk": "Антон Романів", "type": null, "locality_uk": "Ліщовате", "owner_pl": "Anton Romanów", "locality_pl": "Leszczowate" }, "geometry": { "type": "MultiPolygon", "coordinates": [ [ [ [ 22.56809056068985, 49.505567363391947 ], [ 22.567858858175111, 49.50560719145286 ], [ 22.567401215246612, 49.505776276968973 ], [ 22.567463600944368, 49.506013113983727 ], [ 22.567513162979587, 49.506202999283914 ], [ 22.567516340947726, 49.506210343439932 ], [ 22.56796293844906, 49.505980527660938 ], [ 22.568306021490908, 49.505892815949821 ], [ 22.56809056068985, 49.505567363391947 ] ] ] ] } },
{ "type": "Feature", "properties": { "fid": 334, "cadastral_number": null, "house_number": "23", "owner_uk": "Лесько Романів", "type": null, "locality_uk": "Ліщовате", "owner_pl": "Lesko Romanów", "locality_pl": "Leszczowate" }, "geometry": { "type": "MultiPolygon", "coordinates": [ [ [ [ 22.567644608815787, 49.506506765302525 ], [ 22.568131449368803, 49.506302366933099 ], [ 22.568443216670413, 49.506210823902244 ], [ 22.568318546051845, 49.505911734242027 ], [ 22.568306021490908, 49.505892815949821 ], [ 22.56796293844906, 49.505980527660938 ], [ 22.567516340947726, 49.506210343439932 ], [ 22.567644608815787, 49.506506765302525 ] ] ] ] } },
{ "type": "Feature", "properties": { "fid": 335, "cadastral_number": null, "house_number": "23", "owner_uk": "Антон Романів", "type": null, "locality_uk": "Ліщовате", "owner_pl": "Anton Romanów", "locality_pl": "Leszczowate" }, "geometry": { "type": "MultiPolygon", "coordinates": [ [ [ [ 22.567828471181389, 49.506931663803591 ], [ 22.568629474081959, 49.506657662672858 ], [ 22.568443216670413, 49.506210823902244 ], [ 22.568131449368803, 49.506302366933099 ], [ 22.567644608815787, 49.506506765302525 ], [ 22.567828471181389, 49.506931663803591 ] ] ] ] } },
{ "type": "Feature", "properties": { "fid": 336, "cadastral_number": null, "house_number": "23", "owner_uk": "Лесько Романів", "type": null, "locality_uk": "Ліщовате", "owner_pl": "Lesko Romanów", "locality_pl": "Leszczowate" }, "geometry": { "type": "MultiPolygon", "coordinates": [ [ [ [ 22.567926343066905, 49.507106329318304 ], [ 22.568349522323757, 49.50696213082233 ], [ 22.56871096368787, 49.506861266125128 ], [ 22.568675392705426, 49.506767823235535 ], [ 22.568629474081959, 49.506657662672858 ], [ 22.567828471181389, 49.506931663803591 ], [ 22.567850184819068, 49.506981843143294 ], [ 22.567926343066905, 49.507106329318304 ] ] ] ] } },
{ "type": "Feature", "properties": { "fid": 337, "cadastral_number": null, "house_number": "23", "owner_uk": "Лесько Романів", "type": null, "locality_uk": "Ліщовате", "owner_pl": "Lesko Romanów", "locality_pl": "Leszczowate" }, "geometry": { "type": "MultiPolygon", "coordinates": [ [ [ [ 22.568314863909606, 49.506973940690401 ], [ 22.568384215748406, 49.507258217089941 ], [ 22.568711325180832, 49.508017734538804 ], [ 22.569261463771742, 49.508580928423186 ], [ 22.569425018487959, 49.508915623431534 ], [ 22.56962822283235, 49.509176297765258 ], [ 22.569664155307994, 49.509371400331666 ], [ 22.56986240344887, 49.509368182151327 ], [ 22.569981352333393, 49.509249109329623 ], [ 22.569914443585862, 49.509023835630877 ], [ 22.569557596932295, 49.508647304418368 ], [ 22.56922553129634, 49.508190313925411 ], [ 22.568903378067422, 49.507720446009785 ], [ 22.568784429182898, 49.507054255682036 ], [ 22.56871096368787, 49.506861266125128 ], [ 22.568349522323757, 49.50696213082233 ], [ 22.568314863909606, 49.506973940690401 ] ] ] ] } },
{ "type": "Feature", "properties": { "fid": 338, "cadastral_number": null, "house_number": "26", "owner_uk": "Гнат Возний", "type": null, "locality_uk": "Ліщовате", "owner_pl": "Hnat Wozny", "locality_pl": "Leszczowate" }, "geometry": { "type": "MultiPolygon", "coordinates": [ [ [ [ 22.562246711684715, 49.502117570687524 ], [ 22.563464573836661, 49.501911605661341 ], [ 22.563436232231521, 49.501753316842823 ], [ 22.562172100891424, 49.501955855464331 ], [ 22.562246711684715, 49.502117570687524 ] ] ] ] } },
{ "type": "Feature", "properties": { "fid": 339, "cadastral_number": null, "house_number": "25", "owner_uk": "Тимко Гут", "type": null, "locality_uk": "Ліщовате", "owner_pl": "Tymko Gut", "locality_pl": "Leszczowate" }, "geometry": { "type": "MultiPolygon", "coordinates": [ [ [ [ 22.567850409031806, 49.508916141142159 ], [ 22.568055179648653, 49.508827981575955 ], [ 22.568344928184086, 49.508913369287114 ], [ 22.568192162862065, 49.508590985398115 ], [ 22.567949308889489, 49.507921588649381 ], [ 22.567607330846492, 49.507564358751573 ], [ 22.567389257891527, 49.507310112460615 ], [ 22.567205878361229, 49.507071956508554 ], [ 22.566987805406274, 49.506824144354667 ], [ 22.566844075504143, 49.506370355208645 ], [ 22.56675486384075, 49.506260930245723 ], [ 22.566621046345663, 49.505816791118839 ], [ 22.566482272647047, 49.505488511781472 ], [ 22.566398017187183, 49.505298623708264 ], [ 22.566125425993487, 49.504909189930487 ], [ 22.565773535543453, 49.504397449922898 ], [ 22.565421645093409, 49.50389536018529 ], [ 22.565173834917314, 49.503547756579465 ], [ 22.564841769281358, 49.503177620395569 ], [ 22.564554309477099, 49.502762420822464 ], [ 22.564282521601115, 49.502488211354198 ], [ 22.563403456221454, 49.502717245818673 ], [ 22.563898851561287, 49.503293087092409 ], [ 22.564334997471189, 49.503846679736256 ], [ 22.564642282089533, 49.504351988483968 ], [ 22.564979303929004, 49.504889476774409 ], [ 22.565559179741044, 49.505671559967801 ], [ 22.565975500836863, 49.505986964467091 ], [ 22.566381909525642, 49.506814087016501 ], [ 22.566649544515812, 49.507522118557198 ], [ 22.567467318096885, 49.508181865997372 ], [ 22.567749821697614, 49.50838461586244 ], [ 22.567850409031806, 49.508916141142159 ] ] ] ] } },
{ "type": "Feature", "properties": { "fid": 340, "cadastral_number": null, "house_number": "25", "owner_uk": "Тимко Гут", "type": null, "locality_uk": "Ліщовате", "owner_pl": "Tymko Gut", "locality_pl": "Leszczowate" }, "geometry": { "type": "MultiPolygon", "coordinates": [ [ [ [ 22.568947161633332, 49.510283006896138 ], [ 22.568172318765718, 49.510629013750481 ], [ 22.568245442049815, 49.510711351777665 ], [ 22.568390411002905, 49.510845304677716 ], [ 22.569247834212174, 49.510491314236255 ], [ 22.569044629867783, 49.510320754290873 ], [ 22.568947161633332, 49.510283006896138 ] ] ] ] } },
{ "type": "Feature", "properties": { "fid": 341, "cadastral_number": null, "house_number": "26", "owner_uk": "Гнат Возний", "type": null, "locality_uk": "Ліщовате", "owner_pl": "Hnat Wozny", "locality_pl": "Leszczowate" }, "geometry": { "type": "MultiPolygon", "coordinates": [ [ [ [ 22.568264416438794, 49.509822048924434 ], [ 22.568121431471305, 49.509704210049598 ], [ 22.568159787789696, 49.509615908666483 ], [ 22.567904766597188, 49.509489744266794 ], [ 22.567824164750441, 49.509498116014306 ], [ 22.567294572224785, 49.509634126461457 ], [ 22.56741775606169, 49.509787750628462 ], [ 22.567590678063951, 49.509979138421969 ], [ 22.568264416438794, 49.509822048924434 ] ] ] ] } },
{ "type": "Feature", "properties": { "fid": 343, "cadastral_number": null, "house_number": "26", "owner_uk": "Гнат Возний", "type": null, "locality_uk": "Ліщовате", "owner_pl": "Hnat Wozny", "locality_pl": "Leszczowate" }, "geometry": { "type": "MultiPolygon", "coordinates": [ [ [ [ 22.563021603537951, 49.502816734920273 ], [ 22.56382450850845, 49.503865990994512 ], [ 22.564320128860608, 49.504654527529546 ], [ 22.564721581345864, 49.505394774752531 ], [ 22.565073471795909, 49.505790641497285 ], [ 22.56558891696216, 49.506141447561639 ], [ 22.566104362128414, 49.507126265822428 ], [ 22.566218354809411, 49.507354766572362 ], [ 22.566416602950277, 49.507512463650571 ], [ 22.566649544515812, 49.507522118557198 ], [ 22.566381909525642, 49.506814087016501 ], [ 22.565975500836863, 49.505986964467091 ], [ 22.565559179741044, 49.505671559967801 ], [ 22.564979303929004, 49.504889476774409 ], [ 22.564642282089533, 49.504351988483968 ], [ 22.564334997471189, 49.503846679736256 ], [ 22.563898851561287, 49.503293087092409 ], [ 22.563403456221454, 49.502717245818673 ], [ 22.563021603537951, 49.502816734920273 ] ] ] ] } },
{ "type": "Feature", "properties": { "fid": 345, "cadastral_number": null, "house_number": "25", "owner_uk": "Тимко Гут", "type": null, "locality_uk": "Ліщовате", "owner_pl": "Tymko Gut", "locality_pl": "Leszczowate" }, "geometry": { "type": "MultiPolygon", "coordinates": [ [ [ [ 22.561813876024157, 49.500244026503566 ], [ 22.562258348195588, 49.500792186451605 ], [ 22.562258348195591, 49.500792186451612 ], [ 22.562961792339042, 49.500585262907983 ], [ 22.562740338988139, 49.500293680843107 ], [ 22.562532178440222, 49.500103772608774 ], [ 22.562467747794436, 49.500034568577455 ], [ 22.561813876024157, 49.500244026503566 ] ] ] ] } },
{ "type": "Feature", "properties": { "fid": 346, "cadastral_number": null, "house_number": "26", "owner_uk": "Гнат Возний", "type": null, "locality_uk": "Ліщовате", "owner_pl": "Hnat Wozny", "locality_pl": "Leszczowate" }, "geometry": { "type": "MultiPolygon", "coordinates": [ [ [ [ 22.561500468651559, 49.500339325725271 ], [ 22.56191756586685, 49.500852156091923 ], [ 22.562258348195588, 49.500792186451612 ], [ 22.562258348195591, 49.500792186451612 ], [ 22.562258348195588, 49.500792186451605 ], [ 22.561813876024157, 49.500244026503566 ], [ 22.561734229673199, 49.500269540006755 ], [ 22.561500468651559, 49.500339325725271 ] ] ] ] } },
{ "type": "Feature", "properties": { "fid": 347, "cadastral_number": null, "house_number": "26", "owner_uk": "Гнат Возний", "type": null, "locality_uk": "Ліщовате", "owner_pl": "Hnat Wozny", "locality_pl": "Leszczowate" }, "geometry": { "type": "MultiPolygon", "coordinates": [ [ [ [ 22.56191756586685, 49.500852156091923 ], [ 22.561500468651559, 49.500339325725271 ], [ 22.561178151754277, 49.500435548423596 ], [ 22.561587195575584, 49.500910293459583 ], [ 22.56191756586685, 49.500852156091923 ] ] ] ] } },
{ "type": "Feature", "properties": { "fid": 348, "cadastral_number": null, "house_number": "26", "owner_uk": "Гнат Возний", "type": null, "locality_uk": "Ліщовате", "owner_pl": "Hnat Wozny", "locality_pl": "Leszczowate" }, "geometry": { "type": "MultiPolygon", "coordinates": [ [ [ [ 22.562373506511548, 49.500944255349921 ], [ 22.562258348195591, 49.500792186451612 ], [ 22.562258348195588, 49.500792186451612 ], [ 22.561587195575584, 49.500910293459583 ], [ 22.561680950485364, 49.501019107419602 ], [ 22.561743778076639, 49.501122555518883 ], [ 22.562373506511548, 49.500944255349921 ] ] ] ] } },
{ "type": "Feature", "properties": { "fid": 349, "cadastral_number": null, "house_number": "26", "owner_uk": "Гнат Возний", "type": null, "locality_uk": "Ліщовате", "owner_pl": "Hnat Wozny", "locality_pl": "Leszczowate" }, "geometry": { "type": "MultiPolygon", "coordinates": [ [ [ [ 22.562258348195591, 49.500792186451612 ], [ 22.562373506511548, 49.500944255349921 ], [ 22.563082072802501, 49.50074363317313 ], [ 22.562961792339042, 49.500585262907983 ], [ 22.562258348195591, 49.500792186451612 ] ] ] ] } },
{ "type": "Feature", "properties": { "fid": 350, "cadastral_number": null, "house_number": "25", "owner_uk": "Тимко Гут", "type": null, "locality_uk": "Ліщовате", "owner_pl": "Tymko Gut", "locality_pl": "Leszczowate" }, "geometry": { "type": "MultiPolygon", "coordinates": [ [ [ [ 22.561809225534649, 49.501230317331746 ], [ 22.563200253667635, 49.500919183169543 ], [ 22.563102141845224, 49.500770057577611 ], [ 22.563082072802501, 49.50074363317313 ], [ 22.561743778076639, 49.501122555518883 ], [ 22.561809225534649, 49.501230317331746 ] ] ] ] } },
{ "type": "Feature", "properties": { "fid": 351, "cadastral_number": null, "house_number": "26", "owner_uk": "Гнат Возний", "type": null, "locality_uk": "Ліщовате", "owner_pl": "Hnat Wozny", "locality_pl": "Leszczowate" }, "geometry": { "type": "MultiPolygon", "coordinates": [ [ [ [ 22.562365295528569, 49.501105939997039 ], [ 22.562430930478275, 49.501240292622732 ], [ 22.563292644743211, 49.501059613481566 ], [ 22.563200253667635, 49.500919183169543 ], [ 22.562365295528569, 49.501105939997039 ] ] ] ] } },
{ "type": "Feature", "properties": { "fid": 352, "cadastral_number": null, "house_number": "25", "owner_uk": "Тимко Гут", "type": null, "locality_uk": "Ліщовате", "owner_pl": "Tymko Gut", "locality_pl": "Leszczowate" }, "geometry": { "type": "MultiPolygon", "coordinates": [ [ [ [ 22.56194112553445, 49.501455227743349 ], [ 22.563368236648863, 49.501181832531614 ], [ 22.563335083410745, 49.501124118362441 ], [ 22.563292644743211, 49.501059613481566 ], [ 22.561884825869711, 49.501354796255875 ], [ 22.561926282559686, 49.501423056325905 ], [ 22.56194112553445, 49.501455227743349 ] ] ] ] } },
{ "type": "Feature", "properties": { "fid": 353, "cadastral_number": null, "house_number": "26", "owner_uk": "Гнат Возний", "type": null, "locality_uk": "Ліщовате", "owner_pl": "Hnat Wozny", "locality_pl": "Leszczowate" }, "geometry": { "type": "MultiPolygon", "coordinates": [ [ [ [ 22.561990058737724, 49.501561288053665 ], [ 22.563451358083544, 49.501326532863033 ], [ 22.563368236648863, 49.501181832531614 ], [ 22.56194112553445, 49.501455227743349 ], [ 22.561990058737724, 49.501561288053665 ] ] ] ] } },
{ "type": "Feature", "properties": { "fid": 354, "cadastral_number": null, "house_number": "26", "owner_uk": "Гнат Возний", "type": null, "locality_uk": "Ліщовате", "owner_pl": "Hnat Wozny", "locality_pl": "Leszczowate" }, "geometry": { "type": "MultiPolygon", "coordinates": [ [ [ [ 22.562064034682557, 49.501721627274065 ], [ 22.563523033356972, 49.501451307367468 ], [ 22.563451358083544, 49.501326532863033 ], [ 22.561990058737724, 49.501561288053665 ], [ 22.562064034682557, 49.501721627274065 ] ] ] ] } },
{ "type": "Feature", "properties": { "fid": 355, "cadastral_number": null, "house_number": "25", "owner_uk": "Тимко Гут", "type": null, "locality_uk": "Ліщовате", "owner_pl": "Tymko Gut", "locality_pl": "Leszczowate" }, "geometry": { "type": "MultiPolygon", "coordinates": [ [ [ [ 22.563601396488082, 49.501587724298751 ], [ 22.563429561040248, 49.501716058015049 ], [ 22.563503904093068, 49.502131266467003 ], [ 22.563712064640963, 49.502218170115711 ], [ 22.563938940130331, 49.502123113755324 ], [ 22.563934784036878, 49.502118693588557 ], [ 22.563691930064316, 49.501745327912502 ], [ 22.563601396488082, 49.501587724298751 ] ] ] ] } },
{ "type": "Feature", "properties": { "fid": 356, "cadastral_number": null, "house_number": "25", "owner_uk": "Тимко Гут", "type": null, "locality_uk": "Ліщовате", "owner_pl": "Tymko Gut", "locality_pl": "Leszczowate" }, "geometry": { "type": "MultiPolygon", "coordinates": [ [ [ [ 22.562172100891424, 49.501955855464331 ], [ 22.563436232231521, 49.501753316842823 ], [ 22.563429561040248, 49.501716058015049 ], [ 22.563601396488082, 49.501587724298751 ], [ 22.563523033356972, 49.501451307367468 ], [ 22.562064034682557, 49.501721627274065 ], [ 22.562172100891424, 49.501955855464331 ] ] ] ] } },
{ "type": "Feature", "properties": { "fid": 357, "cadastral_number": null, "house_number": "26", "owner_uk": "Гнат Возний", "type": null, "locality_uk": "Ліщовате", "owner_pl": "Hnat Wozny", "locality_pl": "Leszczowate" }, "geometry": { "type": "MultiPolygon", "coordinates": [ [ [ [ 22.564111268258308, 49.502306391410997 ], [ 22.563107407811362, 49.50257543904997 ], [ 22.562492758246982, 49.502564934786719 ], [ 22.562600326238631, 49.50274592541777 ], [ 22.562608960446081, 49.50275867365859 ], [ 22.563021603537951, 49.502816734920273 ], [ 22.564282521601115, 49.502488211354198 ], [ 22.564276762079881, 49.502482400516428 ], [ 22.564111268258308, 49.502306391410997 ] ] ] ] } },
{ "type": "Feature", "properties": { "fid": 358, "cadastral_number": null, "house_number": "25", "owner_uk": "Тимко Гут", "type": null, "locality_uk": "Ліщовате", "owner_pl": "Tymko Gut", "locality_pl": "Leszczowate" }, "geometry": { "type": "MultiPolygon", "coordinates": [ [ [ [ 22.563712064640963, 49.502218170115711 ], [ 22.562363857338028, 49.502395079031956 ], [ 22.562367384673113, 49.502404750923581 ], [ 22.562491289761155, 49.502562463957133 ], [ 22.562492758246982, 49.502564934786719 ], [ 22.563107407811362, 49.50257543904997 ], [ 22.564111268258308, 49.502306391410997 ], [ 22.563938940130331, 49.502123113755324 ], [ 22.563712064640963, 49.502218170115711 ] ] ] ] } },
{ "type": "Feature", "properties": { "fid": 359, "cadastral_number": null, "house_number": "26", "owner_uk": "Гнат Возний", "type": null, "locality_uk": "Ліщовате", "owner_pl": "Hnat Wozny", "locality_pl": "Leszczowate" }, "geometry": { "type": "MultiPolygon", "coordinates": [ [ [ [ 22.563493897532574, 49.502075379489881 ], [ 22.562319819888081, 49.502276029120992 ], [ 22.562322778841423, 49.502282442506768 ], [ 22.562363857338028, 49.502395079031956 ], [ 22.563712064640963, 49.502218170115711 ], [ 22.563503904093068, 49.502131266467003 ], [ 22.563493897532574, 49.502075379489881 ] ] ] ] } },
{ "type": "Feature", "properties": { "fid": 360, "cadastral_number": null, "house_number": "25", "owner_uk": "Тимко Гут", "type": null, "locality_uk": "Ліщовате", "owner_pl": "Tymko Gut", "locality_pl": "Leszczowate" }, "geometry": { "type": "MultiPolygon", "coordinates": [ [ [ [ 22.563464573836661, 49.501911605661341 ], [ 22.562246711684715, 49.502117570687524 ], [ 22.562319819888081, 49.502276029120992 ], [ 22.563493897532574, 49.502075379489881 ], [ 22.563464573836661, 49.501911605661341 ] ] ] ] } },
{ "type": "Feature", "properties": { "fid": 361, "cadastral_number": null, "house_number": "26", "owner_uk": "Гнат Возний", "type": null, "locality_uk": "Ліщовате", "owner_pl": "Hnat Wozny", "locality_pl": "Leszczowate" }, "geometry": { "type": "MultiPolygon", "coordinates": [ [ [ [ 22.562430930478275, 49.501240292622732 ], [ 22.562365295528569, 49.501105939997039 ], [ 22.561809225534649, 49.501230317331746 ], [ 22.561884825869711, 49.501354796255875 ], [ 22.562430930478275, 49.501240292622732 ] ] ] ] } },
{ "type": "Feature", "properties": { "fid": 364, "cadastral_number": null, "house_number": "26", "owner_uk": "Гнат Возний", "type": null, "locality_uk": "Ліщовате", "owner_pl": "Hnat Wozny", "locality_pl": "Leszczowate" }, "geometry": { "type": "MultiPolygon", "coordinates": [ [ [ [ 22.569043627913814, 49.510009869961998 ], [ 22.568572732118792, 49.510137811639012 ], [ 22.568902505591112, 49.510265712551345 ], [ 22.569044629867783, 49.510320754290873 ], [ 22.569213140787518, 49.510217774413292 ], [ 22.569043627913814, 49.510009869961998 ] ] ] ] } },
{ "type": "Feature", "properties": { "fid": 365, "cadastral_number": null, "house_number": "26", "owner_uk": "Гнат Возний", "type": null, "locality_uk": "Ліщовате", "owner_pl": "Hnat Wozny", "locality_pl": "Leszczowate" }, "geometry": { "type": "MultiPolygon", "coordinates": [ [ [ [ 22.568172318765718, 49.510629013750481 ], [ 22.568947161633332, 49.510283006896138 ], [ 22.568902505591112, 49.510265712551345 ], [ 22.568572732118792, 49.510137811639012 ], [ 22.567898721931094, 49.510320939190052 ], [ 22.568172318765718, 49.510629013750481 ] ] ] ] } },
{ "type": "Feature", "properties": { "fid": 366, "cadastral_number": null, "house_number": "25", "owner_uk": "Тимко Гут", "type": null, "locality_uk": "Ліщовате", "owner_pl": "Tymko Gut", "locality_pl": "Leszczowate" }, "geometry": { "type": "MultiPolygon", "coordinates": [ [ [ [ 22.569043627913814, 49.510009869961998 ], [ 22.569034717460731, 49.509998941453631 ], [ 22.568692739417735, 49.509722180720317 ], [ 22.56818497962022, 49.509840570490645 ], [ 22.567590678063951, 49.509979138421969 ], [ 22.567853901971599, 49.510270471174444 ], [ 22.567898721931094, 49.510320939190052 ], [ 22.568572732118792, 49.510137811639012 ], [ 22.569043627913814, 49.510009869961998 ] ] ] ] } },
{ "type": "Feature", "properties": { "fid": 367, "cadastral_number": null, "house_number": "26", "owner_uk": "Гнат Возний", "type": null, "locality_uk": "Ліщовате", "owner_pl": "Hnat Wozny", "locality_pl": "Leszczowate" }, "geometry": { "type": "MultiPolygon", "coordinates": [ [ [ [ 22.567904766597188, 49.509489744266794 ], [ 22.568159787789696, 49.509615908666483 ], [ 22.568121431471305, 49.509704210049598 ], [ 22.568264416438794, 49.509822048924434 ], [ 22.568692739417735, 49.509722180720317 ], [ 22.568439973038149, 49.509434154806129 ], [ 22.567904766597188, 49.509489744266794 ] ] ] ] } },
{ "type": "Feature", "properties": { "fid": 370, "cadastral_number": null, "house_number": "26", "owner_uk": "Гнат Возний", "type": null, "locality_uk": "Ліщовате", "owner_pl": "Hnat Wozny", "locality_pl": "Leszczowate" }, "geometry": { "type": "MultiPolygon", "coordinates": [ [ [ [ 22.567633260146437, 49.509058927037913 ], [ 22.567850409031806, 49.508916141142166 ], [ 22.567749821697614, 49.50838461586244 ], [ 22.567467318096885, 49.508181865997372 ], [ 22.566649544515812, 49.507522118557198 ], [ 22.566416602950277, 49.507512463650571 ], [ 22.566218354809411, 49.507354766572362 ], [ 22.565869395633047, 49.507309855463888 ], [ 22.565871420562932, 49.507312928486776 ], [ 22.566238179623529, 49.507689469969677 ], [ 22.566738756179216, 49.5086259836539 ], [ 22.566736561792684, 49.508651987812449 ], [ 22.566718931365138, 49.508860913827185 ], [ 22.566793274417964, 49.509008951439093 ], [ 22.567017836594815, 49.509289005853901 ], [ 22.567633260146437, 49.509058927037913 ] ] ] ] } },
{ "type": "Feature", "properties": { "fid": 371, "cadastral_number": null, "house_number": "25", "owner_uk": "Тимко Гут", "type": null, "locality_uk": "Ліщовате", "owner_pl": "Tymko Gut", "locality_pl": "Leszczowate" }, "geometry": { "type": "MultiPolygon", "coordinates": [ [ [ [ 22.568055179648653, 49.508827981575955 ], [ 22.567850409031806, 49.508916141142159 ], [ 22.567633260146437, 49.509058927037913 ], [ 22.567017836594815, 49.509289005853901 ], [ 22.567294572224785, 49.509634126461457 ], [ 22.567824164750441, 49.509498116014306 ], [ 22.567904766597188, 49.509489744266794 ], [ 22.568439973038149, 49.509434154806129 ], [ 22.568509359887454, 49.509260372987328 ], [ 22.568344928184086, 49.508913369287114 ], [ 22.568055179648653, 49.508827981575955 ] ] ] ] } },
{ "type": "Feature", "properties": { "fid": 372, "cadastral_number": "62", "house_number": "22", "owner_uk": "Роман Шимоняк", "type": "Roman Szymoniak", "locality_uk": "Ліщовате", "owner_pl": "Roman Szymoniak", "locality_pl": "Leszczowate" }, "geometry": { "type": "MultiPolygon", "coordinates": [ [ [ [ 22.56389849005792, 49.498623348142132 ], [ 22.564017305404331, 49.498830620802551 ], [ 22.5639249015464, 49.498849870232114 ], [ 22.563897006042122, 49.498929132509318 ], [ 22.564121708227265, 49.498895965316549 ], [ 22.563942336236575, 49.498615479604091 ], [ 22.56389849005792, 49.498623348142132 ] ] ] ] } },
{ "type": "Feature", "properties": { "fid": 373, "cadastral_number": "60", "house_number": "23", "owner_uk": "Лесько Романів", "type": "building", "locality_uk": "Ліщовате", "owner_pl": "Lesko Romanów", "locality_pl": "Leszczowate" }, "geometry": { "type": "MultiPolygon", "coordinates": [ [ [ [ 22.56336402049395, 49.499105895207499 ], [ 22.563309456983255, 49.499191829424532 ], [ 22.56340709124823, 49.499226931060697 ], [ 22.563473343070889, 49.499146536953546 ], [ 22.56336402049395, 49.499105895207499 ] ] ] ] } },
{ "type": "Feature", "properties": { "fid": 374, "cadastral_number": "59", "house_number": "24", "owner_uk": "Іван Жовтків", "type": "yard", "locality_uk": "Ліщовате", "owner_pl": "Iwan Żołtków", "locality_pl": "Leszczowate" }, "geometry": { "type": "MultiPolygon", "coordinates": [ [ [ [ 22.562972967462894, 49.499195226358168 ], [ 22.562793390154102, 49.499224666439787 ], [ 22.562880563604974, 49.499282414240731 ], [ 22.563030501940471, 49.499276752694634 ], [ 22.563082806010989, 49.499276752694634 ], [ 22.562972967462894, 49.499195226358168 ] ] ] ] } },
{ "type": "Feature", "properties": { "fid": 375, "cadastral_number": "54", "house_number": "28", "owner_uk": "Лесько Дуда", "type": "yard", "locality_uk": "Ліщовате", "owner_pl": "Lesko Duda", "locality_pl": "Leszczowate" }, "geometry": { "type": "MultiPolygon", "coordinates": [ [ [ [ 22.559714014175551, 49.500176224111847 ], [ 22.559886422110093, 49.500123971605468 ], [ 22.559839953638612, 49.500077288811532 ], [ 22.560017417366943, 49.500048475478366 ], [ 22.559989268608042, 49.500014524829091 ], [ 22.559740575904623, 49.500053510699757 ], [ 22.559529616153515, 49.500115786682301 ], [ 22.559175691942979, 49.500167871988673 ], [ 22.559208817854309, 49.500210898939081 ], [ 22.559552281250745, 49.500152019944792 ], [ 22.559669093674909, 49.50011918355181 ], [ 22.559714014175551, 49.500176224111847 ] ] ] ] } },
{ "type": "Feature", "properties": { "fid": 376, "cadastral_number": "54", "house_number": "28", "owner_uk": "Лесько Дуда", "type": "building", "locality_uk": "Ліщовате", "owner_pl": "Lesko Duda", "locality_pl": "Leszczowate" }, "geometry": { "type": "MultiPolygon", "coordinates": [ [ [ [ 22.559771282822744, 49.500248944488106 ], [ 22.559669093674909, 49.50011918355181 ], [ 22.559552281250745, 49.500152019944792 ], [ 22.559653402453751, 49.50028789444012 ], [ 22.559771282822744, 49.500248944488106 ] ] ] ] } },
{ "type": "Feature", "properties": { "fid": 377, "cadastral_number": "54", "house_number": "28", "owner_uk": "Лесько Дуда", "type": "building", "locality_uk": "Ліщовате", "owner_pl": "Lesko Duda", "locality_pl": "Leszczowate" }, "geometry": { "type": "MultiPolygon", "coordinates": [ [ [ [ 22.559886422110093, 49.500123971605468 ], [ 22.559714014175551, 49.500176224111847 ], [ 22.559771282822744, 49.500248944488106 ], [ 22.559951535655731, 49.500189385468602 ], [ 22.559886422110093, 49.500123971605468 ] ] ] ] } },
{ "type": "Feature", "properties": { "fid": 378, "cadastral_number": "55", "house_number": "27", "owner_uk": "Тимко Романів", "type": "yard", "locality_uk": "Ліщовате", "owner_pl": "Tymko Romanów", "locality_pl": "Leszczowate" }, "geometry": { "type": "MultiPolygon", "coordinates": [ [ [ [ 22.560622771227433, 49.500207502075952 ], [ 22.560816660539945, 49.500144897469013 ], [ 22.560813265096282, 49.500140119549314 ], [ 22.56070581769789, 49.499999214634975 ], [ 22.560671543832491, 49.50000877089095 ], [ 22.560716918554373, 49.500072759648262 ], [ 22.560505958803265, 49.500137300185131 ], [ 22.560622771227433, 49.500207502075952 ] ] ] ] } },
{ "type": "Feature", "properties": { "fid": 379, "cadastral_number": "55", "house_number": "27", "owner_uk": "Тимко Романів", "type": "building", "locality_uk": "Ліщовате", "owner_pl": "Tymko Romanów", "locality_pl": "Leszczowate" }, "geometry": { "type": "MultiPolygon", "coordinates": [ [ [ [ 22.560505958803265, 49.500137300185131 ], [ 22.560716918554373, 49.500072759648262 ], [ 22.560671543832491, 49.50000877089095 ], [ 22.560450167794709, 49.500070495066488 ], [ 22.560505958803265, 49.500137300185131 ] ] ] ] } },
{ "type": "Feature", "properties": { "fid": 380, "cadastral_number": "55", "house_number": "27", "owner_uk": "Тимко Романів", "type": "building", "locality_uk": "Ліщовате", "owner_pl": "Tymko Romanów", "locality_pl": "Leszczowate" }, "geometry": { "type": "MultiPolygon", "coordinates": [ [ [ [ 22.560816660539945, 49.500144897469013 ], [ 22.560622771227433, 49.500207502075952 ], [ 22.560662871014834, 49.500272042435107 ], [ 22.560860364740975, 49.50020743674181 ], [ 22.560857375784344, 49.500202190178747 ], [ 22.560816660539945, 49.500144897469013 ] ] ] ] } },
{ "type": "Feature", "properties": { "fid": 381, "cadastral_number": "56", "house_number": "26", "owner_uk": "Гнат Возний", "type": "yard", "locality_uk": "Ліщовате", "owner_pl": "Hnat Wozny", "locality_pl": "Leszczowate" }, "geometry": { "type": "MultiPolygon", "coordinates": [ [ [ [ 22.560317144143813, 49.49940595789684 ], [ 22.560464115546857, 49.49935261735795 ], [ 22.56053385430755, 49.499410365007911 ], [ 22.560596136311155, 49.499403061640564 ], [ 22.560589926715146, 49.49939586012708 ], [ 22.560384894758684, 49.499279345646478 ], [ 22.560384767489172, 49.499279256549407 ], [ 22.560275820892976, 49.499361675817333 ], [ 22.560317144143813, 49.49940595789684 ] ] ] ] } },
{ "type": "Feature", "properties": { "fid": 382, "cadastral_number": "57", "house_number": "26", "owner_uk": "Гнат Возний", "type": "building", "locality_uk": "Ліщовате", "owner_pl": "Hnat Wozny", "locality_pl": "Leszczowate" }, "geometry": { "type": "MultiPolygon", "coordinates": [ [ [ [ 22.560489492741354, 49.499205291340672 ], [ 22.560584414909055, 49.499359411202654 ], [ 22.560675075297961, 49.499342426589124 ], [ 22.560593132254141, 49.499191829424518 ], [ 22.560489492741354, 49.499205291340672 ] ] ] ] } },
{ "type": "Feature", "properties": { "fid": 383, "cadastral_number": "56", "house_number": "26", "owner_uk": "Гнат Возний", "type": "building", "locality_uk": "Ліщовате", "owner_pl": "Hnat Wozny", "locality_pl": "Leszczowate" }, "geometry": { "type": "MultiPolygon", "coordinates": [ [ [ [ 22.56053385430755, 49.499410365007911 ], [ 22.560464115546857, 49.49935261735795 ], [ 22.560317144143813, 49.49940595789684 ], [ 22.560380429034012, 49.499473774113696 ], [ 22.56053385430755, 49.499410365007911 ] ] ] ] } },
{ "type": "Feature", "properties": { "fid": 384, "cadastral_number": "57", "house_number": "26", "owner_uk": "Гнат Возний", "type": "yard", "locality_uk": "Ліщовате", "owner_pl": "Hnat Wozny", "locality_pl": "Leszczowate" }, "geometry": { "type": "MultiPolygon", "coordinates": [ [ [ [ 22.560584414909055, 49.499359411202654 ], [ 22.560489492741354, 49.499205291340672 ], [ 22.560479806768011, 49.49920654946856 ], [ 22.560384767489172, 49.4992792565494 ], [ 22.560384894758684, 49.499279345646478 ], [ 22.560589926715146, 49.49939586012708 ], [ 22.560596136311155, 49.499403061640557 ], [ 22.560584414909055, 49.499359411202654 ] ] ] ] } },
{ "type": "Feature", "properties": { "fid": 385, "cadastral_number": "58", "house_number": "25", "owner_uk": "Тимко Гут", "type": "building", "locality_uk": "Ліщовате", "owner_pl": "Tymko Gut", "locality_pl": "Leszczowate" }, "geometry": { "type": "MultiPolygon", "coordinates": [ [ [ [ 22.5620376419139, 49.499702905052722 ], [ 22.561984420530028, 49.499634561120729 ], [ 22.561843199539624, 49.499659471736543 ], [ 22.561772242281418, 49.499589133885095 ], [ 22.561689774266092, 49.499607385889036 ], [ 22.561796125876153, 49.499746658791992 ], [ 22.5620376419139, 49.499702905052722 ] ] ] ] } },
{ "type": "Feature", "properties": { "fid": 386, "cadastral_number": "58", "house_number": "25", "owner_uk": "Тимко Гут", "type": "yard", "locality_uk": "Ліщовате", "owner_pl": "Tymko Gut", "locality_pl": "Leszczowate" }, "geometry": { "type": "MultiPolygon", "coordinates": [ [ [ [ 22.561772242281418, 49.499589133885095 ], [ 22.561843199539624, 49.499659471736543 ], [ 22.561984420530028, 49.499634561120729 ], [ 22.5620376419139, 49.499702905052722 ], [ 22.562093692879422, 49.49969275069877 ], [ 22.562083730969341, 49.499683578370458 ], [ 22.561947923379176, 49.499550251755139 ], [ 22.561772242281418, 49.499589133885095 ] ] ] ] } },
{ "type": "Feature", "properties": { "fid": 387, "cadastral_number": "59", "house_number": "24", "owner_uk": "Іван Жовтків", "type": "building", "locality_uk": "Ліщовате", "owner_pl": "Iwan Żołtków", "locality_pl": "Leszczowate" }, "geometry": { "type": "MultiPolygon", "coordinates": [ [ [ [ 22.563030501940471, 49.499276752694634 ], [ 22.562880563604974, 49.499282414240731 ], [ 22.562884050543008, 49.499353749665474 ], [ 22.563047936630639, 49.499349220435249 ], [ 22.563030501940471, 49.499276752694634 ] ] ] ] } },
{ "type": "Feature", "properties": { "fid": 388, "cadastral_number": "59", "house_number": "24", "owner_uk": "Іван Жовтків", "type": "building", "locality_uk": "Ліщовате", "owner_pl": "Iwan Żołtków", "locality_pl": "Leszczowate" }, "geometry": { "type": "MultiPolygon", "coordinates": [ [ [ [ 22.562793390154102, 49.499224666439787 ], [ 22.562972967462894, 49.499195226358168 ], [ 22.562929380737462, 49.499140875391731 ], [ 22.562756777304738, 49.499163521635083 ], [ 22.562793390154102, 49.499224666439787 ] ] ] ] } },
{ "type": "Feature", "properties": { "fid": 389, "cadastral_number": "60", "house_number": "23", "owner_uk": "Лесько Романів", "type": "building", "locality_uk": "Ліщовате", "owner_pl": "Lesko Romanów", "locality_pl": "Leszczowate" }, "geometry": { "type": "MultiPolygon", "coordinates": [ [ [ [ 22.563309456983255, 49.499191829424532 ], [ 22.563204329066643, 49.499057902701317 ], [ 22.563110701515264, 49.499088788992253 ], [ 22.563218796594352, 49.499231460302248 ], [ 22.563309456983255, 49.499191829424532 ] ] ] ] } },
{ "type": "Feature", "properties": { "fid": 390, "cadastral_number": "60", "house_number": "23", "owner_uk": "Лесько Романів", "type": "yard", "locality_uk": "Ліщовате", "owner_pl": "Lesko Romanów", "locality_pl": "Leszczowate" }, "geometry": { "type": "MultiPolygon", "coordinates": [ [ [ [ 22.563309456983255, 49.499191829424532 ], [ 22.56336402049395, 49.499105895207499 ], [ 22.563220540063362, 49.499052554942523 ], [ 22.563204329066643, 49.499057902701317 ], [ 22.563309456983255, 49.499191829424532 ] ] ] ] } },
{ "type": "Feature", "properties": { "fid": 391, "cadastral_number": "62", "house_number": "22", "owner_uk": "Роман Шимоняк", "type": "Roman Szymoniak", "locality_uk": "Ліщовате", "owner_pl": "Roman Szymoniak", "locality_pl": "Leszczowate" }, "geometry": { "type": "MultiPolygon", "coordinates": [ [ [ [ 22.564121708227265, 49.498895965316549 ], [ 22.563897006042122, 49.498929132509318 ], [ 22.563931875422469, 49.499006130027105 ], [ 22.564168987208838, 49.49896989591619 ], [ 22.564121708227265, 49.498895965316549 ] ] ] ] } },
{ "type": "Feature", "properties": { "fid": 392, "cadastral_number": "62", "house_number": "22", "owner_uk": "Роман Шимоняк", "type": "Roman Szymoniak", "locality_uk": "Ліщовате", "owner_pl": "Roman Szymoniak", "locality_pl": "Leszczowate" }, "geometry": { "type": "MultiPolygon", "coordinates": [ [ [ [ 22.5639249015464, 49.498849870232114 ], [ 22.564017305404331, 49.498830620802551 ], [ 22.56389849005792, 49.498623348142132 ], [ 22.563809832591254, 49.498639258414606 ], [ 22.5639249015464, 49.498849870232114 ] ] ] ] } },
{ "type": "Feature", "properties": { "fid": 393, "cadastral_number": "63", "house_number": "21", "owner_uk": "Стефан Гебель", "type": "yard", "locality_uk": "Ліщовате", "owner_pl": "Stefan Hebel", "locality_pl": "Leszczowate" }, "geometry": { "type": "MultiPolygon", "coordinates": [ [ [ [ 22.564519794070151, 49.498581276092779 ], [ 22.564321419847609, 49.49860597549894 ], [ 22.564367742676833, 49.498770607826522 ], [ 22.564526398357419, 49.498738902828329 ], [ 22.564813285159353, 49.498783701748181 ], [ 22.564835479032329, 49.49876698135008 ], [ 22.564536859171518, 49.498700403874359 ], [ 22.56452116795036, 49.498583774505398 ], [ 22.564519794070151, 49.498581276092779 ] ] ] ] } },
{ "type": "Feature", "properties": { "fid": 394, "cadastral_number": "63", "house_number": "21", "owner_uk": "Стефан Гебель", "type": "building", "locality_uk": "Ліщовате", "owner_pl": "Stefan Hebel", "locality_pl": "Leszczowate" }, "geometry": { "type": "MultiPolygon", "coordinates": [ [ [ [ 22.564526398357419, 49.498738902828329 ], [ 22.564367742676833, 49.498770607826522 ], [ 22.564402612057179, 49.498827223843598 ], [ 22.564573472020882, 49.498797783522903 ], [ 22.564526398357419, 49.498738902828329 ] ] ] ] } },
{ "type": "Feature", "properties": { "fid": 395, "cadastral_number": "63", "house_number": "21", "owner_uk": "Стефан Гебель", "type": "building", "locality_uk": "Ліщовате", "owner_pl": "Stefan Hebel", "locality_pl": "Leszczowate" }, "geometry": { "type": "MultiPolygon", "coordinates": [ [ [ [ 22.564321419847609, 49.49860597549894 ], [ 22.564519794070151, 49.498581276092779 ], [ 22.564486298570014, 49.498520364246403 ], [ 22.564304977792204, 49.498547540081738 ], [ 22.564321419847609, 49.49860597549894 ] ] ] ] } },
{ "type": "Feature", "properties": { "fid": 396, "cadastral_number": null, "house_number": "1", "owner_uk": "Едмунд Країнський", "type": "building", "locality_uk": "Ліщовате", "owner_pl": "Edmund Kraiński", "locality_pl": "Leszczowate" }, "geometry": { "type": "MultiPolygon", "coordinates": [ [ [ [ 22.564224743345498, 49.497751958773279 ], [ 22.564362512269781, 49.497719802659994 ], [ 22.56413934823555, 49.497457097842904 ], [ 22.564014082684654, 49.497487773678778 ], [ 22.564016889415971, 49.497491170247869 ], [ 22.564224743345498, 49.497751958773279 ] ] ] ] } },
{ "type": "Feature", "properties": { "fid": 397, "cadastral_number": null, "house_number": "1", "owner_uk": "Едмунд Країнський", "type": "building", "locality_uk": "Ліщовате", "owner_pl": "Edmund Kraiński", "locality_pl": "Leszczowate" }, "geometry": { "type": "MultiPolygon", "coordinates": [ [ [ [ 22.563976095885959, 49.496645488875622 ], [ 22.564052174784678, 49.496758432048992 ], [ 22.564451429189667, 49.496642930422176 ], [ 22.564365629654905, 49.496536610590759 ], [ 22.56435902533174, 49.496537619877785 ], [ 22.563991260421425, 49.496642239639804 ], [ 22.563976095885959, 49.496645488875622 ] ] ] ] } },
{ "type": "Feature", "properties": { "fid": 398, "cadastral_number": null, "house_number": "1", "owner_uk": "Едмунд Країнський", "type": "building", "locality_uk": "Ліщовате", "owner_pl": "Edmund Kraiński", "locality_pl": "Leszczowate" }, "geometry": { "type": "MultiPolygon", "coordinates": [ [ [ [ 22.564595900970659, 49.496501420027705 ], [ 22.564676336692912, 49.496591973735434 ], [ 22.565492280193052, 49.496325865731663 ], [ 22.56541713506525, 49.496236815130644 ], [ 22.564596137118105, 49.49650138393914 ], [ 22.564595900970659, 49.496501420027705 ] ] ] ] } },
{ "type": "Feature", "properties": { "fid": 399, "cadastral_number": null, "house_number": "1", "owner_uk": "Едмунд Країнський", "type": "building", "locality_uk": "Ліщовате", "owner_pl": "Edmund Kraiński", "locality_pl": "Leszczowate" }, "geometry": { "type": "MultiPolygon", "coordinates": [ [ [ [ 22.565469911904831, 49.496219807651379 ], [ 22.565539353856522, 49.496310012443224 ], [ 22.565755999760942, 49.496247493781262 ], [ 22.565671790207396, 49.49615475182248 ], [ 22.565469911904831, 49.496219807651379 ] ] ] ] } },
{ "type": "Feature", "properties": { "fid": 400, "cadastral_number": null, "house_number": "1", "owner_uk": "Едмунд Країнський", "type": "building", "locality_uk": "Ліщовате", "owner_pl": "Edmund Kraiński", "locality_pl": "Leszczowate" }, "geometry": { "type": "MultiPolygon", "coordinates": [ [ [ [ 22.566155079819051, 49.496380661414712 ], [ 22.566215819835282, 49.496484398333671 ], [ 22.56656625710778, 49.496394940714239 ], [ 22.566500965805805, 49.49629544855933 ], [ 22.566155079819051, 49.496380661414712 ] ] ] ] } },
{ "type": "Feature", "properties": { "fid": 401, "cadastral_number": null, "house_number": "1", "owner_uk": "Едмунд Країнський", "type": "building", "locality_uk": "Ліщовате", "owner_pl": "Edmund Kraiński", "locality_pl": "Leszczowate" }, "geometry": { "type": "MultiPolygon", "coordinates": [ [ [ [ 22.566681812368916, 49.496250894999427 ], [ 22.566742347478538, 49.496349645654696 ], [ 22.567059417198436, 49.496268895746795 ], [ 22.567004497924383, 49.496171397828029 ], [ 22.566681812368916, 49.496250894999427 ] ] ] ] } },
{ "type": "Feature", "properties": { "fid": 405, "cadastral_number": null, "house_number": "1", "owner_uk": "Едмунд Країнський", "type": "building", "locality_uk": "Ліщовате", "owner_pl": "Edmund Kraiński", "locality_pl": "Leszczowate" }, "geometry": { "type": "MultiPolygon", "coordinates": [ [ [ [ 22.565499254069124, 49.497369906708286 ], [ 22.565570736298845, 49.497448039030942 ], [ 22.565764261359774, 49.497377833181488 ], [ 22.565703239944167, 49.497303097811717 ], [ 22.565499254069124, 49.497369906708286 ] ] ] ] } },
{ "type": "Feature", "properties": { "fid": 407, "cadastral_number": null, "house_number": "1", "owner_uk": "Едмунд Країнський", "type": "household", "locality_uk": "Ліщовате", "owner_pl": "Edmund Kraiński", "locality_pl": "Leszczowate" }, "geometry": { "type": "MultiPolygon", "coordinates": [ [ [ [ 22.564995631697794, 49.497958909665456 ], [ 22.56473735810853, 49.497833037060033 ], [ 22.564366715740441, 49.497930087575604 ], [ 22.564500179027625, 49.498097540237865 ], [ 22.564869968806235, 49.498028580892132 ], [ 22.564995631697794, 49.497958909665456 ] ] ] ] } },
{ "type": "Feature", "properties": { "fid": 408, "cadastral_number": null, "house_number": "1", "owner_uk": "Едмунд Країнський", "type": "household", "locality_uk": "Ліщовате", "owner_pl": "Edmund Kraiński", "locality_pl": "Leszczowate" }, "geometry": { "type": "MultiPolygon", "coordinates": [ [ [ [ 22.566212332897258, 49.497026802423512 ], [ 22.566053677216679, 49.497026802423512 ], [ 22.56603275558847, 49.49666331308201 ], [ 22.564756536267726, 49.497055111448944 ], [ 22.565089538850046, 49.497452568437119 ], [ 22.56512615169941, 49.497559009361758 ], [ 22.564834992373509, 49.497727729076523 ], [ 22.564824531559402, 49.49780359614121 ], [ 22.565085414457503, 49.497909131361261 ], [ 22.565170194171049, 49.497862126898667 ], [ 22.565840209314484, 49.497560130350841 ], [ 22.566517547027786, 49.497260509886978 ], [ 22.567074062338182, 49.496906194431574 ], [ 22.567421884407175, 49.496723090808352 ], [ 22.56770380334731, 49.496585168146304 ], [ 22.567593964799201, 49.496561388337703 ], [ 22.567330352283751, 49.496523340619895 ], [ 22.567176578316413, 49.496323589616175 ], [ 22.567059417198436, 49.496268895746795 ], [ 22.567035250273481, 49.496610091674583 ], [ 22.566801625425146, 49.496895448331252 ], [ 22.566564513638774, 49.497031331868691 ], [ 22.566268123905814, 49.497108332372434 ], [ 22.566212332897258, 49.497026802423512 ] ], [ [ 22.565499254069124, 49.497369906708286 ], [ 22.565703239944167, 49.497303097811717 ], [ 22.565764261359774, 49.497377833181488 ], [ 22.565570736298845, 49.497448039030942 ], [ 22.565499254069124, 49.497369906708286 ] ] ] ] } },
{ "type": "Feature", "properties": { "fid": 410, "cadastral_number": null, "house_number": "1", "owner_uk": "Едмунд Країнський", "type": "building", "locality_uk": "Ліщовате", "owner_pl": "Edmund Kraiński", "locality_pl": "Leszczowate" }, "geometry": { "type": "MultiPolygon", "coordinates": [ [ [ [ 22.566268123905814, 49.497108332372434 ], [ 22.566564513638774, 49.497031331868691 ], [ 22.566515696506286, 49.496955463606788 ], [ 22.566212332897258, 49.497026802423512 ], [ 22.566268123905814, 49.497108332372434 ] ] ] ] } },
{ "type": "Feature", "properties": { "fid": 411, "cadastral_number": null, "house_number": "1", "owner_uk": "Едмунд Країнський", "type": "household", "locality_uk": "Ліщовате", "owner_pl": "Edmund Kraiński", "locality_pl": "Leszczowate" }, "geometry": { "type": "MultiPolygon", "coordinates": [ [ [ [ 22.56656625710778, 49.496394940714239 ], [ 22.566742347478538, 49.496349645654696 ], [ 22.566681812368916, 49.496250894999427 ], [ 22.566500965805805, 49.49629544855933 ], [ 22.56656625710778, 49.496394940714239 ] ] ] ] } },
{ "type": "Feature", "properties": { "fid": 415, "cadastral_number": null, "house_number": "1", "owner_uk": "Едмунд Країнський", "type": "household", "locality_uk": "Ліщовате", "owner_pl": "Edmund Kraiński", "locality_pl": "Leszczowate" }, "geometry": { "type": "MultiPolygon", "coordinates": [ [ [ [ 22.565954299482669, 49.496539884623061 ], [ 22.566215819835282, 49.496484398333671 ], [ 22.566155079819051, 49.496380661414712 ], [ 22.565755999760942, 49.496247493781262 ], [ 22.565539353856522, 49.496310012443224 ], [ 22.565469911904831, 49.496219807651379 ], [ 22.56541713506525, 49.496236815130644 ], [ 22.565492280193052, 49.496325865731663 ], [ 22.564676336692912, 49.496591973735434 ], [ 22.564595900970659, 49.496501420027705 ], [ 22.564365629654905, 49.496536610590759 ], [ 22.564451429189667, 49.496642930422176 ], [ 22.564052174784678, 49.496758432048992 ], [ 22.563976095885959, 49.496645488875622 ], [ 22.563636115782554, 49.496718334860958 ], [ 22.563522615949516, 49.496675531313635 ], [ 22.563379825836982, 49.496744492565902 ], [ 22.563588519078372, 49.49697277739746 ], [ 22.564014082684654, 49.497487773678778 ], [ 22.56413934823555, 49.497457097842904 ], [ 22.564226721939026, 49.497559952813944 ], [ 22.564327642889431, 49.49753070062782 ], [ 22.564662388940771, 49.497425391993744 ], [ 22.564721666887394, 49.497419730232821 ], [ 22.564224778217437, 49.496876198132945 ], [ 22.564658902002741, 49.496922625068933 ], [ 22.564582189365975, 49.496825241689095 ], [ 22.565066873752819, 49.496690489948584 ], [ 22.565129638637437, 49.496776549926508 ], [ 22.565448693467619, 49.496679166256015 ], [ 22.565380698175947, 49.49659423847821 ], [ 22.565893278067058, 49.496459486101656 ], [ 22.565954299482669, 49.496539884623061 ] ] ] ] } },
{ "type": "Feature", "properties": { "fid": 416, "cadastral_number": null, "house_number": "1", "owner_uk": "Едмунд Країнський", "type": "building", "locality_uk": "Ліщовате", "owner_pl": "Edmund Kraiński", "locality_pl": "Leszczowate" }, "geometry": { "type": "MultiPolygon", "coordinates": [ [ [ [ 22.564428764092437, 49.497657523628298 ], [ 22.564749562391643, 49.49754768587016 ], [ 22.564662388940771, 49.497425391993744 ], [ 22.564327642889431, 49.49753070062782 ], [ 22.564428764092437, 49.497657523628298 ] ] ] ] } },
{ "type": "Feature", "properties": { "fid": 417, "cadastral_number": null, "house_number": "1", "owner_uk": "Едмунд Країнський", "type": "building", "locality_uk": "Ліщовате", "owner_pl": "Edmund Kraiński", "locality_pl": "Leszczowate" }, "geometry": { "type": "MultiPolygon", "coordinates": [ [ [ [ 22.565066873752819, 49.496690489948584 ], [ 22.564582189365975, 49.496825241689095 ], [ 22.564658902002741, 49.496922625068933 ], [ 22.565129638637437, 49.496776549926508 ], [ 22.565066873752819, 49.496690489948584 ] ] ] ] } },
{ "type": "Feature", "properties": { "fid": 418, "cadastral_number": null, "house_number": "1", "owner_uk": "Едмунд Країнський", "type": "building", "locality_uk": "Ліщовате", "owner_pl": "Edmund Kraiński", "locality_pl": "Leszczowate" }, "geometry": { "type": "MultiPolygon", "coordinates": [ [ [ [ 22.565893278067058, 49.496459486101656 ], [ 22.565380698175947, 49.49659423847821 ], [ 22.565448693467619, 49.496679166256015 ], [ 22.565954299482669, 49.496539884623061 ], [ 22.565893278067058, 49.496459486101656 ] ] ] ] } },
{ "type": "Feature", "properties": { "fid": 419, "cadastral_number": null, "house_number": "20", "owner_uk": "Андрій Кавчак", "type": null, "locality_uk": "Воля Мацькова", "owner_pl": "Andrzej Kawczak", "locality_pl": "Wola Maćkowa" }, "geometry": { "type": "MultiPolygon", "coordinates": [ [ [ [ 22.576565668370613, 49.493826002510588 ], [ 22.576605729952533, 49.493803698620972 ], [ 22.576828930194633, 49.494034171656985 ], [ 22.577106499726479, 49.494348282353769 ], [ 22.576763114738633, 49.494632653021142 ], [ 22.576548499121223, 49.494738594612066 ], [ 22.576883299484383, 49.495140055401926 ], [ 22.57680889940368, 49.49519953079443 ], [ 22.576940530315685, 49.495370522145329 ], [ 22.577003484230126, 49.495604704982632 ], [ 22.577215238305971, 49.496021027260035 ], [ 22.577455607797464, 49.496236621333288 ], [ 22.578085146941859, 49.497128724644242 ], [ 22.578502932010412, 49.497890716678583 ], [ 22.578886378580179, 49.497797791455937 ], [ 22.578989394076533, 49.498117453481306 ], [ 22.578857763164525, 49.498221529038993 ], [ 22.579327055981253, 49.498890580910647 ], [ 22.579607487054666, 49.499485286006546 ], [ 22.580156903035224, 49.500120869088214 ], [ 22.580712042098927, 49.500195205751538 ], [ 22.58065481126761, 49.499916442681823 ], [ 22.580357210944808, 49.498972353289886 ], [ 22.58007105678826, 49.498805091458991 ], [ 22.5798936412112, 49.498284717662457 ], [ 22.57961321013779, 49.497541316925918 ], [ 22.57943007147761, 49.497206782910268 ], [ 22.579264102066816, 49.496954022359631 ], [ 22.579281271316205, 49.49684250993699 ], [ 22.579052347990974, 49.496734714353586 ], [ 22.578497208927278, 49.495976421471134 ], [ 22.577987854528637, 49.495188379163842 ], [ 22.578039362276812, 49.495021104400081 ], [ 22.577884839032279, 49.494838960118244 ], [ 22.577844777450366, 49.494667966910256 ], [ 22.578188162438217, 49.494374303267833 ], [ 22.578325516433356, 49.494318544149337 ], [ 22.578125208523776, 49.493983988104475 ], [ 22.577587238709473, 49.493370629416226 ], [ 22.577077884310828, 49.492928262924963 ], [ 22.576873577249501, 49.492734660510145 ], [ 22.576684242221145, 49.492805468000654 ], [ 22.576265410188721, 49.493017889857597 ], [ 22.57621090465026, 49.493241490816338 ], [ 22.57615066168669, 49.49334956424692 ], [ 22.576047388034858, 49.49338310422857 ], [ 22.576565668370613, 49.493826002510588 ] ] ] ] } },
{ "type": "Feature", "properties": { "fid": 421, "cadastral_number": null, "house_number": "19", "owner_uk": "Міхал Івантейко", "type": null, "locality_uk": "Воля Мацькова", "owner_pl": "Michał Iwanteiko", "locality_pl": "Wola Maćkowa" }, "geometry": { "type": "MultiPolygon", "coordinates": [ [ [ [ 22.580860842260314, 49.500486976063648 ], [ 22.580929519257886, 49.500819629265216 ], [ 22.58104970400364, 49.500977592284144 ], [ 22.581318688910791, 49.501356701449076 ], [ 22.581659212357078, 49.501365993303502 ], [ 22.581799427893781, 49.501263782807811 ], [ 22.582162843672588, 49.5012396239322 ], [ 22.582159982131024, 49.501313958896013 ], [ 22.582348843874346, 49.501317675641246 ], [ 22.582643582655582, 49.501165288855447 ], [ 22.5824346901213, 49.501042635731942 ], [ 22.58226872071052, 49.500856797080253 ], [ 22.582131366715377, 49.500600338581869 ], [ 22.581925335722669, 49.500373613282797 ], [ 22.581524719903509, 49.499882991006743 ], [ 22.581387365908366, 49.499496436658077 ], [ 22.581250011913223, 49.499013239428258 ], [ 22.580935242341027, 49.49849286784508 ], [ 22.580666257433876, 49.497898150688783 ], [ 22.580420164859255, 49.497255104631606 ], [ 22.58055179577126, 49.497188197620126 ], [ 22.580299980113502, 49.496920568659519 ], [ 22.580093949120794, 49.496452214456838 ], [ 22.579893641211214, 49.496102804434095 ], [ 22.579750564132947, 49.495459734786905 ], [ 22.579578871639015, 49.495058276619204 ], [ 22.579172532736727, 49.494537862982263 ], [ 22.579143917321073, 49.494337130529239 ], [ 22.578995117159671, 49.49412152808862 ], [ 22.57896650174402, 49.493946815069442 ], [ 22.57866890142121, 49.493545344492119 ], [ 22.577861946699766, 49.492601132191965 ], [ 22.577718413095717, 49.492347080852589 ], [ 22.577454491541037, 49.492427205744967 ], [ 22.577638089144294, 49.492593045221838 ], [ 22.577382773727269, 49.492682486504243 ], [ 22.577265156512688, 49.492559504698811 ], [ 22.577184832561262, 49.492600498668288 ], [ 22.57700697238311, 49.492436522584406 ], [ 22.576655306976438, 49.492546363321615 ], [ 22.576873577249501, 49.492734660510145 ], [ 22.577077884310828, 49.492928262924963 ], [ 22.577587238709473, 49.493370629416226 ], [ 22.578125208523776, 49.493983988104475 ], [ 22.578325516433356, 49.494318544149337 ], [ 22.578188162438217, 49.494374303267833 ], [ 22.577844777450366, 49.494667966910256 ], [ 22.577884839032279, 49.494838960118244 ], [ 22.578039362276812, 49.495021104400081 ], [ 22.577987854528637, 49.495188379163842 ], [ 22.578497208927278, 49.495976421471134 ], [ 22.579052347990974, 49.496734714353586 ], [ 22.579281271316205, 49.49684250993699 ], [ 22.579264102066816, 49.496954022359631 ], [ 22.57943007147761, 49.497206782910268 ], [ 22.57961321013779, 49.497541316925918 ], [ 22.5798936412112, 49.498284717662457 ], [ 22.58007105678826, 49.498805091458991 ], [ 22.580357210944808, 49.498972353289886 ], [ 22.58065481126761, 49.499916442681823 ], [ 22.580712042098927, 49.500195205751538 ], [ 22.580860842260314, 49.500486976063648 ] ] ] ] } },
{ "type": "Feature", "properties": { "fid": 422, "cadastral_number": null, "house_number": "18", "owner_uk": "Стефан Вуйків", "type": null, "locality_uk": "Воля Мацькова", "owner_pl": "Stefan Woyków", "locality_pl": "Wola Maćkowa" }, "geometry": { "type": "MultiPolygon", "coordinates": [ [ [ [ 22.582932598353693, 49.501222898549784 ], [ 22.583207306343979, 49.50111139585421 ], [ 22.583132906263273, 49.500505560101026 ], [ 22.58297265993561, 49.500327153050833 ], [ 22.58274945969351, 49.500000071769492 ], [ 22.582554874867057, 49.499598650845307 ], [ 22.582308782292429, 49.499260413991877 ], [ 22.582280166876775, 49.498918457873458 ], [ 22.582165705214155, 49.498658272269623 ], [ 22.581965397304572, 49.498453839753282 ], [ 22.581776535561264, 49.49811187799876 ], [ 22.581461765989058, 49.497535741377732 ], [ 22.581106934834953, 49.496833217223646 ], [ 22.580878011509711, 49.496186440038976 ], [ 22.580528903438736, 49.495695775783439 ], [ 22.580643365101352, 49.495398401113299 ], [ 22.580196964617137, 49.494759039454095 ], [ 22.579910810460603, 49.494260926326845 ], [ 22.579733394883547, 49.493837154451604 ], [ 22.579590317805273, 49.493588093830617 ], [ 22.579035178741584, 49.492963578043806 ], [ 22.578343792431795, 49.492170060276528 ], [ 22.578206094229358, 49.492218508076768 ], [ 22.577924960399379, 49.492298633179615 ], [ 22.577718413095717, 49.492347080852589 ], [ 22.577861946699766, 49.492601132191965 ], [ 22.57866890142121, 49.493545344492119 ], [ 22.57896650174402, 49.493946815069442 ], [ 22.578995117159671, 49.49412152808862 ], [ 22.579143917321073, 49.494337130529239 ], [ 22.579172532736727, 49.494537862982263 ], [ 22.579578871639015, 49.495058276619204 ], [ 22.579750564132947, 49.495459734786905 ], [ 22.579893641211214, 49.496102804434095 ], [ 22.580093949120794, 49.496452214456838 ], [ 22.580299980113502, 49.496920568659519 ], [ 22.58055179577126, 49.497188197620126 ], [ 22.580420164859255, 49.497255104631606 ], [ 22.580666257433876, 49.497898150688783 ], [ 22.580935242341027, 49.49849286784508 ], [ 22.581250011913223, 49.499013239428258 ], [ 22.581387365908366, 49.499496436658077 ], [ 22.581524719903509, 49.499882991006743 ], [ 22.581925335722669, 49.500373613282797 ], [ 22.582131366715377, 49.500600338581869 ], [ 22.58226872071052, 49.500856797080253 ], [ 22.5824346901213, 49.501042635731942 ], [ 22.582643582655582, 49.501165288855447 ], [ 22.582932598353693, 49.501222898549784 ] ] ] ] } },
{ "type": "Feature", "properties": { "fid": 423, "cadastral_number": null, "house_number": "10", "owner_uk": "Іван Василишин", "type": null, "locality_uk": "Воля Мацькова", "owner_pl": "Iwan Wasylyszyn", "locality_pl": "Wola Maćkowa" }, "geometry": { "type": "MultiPolygon", "coordinates": [ [ [ [ 22.581103493905719, 49.489111229960251 ], [ 22.581208519560548, 49.48923490430613 ], [ 22.581680673918843, 49.489783256492103 ], [ 22.582046951239214, 49.49033346132542 ], [ 22.582161412901833, 49.490467293998464 ], [ 22.582636428801688, 49.490987750915366 ], [ 22.582733721214915, 49.491080689068241 ], [ 22.58298553687267, 49.491523072256939 ], [ 22.583140060117199, 49.491567682104488 ], [ 22.583168675532853, 49.491701511403178 ], [ 22.583557845185741, 49.492214520325263 ], [ 22.583769599261586, 49.492682915080266 ], [ 22.583901230173598, 49.493233087322103 ], [ 22.584141599665095, 49.493560213831572 ], [ 22.58463378481434, 49.493995140009552 ], [ 22.58501150830098, 49.49459362185096 ], [ 22.585423570286395, 49.495415128486506 ], [ 22.585709724442939, 49.495987572922225 ], [ 22.586030217098262, 49.496470800026522 ], [ 22.586322094337927, 49.496716128884231 ], [ 22.586322094337927, 49.496909417421115 ], [ 22.586654033159519, 49.497485561415488 ], [ 22.586802833320917, 49.497652827756347 ], [ 22.586797110237786, 49.497860980626584 ], [ 22.586860064152226, 49.4981360384186 ], [ 22.587192002973808, 49.49885712853434 ], [ 22.587518218712265, 49.499656262384043 ], [ 22.587941726863949, 49.500499984890567 ], [ 22.587936366887675, 49.500640964574615 ], [ 22.588347958463345, 49.500740512271854 ], [ 22.58875069980639, 49.500711978923057 ], [ 22.588585573716159, 49.500308568945727 ], [ 22.58821357331265, 49.499710156987902 ], [ 22.587984649987419, 49.499245546384287 ], [ 22.587629818833317, 49.498390651348224 ], [ 22.587498187921309, 49.498085859071828 ], [ 22.587463849422523, 49.497747611762399 ], [ 22.587297880011729, 49.497301567780262 ], [ 22.5871261875178, 49.497089695464609 ], [ 22.586988833522668, 49.4967774609065 ], [ 22.58694304885762, 49.496584171848461 ], [ 22.586605386952908, 49.49626821693672 ], [ 22.586153263385572, 49.495476462139166 ], [ 22.585769816815805, 49.494833384262257 ], [ 22.585386370246042, 49.494301816401503 ], [ 22.585163170003941, 49.493881762190277 ], [ 22.585025816008802, 49.493573224499791 ], [ 22.584693877187217, 49.49339479217673 ], [ 22.584659538688427, 49.493182902948242 ], [ 22.584567969358339, 49.493182902948242 ], [ 22.584522184693292, 49.492818600025203 ], [ 22.584361938365628, 49.49228701028288 ], [ 22.584224584370485, 49.491985897448018 ], [ 22.584064338042818, 49.49175169729584 ], [ 22.583875476299504, 49.491714522565459 ], [ 22.583537814394791, 49.491205225916431 ], [ 22.583114306243111, 49.490610420202252 ], [ 22.5826679057589, 49.490060218481865 ], [ 22.582055535863901, 49.489309257504885 ], [ 22.581645680577818, 49.488857794080126 ], [ 22.581284222796413, 49.489055325099486 ], [ 22.581350203185082, 49.489114956948704 ], [ 22.581235454683053, 49.489148499831977 ], [ 22.581172343006934, 49.489088868023622 ], [ 22.581103493905719, 49.489111229960251 ] ] ] ] } },
{ "type": "Feature", "properties": { "fid": 424, "cadastral_number": null, "house_number": "17", "owner_uk": "Юрко Тиркала", "type": null, "locality_uk": "Воля Мацькова", "owner_pl": "Jurko Tyrkala", "locality_pl": "Wola Maćkowa" }, "geometry": { "type": "MultiPolygon", "coordinates": [ [ [ [ 22.583698725694376, 49.500959134020775 ], [ 22.583615906817105, 49.50078757663222 ], [ 22.583178524817974, 49.500877029475561 ], [ 22.583207306343979, 49.501111395854203 ], [ 22.583698725694376, 49.500959134020775 ] ] ] ] } },
{ "type": "Feature", "properties": { "fid": 425, "cadastral_number": null, "house_number": "16", "owner_uk": "Федьо Кавчак", "type": null, "locality_uk": "Воля Мацькова", "owner_pl": "Fedio Kawczak", "locality_pl": "Wola Maćkowa" }, "geometry": { "type": "MultiPolygon", "coordinates": [ [ [ [ 22.584454497910897, 49.500754937554888 ], [ 22.584175938163874, 49.500124585924084 ], [ 22.583912676339864, 49.499689714214099 ], [ 22.583288860278607, 49.49873818656657 ], [ 22.58324879869669, 49.498489150885312 ], [ 22.58304849078711, 49.498299585562037 ], [ 22.582865352126927, 49.497976207727604 ], [ 22.582630705718557, 49.497173329382967 ], [ 22.582321659229496, 49.496589747505041 ], [ 22.582092735904254, 49.496173430065426 ], [ 22.581789412498331, 49.495333350163399 ], [ 22.581325842764741, 49.494578752825525 ], [ 22.58105685785759, 49.493805557278883 ], [ 22.580644795872171, 49.49322193524344 ], [ 22.580135441473526, 49.492578827744254 ], [ 22.579780610319414, 49.492147606422918 ], [ 22.579368548333999, 49.491705228878438 ], [ 22.579013717179894, 49.491270282352929 ], [ 22.578620623192982, 49.490791141242291 ], [ 22.578561814585679, 49.490971893652166 ], [ 22.578584764286088, 49.491120967302422 ], [ 22.578676563087718, 49.491411659614648 ], [ 22.578679431800264, 49.491493649441878 ], [ 22.578708118925764, 49.49155886852455 ], [ 22.579058101856972, 49.49197067844004 ], [ 22.579298440565605, 49.492210802888557 ], [ 22.57936711756318, 49.492199650576993 ], [ 22.580030995206357, 49.493006327890399 ], [ 22.580219856949675, 49.493210783162212 ], [ 22.580614749685711, 49.493842730421143 ], [ 22.580923796174776, 49.494519276678602 ], [ 22.581175611832535, 49.495054559398561 ], [ 22.5813272735355, 49.495366804948389 ], [ 22.581395950533079, 49.495824018052311 ], [ 22.58164776619083, 49.496355569380967 ], [ 22.581939643430509, 49.496801621985021 ], [ 22.582231520670181, 49.497418654719034 ], [ 22.582471890161678, 49.498098868537006 ], [ 22.582706536570036, 49.498474283043329 ], [ 22.582878229063969, 49.498901731697671 ], [ 22.583313183381907, 49.499600509283091 ], [ 22.583679460702282, 49.500176621596296 ], [ 22.583914107110651, 49.500570604176254 ], [ 22.58404674553093, 49.500851303227499 ], [ 22.584174093635422, 49.5008118455711 ], [ 22.584454497910897, 49.500754937554888 ] ] ] ] } },
{ "type": "Feature", "properties": { "fid": 426, "cadastral_number": null, "house_number": "15", "owner_uk": "Іван Приходняк", "type": null, "locality_uk": "Воля Мацькова", "owner_pl": "Iwan Przychodniak", "locality_pl": "Wola Maćkowa" }, "geometry": { "type": "MultiPolygon", "coordinates": [ [ [ [ 22.584870927769707, 49.500670423161814 ], [ 22.584610892481816, 49.500124585924084 ], [ 22.584565107816776, 49.499920159533211 ], [ 22.584084368833786, 49.499277140045095 ], [ 22.583947014838643, 49.499109879255926 ], [ 22.583855445508551, 49.498741903507444 ], [ 22.58340904502435, 49.498173208271915 ], [ 22.583340368026779, 49.497834961566198 ], [ 22.583231629447294, 49.49761194048137 ], [ 22.583140060117199, 49.49726253873839 ], [ 22.582579197970379, 49.496251489855098 ], [ 22.582241536065659, 49.495351936157917 ], [ 22.581909597244074, 49.494686553157521 ], [ 22.581623443087533, 49.494021161111327 ], [ 22.581371627429778, 49.493485867089554 ], [ 22.580736365202259, 49.492627154034928 ], [ 22.579746271820625, 49.491448722420678 ], [ 22.579523071578524, 49.491303739915182 ], [ 22.579099563426841, 49.490768416174994 ], [ 22.579000727605955, 49.49064113486957 ], [ 22.578960565630243, 49.490544236098714 ], [ 22.578923272367085, 49.490512557612796 ], [ 22.578837210990564, 49.490583368317722 ], [ 22.578620623192982, 49.490791141242291 ], [ 22.579013717179894, 49.491270282352929 ], [ 22.579368548333999, 49.491705228878438 ], [ 22.579780610319414, 49.492147606422918 ], [ 22.580135441473526, 49.492578827744254 ], [ 22.580644795872171, 49.49322193524344 ], [ 22.58105685785759, 49.493805557278883 ], [ 22.581325842764741, 49.494578752825525 ], [ 22.581789412498331, 49.495333350163399 ], [ 22.582092735904254, 49.496173430065426 ], [ 22.582321659229496, 49.496589747505041 ], [ 22.582630705718557, 49.497173329382967 ], [ 22.582865352126927, 49.497976207727604 ], [ 22.58304849078711, 49.498299585562037 ], [ 22.58324879869669, 49.498489150885312 ], [ 22.583288860278607, 49.49873818656657 ], [ 22.583912676339864, 49.499689714214099 ], [ 22.584175938163874, 49.500124585924084 ], [ 22.584454497910897, 49.500754937554888 ], [ 22.584870927769707, 49.500670423161814 ] ] ] ] } },
{ "type": "Feature", "properties": { "fid": 427, "cadastral_number": null, "house_number": "9", "owner_uk": "Юрко Роман", "type": null, "locality_uk": "Воля Мацькова", "owner_pl": "Jurko Roman", "locality_pl": "Wola Maćkowa" }, "geometry": { "type": "MultiPolygon", "coordinates": [ [ [ [ 22.585241675470336, 49.500595179957614 ], [ 22.585200370044284, 49.500351312376957 ], [ 22.584908492804612, 49.49971201542143 ], [ 22.584582277066151, 49.499332893514421 ], [ 22.584416307655367, 49.498976070212983 ], [ 22.583964184088032, 49.498251264871996 ], [ 22.583832553176023, 49.498098868537028 ], [ 22.583729537679663, 49.497879565661215 ], [ 22.583609352933916, 49.497247670523777 ], [ 22.583471998938776, 49.496898266180104 ], [ 22.583071383119623, 49.496192015740924 ], [ 22.582659321134205, 49.495292460950594 ], [ 22.582298766896962, 49.494627077141637 ], [ 22.582069843571734, 49.494006291912001 ], [ 22.581686397001974, 49.49330371709442 ], [ 22.581571935339348, 49.493147587987636 ], [ 22.581159873353933, 49.492656893266997 ], [ 22.58070202670347, 49.492114149437462 ], [ 22.579958025896463, 49.49116247449679 ], [ 22.579439640626237, 49.490518147935333 ], [ 22.579058101856972, 49.490629954251958 ], [ 22.579000727605955, 49.49064113486957 ], [ 22.579099563426841, 49.490768416174994 ], [ 22.579523071578524, 49.491303739915182 ], [ 22.579746271820625, 49.491448722420678 ], [ 22.580736365202259, 49.492627154034928 ], [ 22.581371627429778, 49.493485867089554 ], [ 22.581623443087533, 49.494021161111327 ], [ 22.581909597244074, 49.494686553157521 ], [ 22.582241536065659, 49.495351936157917 ], [ 22.582579197970379, 49.496251489855098 ], [ 22.583140060117199, 49.49726253873839 ], [ 22.583231629447294, 49.49761194048137 ], [ 22.583340368026779, 49.497834961566198 ], [ 22.58340904502435, 49.498173208271915 ], [ 22.583855445508551, 49.498741903507444 ], [ 22.583947014838643, 49.499109879255926 ], [ 22.584084368833786, 49.499277140045095 ], [ 22.584565107816776, 49.499920159533211 ], [ 22.584610892481816, 49.500124585924084 ], [ 22.584870927769707, 49.500670423161814 ], [ 22.585241675470336, 49.500595179957614 ] ] ] ] } },
{ "type": "Feature", "properties": { "fid": 428, "cadastral_number": null, "house_number": "14", "owner_uk": "Андрій Роман", "type": null, "locality_uk": "Воля Мацькова", "owner_pl": "Andrzej Roman", "locality_pl": "Wola Maćkowa" }, "geometry": { "type": "MultiPolygon", "coordinates": [ [ [ [ 22.585934900667386, 49.500454459086363 ], [ 22.585669662861012, 49.499752900941843 ], [ 22.585291939374375, 49.499195368175144 ], [ 22.584685292562508, 49.498128604444524 ], [ 22.584381969156581, 49.497545033957714 ], [ 22.584313292159013, 49.497184480561288 ], [ 22.583803937760372, 49.496195732875172 ], [ 22.583689476097756, 49.495939249949366 ], [ 22.583700922264015, 49.495675331332748 ], [ 22.583546399019479, 49.495136338187542 ], [ 22.58254851252622, 49.495087969514827 ], [ 22.582659321134205, 49.495292460950594 ], [ 22.583071383119623, 49.496192015740924 ], [ 22.583471998938776, 49.496898266180104 ], [ 22.583609352933916, 49.497247670523777 ], [ 22.583729537679663, 49.497879565661215 ], [ 22.583832553176023, 49.498098868537028 ], [ 22.583964184088032, 49.498251264871996 ], [ 22.584416307655367, 49.498976070212983 ], [ 22.584582277066151, 49.499332893514421 ], [ 22.584908492804612, 49.49971201542143 ], [ 22.585200370044284, 49.500351312376957 ], [ 22.585241675470336, 49.500595179957614 ], [ 22.585931510405072, 49.500455178035089 ], [ 22.585934900667386, 49.500454459086363 ] ] ] ] } },
{ "type": "Feature", "properties": { "fid": 429, "cadastral_number": null, "house_number": "14", "owner_uk": "Андрій Роман", "type": null, "locality_uk": "Воля Мацькова", "owner_pl": "Andrzej Roman", "locality_pl": "Wola Maćkowa" }, "geometry": { "type": "MultiPolygon", "coordinates": [ [ [ [ 22.582350667925514, 49.494722857749657 ], [ 22.582928306041357, 49.494742311856768 ], [ 22.582756613547438, 49.494032313007885 ], [ 22.58268793654986, 49.493757232151687 ], [ 22.582378890060799, 49.493378064113088 ], [ 22.582172859068095, 49.493177326903513 ], [ 22.582041228156086, 49.492946849832855 ], [ 22.581915320327209, 49.492850197835082 ], [ 22.581709289334498, 49.492340913002266 ], [ 22.581560489173096, 49.492318608435923 ], [ 22.580805042199824, 49.491326044943989 ], [ 22.580215564637353, 49.490582538507049 ], [ 22.579806835832741, 49.490100735430303 ], [ 22.579709299606012, 49.490167819822943 ], [ 22.579606025954188, 49.490292671086706 ], [ 22.579482671314501, 49.490370935895648 ], [ 22.579363906690666, 49.490419758134315 ], [ 22.579439640626237, 49.490518147935333 ], [ 22.579958025896463, 49.49116247449679 ], [ 22.58070202670347, 49.492114149437462 ], [ 22.581159873353933, 49.492656893266997 ], [ 22.581571935339348, 49.493147587987636 ], [ 22.581686397001974, 49.49330371709442 ], [ 22.582069843571734, 49.494006291912001 ], [ 22.582298766896962, 49.494627077141637 ], [ 22.582350667925514, 49.494722857749657 ] ] ] ] } },
{ "type": "Feature", "properties": { "fid": 432, "cadastral_number": null, "house_number": "13", "owner_uk": "Іван Тиркала", "type": "household", "locality_uk": "Воля Мацькова", "owner_pl": "Iwan Tyrkala", "locality_pl": "Wola Maćkowa" }, "geometry": { "type": "MultiPolygon", "coordinates": [ [ [ [ 22.580167303022463, 49.489675013168842 ], [ 22.579966431672929, 49.489790343208234 ], [ 22.57988773927989, 49.489726214211238 ], [ 22.579851970010324, 49.489744802334961 ], [ 22.579651662100758, 49.489597955965237 ], [ 22.579734646806148, 49.489551485503313 ], [ 22.580014693546318, 49.489530958164806 ], [ 22.579938796610083, 49.489413115105222 ], [ 22.579511358440005, 49.488831705017965 ], [ 22.579126950958191, 49.48917458872527 ], [ 22.579362185387357, 49.489510016115076 ], [ 22.579511358440005, 49.489737360039157 ], [ 22.579591682391424, 49.489800717993816 ], [ 22.579666268917752, 49.489892027843048 ], [ 22.579806835832741, 49.490100735430303 ], [ 22.580237142715365, 49.489899481700775 ], [ 22.580320335379344, 49.489860348935068 ], [ 22.580167303022463, 49.489675013168842 ] ] ] ] } },
{ "type": "Feature", "properties": { "fid": 433, "cadastral_number": null, "house_number": "13", "owner_uk": "Іван Тиркала", "type": null, "locality_uk": "Воля Мацькова", "owner_pl": "Iwan Tyrkala", "locality_pl": "Wola Maćkowa" }, "geometry": { "type": "MultiPolygon", "coordinates": [ [ [ [ 22.586475751098583, 49.50038531772595 ], [ 22.586490925290281, 49.500180338427931 ], [ 22.586416525209586, 49.500094851229385 ], [ 22.585964401642251, 49.499552189877591 ], [ 22.586050247889215, 49.499325459722201 ], [ 22.585781262982067, 49.498920316337106 ], [ 22.585718309067627, 49.498656413796056 ], [ 22.585443601077351, 49.498154623348782 ], [ 22.585357754830387, 49.497708583076253 ], [ 22.585128831505155, 49.497325728600089 ], [ 22.584888462013662, 49.497143592895036 ], [ 22.584602307857118, 49.496552576449062 ], [ 22.584298984451181, 49.495965270017606 ], [ 22.584035722627167, 49.495292460950608 ], [ 22.583738122304371, 49.494649380656071 ], [ 22.583617937558618, 49.494337130529289 ], [ 22.583451968147827, 49.493950532374271 ], [ 22.583257383321381, 49.49350817112402 ], [ 22.582925444499793, 49.493195913716768 ], [ 22.582656459592645, 49.492872502159202 ], [ 22.582376028519235, 49.492552805875668 ], [ 22.582204336025306, 49.492288868998315 ], [ 22.581448889052044, 49.491225672234371 ], [ 22.581053996316019, 49.490746110892111 ], [ 22.580320335379344, 49.489860348935068 ], [ 22.580237142715365, 49.489899481700775 ], [ 22.579806835832741, 49.490100735430303 ], [ 22.580215564637353, 49.490582538507049 ], [ 22.580805042199824, 49.491326044943989 ], [ 22.581560489173096, 49.492318608435923 ], [ 22.581709289334498, 49.492340913002266 ], [ 22.581915320327209, 49.492850197835082 ], [ 22.582041228156086, 49.492946849832855 ], [ 22.582172859068095, 49.493177326903513 ], [ 22.582378890060799, 49.493378064113088 ], [ 22.58268793654986, 49.493757232151687 ], [ 22.582756613547438, 49.494032313007885 ], [ 22.582928306041357, 49.494742311856768 ], [ 22.582350667925514, 49.494722857749657 ], [ 22.58254851252622, 49.495087969514827 ], [ 22.583546399019479, 49.495136338187542 ], [ 22.583700922264015, 49.495675331332748 ], [ 22.583689476097756, 49.495939249949366 ], [ 22.583803937760372, 49.496195732875172 ], [ 22.584313292159013, 49.497184480561288 ], [ 22.584381969156581, 49.497545033957714 ], [ 22.584685292562508, 49.498128604444524 ], [ 22.585291939374375, 49.499195368175144 ], [ 22.585669662861012, 49.499752900941843 ], [ 22.585934900667386, 49.500454459086363 ], [ 22.586290316328874, 49.500379088624285 ], [ 22.586475751098583, 49.50038531772595 ] ] ] ] } },
{ "type": "Feature", "properties": { "fid": 434, "cadastral_number": null, "house_number": "12", "owner_uk": "Федьо Тиркала", "type": null, "locality_uk": "Воля Мацькова", "owner_pl": "Fedio Tyrkala", "locality_pl": "Wola Maćkowa" }, "geometry": { "type": "MultiPolygon", "coordinates": [ [ [ [ 22.587286185831676, 49.50048371153364 ], [ 22.587160526016589, 49.499979629116822 ], [ 22.586828587195004, 49.499377496244193 ], [ 22.586267725048184, 49.498385075896771 ], [ 22.586096032554256, 49.498117453481342 ], [ 22.586055970972339, 49.497983641724801 ], [ 22.586124647969918, 49.497860980626562 ], [ 22.586010186307298, 49.497533882861561 ], [ 22.58570113981823, 49.497017212619717 ], [ 22.585392093329173, 49.496571161980569 ], [ 22.584985754426878, 49.495812866564052 ], [ 22.584688154104082, 49.495247854497691 ], [ 22.584419169196934, 49.494537862982334 ], [ 22.584195968954827, 49.494318544149408 ], [ 22.584081507292218, 49.494084355158115 ], [ 22.583715229971848, 49.493868751604033 ], [ 22.583835414717587, 49.493846447733887 ], [ 22.583749568470623, 49.493601104491511 ], [ 22.583497752812875, 49.493292565031879 ], [ 22.583303167986418, 49.493073240618898 ], [ 22.583114306243111, 49.492935697688999 ], [ 22.582913998333531, 49.49241897890446 ], [ 22.582782367421526, 49.492281434136096 ], [ 22.582713690423947, 49.492013778343875 ], [ 22.582267289939747, 49.491378089971633 ], [ 22.581654920044752, 49.490649454548816 ], [ 22.581151288729245, 49.490095535669901 ], [ 22.580942846002873, 49.489841714273716 ], [ 22.580942846002859, 49.489841714273702 ], [ 22.580942846002873, 49.489841714273723 ], [ 22.580808016512982, 49.489882710519304 ], [ 22.580667449597993, 49.489718725331024 ], [ 22.580320335379344, 49.489860348935068 ], [ 22.581053996316019, 49.490746110892111 ], [ 22.581448889052044, 49.491225672234371 ], [ 22.582204336025306, 49.492288868998315 ], [ 22.582376028519235, 49.492552805875668 ], [ 22.582656459592645, 49.492872502159202 ], [ 22.582925444499793, 49.493195913716768 ], [ 22.583257383321381, 49.49350817112402 ], [ 22.583451968147827, 49.493950532374271 ], [ 22.583617937558618, 49.494337130529289 ], [ 22.583738122304371, 49.494649380656071 ], [ 22.584035722627167, 49.495292460950608 ], [ 22.584298984451181, 49.495965270017606 ], [ 22.584602307857118, 49.496552576449062 ], [ 22.584888462013662, 49.497143592895036 ], [ 22.585128831505155, 49.497325728600089 ], [ 22.585357754830387, 49.497708583076253 ], [ 22.585443601077351, 49.498154623348782 ], [ 22.585718309067627, 49.498656413796056 ], [ 22.585781262982067, 49.498920316337106 ], [ 22.586050247889215, 49.499325459722201 ], [ 22.585964401642251, 49.499552189877591 ], [ 22.586416525209586, 49.500094851229385 ], [ 22.586490925290281, 49.500180338427931 ], [ 22.586475751098583, 49.50038531772595 ], [ 22.586715025381544, 49.500393355397826 ], [ 22.587154379573949, 49.500540778480833 ], [ 22.587286185831676, 49.50048371153364 ] ] ] ] } },
{ "type": "Feature", "properties": { "fid": 435, "cadastral_number": null, "house_number": "2", "owner_uk": "Іван Баран", "type": null, "locality_uk": "Воля Мацькова", "owner_pl": "Iwan Baran", "locality_pl": "Wola Maćkowa" }, "geometry": { "type": "MultiPolygon", "coordinates": [ [ [ [ 22.585161287808869, 49.486362498709546 ], [ 22.585412124120129, 49.486836953097686 ], [ 22.585869970770595, 49.487435522461467 ], [ 22.586333540504196, 49.48819766540759 ], [ 22.586493786831856, 49.488413293941463 ], [ 22.58686006415223, 49.48868468712552 ], [ 22.586980248897973, 49.488959796488835 ], [ 22.587363695467737, 49.489391045893043 ], [ 22.587478157130352, 49.489677304175601 ], [ 22.587815819035075, 49.490104829662535 ], [ 22.588233604103621, 49.49087436612993 ], [ 22.588645666089036, 49.491439428683208 ], [ 22.588714343086604, 49.491826046671896 ], [ 22.588937543328701, 49.491985897448018 ], [ 22.589023389575665, 49.492108573270997 ], [ 22.589445466956608, 49.492039800498937 ], [ 22.589233712880773, 49.491530507234266 ], [ 22.589130697384409, 49.490508187242156 ], [ 22.58825506566539, 49.489705186386296 ], [ 22.588340911912358, 49.489463540031892 ], [ 22.587339372364461, 49.488548990721469 ], [ 22.587327926198196, 49.488114016151613 ], [ 22.587184849119925, 49.487608399828595 ], [ 22.586578202308058, 49.487073035677163 ], [ 22.586229094237076, 49.486708687281769 ], [ 22.586131801823843, 49.486392668620567 ], [ 22.585887072084226, 49.485943187155478 ], [ 22.585531351727923, 49.485963686914943 ], [ 22.58557438241618, 49.486138866327607 ], [ 22.585161287808869, 49.486362498709546 ] ] ] ] } },
{ "type": "Feature", "properties": { "fid": 436, "cadastral_number": null, "house_number": "2", "owner_uk": "Іван Баран", "type": null, "locality_uk": "Воля Мацькова", "owner_pl": "Iwan Baran", "locality_pl": "Wola Maćkowa" }, "geometry": { "type": "MultiPolygon", "coordinates": [ [ [ [ 22.589023389575665, 49.492108573270997 ], [ 22.58917218973707, 49.492517490460493 ], [ 22.589149297404543, 49.49309368615657 ], [ 22.588994774160014, 49.493770242767546 ], [ 22.588954712578097, 49.493840871764782 ], [ 22.589177912820194, 49.4942757954489 ], [ 22.589561359389958, 49.494811080831688 ], [ 22.58983606738024, 49.495283167942937 ], [ 22.590030652206689, 49.495547088674272 ], [ 22.590288190947572, 49.49616042008838 ], [ 22.590448437275239, 49.496520981029278 ], [ 22.590711699099248, 49.496792329263961 ], [ 22.591030760983863, 49.497262538738369 ], [ 22.591082268732041, 49.496790470719496 ], [ 22.590910576238109, 49.496095370151224 ], [ 22.590670206746612, 49.495024821623275 ], [ 22.590681652912878, 49.494132679962306 ], [ 22.590681652912878, 49.493909642006201 ], [ 22.590452729587639, 49.493456128361096 ], [ 22.590441283421377, 49.493062088503791 ], [ 22.590567191250258, 49.492006343439783 ], [ 22.589445466956608, 49.492039800498937 ], [ 22.589023389575665, 49.492108573270997 ] ] ] ] } },
{ "type": "Feature", "properties": { "fid": 437, "cadastral_number": null, "house_number": "3", "owner_uk": "Матвій Роман", "type": null, "locality_uk": "Воля Мацькова", "owner_pl": "Matwiy Roman", "locality_pl": "Wola Maćkowa" }, "geometry": { "type": "MultiPolygon", "coordinates": [ [ [ [ 22.59085477617753, 49.497676988402773 ], [ 22.591098598573087, 49.4976915356756 ], [ 22.591030760983863, 49.497262538738369 ], [ 22.590712890760976, 49.496794085445636 ], [ 22.590335942919978, 49.496913715295506 ], [ 22.589801728881454, 49.496710553242018 ], [ 22.590391206443936, 49.497264397264907 ], [ 22.59085477617753, 49.497676988402773 ] ] ] ] } },
{ "type": "Feature", "properties": { "fid": 438, "cadastral_number": null, "house_number": "4", "owner_uk": "Іван Стефанів", "type": null, "locality_uk": "Воля Мацькова", "owner_pl": "Iwan Stefanów", "locality_pl": "Wola Maćkowa" }, "geometry": { "type": "MultiPolygon", "coordinates": [ [ [ [ 22.583895507090439, 49.487121367403581 ], [ 22.58431901524213, 49.487790571017477 ], [ 22.584645230980591, 49.488355669167667 ], [ 22.584856985056433, 49.488731158410296 ], [ 22.585114523797319, 49.489069468033762 ], [ 22.585532308865872, 49.48948584589931 ], [ 22.586076001763299, 49.489995160437175 ], [ 22.586367879002967, 49.490467293998485 ], [ 22.586774217905251, 49.491270282352957 ], [ 22.586871510318478, 49.491485897352931 ], [ 22.587020310479883, 49.491690358975596 ], [ 22.587420926299036, 49.492471022770111 ], [ 22.587369418550857, 49.492887371702999 ], [ 22.587598341876088, 49.493601104491532 ], [ 22.587724249704969, 49.493920793928204 ], [ 22.587958896113328, 49.494229329427732 ], [ 22.588313727267444, 49.494920739267492 ], [ 22.588473973595104, 49.495385390930302 ], [ 22.588485419761369, 49.495597270624145 ], [ 22.588714343086593, 49.495768260585464 ], [ 22.588840250915474, 49.496058198719808 ], [ 22.588794466250434, 49.496192015740966 ], [ 22.588989051076879, 49.496303529645751 ], [ 22.589149297404543, 49.496630635634041 ], [ 22.589755944216403, 49.497165895262711 ], [ 22.590122221536777, 49.49758963831701 ], [ 22.590225237033135, 49.498005943709671 ], [ 22.590196621617483, 49.498266132781737 ], [ 22.59033969869575, 49.49880880839482 ], [ 22.590530346592928, 49.499234096911415 ], [ 22.590962083986287, 49.49884226080416 ], [ 22.591049764181438, 49.49865718893254 ], [ 22.591053653316386, 49.498648979901041 ], [ 22.591139499563351, 49.497950188728481 ], [ 22.591098598573087, 49.4976915356756 ], [ 22.59085477617753, 49.497676988402773 ], [ 22.590391206443936, 49.497264397264907 ], [ 22.589801728881454, 49.496710553242018 ], [ 22.589738774967024, 49.496528415247532 ], [ 22.589464066976742, 49.496022885833746 ], [ 22.589223697485249, 49.495580543313231 ], [ 22.588897481746795, 49.494904011725353 ], [ 22.588525481343286, 49.494435638224864 ], [ 22.588479696678242, 49.494149407768091 ], [ 22.588216434854225, 49.49384458907759 ], [ 22.588239327186749, 49.493584376498397 ], [ 22.588451081262583, 49.493234946001614 ], [ 22.588021850027779, 49.492049094122493 ], [ 22.587764311286886, 49.491591845754925 ], [ 22.587478157130349, 49.491220095966703 ], [ 22.58742664938217, 49.490885518743426 ], [ 22.587220618389455, 49.490249815718968 ], [ 22.586848617985961, 49.489703327572833 ], [ 22.586367879002971, 49.489361304676805 ], [ 22.585892863103108, 49.488937490381844 ], [ 22.584977169802176, 49.487480136034037 ], [ 22.584639507897464, 49.487045151967322 ], [ 22.584240431080048, 49.486146320756795 ], [ 22.583738406383659, 49.486211546963794 ], [ 22.583635132731828, 49.486366225907268 ], [ 22.583844548748036, 49.48686194067438 ], [ 22.583719666968097, 49.486873957153101 ], [ 22.583732668958554, 49.486896416890659 ], [ 22.583767093509163, 49.486944869910374 ], [ 22.583895507090439, 49.487121367403581 ] ] ] ] } },
{ "type": "Feature", "properties": { "fid": 439, "cadastral_number": null, "house_number": "5", "owner_uk": "Сенько Солонина", "type": null, "locality_uk": "Воля Мацькова", "owner_pl": "Seńko Sołonyna", "locality_pl": "Wola Maćkowa" }, "geometry": { "type": "MultiPolygon", "coordinates": [ [ [ [ 22.582797468666978, 49.487162907905613 ], [ 22.583071383119623, 49.487574939740767 ], [ 22.583180121699101, 49.487931846166546 ], [ 22.583740983845921, 49.488470918647486 ], [ 22.584078645750644, 49.488738593811767 ], [ 22.584507876985459, 49.489299963361233 ], [ 22.584713907978166, 49.489868761703157 ], [ 22.585309108623775, 49.490281415187127 ], [ 22.585635324362233, 49.490861354744332 ], [ 22.585910032352508, 49.491266564844651 ], [ 22.585990155516338, 49.491616009393454 ], [ 22.586293478922276, 49.491887384822164 ], [ 22.586699817824559, 49.492593697377281 ], [ 22.586985971981093, 49.493158740083253 ], [ 22.587106156726843, 49.493604821822572 ], [ 22.587106156726843, 49.49387990353533 ], [ 22.587243510721979, 49.494214460291658 ], [ 22.587581172626702, 49.494816656690304 ], [ 22.587878772949502, 49.49533706736289 ], [ 22.58785015753385, 49.495504341046804 ], [ 22.588010403861517, 49.495667896984941 ], [ 22.58805046544343, 49.495898361242809 ], [ 22.588267942602403, 49.496058198719822 ], [ 22.588525481343286, 49.496470800026557 ], [ 22.58909206657323, 49.497106422259733 ], [ 22.589137851238284, 49.497299709255174 ], [ 22.589486959309255, 49.49757848723101 ], [ 22.589567082473096, 49.497998509715849 ], [ 22.589664374886315, 49.49855605611824 ], [ 22.589893298211546, 49.499098728516351 ], [ 22.590206637013019, 49.49946670158171 ], [ 22.590515683502083, 49.499247404835458 ], [ 22.590530346592928, 49.499234096911415 ], [ 22.59033969869575, 49.49880880839482 ], [ 22.590196621617483, 49.498266132781737 ], [ 22.590225237033135, 49.498005943709671 ], [ 22.590122221536777, 49.49758963831701 ], [ 22.589755944216403, 49.497165895262711 ], [ 22.589149297404543, 49.496630635634041 ], [ 22.588989051076879, 49.496303529645751 ], [ 22.588794466250434, 49.496192015740966 ], [ 22.588840250915474, 49.496058198719808 ], [ 22.588714343086593, 49.495768260585464 ], [ 22.588485419761369, 49.495597270624145 ], [ 22.588473973595104, 49.495385390930302 ], [ 22.588313727267444, 49.494920739267492 ], [ 22.587958896113328, 49.494229329427732 ], [ 22.587724249704969, 49.493920793928204 ], [ 22.587598341876088, 49.493601104491532 ], [ 22.587369418550857, 49.492887371702999 ], [ 22.587420926299036, 49.492471022770111 ], [ 22.587020310479883, 49.491690358975596 ], [ 22.586871510318478, 49.491485897352931 ], [ 22.586774217905251, 49.491270282352957 ], [ 22.586367879002967, 49.490467293998485 ], [ 22.586076001763299, 49.489995160437175 ], [ 22.585532308865872, 49.48948584589931 ], [ 22.585114523797319, 49.489069468033762 ], [ 22.584856985056433, 49.488731158410296 ], [ 22.584645230980591, 49.488355669167667 ], [ 22.58431901524213, 49.487790571017477 ], [ 22.583895507090439, 49.487121367403581 ], [ 22.583767093509163, 49.486944869910374 ], [ 22.583540465217649, 49.486969096402227 ], [ 22.582797468666978, 49.487162907905613 ] ] ] ] } },
{ "type": "Feature", "properties": { "fid": 440, "cadastral_number": null, "house_number": "6", "owner_uk": "Гриць Вуйків", "type": null, "locality_uk": "Воля Мацькова", "owner_pl": "Hryć Woyków", "locality_pl": "Wola Maćkowa" }, "geometry": { "type": "MultiPolygon", "coordinates": [ [ [ [ 22.582461829298538, 49.487960508708866 ], [ 22.582602090302895, 49.488102862906779 ], [ 22.583071383119623, 49.488638215796641 ], [ 22.583826830092889, 49.489537892883455 ], [ 22.584187384330136, 49.489894784998576 ], [ 22.584313292159013, 49.490337178904603 ], [ 22.584450646154146, 49.490604843864475 ], [ 22.584696738728777, 49.490917117801168 ], [ 22.585091631464802, 49.491463592396947 ], [ 22.585389231787602, 49.491768425915296 ], [ 22.585669662861012, 49.492095562213429 ], [ 22.5857784014405, 49.49244871826302 ], [ 22.586098894095826, 49.49288737170297 ], [ 22.586133232594605, 49.493050936386247 ], [ 22.586304925088537, 49.493229369962826 ], [ 22.586350709753585, 49.493389216156132 ], [ 22.58640221750176, 49.493857599670235 ], [ 22.586545294580031, 49.494084355158115 ], [ 22.586854341069095, 49.494571318311131 ], [ 22.587106156726843, 49.495039690513238 ], [ 22.587306464636431, 49.495500623859989 ], [ 22.587581172626702, 49.495879775455762 ], [ 22.587678465039932, 49.496206884276255 ], [ 22.588159204022912, 49.496749582724071 ], [ 22.588428188930067, 49.497247670523777 ], [ 22.588771573917917, 49.497953905729233 ], [ 22.588880312497402, 49.498385075896771 ], [ 22.589006220326276, 49.498786506775851 ], [ 22.589492682392393, 49.499663696126035 ], [ 22.589710159551363, 49.499905292126023 ], [ 22.589944278695782, 49.500250687475258 ], [ 22.589944278695782, 49.500250687475265 ], [ 22.590141988082365, 49.500231665054173 ], [ 22.590310407189456, 49.500326777085725 ], [ 22.590537406855528, 49.500379088624285 ], [ 22.590206637013019, 49.49946670158171 ], [ 22.589893298211546, 49.499098728516351 ], [ 22.589664374886315, 49.49855605611824 ], [ 22.589567082473096, 49.497998509715849 ], [ 22.589486959309255, 49.49757848723101 ], [ 22.589137851238284, 49.497299709255174 ], [ 22.58909206657323, 49.497106422259733 ], [ 22.588525481343286, 49.496470800026557 ], [ 22.588267942602403, 49.496058198719822 ], [ 22.58805046544343, 49.495898361242809 ], [ 22.588010403861517, 49.495667896984941 ], [ 22.58785015753385, 49.495504341046804 ], [ 22.587878772949502, 49.49533706736289 ], [ 22.587581172626702, 49.494816656690304 ], [ 22.587243510721979, 49.494214460291658 ], [ 22.587106156726843, 49.49387990353533 ], [ 22.587106156726843, 49.493604821822572 ], [ 22.586985971981093, 49.493158740083253 ], [ 22.586699817824559, 49.492593697377281 ], [ 22.586293478922276, 49.491887384822164 ], [ 22.585990155516338, 49.491616009393454 ], [ 22.585910032352508, 49.491266564844651 ], [ 22.585635324362233, 49.490861354744332 ], [ 22.585309108623775, 49.490281415187127 ], [ 22.584713907978166, 49.489868761703157 ], [ 22.584507876985459, 49.489299963361233 ], [ 22.584078645750644, 49.488738593811767 ], [ 22.583740983845921, 49.488470918647486 ], [ 22.583180121699101, 49.487931846166546 ], [ 22.583071383119623, 49.487574939740767 ], [ 22.582797468666978, 49.487162907905613 ], [ 22.582378636634562, 49.48748344063128 ], [ 22.582332737233752, 49.487444305934225 ], [ 22.582283969120386, 49.487470395735734 ], [ 22.582461829298538, 49.487725702345401 ], [ 22.582461829298538, 49.487960508708866 ] ] ] ] } },
{ "type": "Feature", "properties": { "fid": 441, "cadastral_number": null, "house_number": "8", "owner_uk": "Ілько Масний", "type": null, "locality_uk": "Воля Мацькова", "owner_pl": "Ilko Masny", "locality_pl": "Wola Maćkowa" }, "geometry": { "type": "MultiPolygon", "coordinates": [ [ [ [ 22.581645680577818, 49.488857794080126 ], [ 22.582055535863901, 49.489309257504885 ], [ 22.5826679057589, 49.490060218481865 ], [ 22.583114306243111, 49.490610420202252 ], [ 22.583537814394791, 49.491205225916431 ], [ 22.583875476299504, 49.491714522565459 ], [ 22.584064338042818, 49.49175169729584 ], [ 22.584224584370485, 49.491985897448018 ], [ 22.584361938365628, 49.49228701028288 ], [ 22.584522184693292, 49.492818600025203 ], [ 22.584567969358339, 49.493182902948242 ], [ 22.584659538688427, 49.493182902948242 ], [ 22.584693877187217, 49.49339479217673 ], [ 22.585025816008802, 49.493573224499791 ], [ 22.585163170003941, 49.493881762190277 ], [ 22.585386370246042, 49.494301816401503 ], [ 22.585769816815805, 49.494833384262257 ], [ 22.586153263385572, 49.495476462139166 ], [ 22.586605386952908, 49.49626821693672 ], [ 22.58694304885762, 49.496584171848461 ], [ 22.586988833522668, 49.4967774609065 ], [ 22.5871261875178, 49.497089695464609 ], [ 22.587297880011729, 49.497301567780262 ], [ 22.587463849422523, 49.497747611762399 ], [ 22.587498187921309, 49.498085859071828 ], [ 22.587629818833317, 49.498390651348224 ], [ 22.587984649987419, 49.499245546384287 ], [ 22.58821357331265, 49.499710156987902 ], [ 22.588585573716159, 49.500308568945727 ], [ 22.58875069980639, 49.500711978923057 ], [ 22.58947563422387, 49.500464689203113 ], [ 22.589651518114632, 49.500384373614686 ], [ 22.589238005193071, 49.500137594847338 ], [ 22.589060589616018, 49.499925734809779 ], [ 22.588671419963116, 49.499394222257372 ], [ 22.588476835136671, 49.498903590161987 ], [ 22.588173511730748, 49.498100727031805 ], [ 22.588036157735608, 49.497643535196879 ], [ 22.587801511327246, 49.497216075552757 ], [ 22.587658434248979, 49.496740289993092 ], [ 22.587349387759907, 49.496517263919749 ], [ 22.587269264596081, 49.496342559452408 ], [ 22.586983110439544, 49.495978280046558 ], [ 22.586897264192579, 49.495770119168725 ], [ 22.586496648373419, 49.495048983567152 ], [ 22.585861386145893, 49.494164276923975 ], [ 22.585832770730242, 49.494019302461695 ], [ 22.585615293571273, 49.493584376498411 ], [ 22.585311970165339, 49.493130859839539 ], [ 22.58529480091595, 49.492956143284147 ], [ 22.584968585177489, 49.492201509295867 ], [ 22.584722492602868, 49.491759132238542 ], [ 22.584281815201791, 49.491194073375794 ], [ 22.583938430213941, 49.490647595771144 ], [ 22.582685075008296, 49.489127091967362 ], [ 22.582025784990808, 49.488254946842964 ], [ 22.581708792253949, 49.488593175805121 ], [ 22.581660024140579, 49.48855963254136 ], [ 22.581645680577818, 49.488857794080126 ] ] ] ] } },
{ "type": "Feature", "properties": { "fid": 445, "cadastral_number": null, "house_number": "11", "owner_uk": "Міхал Мочарський", "type": null, "locality_uk": "Воля Мацькова", "owner_pl": "Michał Moczarski", "locality_pl": "Wola Maćkowa" }, "geometry": { "type": "MultiPolygon", "coordinates": [ [ [ [ 22.587936366887675, 49.500640964574615 ], [ 22.587941726863949, 49.500499984890567 ], [ 22.587518218712265, 49.499656262384043 ], [ 22.587192002973808, 49.49885712853434 ], [ 22.586860064152226, 49.4981360384186 ], [ 22.586797110237786, 49.497860980626584 ], [ 22.586802833320917, 49.497652827756347 ], [ 22.586654033159519, 49.497485561415488 ], [ 22.586322094337927, 49.496909417421115 ], [ 22.586322094337927, 49.496716128884231 ], [ 22.586030217098262, 49.496470800026522 ], [ 22.585709724442939, 49.495987572922225 ], [ 22.585423570286395, 49.495415128486506 ], [ 22.58501150830098, 49.49459362185096 ], [ 22.58463378481434, 49.493995140009552 ], [ 22.584141599665095, 49.493560213831572 ], [ 22.583901230173598, 49.493233087322103 ], [ 22.583769599261586, 49.492682915080266 ], [ 22.583557845185741, 49.492214520325263 ], [ 22.583168675532853, 49.491701511403178 ], [ 22.583140060117199, 49.491567682104488 ], [ 22.58298553687267, 49.491523072256939 ], [ 22.582733721214915, 49.491080689068241 ], [ 22.582636428801688, 49.490987750915366 ], [ 22.582161412901833, 49.490467293998464 ], [ 22.582046951239214, 49.49033346132542 ], [ 22.581680673918843, 49.489783256492103 ], [ 22.581208519560548, 49.48923490430613 ], [ 22.581103493905719, 49.489111229960251 ], [ 22.581103493905715, 49.489111229960251 ], [ 22.581103493905715, 49.489111229960244 ], [ 22.581051857079803, 49.489126137912351 ], [ 22.581106362618264, 49.489189496658085 ], [ 22.580954320853074, 49.48930316949636 ], [ 22.580670318310542, 49.489543558727647 ], [ 22.580747773549419, 49.48961064388385 ], [ 22.580942846002859, 49.489841714273702 ], [ 22.580942846002873, 49.489841714273716 ], [ 22.581151288729245, 49.490095535669901 ], [ 22.581654920044752, 49.490649454548816 ], [ 22.582267289939747, 49.491378089971633 ], [ 22.582713690423947, 49.492013778343875 ], [ 22.582782367421526, 49.492281434136096 ], [ 22.582913998333531, 49.49241897890446 ], [ 22.583114306243111, 49.492935697688999 ], [ 22.583303167986418, 49.493073240618898 ], [ 22.583497752812875, 49.493292565031879 ], [ 22.583749568470623, 49.493601104491511 ], [ 22.583835414717587, 49.493846447733887 ], [ 22.583715229971848, 49.493868751604033 ], [ 22.584081507292218, 49.494084355158115 ], [ 22.584195968954827, 49.494318544149408 ], [ 22.584419169196934, 49.494537862982334 ], [ 22.584688154104082, 49.495247854497691 ], [ 22.584985754426878, 49.495812866564052 ], [ 22.585392093329173, 49.496571161980569 ], [ 22.58570113981823, 49.497017212619717 ], [ 22.586010186307298, 49.497533882861561 ], [ 22.586124647969918, 49.497860980626562 ], [ 22.586055970972339, 49.497983641724801 ], [ 22.586096032554256, 49.498117453481342 ], [ 22.586267725048184, 49.498385075896771 ], [ 22.586828587195004, 49.499377496244193 ], [ 22.587160526016589, 49.499979629116822 ], [ 22.587286185831676, 49.50048371153364 ], [ 22.587936366887675, 49.500640964574615 ] ] ] ] } },
{ "type": "Feature", "properties": { "fid": 446, "cadastral_number": null, "house_number": "7", "owner_uk": "Лесько Кавчак", "type": null, "locality_uk": "Воля Мацькова", "owner_pl": "Lesko Kawczak", "locality_pl": "Wola Maćkowa" }, "geometry": { "type": "MultiPolygon", "coordinates": [ [ [ [ 22.589944278695782, 49.500250687475265 ], [ 22.589944278695782, 49.500250687475258 ], [ 22.589710159551363, 49.499905292126023 ], [ 22.589492682392393, 49.499663696126035 ], [ 22.589006220326276, 49.498786506775851 ], [ 22.588880312497402, 49.498385075896771 ], [ 22.588771573917917, 49.497953905729233 ], [ 22.588428188930067, 49.497247670523777 ], [ 22.588159204022912, 49.496749582724071 ], [ 22.587678465039932, 49.496206884276255 ], [ 22.587581172626702, 49.495879775455762 ], [ 22.587306464636431, 49.495500623859989 ], [ 22.587106156726843, 49.495039690513238 ], [ 22.586854341069095, 49.494571318311131 ], [ 22.586545294580031, 49.494084355158115 ], [ 22.58640221750176, 49.493857599670235 ], [ 22.586350709753585, 49.493389216156132 ], [ 22.586304925088537, 49.493229369962826 ], [ 22.586133232594605, 49.493050936386247 ], [ 22.586098894095826, 49.49288737170297 ], [ 22.5857784014405, 49.49244871826302 ], [ 22.585669662861012, 49.492095562213429 ], [ 22.585389231787602, 49.491768425915296 ], [ 22.585091631464802, 49.491463592396947 ], [ 22.584696738728777, 49.490917117801168 ], [ 22.584450646154146, 49.490604843864475 ], [ 22.584313292159013, 49.490337178904603 ], [ 22.584187384330136, 49.489894784998576 ], [ 22.583826830092889, 49.489537892883455 ], [ 22.583071383119623, 49.488638215796641 ], [ 22.582602090302895, 49.488102862906779 ], [ 22.582461829298538, 49.487960508708866 ], [ 22.582090757382058, 49.488068485322231 ], [ 22.582074553104167, 49.487951191017487 ], [ 22.582094634092027, 49.488096546801032 ], [ 22.582025784990808, 49.488254946842964 ], [ 22.582685075008296, 49.489127091967362 ], [ 22.583938430213941, 49.490647595771144 ], [ 22.584281815201791, 49.491194073375794 ], [ 22.584722492602868, 49.491759132238542 ], [ 22.584968585177489, 49.492201509295867 ], [ 22.58529480091595, 49.492956143284147 ], [ 22.585311970165339, 49.493130859839539 ], [ 22.585615293571273, 49.493584376498411 ], [ 22.585832770730242, 49.494019302461695 ], [ 22.585861386145893, 49.494164276923975 ], [ 22.586496648373419, 49.495048983567152 ], [ 22.586897264192579, 49.495770119168725 ], [ 22.586983110439544, 49.495978280046558 ], [ 22.587269264596081, 49.496342559452408 ], [ 22.587349387759907, 49.496517263919749 ], [ 22.587658434248979, 49.496740289993092 ], [ 22.587801511327246, 49.497216075552757 ], [ 22.588036157735608, 49.497643535196879 ], [ 22.588173511730748, 49.498100727031805 ], [ 22.588476835136671, 49.498903590161987 ], [ 22.588671419963116, 49.499394222257372 ], [ 22.589060589616018, 49.499925734809779 ], [ 22.589238005193071, 49.500137594847338 ], [ 22.589651518114632, 49.500384373614686 ], [ 22.589944278695782, 49.500250687475265 ] ] ] ] } },
{ "type": "Feature", "properties": { "fid": 454, "cadastral_number": null, "house_number": "3", "owner_uk": "Матвій Роман", "type": null, "locality_uk": "Воля Мацькова", "owner_pl": "Matwiy Roman", "locality_pl": "Wola Maćkowa" }, "geometry": { "type": "MultiPolygon", "coordinates": [ [ [ [ 22.584590414011252, 49.48609973055575 ], [ 22.585024921774906, 49.486954645984255 ], [ 22.585963507408298, 49.488371120980077 ], [ 22.586272553897341, 49.488750327803871 ], [ 22.586681423707201, 49.489221162689617 ], [ 22.587061480135922, 49.489051154518165 ], [ 22.586980248897973, 49.488959796488835 ], [ 22.58686006415223, 49.48868468712552 ], [ 22.586493786831856, 49.488413293941463 ], [ 22.586333540504196, 49.48819766540759 ], [ 22.585869970770595, 49.487435522461467 ], [ 22.585412124120129, 49.486836953097686 ], [ 22.585161287808869, 49.486362498709546 ], [ 22.585161287808866, 49.486362498709546 ], [ 22.585060882869584, 49.48617054764383 ], [ 22.584871547841232, 49.485814597559383 ], [ 22.584891628829087, 49.485803415839406 ], [ 22.584805567452563, 49.485643144239205 ], [ 22.584728112213693, 49.485654325995782 ], [ 22.58473958706389, 49.485691598499244 ], [ 22.584513956565633, 49.485812420253552 ], [ 22.584481402934315, 49.485719552858228 ], [ 22.584547383322985, 49.485907778459811 ], [ 22.584555989460643, 49.486019595306232 ], [ 22.584590414011252, 49.48609973055575 ] ] ] ] } },
{ "type": "Feature", "properties": { "fid": 455, "cadastral_number": null, "house_number": "3", "owner_uk": "Іван Роман", "type": null, "locality_uk": "Воля Мацькова", "owner_pl": "Iwan Roman", "locality_pl": "Wola Maćkowa" }, "geometry": { "type": "MultiPolygon", "coordinates": [ [ [ [ 22.586633080822725, 49.489549983143988 ], [ 22.587241078572887, 49.489253142813396 ], [ 22.587061480135922, 49.489051154518165 ], [ 22.586367977319615, 49.489361374624416 ], [ 22.586633080822725, 49.489549983143988 ] ] ] ] } },
{ "type": "Feature", "properties": { "fid": 456, "cadastral_number": null, "house_number": "3", "owner_uk": "Матвій Роман", "type": null, "locality_uk": "Воля Мацькова", "owner_pl": "Matwiy Roman", "locality_pl": "Wola Maćkowa" }, "geometry": { "type": "MultiPolygon", "coordinates": [ [ [ [ 22.58684861798595, 49.489703327572826 ], [ 22.586848617985961, 49.489703327572826 ], [ 22.587082370160317, 49.489733649461613 ], [ 22.587463292187888, 49.48964012829677 ], [ 22.587363695467737, 49.489391045893043 ], [ 22.587241078572887, 49.489253142813396 ], [ 22.586633080822725, 49.489549983143988 ], [ 22.58684861798595, 49.489703327572826 ] ] ] ] } },
{ "type": "Feature", "properties": { "fid": 457, "cadastral_number": null, "house_number": "3", "owner_uk": "Матвій Роман", "type": null, "locality_uk": "Воля Мацькова", "owner_pl": "Matwiy Roman", "locality_pl": "Wola Maćkowa" }, "geometry": { "type": "MultiPolygon", "coordinates": [ [ [ [ 22.587179827943963, 49.48970972234585 ], [ 22.587637509223974, 49.490369359189074 ], [ 22.587667713330546, 49.490856582913352 ], [ 22.5882118400298, 49.490834277936877 ], [ 22.587815819035075, 49.490104829662535 ], [ 22.587478157130352, 49.489677304175601 ], [ 22.587463292187888, 49.48964012829677 ], [ 22.587179827943963, 49.48970972234585 ] ] ] ] } },
{ "type": "Feature", "properties": { "fid": 458, "cadastral_number": null, "house_number": "3", "owner_uk": "Іван Роман", "type": null, "locality_uk": "Воля Мацькова", "owner_pl": "Iwan Roman", "locality_pl": "Wola Maćkowa" }, "geometry": { "type": "MultiPolygon", "coordinates": [ [ [ [ 22.587446267525532, 49.491012951686315 ], [ 22.588302384176519, 49.490968684569829 ], [ 22.588233604103621, 49.49087436612993 ], [ 22.5882118400298, 49.490834277936877 ], [ 22.587420554934713, 49.490866714491553 ], [ 22.58742664938217, 49.490885518743426 ], [ 22.587446267525532, 49.491012951686315 ] ] ] ] } },
{ "type": "Feature", "properties": { "fid": 459, "cadastral_number": null, "house_number": "3", "owner_uk": "Матвій Роман", "type": null, "locality_uk": "Воля Мацькова", "owner_pl": "Matwiy Roman", "locality_pl": "Wola Maćkowa" }, "geometry": { "type": "MultiPolygon", "coordinates": [ [ [ [ 22.588054905619767, 49.492140417942146 ], [ 22.588929701503996, 49.491980281317169 ], [ 22.588714343086604, 49.491826046671896 ], [ 22.588645666089036, 49.491439428683208 ], [ 22.588302384176519, 49.490968684569829 ], [ 22.587446267525532, 49.491012951686315 ], [ 22.587478157130349, 49.491220095966703 ], [ 22.587764311286886, 49.491591845754925 ], [ 22.588021850027779, 49.492049094122493 ], [ 22.588054905619767, 49.492140417942146 ] ] ] ] } },
{ "type": "Feature", "properties": { "fid": 460, "cadastral_number": null, "house_number": "3", "owner_uk": "Іван Роман", "type": null, "locality_uk": "Воля Мацькова", "owner_pl": "Iwan Roman", "locality_pl": "Wola Maćkowa" }, "geometry": { "type": "MultiPolygon", "coordinates": [ [ [ [ 22.587667713330546, 49.490856582913352 ], [ 22.587637509223974, 49.490369359189074 ], [ 22.587179827943963, 49.48970972234585 ], [ 22.587082370160317, 49.489733649461613 ], [ 22.586848617985961, 49.489703327572826 ], [ 22.58684861798595, 49.489703327572826 ], [ 22.586848617985961, 49.489703327572833 ], [ 22.587220618389455, 49.490249815718968 ], [ 22.587420554934713, 49.490866714491553 ], [ 22.587667713330546, 49.490856582913352 ] ] ] ] } },
{ "type": "Feature", "properties": { "fid": 461, "cadastral_number": null, "house_number": "3", "owner_uk": "Іван Роман", "type": null, "locality_uk": "Воля Мацькова", "owner_pl": "Iwan Roman", "locality_pl": "Wola Maćkowa" }, "geometry": { "type": "MultiPolygon", "coordinates": [ [ [ [ 22.588165248545412, 49.492445266133778 ], [ 22.589084129704382, 49.492275493000719 ], [ 22.589023389575665, 49.492108573270997 ], [ 22.588937543328701, 49.491985897448018 ], [ 22.588929701503996, 49.491980281317169 ], [ 22.588054905619767, 49.492140417942146 ], [ 22.588165248545412, 49.492445266133778 ] ] ] ] } },
{ "type": "Feature", "properties": { "fid": 462, "cadastral_number": null, "house_number": "3", "owner_uk": "Матвій Роман", "type": null, "locality_uk": "Воля Мацькова", "owner_pl": "Matwiy Roman", "locality_pl": "Wola Maćkowa" }, "geometry": { "type": "MultiPolygon", "coordinates": [ [ [ [ 22.588286027209406, 49.492778945498287 ], [ 22.58916767363208, 49.492631159972113 ], [ 22.58917218973707, 49.492517490460493 ], [ 22.589084129704382, 49.492275493000719 ], [ 22.588165248545412, 49.492445266133778 ], [ 22.588286027209406, 49.492778945498287 ] ] ] ] } },
{ "type": "Feature", "properties": { "fid": 463, "cadastral_number": null, "house_number": "3", "owner_uk": "Іван Роман", "type": null, "locality_uk": "Воля Мацькова", "owner_pl": "Iwan Roman", "locality_pl": "Wola Maćkowa" }, "geometry": { "type": "MultiPolygon", "coordinates": [ [ [ [ 22.588354117812603, 49.492967061747059 ], [ 22.58916089849448, 49.492801688908862 ], [ 22.58916767363208, 49.492631159972113 ], [ 22.588286027209406, 49.492778945498287 ], [ 22.588354117812603, 49.492967061747059 ] ] ] ] } },
{ "type": "Feature", "properties": { "fid": 464, "cadastral_number": null, "house_number": "3", "owner_uk": "Матвій Роман", "type": null, "locality_uk": "Воля Мацькова", "owner_pl": "Matwiy Roman", "locality_pl": "Wola Maćkowa" }, "geometry": { "type": "MultiPolygon", "coordinates": [ [ [ [ 22.588241339120444, 49.493581056463171 ], [ 22.588990325841021, 49.493778085201491 ], [ 22.588994774160014, 49.493770242767546 ], [ 22.589149297404543, 49.49309368615657 ], [ 22.58916089849448, 49.492801688908862 ], [ 22.588354117812603, 49.492967061747059 ], [ 22.588451081262583, 49.493234946001614 ], [ 22.588241339120444, 49.493581056463171 ] ] ] ] } },
{ "type": "Feature", "properties": { "fid": 465, "cadastral_number": null, "house_number": "3", "owner_uk": "Матвій Роман", "type": null, "locality_uk": "Воля Мацькова", "owner_pl": "Matwiy Roman", "locality_pl": "Wola Maćkowa" }, "geometry": { "type": "MultiPolygon", "coordinates": [ [ [ [ 22.588478593906714, 49.493643468799618 ], [ 22.588455910111623, 49.493807996768389 ], [ 22.588696279603106, 49.494280093554735 ], [ 22.588816464348849, 49.494324700889649 ], [ 22.58911771160648, 49.494158488525706 ], [ 22.588954712578097, 49.493840871764782 ], [ 22.588990325841021, 49.493778085201491 ], [ 22.588478593906714, 49.493643468799618 ] ] ] ] } },
{ "type": "Feature", "properties": { "fid": 466, "cadastral_number": null, "house_number": "3", "owner_uk": "Іван Роман", "type": null, "locality_uk": "Воля Мацькова", "owner_pl": "Iwan Roman", "locality_pl": "Wola Maćkowa" }, "geometry": { "type": "MultiPolygon", "coordinates": [ [ [ [ 22.588524076132114, 49.494426853313243 ], [ 22.588913756762064, 49.494610930321286 ], [ 22.589535204296357, 49.49477456873224 ], [ 22.589177912820194, 49.4942757954489 ], [ 22.58911771160648, 49.494158488525706 ], [ 22.588816464348849, 49.494324700889649 ], [ 22.588696279603106, 49.494280093554735 ], [ 22.588455910111623, 49.493807996768389 ], [ 22.588478593906714, 49.493643468799618 ], [ 22.588241339120444, 49.493581056463171 ], [ 22.588239327186749, 49.493584376498397 ], [ 22.588216434854225, 49.49384458907759 ], [ 22.588479696678242, 49.494149407768091 ], [ 22.588524076132114, 49.494426853313243 ] ] ] ] } },
{ "type": "Feature", "properties": { "fid": 467, "cadastral_number": null, "house_number": "3", "owner_uk": "Іван Роман", "type": null, "locality_uk": "Воля Мацькова", "owner_pl": "Iwan Roman", "locality_pl": "Wola Maćkowa" }, "geometry": { "type": "MultiPolygon", "coordinates": [ [ [ [ 22.589508601402819, 49.49535101836355 ], [ 22.589318901025063, 49.494890370633506 ], [ 22.589145541628845, 49.494850692647759 ], [ 22.588973849134934, 49.494856268501849 ], [ 22.588824849049633, 49.494812562279876 ], [ 22.588897481746795, 49.494904011725353 ], [ 22.589141202220933, 49.495409458213466 ], [ 22.589508601402819, 49.49535101836355 ] ] ] ] } },
{ "type": "Feature", "properties": { "fid": 470, "cadastral_number": null, "house_number": "3", "owner_uk": "Іван Роман", "type": null, "locality_uk": "Воля Мацькова", "owner_pl": "Iwan Roman", "locality_pl": "Wola Maćkowa" }, "geometry": { "type": "MultiPolygon", "coordinates": [ [ [ [ 22.589272725170051, 49.495670767033126 ], [ 22.590049669227913, 49.495592377924659 ], [ 22.590030652206689, 49.495547088674272 ], [ 22.589846468980266, 49.495297275918034 ], [ 22.589141202220933, 49.495409458213466 ], [ 22.589223697485249, 49.495580543313231 ], [ 22.589272725170051, 49.495670767033126 ] ] ] ] } },
{ "type": "Feature", "properties": { "fid": 471, "cadastral_number": null, "house_number": "3", "owner_uk": "Матвій Роман", "type": null, "locality_uk": "Воля Мацькова", "owner_pl": "Matwiy Roman", "locality_pl": "Wola Maćkowa" }, "geometry": { "type": "MultiPolygon", "coordinates": [ [ [ [ 22.589413644798647, 49.495930095882699 ], [ 22.590179751376844, 49.495902170028479 ], [ 22.590049669227913, 49.495592377924659 ], [ 22.589272725170051, 49.495670767033126 ], [ 22.589413644798647, 49.495930095882699 ] ] ] ] } },
{ "type": "Feature", "properties": { "fid": 472, "cadastral_number": null, "house_number": "3", "owner_uk": "Іван Роман", "type": null, "locality_uk": "Воля Мацькова", "owner_pl": "Iwan Roman", "locality_pl": "Wola Maćkowa" }, "geometry": { "type": "MultiPolygon", "coordinates": [ [ [ [ 22.589575626257645, 49.496228182002305 ], [ 22.590315285420669, 49.496221383786306 ], [ 22.590288190947572, 49.49616042008838 ], [ 22.590179751376844, 49.495902170028479 ], [ 22.589413644798647, 49.495930095882699 ], [ 22.589464066976742, 49.496022885833746 ], [ 22.589575626257645, 49.496228182002305 ] ] ] ] } },
{ "type": "Feature", "properties": { "fid": 473, "cadastral_number": null, "house_number": "3", "owner_uk": "Матвій Роман", "type": null, "locality_uk": "Воля Мацькова", "owner_pl": "Matwiy Roman", "locality_pl": "Wola Maćkowa" }, "geometry": { "type": "MultiPolygon", "coordinates": [ [ [ [ 22.589730714327608, 49.496513581713515 ], [ 22.590448437275239, 49.496520981029278 ], [ 22.590315285420669, 49.496221383786306 ], [ 22.589575626257645, 49.496228182002305 ], [ 22.589730714327608, 49.496513581713515 ] ] ] ] } },
{ "type": "Feature", "properties": { "fid": 474, "cadastral_number": null, "house_number": "3", "owner_uk": "Іван Роман", "type": null, "locality_uk": "Воля Мацькова", "owner_pl": "Iwan Roman", "locality_pl": "Wola Maćkowa" }, "geometry": { "type": "MultiPolygon", "coordinates": [ [ [ [ 22.589801728881454, 49.496710553242018 ], [ 22.590335942919978, 49.496913715295506 ], [ 22.590712890760976, 49.496794085445636 ], [ 22.590711699099248, 49.496792329263961 ], [ 22.590448437275239, 49.496520981029278 ], [ 22.589730714327608, 49.496513581713515 ], [ 22.589738774967024, 49.496528415247532 ], [ 22.589801728881454, 49.496710553242018 ] ] ] ] } },
{ "type": "Feature", "properties": { "fid": 476, "cadastral_number": null, "house_number": "3", "owner_uk": "Іван Роман", "type": null, "locality_uk": "Воля Мацькова", "owner_pl": "Iwan Roman", "locality_pl": "Wola Maćkowa" }, "geometry": { "type": "MultiPolygon", "coordinates": [ [ [ [ 22.586681423707201, 49.489221162689617 ], [ 22.586272553897341, 49.488750327803871 ], [ 22.585963507408298, 49.488371120980077 ], [ 22.585024921774906, 49.486954645984255 ], [ 22.584590414011252, 49.48609973055575 ], [ 22.584240431080048, 49.486146320756795 ], [ 22.584639507897464, 49.487045151967322 ], [ 22.584977169802176, 49.487480136034037 ], [ 22.585892863103108, 49.488937490381844 ], [ 22.586367879002971, 49.489361304676805 ], [ 22.586367977319615, 49.489361374624416 ], [ 22.586681423707201, 49.489221162689617 ] ] ] ] } },
{ "type": "Feature", "properties": { "fid": 477, "cadastral_number": null, "house_number": "3", "owner_uk": "Матвій Роман", "type": null, "locality_uk": "Воля Мацькова", "owner_pl": "Matwiy Roman", "locality_pl": "Wola Maćkowa" }, "geometry": { "type": "MultiPolygon", "coordinates": [ [ [ [ 22.58938516622111, 49.494565117938116 ], [ 22.589535204296357, 49.49477456873224 ], [ 22.588913756762064, 49.494610930321286 ], [ 22.588524076132114, 49.494426853313243 ], [ 22.588515048134141, 49.494370413280748 ], [ 22.588525481343286, 49.494435638224864 ], [ 22.588824849049637, 49.494812562279876 ], [ 22.588973849134934, 49.494856268501849 ], [ 22.589145541628845, 49.494850692647759 ], [ 22.589318901025063, 49.494890370633506 ], [ 22.589508601402819, 49.49535101836355 ], [ 22.589340213404185, 49.495377802770953 ], [ 22.589846468980266, 49.495297275918034 ], [ 22.589946578221046, 49.495433056824091 ], [ 22.58983606738024, 49.495283167942937 ], [ 22.589561359389958, 49.494811080831688 ], [ 22.589385166221113, 49.494565117938116 ], [ 22.58938516622111, 49.494565117938116 ] ] ] ] } },
{ "type": "Feature", "properties": { "fid": 478, "cadastral_number": null, "house_number": "17", "owner_uk": "Іван Сташкевич", "type": null, "locality_uk": "Воля Мацькова", "owner_pl": "Iwan Staszkiewicz", "locality_pl": "Wola Maćkowa" }, "geometry": { "type": "MultiPolygon", "coordinates": [ [ [ [ 22.579829267051053, 49.493302555800419 ], [ 22.579565100468461, 49.493021778234656 ], [ 22.579044299903583, 49.492413983621034 ], [ 22.578744627339216, 49.492072487708604 ], [ 22.578645007249648, 49.492104842008168 ], [ 22.578587632998634, 49.492039623652914 ], [ 22.578690906650465, 49.492009809518713 ], [ 22.578444197371088, 49.49173589131096 ], [ 22.578392560545179, 49.491655765286943 ], [ 22.578355267282006, 49.491668809067249 ], [ 22.578017718951685, 49.491808412449373 ], [ 22.578128638990488, 49.491939000877252 ], [ 22.578343792431795, 49.492170060276528 ], [ 22.579035178741584, 49.492963578043806 ], [ 22.579451749025676, 49.49343220786244 ], [ 22.579829267051053, 49.493302555800419 ] ] ] ] } },
{ "type": "Feature", "properties": { "fid": 479, "cadastral_number": null, "house_number": "17", "owner_uk": "Юрко Тиркала", "type": null, "locality_uk": "Воля Мацькова", "owner_pl": "Jurko Tyrkala", "locality_pl": "Wola Maćkowa" }, "geometry": { "type": "MultiPolygon", "coordinates": [ [ [ [ 22.578744627339216, 49.492072487708604 ], [ 22.579044299903583, 49.492413983621034 ], [ 22.579565100468461, 49.493021778234656 ], [ 22.579829267051053, 49.493302555800419 ], [ 22.579851254624984, 49.493295004546951 ], [ 22.580219856949675, 49.493210783162212 ], [ 22.580030995206357, 49.493006327890399 ], [ 22.57936711756318, 49.492199650576993 ], [ 22.579298440565605, 49.492210802888557 ], [ 22.579058101856972, 49.49197067844004 ], [ 22.578744627339216, 49.492072487708604 ] ] ] ] } },
{ "type": "Feature", "properties": { "fid": 480, "cadastral_number": null, "house_number": "17", "owner_uk": "Іван Сташкевич", "type": null, "locality_uk": "Воля Мацькова", "owner_pl": "Iwan Staszkiewicz", "locality_pl": "Wola Maćkowa" }, "geometry": { "type": "MultiPolygon", "coordinates": [ [ [ [ 22.579615468704709, 49.49363187511765 ], [ 22.579945685496636, 49.493616554647915 ], [ 22.580394102511598, 49.493489628517388 ], [ 22.580219856949675, 49.493210783162212 ], [ 22.579851254624984, 49.493295004546951 ], [ 22.579451749025676, 49.49343220786244 ], [ 22.579590317805273, 49.493588093830617 ], [ 22.579615468704709, 49.49363187511765 ] ] ] ] } },
{ "type": "Feature", "properties": { "fid": 481, "cadastral_number": null, "house_number": "17", "owner_uk": "Юрко Тиркала", "type": null, "locality_uk": "Воля Мацькова", "owner_pl": "Jurko Tyrkala", "locality_pl": "Wola Maćkowa" }, "geometry": { "type": "MultiPolygon", "coordinates": [ [ [ [ 22.579765693093243, 49.493914301414222 ], [ 22.580134547239933, 49.493915798797929 ], [ 22.580592624020095, 49.493807322695289 ], [ 22.580394102511598, 49.493489628517388 ], [ 22.579945685496636, 49.493616554647915 ], [ 22.579615468704709, 49.49363187511765 ], [ 22.579733394883547, 49.493837154451604 ], [ 22.579765693093243, 49.493914301414222 ] ] ] ] } },
{ "type": "Feature", "properties": { "fid": 482, "cadastral_number": null, "house_number": "17", "owner_uk": "Іван Сташкевич", "type": null, "locality_uk": "Воля Мацькова", "owner_pl": "Iwan Staszkiewicz", "locality_pl": "Wola Maćkowa" }, "geometry": { "type": "MultiPolygon", "coordinates": [ [ [ [ 22.579916965477473, 49.494271640463374 ], [ 22.580741018036026, 49.49411914961005 ], [ 22.580614749685711, 49.493842730421143 ], [ 22.580592624020095, 49.493807322695289 ], [ 22.580134547239933, 49.493915798797929 ], [ 22.579765693093243, 49.493914301414222 ], [ 22.579910810460603, 49.494260926326845 ], [ 22.579916965477473, 49.494271640463374 ] ] ] ] } },
{ "type": "Feature", "properties": { "fid": 483, "cadastral_number": null, "house_number": "17", "owner_uk": "Юрко Тиркала", "type": null, "locality_uk": "Воля Мацькова", "owner_pl": "Jurko Tyrkala", "locality_pl": "Wola Maćkowa" }, "geometry": { "type": "MultiPolygon", "coordinates": [ [ [ [ 22.580053266916938, 49.494508902563929 ], [ 22.580850311749362, 49.49435840892972 ], [ 22.580741018036026, 49.49411914961005 ], [ 22.579916965477473, 49.494271640463374 ], [ 22.580053266916938, 49.494508902563929 ] ] ] ] } },
{ "type": "Feature", "properties": { "fid": 484, "cadastral_number": null, "house_number": "17", "owner_uk": "Іван Сташкевич", "type": null, "locality_uk": "Воля Мацькова", "owner_pl": "Iwan Staszkiewicz", "locality_pl": "Wola Maćkowa" }, "geometry": { "type": "MultiPolygon", "coordinates": [ [ [ [ 22.580179881186684, 49.494729302052868 ], [ 22.580963769468003, 49.494604247618511 ], [ 22.580923796174776, 49.494519276678602 ], [ 22.580850311749362, 49.49435840892972 ], [ 22.580053266916938, 49.494508902563929 ], [ 22.580179881186684, 49.494729302052868 ] ] ] ] } },
{ "type": "Feature", "properties": { "fid": 485, "cadastral_number": null, "house_number": "17", "owner_uk": "Юрко Тиркала", "type": null, "locality_uk": "Воля Мацькова", "owner_pl": "Jurko Tyrkala", "locality_pl": "Wola Maćkowa" }, "geometry": { "type": "MultiPolygon", "coordinates": [ [ [ [ 22.580349890534357, 49.494978069163125 ], [ 22.581074768191261, 49.494840196800652 ], [ 22.580963769468003, 49.494604247618511 ], [ 22.580179881186684, 49.494729302052868 ], [ 22.580196964617137, 49.494759039454095 ], [ 22.580349890534357, 49.494978069163125 ] ] ] ] } },
{ "type": "Feature", "properties": { "fid": 486, "cadastral_number": null, "house_number": "17", "owner_uk": "Іван Сташкевич", "type": null, "locality_uk": "Воля Мацькова", "owner_pl": "Iwan Staszkiewicz", "locality_pl": "Wola Maćkowa" }, "geometry": { "type": "MultiPolygon", "coordinates": [ [ [ [ 22.580523346689041, 49.495226503514743 ], [ 22.581181524575129, 49.495066732725945 ], [ 22.581175611832535, 49.495054559398561 ], [ 22.581074768191261, 49.494840196800652 ], [ 22.580349890534357, 49.494978069163125 ], [ 22.580523346689041, 49.495226503514743 ] ] ] ] } },
{ "type": "Feature", "properties": { "fid": 487, "cadastral_number": null, "house_number": "17", "owner_uk": "Юрко Тиркала", "type": null, "locality_uk": "Воля Мацькова", "owner_pl": "Jurko Tyrkala", "locality_pl": "Wola Maćkowa" }, "geometry": { "type": "MultiPolygon", "coordinates": [ [ [ [ 22.580625893012151, 49.495443794100289 ], [ 22.58129200255788, 49.495294188028069 ], [ 22.581181524575129, 49.495066732725945 ], [ 22.580523346689041, 49.495226503514743 ], [ 22.580643365101352, 49.495398401113299 ], [ 22.580625893012151, 49.495443794100289 ] ] ] ] } },
{ "type": "Feature", "properties": { "fid": 488, "cadastral_number": null, "house_number": "17", "owner_uk": "Іван Сташкевич", "type": null, "locality_uk": "Воля Мацькова", "owner_pl": "Iwan Staszkiewicz", "locality_pl": "Wola Maćkowa" }, "geometry": { "type": "MultiPolygon", "coordinates": [ [ [ [ 22.580559649648482, 49.495615896251969 ], [ 22.580964394293844, 49.495644316156408 ], [ 22.581350340428862, 49.495520371444947 ], [ 22.5813272735355, 49.495366804948389 ], [ 22.58129200255788, 49.495294188028069 ], [ 22.580625893012151, 49.495443794100289 ], [ 22.580559649648482, 49.495615896251969 ] ] ] ] } },
{ "type": "Feature", "properties": { "fid": 489, "cadastral_number": null, "house_number": "17", "owner_uk": "Юрко Тиркала", "type": null, "locality_uk": "Воля Мацькова", "owner_pl": "Jurko Tyrkala", "locality_pl": "Wola Maćkowa" }, "geometry": { "type": "MultiPolygon", "coordinates": [ [ [ [ 22.580698353062687, 49.495933933765158 ], [ 22.580990148167931, 49.495900800627822 ], [ 22.581390117302671, 49.495785183661248 ], [ 22.581350340428862, 49.495520371444947 ], [ 22.580964394293844, 49.495644316156408 ], [ 22.580559649648482, 49.495615896251969 ], [ 22.580528903438736, 49.495695775783439 ], [ 22.580698353062687, 49.495933933765158 ] ] ] ] } },
{ "type": "Feature", "properties": { "fid": 490, "cadastral_number": null, "house_number": "17", "owner_uk": "Іван Сташкевич", "type": null, "locality_uk": "Воля Мацькова", "owner_pl": "Iwan Staszkiewicz", "locality_pl": "Wola Maćkowa" }, "geometry": { "type": "MultiPolygon", "coordinates": [ [ [ [ 22.580859176135014, 49.496159967304969 ], [ 22.581133225246198, 49.49611081952014 ], [ 22.581484528232561, 49.496010994486852 ], [ 22.581395950533079, 49.495824018052311 ], [ 22.581390117302671, 49.495785183661248 ], [ 22.580990148167931, 49.495900800627822 ], [ 22.580698353062687, 49.495933933765158 ], [ 22.580859176135014, 49.496159967304969 ] ] ] ] } },
{ "type": "Feature", "properties": { "fid": 491, "cadastral_number": null, "house_number": "17", "owner_uk": "Юрко Тиркала", "type": null, "locality_uk": "Воля Мацькова", "owner_pl": "Jurko Tyrkala", "locality_pl": "Wola Maćkowa" }, "geometry": { "type": "MultiPolygon", "coordinates": [ [ [ [ 22.580953620516613, 49.496400058203783 ], [ 22.581593802859931, 49.49624165954512 ], [ 22.581484528232561, 49.496010994486852 ], [ 22.581133225246198, 49.49611081952014 ], [ 22.580859176135014, 49.496159967304969 ], [ 22.580878011509711, 49.496186440038976 ], [ 22.580953620516613, 49.496400058203783 ] ] ] ] } },
{ "type": "Feature", "properties": { "fid": 492, "cadastral_number": null, "house_number": "17", "owner_uk": "Іван Сташкевич", "type": null, "locality_uk": "Воля Мацькова", "owner_pl": "Iwan Staszkiewicz", "locality_pl": "Wola Maćkowa" }, "geometry": { "type": "MultiPolygon", "coordinates": [ [ [ [ 22.581018869578099, 49.496584406409653 ], [ 22.581296333115414, 49.496549440140882 ], [ 22.58169039324957, 49.496420712900118 ], [ 22.58164776619083, 49.496355569380967 ], [ 22.581593802859931, 49.49624165954512 ], [ 22.580953620516613, 49.496400058203783 ], [ 22.581018869578099, 49.496584406409653 ] ] ] ] } },
{ "type": "Feature", "properties": { "fid": 493, "cadastral_number": null, "house_number": "17", "owner_uk": "Юрко Тиркала", "type": null, "locality_uk": "Воля Мацькова", "owner_pl": "Jurko Tyrkala", "locality_pl": "Wola Maćkowa" }, "geometry": { "type": "MultiPolygon", "coordinates": [ [ [ [ 22.581147481099531, 49.496913494081795 ], [ 22.581820575131506, 49.496619659441826 ], [ 22.58169039324957, 49.496420712900118 ], [ 22.581296333115414, 49.496549440140882 ], [ 22.581018869578099, 49.496584406409653 ], [ 22.581106934834953, 49.496833217223646 ], [ 22.581147481099531, 49.496913494081795 ] ] ] ] } },
{ "type": "Feature", "properties": { "fid": 494, "cadastral_number": null, "house_number": "17", "owner_uk": "Іван Сташкевич", "type": null, "locality_uk": "Воля Мацькова", "owner_pl": "Iwan Staszkiewicz", "locality_pl": "Wola Maćkowa" }, "geometry": { "type": "MultiPolygon", "coordinates": [ [ [ [ 22.581496404484422, 49.496761173941806 ], [ 22.581674056602026, 49.497066115321033 ], [ 22.581719841267066, 49.49723338309547 ], [ 22.581844057539506, 49.497520404522888 ], [ 22.582250249995496, 49.497471656228505 ], [ 22.582231520670181, 49.497418654719034 ], [ 22.581939643430509, 49.496801621985021 ], [ 22.581820575131506, 49.496619659441826 ], [ 22.581496404484422, 49.496761173941806 ] ] ] ] } },
{ "type": "Feature", "properties": { "fid": 495, "cadastral_number": null, "house_number": "17", "owner_uk": "Юрко Тиркала", "type": null, "locality_uk": "Воля Мацькова", "owner_pl": "Jurko Tyrkala", "locality_pl": "Wola Maćkowa" }, "geometry": { "type": "MultiPolygon", "coordinates": [ [ [ [ 22.5815685458136, 49.497731185196756 ], [ 22.582327563857675, 49.49769044421631 ], [ 22.582250249995496, 49.497471656228505 ], [ 22.581477426212739, 49.497564404975336 ], [ 22.5815685458136, 49.497731185196756 ] ] ] ] } },
{ "type": "Feature", "properties": { "fid": 496, "cadastral_number": null, "house_number": "17", "owner_uk": "Юрко Тиркала", "type": null, "locality_uk": "Воля Мацькова", "owner_pl": "Jurko Tyrkala", "locality_pl": "Wola Maćkowa" }, "geometry": { "type": "MultiPolygon", "coordinates": [ [ [ [ 22.581844057539506, 49.497520404522888 ], [ 22.581719841267066, 49.49723338309547 ], [ 22.581674056602026, 49.497066115321033 ], [ 22.581496404484422, 49.496761173941806 ], [ 22.581147481099531, 49.496913494081795 ], [ 22.581461765989058, 49.497535741377732 ], [ 22.581477426212739, 49.497564404975336 ], [ 22.581844057539506, 49.497520404522888 ] ] ] ] } },
{ "type": "Feature", "properties": { "fid": 497, "cadastral_number": null, "house_number": "17", "owner_uk": "Іван Сташкевич", "type": null, "locality_uk": "Воля Мацькова", "owner_pl": "Iwan Staszkiewicz", "locality_pl": "Wola Maćkowa" }, "geometry": { "type": "MultiPolygon", "coordinates": [ [ [ [ 22.581686048323604, 49.497946255219574 ], [ 22.582397437999798, 49.497888178781942 ], [ 22.582327563857675, 49.49769044421631 ], [ 22.5815685458136, 49.497731185196756 ], [ 22.581686048323604, 49.497946255219574 ] ] ] ] } },
{ "type": "Feature", "properties": { "fid": 498, "cadastral_number": null, "house_number": "17", "owner_uk": "Юрко Тиркала", "type": null, "locality_uk": "Воля Мацькова", "owner_pl": "Jurko Tyrkala", "locality_pl": "Wola Maćkowa" }, "geometry": { "type": "MultiPolygon", "coordinates": [ [ [ [ 22.581800488158194, 49.498155247671875 ], [ 22.582123318627776, 49.498065996400385 ], [ 22.582453547126111, 49.498046960176353 ], [ 22.582397437999798, 49.497888178781942 ], [ 22.581686048323604, 49.497946255219574 ], [ 22.581776535561264, 49.49811187799876 ], [ 22.581800488158194, 49.498155247671875 ] ] ] ] } },
{ "type": "Feature", "properties": { "fid": 499, "cadastral_number": null, "house_number": "17", "owner_uk": "Іван Сташкевич", "type": null, "locality_uk": "Воля Мацькова", "owner_pl": "Iwan Staszkiewicz", "locality_pl": "Wola Maćkowa" }, "geometry": { "type": "MultiPolygon", "coordinates": [ [ [ [ 22.581881704860223, 49.498302302366149 ], [ 22.582527183018808, 49.498187332455153 ], [ 22.582471890161678, 49.498098868537006 ], [ 22.582453547126111, 49.498046960176353 ], [ 22.582123318627776, 49.498065996400385 ], [ 22.581800488158194, 49.498155247671875 ], [ 22.581881704860223, 49.498302302366149 ] ] ] ] } },
{ "type": "Feature", "properties": { "fid": 500, "cadastral_number": null, "house_number": "17", "owner_uk": "Юрко Тиркала", "type": null, "locality_uk": "Воля Мацькова", "owner_pl": "Jurko Tyrkala", "locality_pl": "Wola Maćkowa" }, "geometry": { "type": "MultiPolygon", "coordinates": [ [ [ [ 22.581971453718378, 49.49846002087672 ], [ 22.58233793424516, 49.498372647284874 ], [ 22.582646219735203, 49.498377781183656 ], [ 22.582527183018808, 49.498187332455153 ], [ 22.581881704860223, 49.498302302366149 ], [ 22.581965397304572, 49.498453839753282 ], [ 22.581971453718378, 49.49846002087672 ] ] ] ] } },
{ "type": "Feature", "properties": { "fid": 501, "cadastral_number": null, "house_number": "17", "owner_uk": "Іван Сташкевич", "type": null, "locality_uk": "Воля Мацькова", "owner_pl": "Iwan Staszkiewicz", "locality_pl": "Wola Maćkowa" }, "geometry": { "type": "MultiPolygon", "coordinates": [ [ [ [ 22.582115445554958, 49.498606977697072 ], [ 22.582412334325863, 49.49851946733115 ], [ 22.582725625063325, 49.498521806092143 ], [ 22.582706536570036, 49.498474283043329 ], [ 22.582646219735203, 49.498377781183656 ], [ 22.58233793424516, 49.498372647284874 ], [ 22.581971453718378, 49.49846002087672 ], [ 22.582115445554958, 49.498606977697072 ] ] ] ] } },
{ "type": "Feature", "properties": { "fid": 502, "cadastral_number": null, "house_number": "17", "owner_uk": "Юрко Тиркала", "type": null, "locality_uk": "Воля Мацькова", "owner_pl": "Jurko Tyrkala", "locality_pl": "Wola Maćkowa" }, "geometry": { "type": "MultiPolygon", "coordinates": [ [ [ [ 22.5821863907737, 49.498705293120771 ], [ 22.582782484501681, 49.498663364350485 ], [ 22.582725625063325, 49.498521806092143 ], [ 22.582412334325863, 49.49851946733115 ], [ 22.582115445554958, 49.498606977697072 ], [ 22.582165705214155, 49.498658272269623 ], [ 22.5821863907737, 49.498705293120771 ] ] ] ] } },
{ "type": "Feature", "properties": { "fid": 503, "cadastral_number": null, "house_number": "17", "owner_uk": "Іван Сташкевич", "type": null, "locality_uk": "Воля Мацькова", "owner_pl": "Iwan Staszkiewicz", "locality_pl": "Wola Maćkowa" }, "geometry": { "type": "MultiPolygon", "coordinates": [ [ [ [ 22.582272176389704, 49.498900294501937 ], [ 22.582847448910456, 49.49882510088581 ], [ 22.582782484501681, 49.498663364350485 ], [ 22.5821863907737, 49.498705293120771 ], [ 22.582272176389704, 49.498900294501937 ] ] ] ] } },
{ "type": "Feature", "properties": { "fid": 504, "cadastral_number": null, "house_number": "17", "owner_uk": "Юрко Тиркала", "type": null, "locality_uk": "Воля Мацькова", "owner_pl": "Jurko Tyrkala", "locality_pl": "Wola Maćkowa" }, "geometry": { "type": "MultiPolygon", "coordinates": [ [ [ [ 22.582294270293833, 49.499086994644394 ], [ 22.582910259575623, 49.498953190443274 ], [ 22.582878229063969, 49.498901731697671 ], [ 22.582847448910456, 49.49882510088581 ], [ 22.582272176389704, 49.498900294501937 ], [ 22.582280166876775, 49.498918457873458 ], [ 22.582294270293833, 49.499086994644394 ] ] ] ] } },
{ "type": "Feature", "properties": { "fid": 505, "cadastral_number": null, "house_number": "17", "owner_uk": "Іван Сташкевич", "type": null, "locality_uk": "Воля Мацькова", "owner_pl": "Iwan Staszkiewicz", "locality_pl": "Wola Maćkowa" }, "geometry": { "type": "MultiPolygon", "coordinates": [ [ [ [ 22.582325194727975, 49.499282971724732 ], [ 22.583007990194716, 49.49911019995718 ], [ 22.582910259575623, 49.498953190443274 ], [ 22.582294270293833, 49.499086994644394 ], [ 22.582308782292429, 49.499260413991877 ], [ 22.582325194727975, 49.499282971724732 ] ] ] ] } },
{ "type": "Feature", "properties": { "fid": 506, "cadastral_number": null, "house_number": "17", "owner_uk": "Юрко Тиркала", "type": null, "locality_uk": "Воля Мацькова", "owner_pl": "Jurko Tyrkala", "locality_pl": "Wola Maćkowa" }, "geometry": { "type": "MultiPolygon", "coordinates": [ [ [ [ 22.582428052318694, 49.499424342214631 ], [ 22.583107516582864, 49.499270094470987 ], [ 22.583007990194716, 49.49911019995718 ], [ 22.582325194727975, 49.499282971724732 ], [ 22.582428052318694, 49.499424342214631 ] ] ] ] } },
{ "type": "Feature", "properties": { "fid": 507, "cadastral_number": null, "house_number": "17", "owner_uk": "Іван Сташкевич", "type": null, "locality_uk": "Воля Мацькова", "owner_pl": "Iwan Staszkiewicz", "locality_pl": "Wola Maćkowa" }, "geometry": { "type": "MultiPolygon", "coordinates": [ [ [ [ 22.582542199596848, 49.499581229582112 ], [ 22.583214216760574, 49.499441514064877 ], [ 22.583107516582864, 49.499270094470987 ], [ 22.582428052318694, 49.499424342214631 ], [ 22.582542199596848, 49.499581229582112 ] ] ] ] } },
{ "type": "Feature", "properties": { "fid": 508, "cadastral_number": null, "house_number": "17", "owner_uk": "Юрко Тиркала", "type": null, "locality_uk": "Воля Мацькова", "owner_pl": "Jurko Tyrkala", "locality_pl": "Wola Maćkowa" }, "geometry": { "type": "MultiPolygon", "coordinates": [ [ [ [ 22.582623301612241, 49.499739812557614 ], [ 22.583306401782259, 49.499589614277262 ], [ 22.583214216760574, 49.499441514064877 ], [ 22.582542199596848, 49.499581229582112 ], [ 22.582554874867057, 49.499598650845307 ], [ 22.582623301612241, 49.499739812557614 ] ] ] ] } },
{ "type": "Feature", "properties": { "fid": 509, "cadastral_number": null, "house_number": "17", "owner_uk": "Іван Сташкевич", "type": null, "locality_uk": "Воля Мацькова", "owner_pl": "Iwan Staszkiewicz", "locality_pl": "Wola Maćkowa" }, "geometry": { "type": "MultiPolygon", "coordinates": [ [ [ [ 22.582697563030916, 49.499893010974262 ], [ 22.583412820431757, 49.499757226961407 ], [ 22.583313183381907, 49.499600509283091 ], [ 22.583306401782259, 49.499589614277262 ], [ 22.582623301612241, 49.499739812557614 ], [ 22.582697563030916, 49.499893010974262 ] ] ] ] } },
{ "type": "Feature", "properties": { "fid": 510, "cadastral_number": null, "house_number": "17", "owner_uk": "Юрко Тиркала", "type": null, "locality_uk": "Воля Мацькова", "owner_pl": "Jurko Tyrkala", "locality_pl": "Wola Maćkowa" }, "geometry": { "type": "MultiPolygon", "coordinates": [ [ [ [ 22.582785204607578, 49.500052452950555 ], [ 22.583510343764168, 49.499910620004059 ], [ 22.583412820431757, 49.499757226961407 ], [ 22.582697563030916, 49.499893010974262 ], [ 22.58274945969351, 49.500000071769492 ], [ 22.582785204607578, 49.500052452950555 ] ] ] ] } },
{ "type": "Feature", "properties": { "fid": 511, "cadastral_number": null, "house_number": "17", "owner_uk": "Іван Сташкевич", "type": null, "locality_uk": "Воля Мацькова", "owner_pl": "Iwan Staszkiewicz", "locality_pl": "Wola Maćkowa" }, "geometry": { "type": "MultiPolygon", "coordinates": [ [ [ [ 22.582893341004471, 49.500210917793261 ], [ 22.583614860619701, 49.500075013058343 ], [ 22.583510343764168, 49.499910620004059 ], [ 22.582785204607578, 49.500052452950555 ], [ 22.582893341004471, 49.500210917793261 ] ] ] ] } },
{ "type": "Feature", "properties": { "fid": 512, "cadastral_number": null, "house_number": "17", "owner_uk": "Юрко Тиркала", "type": null, "locality_uk": "Воля Мацькова", "owner_pl": "Jurko Tyrkala", "locality_pl": "Wola Maćkowa" }, "geometry": { "type": "MultiPolygon", "coordinates": [ [ [ [ 22.582987306919136, 49.500343459977572 ], [ 22.583710643480575, 49.500228978977461 ], [ 22.583679460702282, 49.500176621596296 ], [ 22.583614860619701, 49.500075013058343 ], [ 22.582893341004471, 49.500210917793261 ], [ 22.58297265993561, 49.500327153050833 ], [ 22.582987306919136, 49.500343459977572 ] ] ] ] } },
{ "type": "Feature", "properties": { "fid": 513, "cadastral_number": null, "house_number": "17", "owner_uk": "Іван Сташкевич", "type": null, "locality_uk": "Воля Мацькова", "owner_pl": "Iwan Staszkiewicz", "locality_pl": "Wola Maćkowa" }, "geometry": { "type": "MultiPolygon", "coordinates": [ [ [ [ 22.583126747288905, 49.50049870312985 ], [ 22.583803555597321, 49.500384982880178 ], [ 22.583710643480575, 49.500228978977461 ], [ 22.582987306919136, 49.500343459977572 ], [ 22.583126747288905, 49.50049870312985 ] ] ] ] } },
{ "type": "Feature", "properties": { "fid": 514, "cadastral_number": null, "house_number": "17", "owner_uk": "Юрко Тиркала", "type": null, "locality_uk": "Воля Мацькова", "owner_pl": "Jurko Tyrkala", "locality_pl": "Wola Maćkowa" }, "geometry": { "type": "MultiPolygon", "coordinates": [ [ [ [ 22.583154653083238, 49.500682643256404 ], [ 22.583904748894991, 49.500554891283073 ], [ 22.583803555597321, 49.500384982880178 ], [ 22.583126747288905, 49.50049870312985 ], [ 22.583132906263273, 49.500505560101026 ], [ 22.583154653083238, 49.500682643256404 ] ] ] ] } },
{ "type": "Feature", "properties": { "fid": 515, "cadastral_number": null, "house_number": "17", "owner_uk": "Іван Сташкевич", "type": null, "locality_uk": "Воля Мацькова", "owner_pl": "Iwan Staszkiewicz", "locality_pl": "Wola Maćkowa" }, "geometry": { "type": "MultiPolygon", "coordinates": [ [ [ [ 22.583178524817974, 49.500877029475561 ], [ 22.583619904866374, 49.500786758955968 ], [ 22.583788735818715, 49.500695697628672 ], [ 22.583956352465318, 49.500660006861757 ], [ 22.583914107110651, 49.500570604176254 ], [ 22.583904748894991, 49.500554891283073 ], [ 22.583154653083238, 49.500682643256404 ], [ 22.583178524817974, 49.500877029475561 ] ] ] ] } },
{ "type": "Feature", "properties": { "fid": 516, "cadastral_number": null, "house_number": "17", "owner_uk": "Іван Сташкевич", "type": null, "locality_uk": "Воля Мацькова", "owner_pl": "Iwan Staszkiewicz", "locality_pl": "Wola Maćkowa" }, "geometry": { "type": "MultiPolygon", "coordinates": [ [ [ [ 22.583615906817105, 49.50078757663222 ], [ 22.583698725694376, 49.500959134020775 ], [ 22.58404674553093, 49.500851303227499 ], [ 22.583956352465318, 49.500660006861757 ], [ 22.583788735818715, 49.500695697628672 ], [ 22.583619904866374, 49.500786758955968 ], [ 22.583615906817105, 49.50078757663222 ] ] ] ] } },
{ "type": "Feature", "properties": { "fid": 517, "cadastral_number": "72, 73", "house_number": "19", "owner_uk": "Міхал Івантейко", "type": "household", "locality_uk": "Воля Мацькова", "owner_pl": "Michał Iwanteiko", "locality_pl": "Wola Maćkowa" }, "geometry": { "type": "MultiPolygon", "coordinates": [ [ [ [ 22.577502953278771, 49.492470980113978 ], [ 22.577265156512688, 49.492559504698811 ], [ 22.577382773727269, 49.492682486504243 ], [ 22.577638089144294, 49.492593045221838 ], [ 22.577502953278771, 49.492470980113978 ] ] ] ] } },
{ "type": "Feature", "properties": { "fid": 518, "cadastral_number": "72, 73", "house_number": "19", "owner_uk": "Міхал Івантейко", "type": "building", "locality_uk": "Воля Мацькова", "owner_pl": "Michał Iwanteiko", "locality_pl": "Wola Maćkowa" }, "geometry": { "type": "MultiPolygon", "coordinates": [ [ [ [ 22.577265156512688, 49.492559504698811 ], [ 22.577082507104258, 49.492404036607262 ], [ 22.57700697238311, 49.492436522584406 ], [ 22.577184832561262, 49.492600498668288 ], [ 22.577265156512688, 49.492559504698811 ] ] ] ] } },
{ "type": "Feature", "properties": { "fid": 519, "cadastral_number": "72, 73", "house_number": "19", "owner_uk": "Міхал Івантейко", "type": "yard", "locality_uk": "Воля Мацькова", "owner_pl": "Michał Iwanteiko", "locality_pl": "Wola Maćkowa" }, "geometry": { "type": "MultiPolygon", "coordinates": [ [ [ [ 22.577215790590103, 49.492517485259285 ], [ 22.577443922369245, 49.492418926639125 ], [ 22.577403205815934, 49.492387032308997 ], [ 22.577124205513325, 49.492386102953134 ], [ 22.577082507104258, 49.492404036607262 ], [ 22.577215790590103, 49.492517485259285 ] ] ] ] } },
{ "type": "Feature", "properties": { "fid": 520, "cadastral_number": "71", "house_number": "20", "owner_uk": "Андрій Кавчак", "type": "building", "locality_uk": "Воля Мацькова", "owner_pl": "Andrzej Kawczak", "locality_pl": "Wola Maćkowa" }, "geometry": { "type": "MultiPolygon", "coordinates": [ [ [ [ 22.576571341815075, 49.49247392833724 ], [ 22.576243630211504, 49.492583420775993 ], [ 22.576327266187416, 49.492664908917526 ], [ 22.576655306976434, 49.492546363321608 ], [ 22.576571341815075, 49.49247392833724 ] ] ] ] } },
{ "type": "Feature", "properties": { "fid": 521, "cadastral_number": "71", "house_number": "20", "owner_uk": "Андрій Кавчак", "type": "yard", "locality_uk": "Воля Мацькова", "owner_pl": "Andrzej Kawczak", "locality_pl": "Wola Maćkowa" }, "geometry": { "type": "MultiPolygon", "coordinates": [ [ [ [ 22.576243630211504, 49.492583420775993 ], [ 22.576571341815075, 49.49247392833724 ], [ 22.576525651656574, 49.492434512395398 ], [ 22.576207081441673, 49.492547810605892 ], [ 22.576243630211504, 49.492583420775993 ] ] ] ] } },
{ "type": "Feature", "properties": { "fid": 522, "cadastral_number": "72, 73", "house_number": "19", "owner_uk": "Міхал Івантейко", "type": "yard", "locality_uk": "Воля Мацькова", "owner_pl": "Michał Iwanteiko", "locality_pl": "Wola Maćkowa" }, "geometry": { "type": "MultiPolygon", "coordinates": [ [ [ [ 22.576271469057502, 49.49219264028018 ], [ 22.576477535618981, 49.492097501089312 ], [ 22.57647463557802, 49.492095213704161 ], [ 22.576287452530501, 49.492016594573187 ], [ 22.576234266086537, 49.492040381351764 ], [ 22.576182758338362, 49.491993913208425 ], [ 22.576232389443579, 49.491972421133177 ], [ 22.57623140454497, 49.491971608483958 ], [ 22.576205178007022, 49.491941692343858 ], [ 22.576110499710978, 49.491996765829299 ], [ 22.576265410188721, 49.492186830674335 ], [ 22.576271469057502, 49.49219264028018 ] ] ] ] } },
{ "type": "Feature", "properties": { "fid": 523, "cadastral_number": "72, 73", "house_number": "19", "owner_uk": "Міхал Івантейко", "type": "building", "locality_uk": "Воля Мацькова", "owner_pl": "Michał Iwanteiko", "locality_pl": "Wola Maćkowa" }, "geometry": { "type": "MultiPolygon", "coordinates": [ [ [ [ 22.576232389443579, 49.491972421133177 ], [ 22.576182758338362, 49.491993913208425 ], [ 22.576234266086537, 49.492040381351764 ], [ 22.576287452530501, 49.492016594573187 ], [ 22.576284343063925, 49.492015288559834 ], [ 22.576232389443579, 49.491972421133177 ] ] ] ] } },
{ "type": "Feature", "properties": { "fid": 524, "cadastral_number": "72, 73", "house_number": "19", "owner_uk": "Міхал Івантейко", "type": "building", "locality_uk": "Воля Мацькова", "owner_pl": "Michał Iwanteiko", "locality_pl": "Wola Maćkowa" }, "geometry": { "type": "MultiPolygon", "coordinates": [ [ [ [ 22.576477535618981, 49.492097501089312 ], [ 22.576271469057502, 49.49219264028018 ], [ 22.576331964556648, 49.492250646983749 ], [ 22.576554758741846, 49.492158410237494 ], [ 22.576477535618981, 49.492097501089312 ] ] ] ] } },
{ "type": "Feature", "properties": { "fid": 525, "cadastral_number": "78", "house_number": "17", "owner_uk": "Юрко Тиркала", "type": "building", "locality_uk": "Воля Мацькова", "owner_pl": "Jurko Tyrkala", "locality_pl": "Wola Maćkowa" }, "geometry": { "type": "MultiPolygon", "coordinates": [ [ [ [ 22.578982218975423, 49.491995323443795 ], [ 22.578922684387067, 49.491928857733676 ], [ 22.578690906650465, 49.492009809518713 ], [ 22.578587632998634, 49.492039623652914 ], [ 22.578645007249648, 49.492104842008168 ], [ 22.578982218975423, 49.491995323443795 ] ] ] ] } },
{ "type": "Feature", "properties": { "fid": 526, "cadastral_number": "78", "house_number": "17", "owner_uk": "Юрко Тиркала", "type": "household", "locality_uk": "Воля Мацькова", "owner_pl": "Jurko Tyrkala", "locality_pl": "Wola Maćkowa" }, "geometry": { "type": "MultiPolygon", "coordinates": [ [ [ [ 22.578712988972239, 49.491564598899515 ], [ 22.57841265773607, 49.491686950550012 ], [ 22.578444197371088, 49.49173589131096 ], [ 22.578690906650465, 49.492009809518713 ], [ 22.578922684387067, 49.491928857733676 ], [ 22.578982218975423, 49.491995323443795 ], [ 22.579058101856972, 49.49197067844004 ], [ 22.578712988972239, 49.491564598899515 ] ] ] ] } },
{ "type": "Feature", "properties": { "fid": 527, "cadastral_number": "77", "house_number": "17", "owner_uk": "Іван Сташкевич", "type": "building", "locality_uk": "Воля Мацькова", "owner_pl": "Iwan Staszkiewicz", "locality_pl": "Wola Maćkowa" }, "geometry": { "type": "MultiPolygon", "coordinates": [ [ [ [ 22.57824777382735, 49.491505887754165 ], [ 22.578032515408132, 49.491578169314529 ], [ 22.578074237312968, 49.491626348640217 ], [ 22.578279946481018, 49.491554649895058 ], [ 22.57824777382735, 49.491505887754165 ] ] ] ] } },
{ "type": "Feature", "properties": { "fid": 528, "cadastral_number": "77", "house_number": "17", "owner_uk": "Іван Сташкевич", "type": "yard", "locality_uk": "Воля Мацькова", "owner_pl": "Iwan Staszkiewicz", "locality_pl": "Wola Maćkowa" }, "geometry": { "type": "MultiPolygon", "coordinates": [ [ [ [ 22.578032515408132, 49.491578169314529 ], [ 22.57824777382735, 49.491505887754165 ], [ 22.578243387492527, 49.49149923965237 ], [ 22.578198965553472, 49.491462253006176 ], [ 22.577996975690702, 49.491537129011412 ], [ 22.578032515408132, 49.491578169314529 ] ] ] ] } },
{ "type": "Feature", "properties": { "fid": 529, "cadastral_number": "81", "house_number": "9", "owner_uk": "Юрко Роман", "type": "building", "locality_uk": "Воля Мацькова", "owner_pl": "Jurko Roman", "locality_pl": "Wola Maćkowa" }, "geometry": { "type": "MultiPolygon", "coordinates": [ [ [ [ 22.579244607813141, 49.490174650727049 ], [ 22.57909416110688, 49.490078271617683 ], [ 22.579005669092446, 49.490130039610001 ], [ 22.579170207732449, 49.490233202756471 ], [ 22.579244607813141, 49.490174650727049 ] ] ] ] } },
{ "type": "Feature", "properties": { "fid": 530, "cadastral_number": "81", "house_number": "9", "owner_uk": "Юрко Роман", "type": "yard", "locality_uk": "Воля Мацькова", "owner_pl": "Jurko Roman", "locality_pl": "Wola Maćkowa" }, "geometry": { "type": "MultiPolygon", "coordinates": [ [ [ [ 22.57909416110688, 49.490078271617683 ], [ 22.579244607813141, 49.490174650727049 ], [ 22.579301229965477, 49.490210016603733 ], [ 22.579307679848895, 49.490195771626063 ], [ 22.579301942423786, 49.49011564308104 ], [ 22.5791766842156, 49.490029995446264 ], [ 22.57909416110688, 49.490078271617683 ] ] ] ] } },
{ "type": "Feature", "properties": { "fid": 531, "cadastral_number": "82, 83", "house_number": "14", "owner_uk": "Андрій Роман", "type": "yard", "locality_uk": "Воля Мацькова", "owner_pl": "Andrzej Roman", "locality_pl": "Wola Maćkowa" }, "geometry": { "type": "MultiPolygon", "coordinates": [ [ [ [ 22.579420592619407, 49.490170933135516 ], [ 22.579490700387751, 49.49024435551604 ], [ 22.579530263804553, 49.490263318244537 ], [ 22.579619349973125, 49.49014642402048 ], [ 22.579510731178708, 49.490097510644858 ], [ 22.579420592619407, 49.490170933135516 ] ] ] ] } },
{ "type": "Feature", "properties": { "fid": 532, "cadastral_number": "82, 83", "house_number": "14", "owner_uk": "Андрій Роман", "type": "building", "locality_uk": "Воля Мацькова", "owner_pl": "Andrzej Roman", "locality_pl": "Wola Maćkowa" }, "geometry": { "type": "MultiPolygon", "coordinates": [ [ [ [ 22.579619349973125, 49.49014642402048 ], [ 22.579530263804553, 49.490263318244537 ], [ 22.579599776974199, 49.490296635876568 ], [ 22.579606025954188, 49.490292671086706 ], [ 22.579697782137526, 49.490181743708369 ], [ 22.579619349973125, 49.49014642402048 ] ] ] ] } },
{ "type": "Feature", "properties": { "fid": 533, "cadastral_number": "82, 83", "house_number": "14", "owner_uk": "Андрій Роман", "type": "building", "locality_uk": "Воля Мацькова", "owner_pl": "Andrzej Roman", "locality_pl": "Wola Maćkowa" }, "geometry": { "type": "MultiPolygon", "coordinates": [ [ [ [ 22.579490700387751, 49.49024435551604 ], [ 22.579420592619407, 49.490170933135516 ], [ 22.57934046945558, 49.49019323868049 ], [ 22.579426315702534, 49.490275954987695 ], [ 22.579490700387751, 49.49024435551604 ] ] ] ] } },
{ "type": "Feature", "properties": { "fid": 534, "cadastral_number": "82, 83", "house_number": "14", "owner_uk": "Андрій Роман", "type": "yard", "locality_uk": "Воля Мацькова", "owner_pl": "Andrzej Roman", "locality_pl": "Wola Maćkowa" }, "geometry": { "type": "MultiPolygon", "coordinates": [ [ [ [ 22.579133259369524, 49.489708077531688 ], [ 22.579344761767917, 49.489841925166594 ], [ 22.579511358439987, 49.48973736003915 ], [ 22.579191669294175, 49.489665338056668 ], [ 22.579133259369524, 49.489708077531688 ] ] ] ] } },
{ "type": "Feature", "properties": { "fid": 535, "cadastral_number": "82, 83", "house_number": "14", "owner_uk": "Андрій Роман", "type": "building", "locality_uk": "Воля Мацькова", "owner_pl": "Andrzej Roman", "locality_pl": "Wola Maćkowa" }, "geometry": { "type": "MultiPolygon", "coordinates": [ [ [ [ 22.579511358439987, 49.48973736003915 ], [ 22.579344761767917, 49.489841925166594 ], [ 22.579434900327225, 49.489897689384755 ], [ 22.57958883441961, 49.489798471569607 ], [ 22.579511358440005, 49.489737360039157 ], [ 22.579511358439998, 49.48973736003915 ], [ 22.579511358439987, 49.48973736003915 ] ] ] ] } },
{ "type": "Feature", "properties": { "fid": 536, "cadastral_number": "82, 83", "house_number": "14", "owner_uk": "Андрій Роман", "type": "building", "locality_uk": "Воля Мацькова", "owner_pl": "Andrzej Roman", "locality_pl": "Wola Maćkowa" }, "geometry": { "type": "MultiPolygon", "coordinates": [ [ [ [ 22.579344761767917, 49.489841925166594 ], [ 22.579133259369524, 49.489708077531688 ], [ 22.579067192236096, 49.489756419908694 ], [ 22.579274653999573, 49.489892112965791 ], [ 22.579344761767917, 49.489841925166594 ] ] ] ] } },
{ "type": "Feature", "properties": { "fid": 537, "cadastral_number": "85", "house_number": "12", "owner_uk": "Федьо Тиркала", "type": "yard", "locality_uk": "Воля Мацькова", "owner_pl": "Fedio Tyrkala", "locality_pl": "Wola Maćkowa" }, "geometry": { "type": "MultiPolygon", "coordinates": [ [ [ [ 22.580310532046184, 49.489277773587496 ], [ 22.580466486061489, 49.489397667959686 ], [ 22.580466486061493, 49.489397667959686 ], [ 22.580538024600617, 49.489295432466939 ], [ 22.580538024600621, 49.489295432466939 ], [ 22.580538024600617, 49.489295432466932 ], [ 22.580372595860656, 49.489182520525389 ], [ 22.580284778172096, 49.489262902947218 ], [ 22.580310532046184, 49.489277773587496 ] ] ] ] } },
{ "type": "Feature", "properties": { "fid": 538, "cadastral_number": "85", "house_number": "12", "owner_uk": "Федьо Тиркала", "type": "building", "locality_uk": "Воля Мацькова", "owner_pl": "Fedio Tyrkala", "locality_pl": "Wola Maćkowa" }, "geometry": { "type": "MultiPolygon", "coordinates": [ [ [ [ 22.580372595860656, 49.489182520525389 ], [ 22.580538024600617, 49.489295432466932 ], [ 22.580538024600621, 49.489295432466939 ], [ 22.580630156334834, 49.489249128343857 ], [ 22.580455164869232, 49.489133591886684 ], [ 22.580379209043752, 49.48917646726116 ], [ 22.580372595860656, 49.489182520525389 ] ] ] ] } },
{ "type": "Feature", "properties": { "fid": 539, "cadastral_number": "85", "house_number": "12", "owner_uk": "Федьо Тиркала", "type": "building", "locality_uk": "Воля Мацькова", "owner_pl": "Fedio Tyrkala", "locality_pl": "Wola Maćkowa" }, "geometry": { "type": "MultiPolygon", "coordinates": [ [ [ [ 22.580466486061493, 49.489397667959686 ], [ 22.580466486061489, 49.489397667959686 ], [ 22.580310532046184, 49.489277773587496 ], [ 22.58022468579923, 49.489320526653131 ], [ 22.580382070585312, 49.489441350332399 ], [ 22.580466486061489, 49.489397667959693 ], [ 22.580466486061493, 49.489397667959686 ] ] ] ] } },
{ "type": "Feature", "properties": { "fid": 540, "cadastral_number": "87, 88", "house_number": "10", "owner_uk": "Іван Василишин", "type": "building", "locality_uk": "Воля Мацькова", "owner_pl": "Iwan Wasylyszyn", "locality_pl": "Wola Maćkowa" }, "geometry": { "type": "MultiPolygon", "coordinates": [ [ [ [ 22.581284222796413, 49.489055325099486 ], [ 22.581172343006934, 49.489088868023622 ], [ 22.581235454683053, 49.489148499831977 ], [ 22.581350203185082, 49.489114956948704 ], [ 22.581284222796413, 49.489055325099486 ] ] ] ] } },
{ "type": "Feature", "properties": { "fid": 541, "cadastral_number": "89", "house_number": "8", "owner_uk": "Ілько Масний", "type": "yard", "locality_uk": "Воля Мацькова", "owner_pl": "Ilko Masny", "locality_pl": "Wola Maćkowa" }, "geometry": { "type": "MultiPolygon", "coordinates": [ [ [ [ 22.58165590516311, 49.487804211766353 ], [ 22.581827149075743, 49.4879403273112 ], [ 22.582074553104167, 49.487951191017487 ], [ 22.581833581249903, 49.487740610719428 ], [ 22.581828140264243, 49.487734738839571 ], [ 22.581656887352612, 49.487803699401141 ], [ 22.58165590516311, 49.487804211766353 ] ] ] ] } },
{ "type": "Feature", "properties": { "fid": 542, "cadastral_number": "89", "house_number": "8", "owner_uk": "Ілько Масний", "type": "building", "locality_uk": "Воля Мацькова", "owner_pl": "Ilko Masny", "locality_pl": "Wola Maćkowa" }, "geometry": { "type": "MultiPolygon", "coordinates": [ [ [ [ 22.581827149075743, 49.4879403273112 ], [ 22.58165590516311, 49.487804211766353 ], [ 22.58156245648096, 49.487852959848034 ], [ 22.581745595141129, 49.487984940423736 ], [ 22.581827149075743, 49.4879403273112 ] ] ] ] } },
{ "type": "Feature", "properties": { "fid": 543, "cadastral_number": "90", "house_number": "7", "owner_uk": "Лесько Кавчак", "type": "yard", "locality_uk": "Воля Мацькова", "owner_pl": "Lesko Kawczak", "locality_pl": "Wola Maćkowa" }, "geometry": { "type": "MultiPolygon", "coordinates": [ [ [ [ 22.581911564551909, 49.487483040563617 ], [ 22.582120457086177, 49.487330610698557 ], [ 22.582214887957829, 49.487386377777419 ], [ 22.582283969120386, 49.487470395735727 ], [ 22.582283969120393, 49.487470395735727 ], [ 22.582332737233752, 49.487444305934225 ], [ 22.582183564181108, 49.487267267628098 ], [ 22.58213873874481, 49.487222926718538 ], [ 22.581860056803741, 49.487423555794699 ], [ 22.581911564551909, 49.487483040563617 ] ] ] ] } },
{ "type": "Feature", "properties": { "fid": 544, "cadastral_number": "90", "house_number": "7", "owner_uk": "Лесько Кавчак", "type": "building", "locality_uk": "Воля Мацькова", "owner_pl": "Lesko Kawczak", "locality_pl": "Wola Maćkowa" }, "geometry": { "type": "MultiPolygon", "coordinates": [ [ [ [ 22.582214887957829, 49.487386377777419 ], [ 22.582120457086177, 49.487330610698557 ], [ 22.581911564551909, 49.487483040563617 ], [ 22.582014580048263, 49.487531371885147 ], [ 22.582214887957829, 49.487386377777419 ] ] ] ] } },
{ "type": "Feature", "properties": { "fid": 545, "cadastral_number": "92", "house_number": "5", "owner_uk": "Сенько Солонина", "type": "yard", "locality_uk": "Воля Мацькова", "owner_pl": "Seńko Sołonyna", "locality_pl": "Wola Maćkowa" }, "geometry": { "type": "MultiPolygon", "coordinates": [ [ [ [ 22.582920257953646, 49.486841716587733 ], [ 22.582920257953653, 49.486841716587726 ], [ 22.583174935152947, 49.486772936416145 ], [ 22.583097673530695, 49.486723674882541 ], [ 22.582920257953653, 49.486786878350642 ], [ 22.582575876662659, 49.486769840210293 ], [ 22.58259438246732, 49.486803365826582 ], [ 22.582920257953646, 49.486841716587733 ] ] ] ] } },
{ "type": "Feature", "properties": { "fid": 546, "cadastral_number": "92", "house_number": "5", "owner_uk": "Сенько Солонина", "type": "building", "locality_uk": "Воля Мацькова", "owner_pl": "Seńko Sołonyna", "locality_pl": "Wola Maćkowa" }, "geometry": { "type": "MultiPolygon", "coordinates": [ [ [ [ 22.583174935152947, 49.486772936416145 ], [ 22.582920257953653, 49.486841716587726 ], [ 22.582920257953646, 49.486841716587733 ], [ 22.582920257953653, 49.486841716587733 ], [ 22.582974627243392, 49.486916073421298 ], [ 22.583219289047218, 49.486841716587733 ], [ 22.583174935152961, 49.486772936416152 ], [ 22.583174935152947, 49.486772936416145 ] ] ] ] } },
{ "type": "Feature", "properties": { "fid": 547, "cadastral_number": "96", "house_number": "2", "owner_uk": "Іван Баран", "type": "yard", "locality_uk": "Воля Мацькова", "owner_pl": "Iwan Baran", "locality_pl": "Wola Maćkowa" }, "geometry": { "type": "MultiPolygon", "coordinates": [ [ [ [ 22.58507430045891, 49.485982445466306 ], [ 22.585049244878171, 49.4859187529906 ], [ 22.585366875991912, 49.485869490597494 ], [ 22.585017767920952, 49.485776542550994 ], [ 22.585005548948693, 49.485779145740544 ], [ 22.585047814107391, 49.485845324122373 ], [ 22.584937644757126, 49.485871349556618 ], [ 22.584891628829087, 49.485803415839406 ], [ 22.584871547841232, 49.485814597559383 ], [ 22.5849685400221, 49.485996942977827 ], [ 22.58507430045891, 49.485982445466306 ] ] ] ] } },
{ "type": "Feature", "properties": { "fid": 548, "cadastral_number": "96", "house_number": "2", "owner_uk": "Іван Баран", "type": "building", "locality_uk": "Воля Мацькова", "owner_pl": "Iwan Baran", "locality_pl": "Wola Maćkowa" }, "geometry": { "type": "MultiPolygon", "coordinates": [ [ [ [ 22.584891628829087, 49.485803415839406 ], [ 22.584937644757126, 49.485871349556618 ], [ 22.585047814107391, 49.485845324122373 ], [ 22.585005548948693, 49.485779145740544 ], [ 22.584891628829087, 49.485803415839406 ] ] ] ] } },
{ "type": "Feature", "properties": { "fid": 549, "cadastral_number": "96", "house_number": "2", "owner_uk": "Іван Баран", "type": "building", "locality_uk": "Воля Мацькова", "owner_pl": "Iwan Baran", "locality_pl": "Wola Maćkowa" }, "geometry": { "type": "MultiPolygon", "coordinates": [ [ [ [ 22.585366875991912, 49.485869490597494 ], [ 22.585049244878171, 49.4859187529906 ], [ 22.58507430045891, 49.485982445466306 ], [ 22.585389768324436, 49.485939201516565 ], [ 22.585366875991912, 49.485869490597494 ] ] ] ] } },
{ "type": "Feature", "properties": { "fid": 550, "cadastral_number": "95", "house_number": "3", "owner_uk": "Матвій Роман", "type": "household", "locality_uk": "Воля Мацькова", "owner_pl": "Matwiy Roman", "locality_pl": "Wola Maćkowa" }, "geometry": { "type": "MultiPolygon", "coordinates": [ [ [ [ 22.584728112213693, 49.485654325995782 ], [ 22.584597121310875, 49.485678946912259 ], [ 22.584562782812089, 49.485596222837557 ], [ 22.584442725320148, 49.485612981885858 ], [ 22.584481402934315, 49.485719552858228 ], [ 22.584513956565633, 49.485812420253552 ], [ 22.58473958706389, 49.485691598499244 ], [ 22.584728112213693, 49.485654325995782 ] ] ] ] } },
{ "type": "Feature", "properties": { "fid": 551, "cadastral_number": "95", "house_number": "3", "owner_uk": "Матвій Роман", "type": "yard", "locality_uk": "Воля Мацькова", "owner_pl": "Matwiy Roman", "locality_pl": "Wola Maćkowa" }, "geometry": { "type": "MultiPolygon", "coordinates": [ [ [ [ 22.584511275063914, 49.485475389668288 ], [ 22.584562782812089, 49.485596222837557 ], [ 22.584697275265658, 49.485581351078984 ], [ 22.584728112213693, 49.485654325995782 ], [ 22.584805567452563, 49.485643144239205 ], [ 22.584742312340239, 49.485503785296814 ], [ 22.584511275063914, 49.485475389668288 ] ] ] ] } },
{ "type": "Feature", "properties": { "fid": 552, "cadastral_number": "95", "house_number": "3", "owner_uk": "Матвій Роман", "type": "building", "locality_uk": "Воля Мацькова", "owner_pl": "Matwiy Roman", "locality_pl": "Wola Maćkowa" }, "geometry": { "type": "MultiPolygon", "coordinates": [ [ [ [ 22.584728112213693, 49.485654325995782 ], [ 22.584697275265658, 49.485581351078984 ], [ 22.584562782812089, 49.485596222837557 ], [ 22.584597121310875, 49.485678946912259 ], [ 22.584728112213693, 49.485654325995782 ] ] ] ] } },
{ "type": "Feature", "properties": { "fid": 553, "cadastral_number": "95", "house_number": "3", "owner_uk": "Матвій Роман", "type": "building", "locality_uk": "Воля Мацькова", "owner_pl": "Matwiy Roman", "locality_pl": "Wola Maćkowa" }, "geometry": { "type": "MultiPolygon", "coordinates": [ [ [ [ 22.584562782812089, 49.485596222837557 ], [ 22.584511275063914, 49.485475389668288 ], [ 22.584398210270347, 49.485490326643429 ], [ 22.584442725320148, 49.485612981885858 ], [ 22.584562782812089, 49.485596222837557 ] ] ] ] } },
{ "type": "Feature", "properties": { "fid": 554, "cadastral_number": "94", "house_number": "3", "owner_uk": "Іван Роман", "type": "yard", "locality_uk": "Воля Мацькова", "owner_pl": "Iwan Roman", "locality_pl": "Wola Maćkowa" }, "geometry": { "type": "MultiPolygon", "coordinates": [ [ [ [ 22.584310632921483, 49.486047671429027 ], [ 22.584555989460643, 49.486019595306232 ], [ 22.584547383322985, 49.485907778459811 ], [ 22.58451395656563, 49.485812420253552 ], [ 22.58426232094773, 49.48594663734206 ], [ 22.584310632921483, 49.486047671429027 ] ] ] ] } },
{ "type": "Feature", "properties": { "fid": 555, "cadastral_number": "94", "house_number": "3", "owner_uk": "Іван Роман", "type": "building", "locality_uk": "Воля Мацькова", "owner_pl": "Iwan Roman", "locality_pl": "Wola Maćkowa" }, "geometry": { "type": "MultiPolygon", "coordinates": [ [ [ [ 22.584555989460643, 49.486019595306232 ], [ 22.584310632921483, 49.486047671429027 ], [ 22.584350780253139, 49.486131630925662 ], [ 22.584590414011252, 49.48609973055575 ], [ 22.584555989460643, 49.486019595306232 ] ] ] ] } },
{ "type": "Feature", "properties": { "fid": 556, "cadastral_number": "93", "house_number": "4", "owner_uk": "Іван Стефанів", "type": "yard", "locality_uk": "Воля Мацькова", "owner_pl": "Iwan Stefanów", "locality_pl": "Wola Maćkowa" }, "geometry": { "type": "MultiPolygon", "coordinates": [ [ [ [ 22.583760120403038, 49.485640838086219 ], [ 22.583933439663873, 49.485640838086219 ], [ 22.58393324366774, 49.48563990860228 ], [ 22.583877443607218, 49.485482825564226 ], [ 22.583846287849688, 49.485432431917161 ], [ 22.583571258659735, 49.485484684538037 ], [ 22.583534058619392, 49.485422408876936 ], [ 22.583501827500619, 49.485377914169817 ], [ 22.583458772719489, 49.485387493011856 ], [ 22.583524043223907, 49.485506062731801 ], [ 22.583760120403038, 49.485640838086219 ] ] ] ] } },
{ "type": "Feature", "properties": { "fid": 557, "cadastral_number": "93", "house_number": "4", "owner_uk": "Іван Стефанів", "type": "building", "locality_uk": "Воля Мацькова", "owner_pl": "Iwan Stefanów", "locality_pl": "Wola Maćkowa" }, "geometry": { "type": "MultiPolygon", "coordinates": [ [ [ [ 22.583534058619392, 49.485422408876936 ], [ 22.583571258659735, 49.485484684538037 ], [ 22.583846287849688, 49.485432431917161 ], [ 22.583807335838866, 49.485369428028257 ], [ 22.583534058619392, 49.485422408876936 ] ] ] ] } },
{ "type": "Feature", "properties": { "fid": 558, "cadastral_number": "93", "house_number": "4", "owner_uk": "Іван Стефанів", "type": "building", "locality_uk": "Воля Мацькова", "owner_pl": "Iwan Stefanów", "locality_pl": "Wola Maćkowa" }, "geometry": { "type": "MultiPolygon", "coordinates": [ [ [ [ 22.583933439663873, 49.485640838086219 ], [ 22.583760120403038, 49.485640838086219 ], [ 22.58376870502774, 49.48570869036562 ], [ 22.583947551375559, 49.485707760882974 ], [ 22.583933439663873, 49.485640838086219 ] ] ] ] } },
{ "type": "Feature", "properties": { "fid": 559, "cadastral_number": "91", "house_number": "6", "owner_uk": "Гриць Вуйків", "type": "yard", "locality_uk": "Воля Мацькова", "owner_pl": "Hryć Woyków", "locality_pl": "Wola Maćkowa" }, "geometry": { "type": "MultiPolygon", "coordinates": [ [ [ [ 22.582228659844617, 49.487183164183769 ], [ 22.582475288240236, 49.487045268151029 ], [ 22.582601196069113, 49.486972770431002 ], [ 22.582392303534846, 49.486996936349605 ], [ 22.582159087897278, 49.487136354877869 ], [ 22.582228659844617, 49.487183164183769 ] ] ] ] } },
{ "type": "Feature", "properties": { "fid": 560, "cadastral_number": "91", "house_number": "6", "owner_uk": "Гриць Вуйків", "type": "building", "locality_uk": "Воля Мацькова", "owner_pl": "Hryć Woyków", "locality_pl": "Wola Maćkowa" }, "geometry": { "type": "MultiPolygon", "coordinates": [ [ [ [ 22.582475288240236, 49.487045268151029 ], [ 22.582228659844617, 49.487183164183769 ], [ 22.58231933422493, 49.4872441716008 ], [ 22.582555411404066, 49.487102894467284 ], [ 22.582475288240236, 49.487045268151029 ] ] ] ] } },
{ "type": "Feature", "properties": { "fid": 561, "cadastral_number": "87, 88", "house_number": "10", "owner_uk": "Іван Василишин", "type": "yard", "locality_uk": "Воля Мацькова", "owner_pl": "Iwan Wasylyszyn", "locality_pl": "Wola Maćkowa" }, "geometry": { "type": "MultiPolygon", "coordinates": [ [ [ [ 22.581169506443999, 49.488491514957644 ], [ 22.581350702405103, 49.488607660875324 ], [ 22.581314933135541, 49.488629967132624 ], [ 22.581339775923261, 49.488651783097772 ], [ 22.581466453453146, 49.488592581944957 ], [ 22.581458010213794, 49.488584425179852 ], [ 22.581234809971715, 49.488456163942345 ], [ 22.581169506443999, 49.488491514957644 ] ] ] ] } },
{ "type": "Feature", "properties": { "fid": 562, "cadastral_number": "87, 88", "house_number": "10", "owner_uk": "Іван Василишин", "type": "building", "locality_uk": "Воля Мацькова", "owner_pl": "Iwan Wasylyszyn", "locality_pl": "Wola Maćkowa" }, "geometry": { "type": "MultiPolygon", "coordinates": [ [ [ [ 22.581466453453146, 49.488592581944957 ], [ 22.581339775923261, 49.488651783097772 ], [ 22.5813921947578, 49.488697815269383 ], [ 22.58151381027432, 49.488638331976468 ], [ 22.581466453453146, 49.488592581944957 ] ] ] ] } },
{ "type": "Feature", "properties": { "fid": 563, "cadastral_number": "87, 88", "house_number": "10", "owner_uk": "Іван Василишин", "type": "building", "locality_uk": "Воля Мацькова", "owner_pl": "Iwan Wasylyszyn", "locality_pl": "Wola Maćkowa" }, "geometry": { "type": "MultiPolygon", "coordinates": [ [ [ [ 22.581314933135541, 49.488629967132624 ], [ 22.581350702405103, 49.488607660875324 ], [ 22.581169506443999, 49.488491514957644 ], [ 22.581088871351881, 49.48853516546896 ], [ 22.581273440782837, 49.488656920513279 ], [ 22.581314933135541, 49.488629967132624 ] ] ] ] } },
{ "type": "Feature", "properties": { "fid": 564, "cadastral_number": "86", "house_number": "11", "owner_uk": "Міхал Мочарський", "type": "yard", "locality_uk": "Воля Мацькова", "owner_pl": "Michał Moczarski", "locality_pl": "Wola Maćkowa" }, "geometry": { "type": "MultiPolygon", "coordinates": [ [ [ [ 22.580692272365049, 49.488952386573168 ], [ 22.580870612814916, 49.489060953528458 ], [ 22.58091574808719, 49.489020324989824 ], [ 22.580859948026674, 49.488994301229511 ], [ 22.581010178958852, 49.488858605683781 ], [ 22.581107461430701, 49.488908431925637 ], [ 22.581140787168874, 49.488878292619191 ], [ 22.581060463217458, 49.488835432027699 ], [ 22.581005769326929, 49.488791704043528 ], [ 22.580693978615894, 49.488950618457899 ], [ 22.580692272365049, 49.488952386573168 ] ] ] ] } },
{ "type": "Feature", "properties": { "fid": 565, "cadastral_number": "86", "house_number": "11", "owner_uk": "Міхал Мочарський", "type": "building", "locality_uk": "Воля Мацькова", "owner_pl": "Michał Moczarski", "locality_pl": "Wola Maćkowa" }, "geometry": { "type": "MultiPolygon", "coordinates": [ [ [ [ 22.581107461430701, 49.488908431925637 ], [ 22.581010178958852, 49.488858605683781 ], [ 22.580859948026674, 49.488994301229511 ], [ 22.58091574808719, 49.489020324989824 ], [ 22.580960101981454, 49.489041701639735 ], [ 22.581107461430701, 49.488908431925637 ] ] ] ] } },
{ "type": "Feature", "properties": { "fid": 566, "cadastral_number": "86", "house_number": "11", "owner_uk": "Міхал Мочарський", "type": "building", "locality_uk": "Воля Мацькова", "owner_pl": "Michał Moczarski", "locality_pl": "Wola Maćkowa" }, "geometry": { "type": "MultiPolygon", "coordinates": [ [ [ [ 22.580870612814916, 49.489060953528458 ], [ 22.580692272365049, 49.488952386573168 ], [ 22.580633886243021, 49.489012889631155 ], [ 22.580815594132414, 49.489110478623921 ], [ 22.580870612814916, 49.489060953528458 ] ] ] ] } },
{ "type": "Feature", "properties": { "fid": 567, "cadastral_number": null, "house_number": "13", "owner_uk": "Іван Тиркала", "type": "yard", "locality_uk": "Воля Мацькова", "owner_pl": "Iwan Tyrkala", "locality_pl": "Wola Maćkowa" }, "geometry": { "type": "MultiPolygon", "coordinates": [ [ [ [ 22.579734646806148, 49.489551485503313 ], [ 22.579943083305093, 49.489696670613505 ], [ 22.58003224712893, 49.489649073422399 ], [ 22.580117830472783, 49.489703417772667 ], [ 22.580167303022463, 49.489675013168842 ], [ 22.580151081338837, 49.489655367270245 ], [ 22.580056413824661, 49.489595736079309 ], [ 22.580014693546318, 49.489530958164806 ], [ 22.579734646806148, 49.489551485503313 ] ] ] ] } },
{ "type": "Feature", "properties": { "fid": 568, "cadastral_number": null, "house_number": "13", "owner_uk": "Іван Тиркала", "type": "building", "locality_uk": "Воля Мацькова", "owner_pl": "Iwan Tyrkala", "locality_pl": "Wola Maćkowa" }, "geometry": { "type": "MultiPolygon", "coordinates": [ [ [ [ 22.580117830472783, 49.489703417772667 ], [ 22.58003224712893, 49.489649073422399 ], [ 22.57988773927989, 49.489726214211238 ], [ 22.579966431672929, 49.489790343208234 ], [ 22.580117830472783, 49.489703417772667 ] ] ] ] } },
{ "type": "Feature", "properties": { "fid": 569, "cadastral_number": null, "house_number": "13", "owner_uk": "Іван Тиркала", "type": "building", "locality_uk": "Воля Мацькова", "owner_pl": "Iwan Tyrkala", "locality_pl": "Wola Maćkowa" }, "geometry": { "type": "MultiPolygon", "coordinates": [ [ [ [ 22.579943083305093, 49.489696670613505 ], [ 22.579734646806148, 49.489551485503313 ], [ 22.579651662100758, 49.489597955965237 ], [ 22.579851970010324, 49.489744802334961 ], [ 22.57988773927989, 49.489726214211238 ], [ 22.579943083305093, 49.489696670613505 ] ] ] ] } },
{ "type": "Feature", "properties": { "fid": 570, "cadastral_number": "79", "house_number": "16", "owner_uk": "Федьо Кавчак", "type": "yard", "locality_uk": "Воля Мацькова", "owner_pl": "Fedio Kawczak", "locality_pl": "Wola Maćkowa" }, "geometry": { "type": "MultiPolygon", "coordinates": [ [ [ [ 22.578017425069874, 49.490485016089934 ], [ 22.578114879833294, 49.49054040716063 ], [ 22.578205152839537, 49.490474380615538 ], [ 22.578299831803314, 49.490540494176031 ], [ 22.578353204280535, 49.490504855069915 ], [ 22.578339489363, 49.490489264595368 ], [ 22.578225814282316, 49.490338898355851 ], [ 22.578017425069874, 49.490485016089934 ] ] ] ] } },
{ "type": "Feature", "properties": { "fid": 571, "cadastral_number": "79", "house_number": "16", "owner_uk": "Федьо Кавчак", "type": "building", "locality_uk": "Воля Мацькова", "owner_pl": "Fedio Kawczak", "locality_pl": "Wola Maćkowa" }, "geometry": { "type": "MultiPolygon", "coordinates": [ [ [ [ 22.578299831803314, 49.490540494176031 ], [ 22.578205152839537, 49.490474380615538 ], [ 22.578065538132186, 49.490576496155434 ], [ 22.57816222971606, 49.490632377027367 ], [ 22.578299831803314, 49.490540494176031 ] ] ] ] } },
{ "type": "Feature", "properties": { "fid": 572, "cadastral_number": "79", "house_number": "16", "owner_uk": "Федьо Кавчак", "type": "building", "locality_uk": "Воля Мацькова", "owner_pl": "Fedio Kawczak", "locality_pl": "Wola Maćkowa" }, "geometry": { "type": "MultiPolygon", "coordinates": [ [ [ [ 22.578114879833294, 49.49054040716063 ], [ 22.578017425069874, 49.490485016089934 ], [ 22.577967644889618, 49.490519920810073 ], [ 22.578065538132186, 49.490576496155434 ], [ 22.578114879833294, 49.49054040716063 ] ] ] ] } },
{ "type": "Feature", "properties": { "fid": 573, "cadastral_number": "80", "house_number": "15", "owner_uk": "Іван Приходняк", "type": "yard", "locality_uk": "Воля Мацькова", "owner_pl": "Iwan Przychodniak", "locality_pl": "Wola Maćkowa" }, "geometry": { "type": "MultiPolygon", "coordinates": [ [ [ [ 22.578648259482481, 49.490414907531616 ], [ 22.578529688188556, 49.490294383800972 ], [ 22.578439799247882, 49.490374006159598 ], [ 22.578531668704247, 49.490467703181842 ], [ 22.578648259482481, 49.490414907531616 ] ] ] ] } },
{ "type": "Feature", "properties": { "fid": 574, "cadastral_number": "80", "house_number": "15", "owner_uk": "Іван Приходняк", "type": "building", "locality_uk": "Воля Мацькова", "owner_pl": "Iwan Przychodniak", "locality_pl": "Wola Maćkowa" }, "geometry": { "type": "MultiPolygon", "coordinates": [ [ [ [ 22.578531668704247, 49.490467703181842 ], [ 22.578439799247882, 49.490374006159598 ], [ 22.578351091459364, 49.490409323121263 ], [ 22.578451245414147, 49.490504121155531 ], [ 22.578531668704247, 49.490467703181842 ] ] ] ] } },
{ "type": "Feature", "properties": { "fid": 575, "cadastral_number": "80", "house_number": "15", "owner_uk": "Іван Приходняк", "type": "building", "locality_uk": "Воля Мацькова", "owner_pl": "Iwan Przychodniak", "locality_pl": "Wola Maćkowa" }, "geometry": { "type": "MultiPolygon", "coordinates": [ [ [ [ 22.578529688188556, 49.490294383800972 ], [ 22.578648259482481, 49.490414907531616 ], [ 22.578748845736929, 49.490369359189053 ], [ 22.578635814845104, 49.490248537800248 ], [ 22.578534230119537, 49.490290360622424 ], [ 22.578529688188556, 49.490294383800972 ] ] ] ] } },
{ "type": "Feature", "properties": { "fid": 576, "cadastral_number": "74, 75, 76", "house_number": "18", "owner_uk": "Стефан Вуйків", "type": "yard", "locality_uk": "Воля Мацькова", "owner_pl": "Stefan Woyków", "locality_pl": "Wola Maćkowa" }, "geometry": { "type": "MultiPolygon", "coordinates": [ [ [ [ 22.577888952496576, 49.492124953259427 ], [ 22.577824567811351, 49.492151904715776 ], [ 22.577767336980049, 49.492096143065538 ], [ 22.577831517852825, 49.492075027913479 ], [ 22.57779166008336, 49.492040381351764 ], [ 22.577591352173791, 49.492030158364017 ], [ 22.577715829231874, 49.49214075239081 ], [ 22.577649118346724, 49.492167269107242 ], [ 22.577690075357793, 49.492194655271277 ], [ 22.577861767851704, 49.492230900278209 ], [ 22.578113465999539, 49.492151038321886 ], [ 22.5781007065724, 49.492138893669726 ], [ 22.577888952496576, 49.492124953259427 ] ] ] ] } },
{ "type": "Feature", "properties": { "fid": 577, "cadastral_number": "74, 75, 76", "house_number": "18", "owner_uk": "Стефан Вуйків", "type": "building", "locality_uk": "Воля Мацькова", "owner_pl": "Stefan Woyków", "locality_pl": "Wola Maćkowa" }, "geometry": { "type": "MultiPolygon", "coordinates": [ [ [ [ 22.578113465999539, 49.492151038321886 ], [ 22.577861767851704, 49.492230900278209 ], [ 22.577928488451786, 49.492297627660065 ], [ 22.578189361498044, 49.492223277021928 ], [ 22.578113465999539, 49.492151038321886 ] ] ] ] } },
{ "type": "Feature", "properties": { "fid": 578, "cadastral_number": "74, 75, 76", "house_number": "18", "owner_uk": "Стефан Вуйків", "type": "building", "locality_uk": "Воля Мацькова", "owner_pl": "Stefan Woyków", "locality_pl": "Wola Maćkowa" }, "geometry": { "type": "MultiPolygon", "coordinates": [ [ [ [ 22.577649118346724, 49.492167269107242 ], [ 22.577715829231874, 49.49214075239081 ], [ 22.577591352173791, 49.492030158364017 ], [ 22.577526967488577, 49.492057109872569 ], [ 22.577641429151182, 49.4921621276781 ], [ 22.577649118346724, 49.492167269107242 ] ] ] ] } },
{ "type": "Feature", "properties": { "fid": 579, "cadastral_number": "74, 75, 76", "house_number": "18", "owner_uk": "Стефан Вуйків", "type": "building", "locality_uk": "Воля Мацькова", "owner_pl": "Stefan Woyków", "locality_pl": "Wola Maćkowa" }, "geometry": { "type": "MultiPolygon", "coordinates": [ [ [ [ 22.577831517852825, 49.492075027913479 ], [ 22.577767336980049, 49.492096143065538 ], [ 22.577824567811351, 49.492151904715776 ], [ 22.577888952496576, 49.492124953259427 ], [ 22.577831517852825, 49.492075027913479 ] ] ] ] } },
{ "type": "Feature", "properties": { "fid": 580, "cadastral_number": "74, 75, 76", "house_number": "18", "owner_uk": "Стефан Вуйків", "type": "building", "locality_uk": "Воля Мацькова", "owner_pl": "Stefan Woyków", "locality_pl": "Wola Maćkowa" }, "geometry": { "type": "MultiPolygon", "coordinates": [ [ [ [ 22.577458290491016, 49.491926069639959 ], [ 22.57752267517623, 49.491982760847485 ], [ 22.577655736859011, 49.491931645827222 ], [ 22.577597075256929, 49.491878672022644 ], [ 22.577458290491016, 49.491926069639959 ] ] ] ] } },
{ "type": "Feature", "properties": { "fid": 582, "cadastral_number": null, "house_number": "35", "owner_uk": "Федьо Стефанів", "type": null, "locality_uk": "Ліщовате", "owner_pl": "Fedio Stefanów", "locality_pl": "Leszczowate" }, "geometry": { "type": "MultiPolygon", "coordinates": [ [ [ [ 22.554115265172715, 49.51090744803043 ], [ 22.554584557989404, 49.511487143190308 ], [ 22.5553171126301, 49.512850886122123 ], [ 22.555591820620364, 49.513504874693069 ], [ 22.555918036358804, 49.514039949747172 ], [ 22.556261421346633, 49.514716216788386 ], [ 22.556913852823499, 49.515541101289642 ], [ 22.557365976390802, 49.515273572705482 ], [ 22.557584354057568, 49.515194129934258 ], [ 22.556901600470464, 49.514504999625998 ], [ 22.556528667838855, 49.513897811902574 ], [ 22.555782802575632, 49.512653612283941 ], [ 22.554977176907109, 49.511250352722733 ], [ 22.554464597015965, 49.510784406045332 ], [ 22.554196747032066, 49.510422841802466 ], [ 22.55388062206853, 49.510469414067899 ], [ 22.554115265172715, 49.51090744803043 ] ] ] ] } },
{ "type": "Feature", "properties": { "fid": 583, "cadastral_number": null, "house_number": "35", "owner_uk": "Іван Капустинський", "type": null, "locality_uk": "Ліщовате", "owner_pl": "Iwan Kapustiński", "locality_pl": "Leszczowate" }, "geometry": { "type": "MultiPolygon", "coordinates": [ [ [ [ 22.553743264769242, 49.510996632348323 ], [ 22.55401797275951, 49.511472279297656 ], [ 22.554658958070107, 49.51257219515356 ], [ 22.555334281879503, 49.513724107541101 ], [ 22.555826467028716, 49.514913149938025 ], [ 22.556433113840548, 49.515715737214862 ], [ 22.556913852823499, 49.515541101289642 ], [ 22.556261421346633, 49.514716216788386 ], [ 22.555918036358804, 49.514039949747172 ], [ 22.555591820620364, 49.513504874693069 ], [ 22.5553171126301, 49.512850886122123 ], [ 22.554584557989404, 49.511487143190308 ], [ 22.554115265172715, 49.51090744803043 ], [ 22.55388062206853, 49.510469414067899 ], [ 22.553510832289909, 49.510483677899401 ], [ 22.553743264769242, 49.510996632348323 ] ] ] ] } },
{ "type": "Feature", "properties": { "fid": 584, "cadastral_number": null, "house_number": "36", "owner_uk": "Михайло Томків", "type": null, "locality_uk": "Ліщовате", "owner_pl": "Michał Tomków", "locality_pl": "Leszczowate" }, "geometry": { "type": "MultiPolygon", "coordinates": [ [ [ [ 22.552724493213102, 49.510475096773206 ], [ 22.552730279055158, 49.510751375082826 ], [ 22.5531137256249, 49.511475995271233 ], [ 22.553937849595673, 49.512757989309023 ], [ 22.55476197356646, 49.513720391738303 ], [ 22.555414405043333, 49.51521412171023 ], [ 22.555769236197417, 49.515853216121599 ], [ 22.556433113840548, 49.515715737214862 ], [ 22.555826467028716, 49.514913149938025 ], [ 22.555334281879503, 49.513724107541101 ], [ 22.554658958070107, 49.51257219515356 ], [ 22.55401797275951, 49.511472279297656 ], [ 22.553743264769242, 49.510996632348323 ], [ 22.553510832289909, 49.510483677899401 ], [ 22.552724493213123, 49.510475096773128 ], [ 22.552724493213102, 49.510475096773206 ] ] ] ] } },
{ "type": "Feature", "properties": { "fid": 585, "cadastral_number": null, "house_number": "37", "owner_uk": "Михайло Добровольський", "type": null, "locality_uk": "Ліщовате", "owner_pl": "Michał Dobrowolski", "locality_pl": "Leszczowate" }, "geometry": { "type": "MultiPolygon", "coordinates": [ [ [ [ 22.551815768059093, 49.510422844338365 ], [ 22.551877539668723, 49.51064732617445 ], [ 22.552346832485423, 49.511457415400486 ], [ 22.553251079620026, 49.512966077925292 ], [ 22.554258342250982, 49.514385515941939 ], [ 22.554899327561589, 49.515589404905775 ], [ 22.555059573889242, 49.515938675787751 ], [ 22.555769236197417, 49.515853216121599 ], [ 22.555414405043333, 49.51521412171023 ], [ 22.55476197356646, 49.513720391738303 ], [ 22.553937849595673, 49.512757989309023 ], [ 22.5531137256249, 49.511475995271233 ], [ 22.552730279055158, 49.510751375082826 ], [ 22.552724493213102, 49.510475096773206 ], [ 22.552724493213123, 49.510475096773128 ], [ 22.553276879303368, 49.510481124827606 ], [ 22.552639446474963, 49.510474168678847 ], [ 22.551815768059104, 49.510422844338358 ], [ 22.551815768059093, 49.510422844338365 ] ] ] ] } },
{ "type": "Feature", "properties": { "fid": 586, "cadastral_number": null, "house_number": "38", "owner_uk": "Ілько Волянський", "type": null, "locality_uk": "Ліщовате", "owner_pl": "Ilko Wolański", "locality_pl": "Leszczowate" }, "geometry": { "type": "MultiPolygon", "coordinates": [ [ [ [ 22.550028492654445, 49.507364851610724 ], [ 22.550028492654473, 49.50736485161076 ], [ 22.550192091686796, 49.507596365155486 ], [ 22.55034089184819, 49.507971706799729 ], [ 22.550581261339669, 49.508309883438777 ], [ 22.550661384503496, 49.508484545183016 ], [ 22.550775846166101, 49.508759543261149 ], [ 22.550930369410619, 49.509331831602914 ], [ 22.551062000322624, 49.509365276818421 ], [ 22.551165015818974, 49.509963570699256 ], [ 22.551348154479143, 49.510565573305442 ], [ 22.551651477885063, 49.510992916338303 ], [ 22.551823170378974, 49.511279048282276 ], [ 22.552624402017234, 49.512977225504734 ], [ 22.553248218078451, 49.513861592046155 ], [ 22.554175357545578, 49.515392474479064 ], [ 22.554601727238804, 49.515990694641872 ], [ 22.555059573889242, 49.515938675787751 ], [ 22.554899327561589, 49.515589404905775 ], [ 22.554258342250982, 49.514385515941939 ], [ 22.553251079620026, 49.512966077925292 ], [ 22.552346832485423, 49.511457415400486 ], [ 22.551877539668723, 49.51064732617445 ], [ 22.551815768059093, 49.510422844338358 ], [ 22.5517622621066, 49.510171633159942 ], [ 22.551757076805188, 49.510147288098928 ], [ 22.551727559224979, 49.510023772153104 ], [ 22.551668102964342, 49.509774978172842 ], [ 22.551641831667698, 49.509665046260068 ], [ 22.551625270547476, 49.509595746459276 ], [ 22.551603302837833, 49.509448350657742 ], [ 22.551420238591014, 49.509286690235761 ], [ 22.551409474680529, 49.509236891521113 ], [ 22.551366327269534, 49.50903727209743 ], [ 22.551361658032025, 49.509015670094449 ], [ 22.551288432333291, 49.508716119770327 ], [ 22.550995529538348, 49.508164561994626 ], [ 22.550900336129992, 49.507926819656184 ], [ 22.550761207302401, 49.507765154206098 ], [ 22.55070994931328, 49.507593978441356 ], [ 22.550713610598219, 49.507527409926652 ], [ 22.550625739759735, 49.507351478416055 ], [ 22.550428030373155, 49.507256380038797 ], [ 22.550338328892199, 49.507092334903525 ], [ 22.55019141983416, 49.506825166015147 ], [ 22.549752065641751, 49.506946417482467 ], [ 22.550028492654445, 49.507364851610724 ] ] ] ] } },
{ "type": "Feature", "properties": { "fid": 587, "cadastral_number": null, "house_number": "40", "owner_uk": "Микола Стиранець", "type": null, "locality_uk": "Ліщовате", "owner_pl": "Mikołaj Styraniec", "locality_pl": "Leszczowate" }, "geometry": { "type": "MultiPolygon", "coordinates": [ [ [ [ 22.554287975328609, 49.516097552859613 ], [ 22.553929264970972, 49.515719452866065 ], [ 22.55333978740854, 49.515024621180707 ], [ 22.552538555770273, 49.513582906836341 ], [ 22.552092155286104, 49.512691103494333 ], [ 22.551479785391148, 49.511379379866298 ], [ 22.550878861662454, 49.510606449757027 ], [ 22.550827353914279, 49.510227412259596 ], [ 22.550541199757767, 49.509328115466452 ], [ 22.550415291928889, 49.509287237946666 ], [ 22.550226430185585, 49.508644341551694 ], [ 22.549842983615846, 49.507997720470328 ], [ 22.549347493656231, 49.5071057081691 ], [ 22.549149784269648, 49.506913132795873 ], [ 22.549083803668434, 49.506810530036667 ], [ 22.549083803585546, 49.506810530253908 ], [ 22.548996010302307, 49.506846563354749 ], [ 22.549047268291417, 49.507039138990024 ], [ 22.548845897619895, 49.507200806839251 ], [ 22.549135596790457, 49.507681943839721 ], [ 22.549296693327676, 49.507995765053273 ], [ 22.549772660369463, 49.50866619453798 ], [ 22.549875176347683, 49.508856385626636 ], [ 22.549948402046422, 49.509241520316479 ], [ 22.550043595454781, 49.509289067598786 ], [ 22.550058240594531, 49.509579105020052 ], [ 22.550299885400364, 49.510297059108524 ], [ 22.550453659367705, 49.510587090553436 ], [ 22.550900336129985, 49.511271748126859 ], [ 22.551396800685769, 49.512289786685628 ], [ 22.551866093502461, 49.513248482488535 ], [ 22.552987817796019, 49.51508407240626 ], [ 22.553663141605416, 49.515990694641872 ], [ 22.553903511096898, 49.516228494413276 ], [ 22.554287975328609, 49.516097552859613 ] ] ] ] } },
{ "type": "Feature", "properties": { "fid": 589, "cadastral_number": null, "house_number": "39", "owner_uk": "Андрій Романів", "type": null, "locality_uk": "Ліщовате", "owner_pl": "Andrzej Romanów", "locality_pl": "Leszczowate" }, "geometry": { "type": "MultiPolygon", "coordinates": [ [ [ [ 22.554601727238804, 49.515990694641872 ], [ 22.554175357545578, 49.515392474479064 ], [ 22.553248218078451, 49.513861592046155 ], [ 22.552624402017234, 49.512977225504734 ], [ 22.551823170378974, 49.511279048282276 ], [ 22.551651477885063, 49.510992916338303 ], [ 22.551348154479143, 49.510565573305442 ], [ 22.551165015818974, 49.509963570699256 ], [ 22.551062000322624, 49.509365276818421 ], [ 22.550930369410619, 49.509331831602914 ], [ 22.550775846166101, 49.508759543261149 ], [ 22.550661384503496, 49.508484545183016 ], [ 22.550581261339669, 49.508309883438777 ], [ 22.55034089184819, 49.507971706799729 ], [ 22.550192091686796, 49.507596365155486 ], [ 22.550028492654473, 49.50736485161076 ], [ 22.550028492654445, 49.507364851610724 ], [ 22.550028492654473, 49.507364851610767 ], [ 22.549680670585477, 49.507027251627079 ], [ 22.549347493656231, 49.5071057081691 ], [ 22.549842983615846, 49.507997720470328 ], [ 22.550226430185585, 49.508644341551694 ], [ 22.550415291928889, 49.509287237946666 ], [ 22.550541199757767, 49.509328115466452 ], [ 22.550827353914279, 49.510227412259596 ], [ 22.550878861662454, 49.510606449757027 ], [ 22.551479785391148, 49.511379379866298 ], [ 22.552092155286104, 49.512691103494333 ], [ 22.552538555770273, 49.513582906836341 ], [ 22.55333978740854, 49.515024621180707 ], [ 22.553929264970972, 49.515719452866065 ], [ 22.554287975328609, 49.516097552859613 ], [ 22.554601727238804, 49.515990694641872 ] ] ] ] } },
{ "type": "Feature", "properties": { "fid": 590, "cadastral_number": null, "house_number": "35", "owner_uk": "Іван Капустинський", "type": null, "locality_uk": "Ліщовате", "owner_pl": "Iwan Kapustiński", "locality_pl": "Leszczowate" }, "geometry": { "type": "MultiPolygon", "coordinates": [ [ [ [ 22.553765213703208, 49.509428041856822 ], [ 22.553434218280191, 49.509443315565655 ], [ 22.552467017231141, 49.509469328453747 ], [ 22.551894708918095, 49.509434025245127 ], [ 22.551581427897851, 49.509429033330136 ], [ 22.551603302837833, 49.509448350657742 ], [ 22.551603302837851, 49.509448350657749 ], [ 22.551833963788866, 49.509513727882556 ], [ 22.552767591447747, 49.509542256098733 ], [ 22.553638977262704, 49.509518482586401 ], [ 22.553809261087064, 49.50951885000385 ], [ 22.553809261260305, 49.509518849792968 ], [ 22.553765213703208, 49.509428041856822 ] ] ] ] } },
{ "type": "Feature", "properties": { "fid": 591, "cadastral_number": null, "house_number": "35", "owner_uk": "Іван Капустинський", "type": null, "locality_uk": "Ліщовате", "owner_pl": "Iwan Kapustiński", "locality_pl": "Leszczowate" }, "geometry": { "type": "MultiPolygon", "coordinates": [ [ [ [ 22.553646947724644, 49.508640240321839 ], [ 22.552833294551487, 49.508729813813702 ], [ 22.552552863478091, 49.508722381449019 ], [ 22.552406924858264, 49.508839441061589 ], [ 22.551326449438552, 49.508871639436229 ], [ 22.551361658032025, 49.509015670094449 ], [ 22.551366327269534, 49.50903727209743 ], [ 22.551738770380517, 49.509021613534657 ], [ 22.552547914351543, 49.508950292203949 ], [ 22.553422961451432, 49.508819536160935 ], [ 22.553752956983178, 49.508797412947018 ], [ 22.553752957052488, 49.508797412942371 ], [ 22.553752957058702, 49.508797412885222 ], [ 22.553746985168349, 49.508773177116325 ], [ 22.553646947724644, 49.508640240321839 ] ] ] ] } },
{ "type": "Feature", "properties": { "fid": 592, "cadastral_number": null, "house_number": "35", "owner_uk": "Федьо Стефанів", "type": null, "locality_uk": "Ліщовате", "owner_pl": "Fedio Stefanów", "locality_pl": "Leszczowate" }, "geometry": { "type": "MultiPolygon", "coordinates": [ [ [ [ 22.550941856839039, 49.508030516231749 ], [ 22.552203755407142, 49.507906672562655 ], [ 22.552292463195659, 49.507813766359739 ], [ 22.552961727375365, 49.507698594046978 ], [ 22.552884428074929, 49.507590110001104 ], [ 22.552884427736679, 49.507590109782569 ], [ 22.552621140050277, 49.507645093489351 ], [ 22.551801012224441, 49.507797249595278 ], [ 22.550900336129992, 49.507926819656184 ], [ 22.550941856839039, 49.508030516231749 ] ] ] ] } },
{ "type": "Feature", "properties": { "fid": 593, "cadastral_number": null, "house_number": "35", "owner_uk": "Федьо Стефанів", "type": null, "locality_uk": "Ліщовате", "owner_pl": "Fedio Stefanów", "locality_pl": "Leszczowate" }, "geometry": { "type": "MultiPolygon", "coordinates": [ [ [ [ 22.55072270327485, 49.507636570223887 ], [ 22.551602831678441, 49.507460721179591 ], [ 22.551602831678441, 49.507399402546525 ], [ 22.552123632243315, 49.507343658267942 ], [ 22.552604350691158, 49.507113121217451 ], [ 22.552597341698206, 49.507099467312152 ], [ 22.552549287333445, 49.506993966995466 ], [ 22.552402835935972, 49.507067668649285 ], [ 22.552335559825213, 49.507100656046809 ], [ 22.552104898874198, 49.507212396976762 ], [ 22.551486141719884, 49.507324137651501 ], [ 22.550711982842241, 49.50755700536665 ], [ 22.550711982841644, 49.50755700536633 ], [ 22.550713610598219, 49.507527409926652 ], [ 22.55070994931328, 49.507593978441356 ], [ 22.55072270327485, 49.507636570223887 ] ] ] ] } },
{ "type": "Feature", "properties": { "fid": 594, "cadastral_number": null, "house_number": "35", "owner_uk": "Іван Капустинський", "type": null, "locality_uk": "Ліщовате", "owner_pl": "Iwan Kapustiński", "locality_pl": "Leszczowate" }, "geometry": { "type": "MultiPolygon", "coordinates": [ [ [ [ 22.548042448962903, 49.502545032067836 ], [ 22.548306335795299, 49.502852318851602 ], [ 22.548392182042253, 49.502826302445058 ], [ 22.548821413277039, 49.503342911356619 ], [ 22.548930151856517, 49.503320611804014 ], [ 22.549244921428691, 49.503658820593408 ], [ 22.549908799071822, 49.504182853770601 ], [ 22.550217845560859, 49.50443557698474 ], [ 22.550320861057212, 49.504602819570472 ], [ 22.550441045802952, 49.504662283463183 ], [ 22.550578399798081, 49.504915004200967 ], [ 22.550767261541385, 49.505048797004257 ], [ 22.550861976349044, 49.505092729832427 ], [ 22.551096214874107, 49.504933544775191 ], [ 22.550993698895876, 49.504864595062585 ], [ 22.550795989509293, 49.50465774534176 ], [ 22.55068615096118, 49.504484181108168 ], [ 22.550433522300551, 49.504251176100453 ], [ 22.550155264645358, 49.503987260924994 ], [ 22.549704926598128, 49.503630616534366 ], [ 22.549573120340412, 49.503602084870806 ], [ 22.549338798104458, 49.503340543846299 ], [ 22.549177701567238, 49.503245437672597 ], [ 22.54895802447103, 49.503017182101466 ], [ 22.548423476870262, 49.502494092401484 ], [ 22.548290065082341, 49.502460189930872 ], [ 22.548042448962903, 49.502545032067836 ] ] ] ] } },
{ "type": "Feature", "properties": { "fid": 595, "cadastral_number": null, "house_number": "35", "owner_uk": "Іван Капустинський", "type": null, "locality_uk": "Ліщовате", "owner_pl": "Iwan Kapustiński", "locality_pl": "Leszczowate" }, "geometry": { "type": "MultiPolygon", "coordinates": [ [ [ [ 22.548039564429494, 49.502310839387498 ], [ 22.547462028376515, 49.502462947646379 ], [ 22.547707047960401, 49.502659952444816 ], [ 22.548290065082341, 49.502460189930872 ], [ 22.548255057763171, 49.502451293905807 ], [ 22.548042703236835, 49.502313387387368 ], [ 22.548039564429494, 49.502310839387498 ] ] ] ] } },
{ "type": "Feature", "properties": { "fid": 596, "cadastral_number": null, "house_number": "35", "owner_uk": "Федьо Стефанів", "type": null, "locality_uk": "Ліщовате", "owner_pl": "Fedio Stefanów", "locality_pl": "Leszczowate" }, "geometry": { "type": "MultiPolygon", "coordinates": [ [ [ [ 22.547823711974353, 49.502135616136385 ], [ 22.547276079195189, 49.502313437634136 ], [ 22.547462028376515, 49.502462947646379 ], [ 22.548039564429494, 49.502310839387498 ], [ 22.547823711974353, 49.502135616136385 ] ] ] ] } },
{ "type": "Feature", "properties": { "fid": 597, "cadastral_number": null, "house_number": "35", "owner_uk": "Іван Капустинський", "type": null, "locality_uk": "Ліщовате", "owner_pl": "Iwan Kapustiński", "locality_pl": "Leszczowate" }, "geometry": { "type": "MultiPolygon", "coordinates": [ [ [ [ 22.547417369226121, 49.501773672511469 ], [ 22.546810281983898, 49.501895955430626 ], [ 22.547162164209542, 49.502221845776745 ], [ 22.547276079195189, 49.502313437634136 ], [ 22.547823711974353, 49.502135616136385 ], [ 22.547808381000877, 49.50212317086207 ], [ 22.547417369226121, 49.501773672511469 ] ] ] ] } },
{ "type": "Feature", "properties": { "fid": 598, "cadastral_number": null, "house_number": "35", "owner_uk": "Федьо Стефанів", "type": null, "locality_uk": "Ліщовате", "owner_pl": "Fedio Stefanów", "locality_pl": "Leszczowate" }, "geometry": { "type": "MultiPolygon", "coordinates": [ [ [ [ 22.550861976349044, 49.505092729832427 ], [ 22.550767261541385, 49.505048797004257 ], [ 22.550578399798081, 49.504915004200967 ], [ 22.550441045802952, 49.504662283463183 ], [ 22.550320861057212, 49.504602819570472 ], [ 22.550217845560859, 49.50443557698474 ], [ 22.549908799071822, 49.504182853770601 ], [ 22.549244921428691, 49.503658820593408 ], [ 22.548930151856517, 49.503320611804014 ], [ 22.548821413277039, 49.503342911356619 ], [ 22.548392182042253, 49.502826302445058 ], [ 22.548306335795299, 49.502852318851602 ], [ 22.548042448962903, 49.502545032067836 ], [ 22.547707047960401, 49.502659952444816 ], [ 22.547931034046261, 49.502840045533688 ], [ 22.548516839636143, 49.50338215273905 ], [ 22.548934226118931, 49.503691246264047 ], [ 22.54958593483768, 49.504223833603206 ], [ 22.549952063331361, 49.504547187373618 ], [ 22.550193708137186, 49.504856273538849 ], [ 22.550614755904917, 49.505241439719775 ], [ 22.550860061995685, 49.505094030798823 ], [ 22.550861976349044, 49.505092729832427 ] ] ] ] } },
{ "type": "Feature", "properties": { "fid": 599, "cadastral_number": null, "house_number": "35", "owner_uk": "Федьо Стефанів", "type": null, "locality_uk": "Ліщовате", "owner_pl": "Fedio Stefanów", "locality_pl": "Leszczowate" }, "geometry": { "type": "MultiPolygon", "coordinates": [ [ [ [ 22.546139501401861, 49.500337222490529 ], [ 22.545398976107737, 49.500446374849673 ], [ 22.545609779396354, 49.500681067776391 ], [ 22.546320068674088, 49.50144195186477 ], [ 22.546810281983898, 49.501895955430626 ], [ 22.547417369226121, 49.501773672511469 ], [ 22.547127382002635, 49.501514473011994 ], [ 22.546980930605173, 49.501252920828733 ], [ 22.54681983406795, 49.501138788528827 ], [ 22.54616080277933, 49.500363632948357 ], [ 22.546139501401861, 49.500337222490529 ] ] ] ] } },
{ "type": "Feature", "properties": { "fid": 600, "cadastral_number": null, "house_number": "35", "owner_uk": "Іван Капустинський", "type": null, "locality_uk": "Ліщовате", "owner_pl": "Iwan Kapustiński", "locality_pl": "Leszczowate" }, "geometry": { "type": "MultiPolygon", "coordinates": [ [ [ [ 22.545514666537731, 49.499407842832859 ], [ 22.544323807529771, 49.498955220510872 ], [ 22.544445490786455, 49.499149752683891 ], [ 22.544716425871773, 49.49962532150721 ], [ 22.5450971995052, 49.500110396945807 ], [ 22.545398976107737, 49.500446374849673 ], [ 22.546139501401861, 49.500337222490529 ], [ 22.546080254510724, 49.500263765385604 ], [ 22.545523739200327, 49.499431527769772 ], [ 22.545514666537731, 49.499407842832859 ] ] ] ] } },
{ "type": "Feature", "properties": { "fid": 601, "cadastral_number": null, "house_number": "35", "owner_uk": "Іван Капустинський", "type": null, "locality_uk": "Ліщовате", "owner_pl": "Iwan Kapustiński", "locality_pl": "Leszczowate" }, "geometry": { "type": "MultiPolygon", "coordinates": [ [ [ [ 22.543432753702351, 49.496128334486762 ], [ 22.543012483899627, 49.496161930176093 ], [ 22.542648520725788, 49.4961353690748 ], [ 22.542651461167431, 49.496139294812167 ], [ 22.542790589995036, 49.496486481864963 ], [ 22.5430139109151, 49.496962710848585 ], [ 22.544076190871404, 49.497057511455807 ], [ 22.543693096731946, 49.496468646973732 ], [ 22.543641838742833, 49.496368771462173 ], [ 22.543539322764602, 49.496378283424441 ], [ 22.543432753702351, 49.496128334486762 ] ] ] ] } },
{ "type": "Feature", "properties": { "fid": 602, "cadastral_number": null, "house_number": "35", "owner_uk": "Федьо Стефанів", "type": null, "locality_uk": "Ліщовате", "owner_pl": "Fedio Stefanów", "locality_pl": "Leszczowate" }, "geometry": { "type": "MultiPolygon", "coordinates": [ [ [ [ 22.544076190871404, 49.497057511455807 ], [ 22.5430139109151, 49.496962710848585 ], [ 22.543229944187445, 49.497423399017386 ], [ 22.543235335551085, 49.497430907922812 ], [ 22.544408916183453, 49.497637611190065 ], [ 22.544820561200495, 49.497862278369524 ], [ 22.544439998859044, 49.497500681991994 ], [ 22.544132450924362, 49.497143990322314 ], [ 22.544076190871404, 49.497057511455807 ] ] ] ] } },
{ "type": "Feature", "properties": { "fid": 603, "cadastral_number": null, "house_number": "35", "owner_uk": "Федьо Стефанів", "type": null, "locality_uk": "Ліщовате", "owner_pl": "Fedio Stefanów", "locality_pl": "Leszczowate" }, "geometry": { "type": "MultiPolygon", "coordinates": [ [ [ [ 22.542648520725788, 49.4961353690748 ], [ 22.543012483899627, 49.496161930176093 ], [ 22.543432753702351, 49.496128334486762 ], [ 22.543275710249151, 49.495760002032021 ], [ 22.54243178407123, 49.495844421682449 ], [ 22.542519654909707, 49.495963322351741 ], [ 22.542648520725788, 49.4961353690748 ] ] ] ] } },
{ "type": "Feature", "properties": { "fid": 604, "cadastral_number": null, "house_number": "35", "owner_uk": "Іван Капустинський", "type": null, "locality_uk": "Ліщовате", "owner_pl": "Iwan Kapustiński", "locality_pl": "Leszczowate" }, "geometry": { "type": "MultiPolygon", "coordinates": [ [ [ [ 22.544191630318558, 49.49874391189848 ], [ 22.54445470084849, 49.498284369196817 ], [ 22.544702176792264, 49.497797666653149 ], [ 22.544408916183453, 49.497637611190065 ], [ 22.543235335551085, 49.497430907922812 ], [ 22.543888975476058, 49.49834127507755 ], [ 22.544035426873531, 49.498712225284599 ], [ 22.544159910561387, 49.498693202265464 ], [ 22.544191630318558, 49.49874391189848 ] ] ] ] } },
{ "type": "Feature", "properties": { "fid": 605, "cadastral_number": null, "house_number": "37", "owner_uk": "Михайло Добровольський", "type": null, "locality_uk": "Ліщовате", "owner_pl": "Michał Dobrowolski", "locality_pl": "Leszczowate" }, "geometry": { "type": "MultiPolygon", "coordinates": [ [ [ [ 22.552376118163057, 49.508620203442447 ], [ 22.552131664972336, 49.508272213691328 ], [ 22.552139008620141, 49.508156902278309 ], [ 22.552163479433183, 49.508030237715353 ], [ 22.550995529538348, 49.508164561994626 ], [ 22.551288432333291, 49.508716119770327 ], [ 22.552295285690899, 49.508650741479514 ], [ 22.552376118163057, 49.508620203442447 ] ] ] ] } },
{ "type": "Feature", "properties": { "fid": 606, "cadastral_number": "72, 73", "house_number": "19", "owner_uk": "Міхал Івантейко", "type": "building", "locality_uk": "Воля Мацькова", "owner_pl": "Michał Iwanteiko", "locality_pl": "Wola Maćkowa" }, "geometry": { "type": "MultiPolygon", "coordinates": [ [ [ [ 22.577265156512688, 49.492559504698811 ], [ 22.577502953278771, 49.492470980113978 ], [ 22.577454491541037, 49.492427205744967 ], [ 22.577454491541054, 49.49242720574496 ], [ 22.577454491541037, 49.49242720574496 ], [ 22.577443922369245, 49.492418926639125 ], [ 22.577215790590103, 49.492517485259285 ], [ 22.577265156512688, 49.492559504698811 ] ] ] ] } },
{ "type": "Feature", "properties": { "fid": 610, "cadastral_number": null, "house_number": "42", "owner_uk": "Максим Волянський", "type": null, "locality_uk": "Ліщовате", "owner_pl": "Maxym Wolański", "locality_pl": "Leszczowate" }, "geometry": { "type": "MultiPolygon", "coordinates": [ [ [ [ 22.548238581980957, 49.509182086148641 ], [ 22.548450936507287, 49.509548199475056 ], [ 22.548710887737798, 49.509881027394123 ], [ 22.548809742431089, 49.510344605364871 ], [ 22.548773129581729, 49.510867611134692 ], [ 22.549117290365782, 49.511266993593452 ], [ 22.549424320177557, 49.511957642210007 ], [ 22.549910168350834, 49.513272024710368 ], [ 22.550247562915605, 49.514682755961225 ], [ 22.550733411088874, 49.515611538173815 ], [ 22.551907544174277, 49.516943346038964 ], [ 22.552541845956043, 49.516759348427279 ], [ 22.553322914373187, 49.516594790452871 ], [ 22.55252666320035, 49.515858790607219 ], [ 22.551937909684845, 49.515202733789174 ], [ 22.551182145859777, 49.514221370268451 ], [ 22.550480365165068, 49.512324303713726 ], [ 22.550014305175289, 49.511266993593452 ], [ 22.549831240928444, 49.510791537915708 ], [ 22.549633531541865, 49.510320832242485 ], [ 22.549311338467433, 49.509450728012929 ], [ 22.549128274220589, 49.508994273703564 ], [ 22.548959855113502, 49.508704232814871 ], [ 22.548476107841285, 49.507859360057452 ], [ 22.54839189828774, 49.507538405625304 ], [ 22.548285721024573, 49.50739100362496 ], [ 22.548218444913868, 49.507404971172292 ], [ 22.548233090053614, 49.507616564167094 ], [ 22.547738816587156, 49.507794872160055 ], [ 22.548092130583488, 49.508582985704173 ], [ 22.548238581980957, 49.509182086148641 ] ] ], [ [ [ 22.548285721024573, 49.50739100362496 ], [ 22.548238338052329, 49.507339723220092 ], [ 22.548238337930197, 49.507339723211828 ], [ 22.548285721024573, 49.50739100362496 ] ] ] ] } },
{ "type": "Feature", "properties": { "fid": 611, "cadastral_number": null, "house_number": "43", "owner_uk": "Дмитро Кавчак", "type": null, "locality_uk": "Ліщовате", "owner_pl": "Dmytro Kawczak", "locality_pl": "Leszczowate" }, "geometry": { "type": "MultiPolygon", "coordinates": [ [ [ [ 22.548897984656513, 49.513534896972111 ], [ 22.549329849699419, 49.515138387175071 ], [ 22.549397328612372, 49.515510774918788 ], [ 22.549394007414055, 49.515667875000617 ], [ 22.54985316122222, 49.516048306982022 ], [ 22.549937039888341, 49.516117804667942 ], [ 22.549864635558436, 49.516339410296098 ], [ 22.549899518624681, 49.516432514871688 ], [ 22.550027249819291, 49.516773435551656 ], [ 22.55005081812104, 49.516836340478541 ], [ 22.55050075931403, 49.517272829040941 ], [ 22.551907544174277, 49.516943346038964 ], [ 22.550733411088874, 49.515611538173815 ], [ 22.550247562915605, 49.514682755961225 ], [ 22.549910168350834, 49.513272024710368 ], [ 22.549424320177557, 49.511957642210007 ], [ 22.549117290365782, 49.511266993593452 ], [ 22.548773129581729, 49.510867611134692 ], [ 22.548809742431089, 49.510344605364871 ], [ 22.548710887737798, 49.509881027394123 ], [ 22.548450936507287, 49.509548199475056 ], [ 22.548238581980957, 49.509182086148641 ], [ 22.548092130583488, 49.508582985704173 ], [ 22.547738816587156, 49.507794872160055 ], [ 22.547207930271306, 49.507832911114427 ], [ 22.547226236695995, 49.508199034538038 ], [ 22.547156672282195, 49.508429643339952 ], [ 22.547094430438275, 49.508429643339952 ], [ 22.54717522033123, 49.50873155390687 ], [ 22.547184131919153, 49.508764856257528 ], [ 22.547458728289413, 49.509209425874808 ], [ 22.547612502256762, 49.509473312881198 ], [ 22.547755292369299, 49.509770481229296 ], [ 22.547894421196901, 49.510174627285686 ], [ 22.547901743766772, 49.510531223974404 ], [ 22.547967646895636, 49.510835517759851 ], [ 22.548201969131583, 49.511277691293039 ], [ 22.548452623831018, 49.511975167542332 ], [ 22.548897984656513, 49.513534896972111 ] ] ] ] } },
{ "type": "Feature", "properties": { "fid": 619, "cadastral_number": null, "house_number": "67", "owner_uk": "Андрій Волянський", "type": null, "locality_uk": "Ліщовате", "owner_pl": "Andrzej Wolański", "locality_pl": "Leszczowate" }, "geometry": { "type": "MultiPolygon", "coordinates": [ [ [ [ 22.534757989297226, 49.513743035869567 ], [ 22.534757989297226, 49.51374303586956 ], [ 22.534033945998168, 49.51268866535986 ], [ 22.533103033185085, 49.511835750293251 ], [ 22.532934395157792, 49.511758118112049 ], [ 22.531944563906602, 49.512117818339149 ], [ 22.532456565953794, 49.512493906536825 ], [ 22.533227154893506, 49.513192348375071 ], [ 22.533598460443173, 49.51431736913073 ], [ 22.534112814999922, 49.513854788577454 ], [ 22.534757989297226, 49.513743035869567 ] ] ] ] } },
{ "type": "Feature", "properties": { "fid": 620, "cadastral_number": null, "house_number": "65", "owner_uk": "Іван Пашкевич", "type": null, "locality_uk": "Ліщовате", "owner_pl": "Iwan Paszkiewicz", "locality_pl": "Leszczowate" }, "geometry": { "type": "MultiPolygon", "coordinates": [ [ [ [ 22.533380063134846, 49.511596163509012 ], [ 22.53426150246359, 49.512309220729662 ], [ 22.534851080578544, 49.513047959774347 ], [ 22.535230041542327, 49.513646193480092 ], [ 22.535663272870732, 49.513557315273339 ], [ 22.535254476130877, 49.512886781298 ], [ 22.534540776307512, 49.511959994752011 ], [ 22.533894309076214, 49.511409287182815 ], [ 22.533380063134846, 49.511596163509012 ] ] ] ] } },
{ "type": "Feature", "properties": { "fid": 627, "cadastral_number": null, "house_number": "66", "owner_uk": "Павло Стефанів", "type": null, "locality_uk": "Ліщовате", "owner_pl": "Pawło Stefanów", "locality_pl": "Leszczowate" }, "geometry": { "type": "MultiPolygon", "coordinates": [ [ [ [ 22.536295252520777, 49.513991565121692 ], [ 22.535468777614746, 49.514116132588981 ], [ 22.535616497780396, 49.514347441836406 ], [ 22.536154358516853, 49.514313863923071 ], [ 22.536381914982268, 49.514226561240541 ], [ 22.536295252520777, 49.513991565121692 ] ] ] ] } },
{ "type": "Feature", "properties": { "fid": 628, "cadastral_number": null, "house_number": "66", "owner_uk": "Павло Стефанів", "type": null, "locality_uk": "Ліщовате", "owner_pl": "Pawło Stefanów", "locality_pl": "Leszczowate" }, "geometry": { "type": "MultiPolygon", "coordinates": [ [ [ [ 22.534882111005626, 49.513904211524334 ], [ 22.535109667471048, 49.513937789718895 ], [ 22.535357910887878, 49.513884064596532 ], [ 22.535802680343018, 49.513816908110591 ], [ 22.53620607589535, 49.51374975153243 ], [ 22.53607419975609, 49.513473012923008 ], [ 22.536074199633518, 49.513473012889392 ], [ 22.535663272870732, 49.513557315273339 ], [ 22.535230041542327, 49.513646193480092 ], [ 22.534851080578544, 49.513047959774347 ], [ 22.53426150246359, 49.512309220729662 ], [ 22.533380063134846, 49.511596163509012 ], [ 22.532934395157792, 49.511758118112041 ], [ 22.532934395157788, 49.511758118112049 ], [ 22.532934395157792, 49.511758118112049 ], [ 22.533103033185085, 49.511835750293251 ], [ 22.534033945998168, 49.51268866535986 ], [ 22.534757989297226, 49.51374303586956 ], [ 22.534882111005626, 49.513904211524334 ] ] ] ] } },
{ "type": "Feature", "properties": { "fid": 629, "cadastral_number": null, "house_number": "44", "owner_uk": "Лешко Тимків", "type": null, "locality_uk": "Ліщовате", "owner_pl": "Leszko Tymków", "locality_pl": "Leszczowate" }, "geometry": { "type": "MultiPolygon", "coordinates": [ [ [ [ 22.546408925726997, 49.509398614035732 ], [ 22.546546623929434, 49.51000585761097 ], [ 22.54673595895779, 49.509949976615296 ], [ 22.546758908658191, 49.510315064633232 ], [ 22.547114629014494, 49.511156991920046 ], [ 22.547275276917333, 49.511145815989025 ], [ 22.547344126018551, 49.511253849882003 ], [ 22.547344126018547, 49.511253849882003 ], [ 22.547449433982294, 49.512014561475475 ], [ 22.547692505661264, 49.512682789027508 ], [ 22.547940749078084, 49.513209977186733 ], [ 22.548401033746767, 49.513700223497082 ], [ 22.548447579387418, 49.513841252347504 ], [ 22.548514811979469, 49.514103161990882 ], [ 22.548664792377135, 49.514875451492273 ], [ 22.54896992491031, 49.515251518486785 ], [ 22.5487630553963, 49.515573859323432 ], [ 22.54913024878368, 49.516158096675021 ], [ 22.549533644336009, 49.516648313435759 ], [ 22.549719826898624, 49.516923638502675 ], [ 22.550041648717148, 49.517511588967039 ], [ 22.550226657207954, 49.517501144583285 ], [ 22.55050075931403, 49.517272829040941 ], [ 22.55005081812104, 49.516836340478541 ], [ 22.550027249819291, 49.516773435551656 ], [ 22.549899518624681, 49.516432514871688 ], [ 22.549864635558436, 49.516339410296098 ], [ 22.549937039888341, 49.516117804667942 ], [ 22.54985316122222, 49.516048306982022 ], [ 22.549394007414055, 49.515667875000617 ], [ 22.549397328612372, 49.515510774918788 ], [ 22.549329849699419, 49.515138387175071 ], [ 22.548897984656513, 49.513534896972111 ], [ 22.548452623831018, 49.511975167542332 ], [ 22.548201969131583, 49.511277691293039 ], [ 22.547967646895636, 49.510835517759851 ], [ 22.547901743766772, 49.510531223974404 ], [ 22.547894421196901, 49.510174627285686 ], [ 22.547755292369299, 49.509770481229296 ], [ 22.547612502256762, 49.509473312881198 ], [ 22.547458728289413, 49.509209425874808 ], [ 22.547184131919153, 49.508764856257528 ], [ 22.54717522033123, 49.50873155390687 ], [ 22.546794767565085, 49.508667490220716 ], [ 22.546682887775599, 49.508589254668493 ], [ 22.545974077247628, 49.508467681800745 ], [ 22.546248277824155, 49.509130381344619 ], [ 22.546408925726997, 49.509398614035732 ] ] ] ] } },
{ "type": "Feature", "properties": { "fid": 630, "cadastral_number": null, "house_number": "45", "owner_uk": "Іван Добровольський", "type": null, "locality_uk": "Ліщовате", "owner_pl": "Iwan Dobrowolski", "locality_pl": "Leszczowate" }, "geometry": { "type": "MultiPolygon", "coordinates": [ [ [ [ 22.545231498519328, 49.509016754552853 ], [ 22.545415096122586, 49.509162047780585 ], [ 22.545638855701554, 49.509750667210866 ], [ 22.546006050908083, 49.510231243645684 ], [ 22.546450701353475, 49.511238948669707 ], [ 22.54659351136802, 49.511896193582928 ], [ 22.546810724357744, 49.512675233741859 ], [ 22.547586485035307, 49.513413967258657 ], [ 22.548072628393246, 49.514192983244314 ], [ 22.548279497907266, 49.515294329501486 ], [ 22.548476023945586, 49.515616670055998 ], [ 22.548382932664278, 49.515992731351183 ], [ 22.549293158525948, 49.517070533864654 ], [ 22.549624149748375, 49.517651395774124 ], [ 22.549810332310997, 49.517711831877115 ], [ 22.549939625757258, 49.517906569923163 ], [ 22.550151667009128, 49.517785698123795 ], [ 22.550041648717148, 49.517511588967039 ], [ 22.549719826898624, 49.516923638502675 ], [ 22.549533644336009, 49.516648313435759 ], [ 22.54913024878368, 49.516158096675021 ], [ 22.5487630553963, 49.515573859323432 ], [ 22.54896992491031, 49.515251518486785 ], [ 22.548664792377135, 49.514875451492273 ], [ 22.548514811979469, 49.514103161990882 ], [ 22.548447579387418, 49.513841252347504 ], [ 22.548401033746767, 49.513700223497082 ], [ 22.547940749078084, 49.513209977186733 ], [ 22.547692505661264, 49.512682789027508 ], [ 22.547449433982294, 49.512014561475475 ], [ 22.547344126018547, 49.511253849882003 ], [ 22.547344126018551, 49.511253849882003 ], [ 22.547344126018547, 49.511253849881996 ], [ 22.547275276917333, 49.511145815989025 ], [ 22.547114629014494, 49.511156991920046 ], [ 22.546758908658191, 49.510315064633232 ], [ 22.54673595895779, 49.509949976615296 ], [ 22.546546623929434, 49.51000585761097 ], [ 22.546408925726997, 49.509398614035732 ], [ 22.546248277824155, 49.509130381344619 ], [ 22.545974077247628, 49.508467681800745 ], [ 22.545161271991653, 49.508593683990959 ], [ 22.545260185644835, 49.508793225667546 ], [ 22.545231498519328, 49.509016754552853 ] ] ] ] } },
{ "type": "Feature", "properties": { "fid": 631, "cadastral_number": null, "house_number": "46", "owner_uk": "Михайло Мельничок", "type": null, "locality_uk": "Ліщовате", "owner_pl": "Michał Mielniczek", "locality_pl": "Leszczowate" }, "geometry": { "type": "MultiPolygon", "coordinates": [ [ [ [ 22.544660624721679, 49.509448907501415 ], [ 22.544993395377595, 49.509836351727067 ], [ 22.545136831005145, 49.510037523480058 ], [ 22.545154043280448, 49.510231243645478 ], [ 22.545463864235945, 49.510488294219087 ], [ 22.545400752559825, 49.510700639326309 ], [ 22.545640790348948, 49.511241727397589 ], [ 22.545649669210327, 49.511560396584315 ], [ 22.545918599578549, 49.512184977158007 ], [ 22.5465495515963, 49.513232642792268 ], [ 22.547025351478535, 49.513897495882738 ], [ 22.547263251419665, 49.51437430415055 ], [ 22.547377029652367, 49.514938409337958 ], [ 22.547392544865925, 49.515616670055962 ], [ 22.547718364350509, 49.516046454157284 ], [ 22.548302770727609, 49.516566890786684 ], [ 22.54900612707527, 49.517379432386385 ], [ 22.549254370492086, 49.51776555279487 ], [ 22.549750857325726, 49.518561286977992 ], [ 22.549874979034136, 49.518450489323335 ], [ 22.549743099718945, 49.518205390589365 ], [ 22.549908595330166, 49.518108022258232 ], [ 22.549799988835304, 49.517973720793726 ], [ 22.549939625757258, 49.517906569923163 ], [ 22.549810332310997, 49.517711831877115 ], [ 22.549624149748375, 49.517651395774124 ], [ 22.549293158525948, 49.517070533864654 ], [ 22.548382932664278, 49.515992731351183 ], [ 22.548476023945586, 49.515616670055998 ], [ 22.548279497907266, 49.515294329501486 ], [ 22.548072628393246, 49.514192983244314 ], [ 22.547586485035307, 49.513413967258657 ], [ 22.546810724357744, 49.512675233741859 ], [ 22.54659351136802, 49.511896193582928 ], [ 22.546450701353475, 49.511238948669707 ], [ 22.546404231506877, 49.511133634712714 ], [ 22.546006050908083, 49.510231243645684 ], [ 22.545638855701554, 49.509750667210866 ], [ 22.545415096122586, 49.509162047780585 ], [ 22.545231498519328, 49.509016754552853 ], [ 22.545260185644835, 49.508793225667546 ], [ 22.545161271991653, 49.508593683990959 ], [ 22.544403386009744, 49.508771988422538 ], [ 22.544660624721679, 49.509448907501415 ] ] ] ] } },
{ "type": "Feature", "properties": { "fid": 632, "cadastral_number": null, "house_number": "48", "owner_uk": "Гриць Паньків", "type": null, "locality_uk": "Ліщовате", "owner_pl": "Hryć Pańków", "locality_pl": "Leszczowate" }, "geometry": { "type": "MultiPolygon", "coordinates": [ [ [ [ 22.543713949579871, 49.508957146949761 ], [ 22.543788536106199, 49.509366947752767 ], [ 22.54401803311027, 49.509787921366659 ], [ 22.544098357061703, 49.510112031326777 ], [ 22.544086882211499, 49.510234969025753 ], [ 22.544276217239862, 49.510417512311847 ], [ 22.544339328915981, 49.510726716732059 ], [ 22.544350803766189, 49.510965138082966 ], [ 22.544436865142711, 49.510983764702061 ], [ 22.544516713323805, 49.511245583999319 ], [ 22.544615321640215, 49.511456299046657 ], [ 22.545091121522457, 49.511993574281313 ], [ 22.545504860550484, 49.512712170682654 ], [ 22.54618752994676, 49.513890780240111 ], [ 22.546627127664024, 49.515203670837735 ], [ 22.546678845042532, 49.515915504713966 ], [ 22.547020179740663, 49.51658032133605 ], [ 22.547573555690665, 49.517020169790243 ], [ 22.548013153407947, 49.517517093055609 ], [ 22.548778570609819, 49.51836655153901 ], [ 22.549357805249066, 49.519132058797148 ], [ 22.549911181199072, 49.518792953990157 ], [ 22.549750857325726, 49.518561286977992 ], [ 22.549254370492086, 49.51776555279487 ], [ 22.54900612707527, 49.517379432386385 ], [ 22.548302770727609, 49.516566890786684 ], [ 22.547718364350509, 49.516046454157284 ], [ 22.547392544865925, 49.515616670055962 ], [ 22.547377029652367, 49.514938409337958 ], [ 22.547263251419665, 49.51437430415055 ], [ 22.547025351478535, 49.513897495882738 ], [ 22.5465495515963, 49.513232642792268 ], [ 22.545918599578549, 49.512184977158007 ], [ 22.545649669210327, 49.511560396584315 ], [ 22.545640790348948, 49.511241727397589 ], [ 22.545400752559825, 49.510700639326309 ], [ 22.545463864235945, 49.510488294219087 ], [ 22.545154043280448, 49.510231243645478 ], [ 22.545136831005145, 49.510037523480058 ], [ 22.544993395377595, 49.509836351727067 ], [ 22.544660624721679, 49.509448907501415 ], [ 22.544403386009744, 49.508771988422538 ], [ 22.544373428103594, 49.50866442665415 ], [ 22.544373428072365, 49.508664426669483 ], [ 22.544139773494294, 49.508676892806562 ], [ 22.543656483882636, 49.508793384910646 ], [ 22.543713949579871, 49.508957146949761 ] ] ] ] } },
{ "type": "Feature", "properties": { "fid": 633, "cadastral_number": null, "house_number": "49", "owner_uk": "Іван Магац", "type": null, "locality_uk": "Ліщовате", "owner_pl": "Iwan Magac", "locality_pl": "Leszczowate" }, "geometry": { "type": "MultiPolygon", "coordinates": [ [ [ [ 22.543065620543352, 49.509027930970099 ], [ 22.54323200587131, 49.50958302315756 ], [ 22.543312329822733, 49.51027967356697 ], [ 22.543450028025184, 49.510700639326309 ], [ 22.543695793390945, 49.511237086211047 ], [ 22.543695793390942, 49.511237086211047 ], [ 22.543963682671041, 49.511842466218035 ], [ 22.544749786824305, 49.512755823394947 ], [ 22.545453143171972, 49.513608722418233 ], [ 22.545732417015895, 49.514381019726734 ], [ 22.545908256102788, 49.514955198083086 ], [ 22.546146156043932, 49.515717401043553 ], [ 22.546394399460752, 49.516422512147784 ], [ 22.546766764585982, 49.516811997732468 ], [ 22.547314968798126, 49.517100752284378 ], [ 22.547801112156066, 49.517731977228159 ], [ 22.548556185882241, 49.518698944320406 ], [ 22.548783742347656, 49.518937325631072 ], [ 22.549037157502333, 49.519229425089392 ], [ 22.549357805249066, 49.519132058797148 ], [ 22.548778570609819, 49.51836655153901 ], [ 22.548013153407947, 49.517517093055609 ], [ 22.547573555690665, 49.517020169790243 ], [ 22.547020179740663, 49.51658032133605 ], [ 22.546678845042532, 49.515915504713966 ], [ 22.546627127664024, 49.515203670837735 ], [ 22.54618752994676, 49.513890780240111 ], [ 22.545504860550484, 49.512712170682654 ], [ 22.545091121522457, 49.511993574281313 ], [ 22.544615321640215, 49.511456299046657 ], [ 22.544516713323805, 49.511245583999319 ], [ 22.544436865142711, 49.510983764702061 ], [ 22.544350803766189, 49.510965138082966 ], [ 22.544339328915981, 49.510726716732059 ], [ 22.544276217239862, 49.510417512311847 ], [ 22.544086882211499, 49.510234969025753 ], [ 22.544098357061703, 49.510112031326777 ], [ 22.54401803311027, 49.509787921366659 ], [ 22.543788536106199, 49.509366947752767 ], [ 22.543713949579871, 49.508957146949761 ], [ 22.543656483882636, 49.508793384910646 ], [ 22.543608887178458, 49.508722063247205 ], [ 22.543523643941402, 49.508528333701094 ], [ 22.54357434677917, 49.508643564399584 ], [ 22.543574346754522, 49.50864356444081 ], [ 22.543032234800918, 49.508931273165139 ], [ 22.543065620543352, 49.509027930970099 ] ] ] ] } },
{ "type": "Feature", "properties": { "fid": 634, "cadastral_number": null, "house_number": "50", "owner_uk": "Тимко Ткачів", "type": null, "locality_uk": "Ліщовате", "owner_pl": "Tymko Tkaczów", "locality_pl": "Leszczowate" }, "geometry": { "type": "MultiPolygon", "coordinates": [ [ [ [ 22.542322623992657, 49.509228174683457 ], [ 22.542643919798362, 49.509945319862631 ], [ 22.54266686949877, 49.510563732718012 ], [ 22.542735718599992, 49.510913914843876 ], [ 22.542931117624466, 49.511224877114287 ], [ 22.542931117624462, 49.511224877114287 ], [ 22.543208608944873, 49.511718221460733 ], [ 22.543560287118694, 49.512188335096504 ], [ 22.543477539313088, 49.512309220729676 ], [ 22.543777500108423, 49.512557706926351 ], [ 22.543684408827115, 49.512645012587654 ], [ 22.543942995719636, 49.512839770809038 ], [ 22.544760130300002, 49.513900853703639 ], [ 22.545380738842059, 49.51525739451057 ], [ 22.546022034335511, 49.516963090443205 ], [ 22.546911573245783, 49.517527165772272 ], [ 22.54744943398223, 49.518118094853158 ], [ 22.548111416427083, 49.518803026444033 ], [ 22.548545842406519, 49.519340220979231 ], [ 22.549037157502333, 49.519229425089392 ], [ 22.548783742347656, 49.518937325631072 ], [ 22.548556185882241, 49.518698944320406 ], [ 22.547801112156066, 49.517731977228159 ], [ 22.547314968798126, 49.517100752284378 ], [ 22.546766764585982, 49.516811997732468 ], [ 22.546394399460752, 49.516422512147784 ], [ 22.546146156043932, 49.515717401043553 ], [ 22.545908256102788, 49.514955198083086 ], [ 22.545732417015895, 49.514381019726734 ], [ 22.545453143171972, 49.513608722418233 ], [ 22.544749786824305, 49.512755823394947 ], [ 22.543963682671041, 49.511842466218035 ], [ 22.543695793390945, 49.511237086211047 ], [ 22.543450028025184, 49.510700639326309 ], [ 22.543312329822733, 49.51027967356697 ], [ 22.54323200587131, 49.50958302315756 ], [ 22.543079160318534, 49.509073102161061 ], [ 22.543005690485121, 49.509075104464728 ], [ 22.542498416885856, 49.509002686047062 ], [ 22.542489449309038, 49.509001405835114 ], [ 22.542453031028575, 49.508990145152744 ], [ 22.542335675341693, 49.50895385827323 ], [ 22.54213796595511, 49.509015670094662 ], [ 22.542322623992657, 49.509228174683457 ] ] ] ] } },
{ "type": "Feature", "properties": { "fid": 639, "cadastral_number": null, "house_number": "58", "owner_uk": "Гриць Кавчак", "type": null, "locality_uk": "Ліщовате", "owner_pl": "Hryć Kawczak", "locality_pl": "Leszczowate" }, "geometry": { "type": "MultiPolygon", "coordinates": [ [ [ [ 22.537715133751455, 49.510639391122893 ], [ 22.537946365681975, 49.511031511636936 ], [ 22.538225639525898, 49.511612445270039 ], [ 22.538608348126829, 49.51237805824843 ], [ 22.539115178436173, 49.513560033701033 ], [ 22.539787504356728, 49.514795704771366 ], [ 22.540221930336163, 49.515648568224478 ], [ 22.540749447596909, 49.516709590185336 ], [ 22.54118387357634, 49.517958611855867 ], [ 22.541618299555786, 49.518818135120988 ], [ 22.542321655903443, 49.519899232776865 ], [ 22.543014668775406, 49.520624427748636 ], [ 22.543660890569722, 49.521195671167924 ], [ 22.544422195964746, 49.520811281405969 ], [ 22.544007642442704, 49.520480061088485 ], [ 22.543262912192244, 49.519775008485183 ], [ 22.542280282000657, 49.518573038229626 ], [ 22.54174242126421, 49.517344177762396 ], [ 22.540873569305333, 49.515343016492217 ], [ 22.540470173753, 49.514631174283707 ], [ 22.540283991190385, 49.514564018823577 ], [ 22.540232273811881, 49.514308827234132 ], [ 22.53967372612404, 49.513066428107521 ], [ 22.539177239290392, 49.511978463495971 ], [ 22.538862956656203, 49.511119738806613 ], [ 22.538811319830295, 49.511004253974882 ], [ 22.538748208154175, 49.510672699233297 ], [ 22.53857553571159, 49.510401660811603 ], [ 22.538447390738806, 49.510453961579216 ], [ 22.538568213141723, 49.510679805160912 ], [ 22.538363181185261, 49.510755878553674 ], [ 22.538491326158056, 49.51087474299301 ], [ 22.538070278390325, 49.510734482923915 ], [ 22.53782497229956, 49.510641768420172 ], [ 22.537715133751455, 49.510639391122893 ] ] ] ] } },
{ "type": "Feature", "properties": { "fid": 645, "cadastral_number": null, "house_number": "59", "owner_uk": "Дмитро Томків", "type": null, "locality_uk": "Ліщовате", "owner_pl": "Dmytro Tomków", "locality_pl": "Leszczowate" }, "geometry": { "type": "MultiPolygon", "coordinates": [ [ [ [ 22.543660890569722, 49.521195671167924 ], [ 22.543014668775406, 49.520624427748636 ], [ 22.542321655903443, 49.519899232776865 ], [ 22.541618299555786, 49.518818135120988 ], [ 22.54118387357634, 49.517958611855867 ], [ 22.540749447596909, 49.516709590185336 ], [ 22.540221930336163, 49.515648568224478 ], [ 22.539787504356728, 49.514795704771366 ], [ 22.539115178436173, 49.513560033701033 ], [ 22.538608348126829, 49.51237805824843 ], [ 22.538225639525898, 49.511612445270039 ], [ 22.537946365681975, 49.511031511636936 ], [ 22.537715133751455, 49.510639391122893 ], [ 22.537685624749979, 49.510581670394771 ], [ 22.537230013497325, 49.510747558032101 ], [ 22.537643819017777, 49.511510026835644 ], [ 22.538119618900023, 49.512477116946791 ], [ 22.538397235910406, 49.512996437852578 ], [ 22.538397235910416, 49.512996437852593 ], [ 22.538773843738063, 49.513781650918588 ], [ 22.539177239290392, 49.514715118479195 ], [ 22.539570291367024, 49.515238927004674 ], [ 22.540211586860476, 49.516743166453907 ], [ 22.540521891131501, 49.517871315679159 ], [ 22.54124593443056, 49.519241176180493 ], [ 22.542032038583827, 49.520396126787801 ], [ 22.543169820910926, 49.521443616539756 ], [ 22.543660890569722, 49.521195671167924 ] ] ] ] } },
{ "type": "Feature", "properties": { "fid": 646, "cadastral_number": null, "house_number": "51", "owner_uk": "Іван Шимоняк", "type": null, "locality_uk": "Ліщовате", "owner_pl": "Iwan Szymoniak", "locality_pl": "Leszczowate" }, "geometry": { "type": "MultiPolygon", "coordinates": [ [ [ [ 22.542735718599992, 49.510913914843876 ], [ 22.54266686949877, 49.510563732718012 ], [ 22.542643919798362, 49.509945319862631 ], [ 22.542322623992657, 49.509228174683457 ], [ 22.54213796595511, 49.509015670094662 ], [ 22.542137965955103, 49.509015670094662 ], [ 22.542294814600492, 49.509196171676045 ], [ 22.541691507231445, 49.509166704607473 ], [ 22.541720194356959, 49.509304546488437 ], [ 22.541961166211237, 49.509841008489964 ], [ 22.541972641061438, 49.51006453258762 ], [ 22.542030015312456, 49.510489225559297 ], [ 22.542225087765924, 49.51082078154446 ], [ 22.54227281743778, 49.511214366449479 ], [ 22.54255955584458, 49.511723258416488 ], [ 22.543138790483827, 49.512388132023517 ], [ 22.543149133959524, 49.512723923339784 ], [ 22.543542186036166, 49.5131671643475 ], [ 22.543500812133356, 49.513254468920984 ], [ 22.543862833782892, 49.513576822919326 ], [ 22.544390351043639, 49.514127506085131 ], [ 22.544752372693168, 49.514926657212861 ], [ 22.545000616109988, 49.516175724417636 ], [ 22.545393668186623, 49.516921120292594 ], [ 22.545538476846435, 49.517270310848843 ], [ 22.546831411309046, 49.51821042687704 ], [ 22.547441676375396, 49.518828207569683 ], [ 22.548031853386032, 49.519471880248062 ], [ 22.548545842406519, 49.519340220979231 ], [ 22.548111416427083, 49.518803026444033 ], [ 22.54744943398223, 49.518118094853158 ], [ 22.546911573245783, 49.517527165772272 ], [ 22.546022034335511, 49.516963090443205 ], [ 22.545380738842059, 49.51525739451057 ], [ 22.544760130300002, 49.513900853703639 ], [ 22.543942995719636, 49.512839770809038 ], [ 22.543684408827115, 49.512645012587654 ], [ 22.543777500108423, 49.512557706926351 ], [ 22.543477539313088, 49.512309220729676 ], [ 22.543560287118694, 49.512188335096504 ], [ 22.543208608944873, 49.511718221460733 ], [ 22.542931117624462, 49.511224877114287 ], [ 22.542931117624466, 49.511224877114287 ], [ 22.542735718599992, 49.510913914843876 ] ] ], [ [ [ 22.542137965955103, 49.509015670094655 ], [ 22.542088102631787, 49.508918992979439 ], [ 22.542088102631784, 49.508918992979439 ], [ 22.542137965955103, 49.509015670094655 ] ] ] ] } },
{ "type": "Feature", "properties": { "fid": 647, "cadastral_number": null, "house_number": "52", "owner_uk": "Панько Стефанів", "type": null, "locality_uk": "Ліщовате", "owner_pl": "Pańko Stefanów", "locality_pl": "Leszczowate" }, "geometry": { "type": "MultiPolygon", "coordinates": [ [ [ [ 22.541209563522887, 49.509732971476623 ], [ 22.541284150049208, 49.509889438797792 ], [ 22.541318574599824, 49.510105511894722 ], [ 22.541708719506744, 49.51080588020011 ], [ 22.541766759361867, 49.511206286538645 ], [ 22.541766759361863, 49.511206286538645 ], [ 22.542011351632432, 49.511803849638078 ], [ 22.542518181941769, 49.512764218142799 ], [ 22.542838829688499, 49.513247753190086 ], [ 22.543200851338028, 49.513838733978666 ], [ 22.543852490307188, 49.514496863271233 ], [ 22.544121420675403, 49.515141552767382 ], [ 22.54445241189784, 49.516236162344242 ], [ 22.544617907509053, 49.516645795211495 ], [ 22.545383324710912, 49.51780080711503 ], [ 22.54631423752399, 49.518646903175508 ], [ 22.546996906920246, 49.519123665142175 ], [ 22.547538441074046, 49.519598268753725 ], [ 22.548031853386032, 49.519471880248062 ], [ 22.547441676375396, 49.518828207569683 ], [ 22.546831411309046, 49.51821042687704 ], [ 22.545538476846435, 49.517270310848843 ], [ 22.545393668186623, 49.516921120292594 ], [ 22.545000616109988, 49.516175724417636 ], [ 22.544752372693168, 49.514926657212861 ], [ 22.544390351043639, 49.514127506085131 ], [ 22.543862833782892, 49.513576822919326 ], [ 22.543500812133356, 49.513254468920984 ], [ 22.543542186036166, 49.5131671643475 ], [ 22.543149133959524, 49.512723923339784 ], [ 22.543138790483827, 49.512388132023517 ], [ 22.54255955584458, 49.511723258416488 ], [ 22.54227281743778, 49.511214366449479 ], [ 22.542225087765924, 49.51082078154446 ], [ 22.542030015312456, 49.510489225559297 ], [ 22.541972641061438, 49.51006453258762 ], [ 22.541961166211237, 49.509841008489964 ], [ 22.541720194356959, 49.509304546488437 ], [ 22.541691507231445, 49.509166704607473 ], [ 22.541507909628187, 49.508913372570149 ], [ 22.541445983102054, 49.508777931892382 ], [ 22.54136909611838, 49.508642420600118 ], [ 22.541092669105609, 49.508691157160584 ], [ 22.541297701062071, 49.508883725534915 ], [ 22.54108900782067, 49.508943160065265 ], [ 22.541151249664598, 49.509107198994364 ], [ 22.540898621003954, 49.509097689506241 ], [ 22.541209563522887, 49.509732971476623 ] ] ] ] } },
{ "type": "Feature", "properties": { "fid": 648, "cadastral_number": null, "house_number": "53", "owner_uk": "Роман Сорока", "type": null, "locality_uk": "Ліщовате", "owner_pl": "Roman Sroka", "locality_pl": "Leszczowate" }, "geometry": { "type": "MultiPolygon", "coordinates": [ [ [ [ 22.540991541369017, 49.510012377056185 ], [ 22.54113497699656, 49.510485500198392 ], [ 22.541203826097789, 49.510820781544467 ], [ 22.541315287776346, 49.511196560220121 ], [ 22.54157692565299, 49.511904588478323 ], [ 22.541773451691309, 49.512394847872436 ], [ 22.542156160292233, 49.513180595830484 ], [ 22.542725051455786, 49.51402677182304 ], [ 22.543335316522146, 49.514886364191291 ], [ 22.543480125181951, 49.515571341043831 ], [ 22.54371802512307, 49.516430906266351 ], [ 22.544162794578213, 49.517310601906424 ], [ 22.54490752482867, 49.518371587810115 ], [ 22.545807407214649, 49.519069945716303 ], [ 22.546593511367913, 49.519546703558646 ], [ 22.546884779247168, 49.519822040343549 ], [ 22.547307211191281, 49.519657498729629 ], [ 22.547538441074046, 49.519598268753725 ], [ 22.546996906920246, 49.519123665142175 ], [ 22.54631423752399, 49.518646903175508 ], [ 22.545383324710912, 49.51780080711503 ], [ 22.544617907509053, 49.516645795211495 ], [ 22.54445241189784, 49.516236162344242 ], [ 22.544121420675403, 49.515141552767382 ], [ 22.543852490307188, 49.514496863271233 ], [ 22.543200851338028, 49.513838733978666 ], [ 22.542838829688499, 49.513247753190086 ], [ 22.542518181941769, 49.512764218142799 ], [ 22.542011351632432, 49.511803849638078 ], [ 22.541766759361863, 49.511206286538645 ], [ 22.541708719506744, 49.51080588020011 ], [ 22.541318574599824, 49.510105511894722 ], [ 22.541284150049208, 49.509889438797792 ], [ 22.541209563522887, 49.509732971476623 ], [ 22.540898621003954, 49.509097689506241 ], [ 22.540741185751674, 49.508788630136152 ], [ 22.540354920190875, 49.508887291608907 ], [ 22.540490387733541, 49.509155935092089 ], [ 22.540662468125568, 49.509415067673572 ], [ 22.540991541369017, 49.510012377056185 ] ] ] ] } },
{ "type": "Feature", "properties": { "fid": 649, "cadastral_number": null, "house_number": "54", "owner_uk": "Васько Кавчак", "type": null, "locality_uk": "Ліщовате", "owner_pl": "Wasko Kawczak", "locality_pl": "Leszczowate" }, "geometry": { "type": "MultiPolygon", "coordinates": [ [ [ [ 22.540400586583509, 49.510068257980585 ], [ 22.540480910534939, 49.510492950919925 ], [ 22.540635297963057, 49.511175258945507 ], [ 22.541018377965134, 49.511864292967125 ], [ 22.541225247479151, 49.512394847872436 ], [ 22.5418355125455, 49.513892459150831 ], [ 22.54258024279596, 49.515175130112489 ], [ 22.542828486212787, 49.515940687326434 ], [ 22.543128447008115, 49.516934550744708 ], [ 22.543521499084751, 49.517740371121988 ], [ 22.544742029217456, 49.519090090507923 ], [ 22.545662598554831, 49.519835441963778 ], [ 22.546034514203861, 49.520153287353509 ], [ 22.546065994107177, 49.520140965629061 ], [ 22.546884779247168, 49.519822040343549 ], [ 22.546593511367913, 49.519546703558646 ], [ 22.545807407214649, 49.519069945716303 ], [ 22.54490752482867, 49.518371587810115 ], [ 22.544162794578213, 49.517310601906424 ], [ 22.54371802512307, 49.516430906266351 ], [ 22.543480125181951, 49.515571341043831 ], [ 22.543335316522146, 49.514886364191291 ], [ 22.542725051455786, 49.51402677182304 ], [ 22.542156160292233, 49.513180595830484 ], [ 22.541773451691309, 49.512394847872436 ], [ 22.54157692565299, 49.511904588478323 ], [ 22.541315287776346, 49.511196560220121 ], [ 22.541203826097789, 49.510820781544467 ], [ 22.54113497699656, 49.510485500198392 ], [ 22.540991541369017, 49.510012377056185 ], [ 22.540662468125568, 49.509415067673572 ], [ 22.540032727116447, 49.509674198882394 ], [ 22.5401279205248, 49.509781179256343 ], [ 22.540400586583509, 49.510068257980585 ] ] ] ] } },
{ "type": "Feature", "properties": { "fid": 650, "cadastral_number": null, "house_number": "55", "owner_uk": "Юліан Тимків", "type": null, "locality_uk": "Ліщовате", "owner_pl": "Julian Tymkow", "locality_pl": "Leszczowate" }, "geometry": { "type": "MultiPolygon", "coordinates": [ [ [ [ 22.539689145870881, 49.510480843496843 ], [ 22.539775207247413, 49.510624269700919 ], [ 22.53981536922312, 49.510914846175979 ], [ 22.539949865746809, 49.51115378718287 ], [ 22.540211586860458, 49.51190458847833 ], [ 22.540521891131483, 49.51275750234462 ], [ 22.540925286683816, 49.51375143044806 ], [ 22.541483834371672, 49.514711760714164 ], [ 22.54204238205952, 49.515886964404139 ], [ 22.542600929747362, 49.517095715882391 ], [ 22.543169820910911, 49.51832458259284 ], [ 22.543573216463244, 49.518908787084676 ], [ 22.544638594460444, 49.519822012308346 ], [ 22.545341971529592, 49.520424359342378 ], [ 22.546034514203861, 49.520153287353509 ], [ 22.545662598554831, 49.519835441963778 ], [ 22.544742029217456, 49.519090090507923 ], [ 22.543521499084751, 49.517740371121988 ], [ 22.543128447008115, 49.516934550744708 ], [ 22.542828486212787, 49.515940687326434 ], [ 22.54258024279596, 49.515175130112489 ], [ 22.5418355125455, 49.513892459150831 ], [ 22.541225247479151, 49.512394847872436 ], [ 22.541018377965134, 49.511864292967125 ], [ 22.540635297963057, 49.511175258945507 ], [ 22.540480910534939, 49.510492950919925 ], [ 22.540400586583509, 49.510068257980585 ], [ 22.5401279205248, 49.509781179256343 ], [ 22.539472550521115, 49.510056949808138 ], [ 22.539689145870881, 49.510480843496843 ] ] ] ] } },
{ "type": "Feature", "properties": { "fid": 651, "cadastral_number": null, "house_number": "56", "owner_uk": "Тимко Сухар", "type": null, "locality_uk": "Ліщовате", "owner_pl": "Tymko Suchar", "locality_pl": "Leszczowate" }, "geometry": { "type": "MultiPolygon", "coordinates": [ [ [ [ 22.539178515036813, 49.510532998528795 ], [ 22.53928752611375, 49.510736030087912 ], [ 22.539307607101605, 49.510927884823495 ], [ 22.539418904804641, 49.511137154367766 ], [ 22.539418904804638, 49.511137154367766 ], [ 22.53981853478383, 49.512119497310785 ], [ 22.540108152103457, 49.51289853391323 ], [ 22.540646012839908, 49.514100643635558 ], [ 22.541152843149241, 49.514893079697202 ], [ 22.541680360409991, 49.516088425058491 ], [ 22.542197534195033, 49.517364323264928 ], [ 22.542745738407177, 49.518452168077509 ], [ 22.54310776005671, 49.519029656108216 ], [ 22.543945581588485, 49.519842156790148 ], [ 22.544909127627726, 49.520593781186996 ], [ 22.545341971529592, 49.520424359342378 ], [ 22.544638594460444, 49.519822012308346 ], [ 22.543573216463244, 49.518908787084676 ], [ 22.543169820910911, 49.51832458259284 ], [ 22.542600929747362, 49.517095715882391 ], [ 22.54204238205952, 49.515886964404139 ], [ 22.541483834371672, 49.514711760714164 ], [ 22.540925286683816, 49.51375143044806 ], [ 22.540521891131483, 49.51275750234462 ], [ 22.540211586860458, 49.51190458847833 ], [ 22.539949865746809, 49.51115378718287 ], [ 22.53981536922312, 49.510914846175979 ], [ 22.539775207247413, 49.510624269700919 ], [ 22.539689145870881, 49.510480843496843 ], [ 22.539472550521115, 49.510056949808138 ], [ 22.53942495381693, 49.510073591084726 ], [ 22.538978277054643, 49.510235248906277 ], [ 22.539178515036813, 49.510532998528795 ] ] ] ] } },
{ "type": "Feature", "properties": { "fid": 652, "cadastral_number": null, "house_number": "57", "owner_uk": "Микола Кавчак", "type": null, "locality_uk": "Ліщовате", "owner_pl": "Mikołaj Kawczak", "locality_pl": "Leszczowate" }, "geometry": { "type": "MultiPolygon", "coordinates": [ [ [ [ 22.539307607101605, 49.510927884823495 ], [ 22.53928752611375, 49.510736030087912 ], [ 22.539178515036813, 49.510532998528795 ], [ 22.538978277054643, 49.510235248906277 ], [ 22.53857553571159, 49.510401660811603 ], [ 22.538748208154175, 49.510672699233297 ], [ 22.538811319830295, 49.511004253974882 ], [ 22.538862956656203, 49.511119738806613 ], [ 22.539418904804641, 49.511137154367766 ], [ 22.539307607101605, 49.510927884823495 ] ] ], [ [ [ 22.543945581588485, 49.519842156790148 ], [ 22.54310776005671, 49.519029656108216 ], [ 22.542745738407177, 49.518452168077509 ], [ 22.542197534195033, 49.517364323264928 ], [ 22.541680360409991, 49.516088425058491 ], [ 22.541152843149241, 49.514893079697202 ], [ 22.540646012839908, 49.514100643635558 ], [ 22.540108152103457, 49.51289853391323 ], [ 22.53981853478383, 49.512119497310785 ], [ 22.539418904804638, 49.511137154367766 ], [ 22.538862956656203, 49.511119738806613 ], [ 22.539177239290392, 49.511978463495971 ], [ 22.53967372612404, 49.513066428107521 ], [ 22.540232273811881, 49.514308827234132 ], [ 22.540283991190385, 49.514564018823577 ], [ 22.540470173753, 49.514631174283707 ], [ 22.540873569305333, 49.515343016492217 ], [ 22.54174242126421, 49.517344177762396 ], [ 22.542280282000657, 49.518573038229626 ], [ 22.543262912192244, 49.519775008485183 ], [ 22.544007642442704, 49.520480061088485 ], [ 22.544422195964746, 49.520811281405969 ], [ 22.54465928141186, 49.520691574887174 ], [ 22.544909127627726, 49.520593781186996 ], [ 22.543945581588485, 49.519842156790148 ] ] ] ] } },
{ "type": "Feature", "properties": { "fid": 658, "cadastral_number": null, "house_number": "66", "owner_uk": "Павло Стефанів", "type": null, "locality_uk": "Ліщовате", "owner_pl": "Pawło Stefanów", "locality_pl": "Leszczowate" }, "geometry": { "type": "MultiPolygon", "coordinates": [ [ [ [ 22.539242197048434, 49.521264103853461 ], [ 22.539685997058065, 49.521098290688222 ], [ 22.539553483218857, 49.520932569405375 ], [ 22.539015622482381, 49.519676908843081 ], [ 22.538177800950567, 49.518454791131205 ], [ 22.537453757651466, 49.517031186936215 ], [ 22.537008988196305, 49.515983602665543 ], [ 22.53670902740096, 49.515056874798013 ], [ 22.536381914982268, 49.514226561240541 ], [ 22.536154358516853, 49.514313863923071 ], [ 22.535784083453628, 49.514336979693503 ], [ 22.536036701480366, 49.514892345188954 ], [ 22.536460783984126, 49.516121267263827 ], [ 22.536791775206574, 49.516893524899245 ], [ 22.537567535884182, 49.518508511232831 ], [ 22.538265720494028, 49.519636619735046 ], [ 22.539025965958089, 49.521009788120189 ], [ 22.539242197048434, 49.521264103853461 ] ] ] ] } },
{ "type": "Feature", "properties": { "fid": 659, "cadastral_number": null, "house_number": "65", "owner_uk": "Іван Пашкевич", "type": null, "locality_uk": "Ліщовате", "owner_pl": "Iwan Paszkiewicz", "locality_pl": "Leszczowate" }, "geometry": { "type": "MultiPolygon", "coordinates": [ [ [ [ 22.535468777614746, 49.514116132588981 ], [ 22.536295252520777, 49.513991565121692 ], [ 22.53620607589535, 49.51374975153243 ], [ 22.535802680343018, 49.513816908110591 ], [ 22.535357910887878, 49.513884064596532 ], [ 22.535440658693481, 49.514072102266603 ], [ 22.535440658693489, 49.51407210226661 ], [ 22.535468777614746, 49.514116132588981 ] ] ] ] } },
{ "type": "Feature", "properties": { "fid": 660, "cadastral_number": null, "house_number": "65", "owner_uk": "Іван Пашкевич", "type": null, "locality_uk": "Ліщовате", "owner_pl": "Iwan Paszkiewicz", "locality_pl": "Leszczowate" }, "geometry": { "type": "MultiPolygon", "coordinates": [ [ [ [ 22.540154984983502, 49.521684805131592 ], [ 22.539747235382748, 49.521858094264921 ], [ 22.53990516139271, 49.522043835681487 ], [ 22.540815387254455, 49.522658210727222 ], [ 22.541124670526621, 49.522518543903736 ], [ 22.540949852438562, 49.5223829179454 ], [ 22.54025683956656, 49.521812184070043 ], [ 22.540154984983502, 49.521684805131592 ] ] ] ] } },
{ "type": "Feature", "properties": { "fid": 661, "cadastral_number": null, "house_number": "66", "owner_uk": "Павло Стефанів", "type": null, "locality_uk": "Ліщовате", "owner_pl": "Pawło Stefanów", "locality_pl": "Leszczowate" }, "geometry": { "type": "MultiPolygon", "coordinates": [ [ [ [ 22.539866987222542, 49.521324636271586 ], [ 22.539411951306842, 49.521463756820275 ], [ 22.539747235382748, 49.521858094264921 ], [ 22.540154984983502, 49.521684805131592 ], [ 22.539866987222542, 49.521324636271586 ] ] ] ] } },
{ "type": "Feature", "properties": { "fid": 662, "cadastral_number": null, "house_number": "64", "owner_uk": "Іван Стефанів", "type": null, "locality_uk": "Ліщовате", "owner_pl": "Iwan Stefanów", "locality_pl": "Leszczowate" }, "geometry": { "type": "MultiPolygon", "coordinates": [ [ [ [ 22.539685997058065, 49.521098290688222 ], [ 22.539242197048434, 49.521264103853461 ], [ 22.539411951306842, 49.521463756820275 ], [ 22.539866987222542, 49.521324636271586 ], [ 22.539685997058065, 49.521098290688222 ] ] ] ] } },
{ "type": "Feature", "properties": { "fid": 663, "cadastral_number": null, "house_number": "63", "owner_uk": "Юстина Крутей", "type": null, "locality_uk": "Ліщовате", "owner_pl": "Justina Krutey", "locality_pl": "Leszczowate" }, "geometry": { "type": "MultiPolygon", "coordinates": [ [ [ [ 22.536526723642083, 49.512490548619276 ], [ 22.535854397721529, 49.51177866489558 ], [ 22.53516655658742, 49.510962672223165 ], [ 22.535166556587416, 49.510962672223165 ], [ 22.534582352503598, 49.511167754115782 ], [ 22.535544093450497, 49.512181619219199 ], [ 22.536112984614046, 49.513027812493846 ], [ 22.53640658132981, 49.513404824170834 ], [ 22.536406581329807, 49.513404824170834 ], [ 22.536740057828084, 49.514143560589154 ], [ 22.537050362099123, 49.51500315090491 ], [ 22.537691657592614, 49.516359661139383 ], [ 22.538332953086105, 49.517669127902664 ], [ 22.539160431142211, 49.51911957323528 ], [ 22.53993619181982, 49.520576690274225 ], [ 22.540567143837613, 49.521308589824287 ], [ 22.541529087077848, 49.522335916583877 ], [ 22.542092795943926, 49.522105328257183 ], [ 22.541653208786272, 49.521778611281697 ], [ 22.540556800361923, 49.520798275697906 ], [ 22.540091343955357, 49.520012650119369 ], [ 22.539584513645984, 49.519005419375226 ], [ 22.538943218152493, 49.517709418631682 ], [ 22.53843638784312, 49.516581265671668 ], [ 22.537857153203849, 49.515285200685462 ], [ 22.537422727224389, 49.514418899756677 ], [ 22.53695282224043, 49.513292762218548 ], [ 22.536952822240433, 49.513292762218548 ], [ 22.536526723642083, 49.512490548619276 ] ] ] ] } },
{ "type": "Feature", "properties": { "fid": 664, "cadastral_number": null, "house_number": "62", "owner_uk": "Стах Романів", "type": null, "locality_uk": "Ліщовате", "owner_pl": "Stach Romanów", "locality_pl": "Leszczowate" }, "geometry": { "type": "MultiPolygon", "coordinates": [ [ [ [ 22.537447292979458, 49.513021096731819 ], [ 22.536857714864514, 49.512195050972814 ], [ 22.536268136749566, 49.511368991263581 ], [ 22.535721992172583, 49.510746632752877 ], [ 22.53516655658742, 49.510962672223165 ], [ 22.535854397721529, 49.51177866489558 ], [ 22.536526723642083, 49.512490548619276 ], [ 22.536952822240433, 49.513292762218548 ], [ 22.53695282224043, 49.513292762218548 ], [ 22.537422727224389, 49.514418899756677 ], [ 22.537857153203849, 49.515285200685462 ], [ 22.53843638784312, 49.516581265671668 ], [ 22.538943218152493, 49.517709418631682 ], [ 22.539584513645984, 49.519005419375226 ], [ 22.540091343955357, 49.520012650119369 ], [ 22.540556800361923, 49.520798275697906 ], [ 22.541653208786272, 49.521778611281697 ], [ 22.542092795943926, 49.522105328257183 ], [ 22.542284160804051, 49.522027049369733 ], [ 22.542458699057544, 49.521912071460733 ], [ 22.541291187136718, 49.520959428102621 ], [ 22.540732639448837, 49.520435680845424 ], [ 22.540174091760967, 49.519354595049236 ], [ 22.539739665781511, 49.518213049943711 ], [ 22.539170774617929, 49.517205782133082 ], [ 22.538808752968379, 49.515768710810853 ], [ 22.538457074794529, 49.515432940397588 ], [ 22.538332953086105, 49.515016581883721 ], [ 22.537857153203845, 49.513935376287101 ], [ 22.537523794230694, 49.513175626167772 ], [ 22.537447292979458, 49.513021096731819 ] ] ] ] } },
{ "type": "Feature", "properties": { "fid": 665, "cadastral_number": null, "house_number": "64", "owner_uk": "Іван Стефанів", "type": null, "locality_uk": "Ліщовате", "owner_pl": "Iwan Stefanów", "locality_pl": "Leszczowate" }, "geometry": { "type": "MultiPolygon", "coordinates": [ [ [ [ 22.536112984614046, 49.513027812493846 ], [ 22.535544093450497, 49.512181619219199 ], [ 22.534582352503598, 49.511167754115782 ], [ 22.533894309076214, 49.511409287182815 ], [ 22.534540776307512, 49.511959994752011 ], [ 22.535254476130877, 49.512886781298 ], [ 22.535663272870732, 49.513557315273339 ], [ 22.536074199633529, 49.513473012889392 ], [ 22.53607419975609, 49.513473012923008 ], [ 22.53620607589535, 49.51374975153243 ], [ 22.536381914982268, 49.514226561240541 ], [ 22.53670902740096, 49.515056874798013 ], [ 22.537008988196305, 49.515983602665543 ], [ 22.537453757651466, 49.517031186936215 ], [ 22.538177800950567, 49.518454791131205 ], [ 22.539015622482381, 49.519676908843081 ], [ 22.539553483218857, 49.520932569405375 ], [ 22.54025683956656, 49.521812184070043 ], [ 22.540949852438562, 49.5223829179454 ], [ 22.541124670526621, 49.522518543903736 ], [ 22.541529087077848, 49.522335916583877 ], [ 22.540567143837613, 49.521308589824287 ], [ 22.53993619181982, 49.520576690274225 ], [ 22.539160431142211, 49.51911957323528 ], [ 22.538332953086105, 49.517669127902664 ], [ 22.537691657592614, 49.516359661139383 ], [ 22.537050362099123, 49.51500315090491 ], [ 22.536740057828084, 49.514143560589154 ], [ 22.536406581329807, 49.513404824170834 ], [ 22.53640658132981, 49.513404824170834 ], [ 22.536112984614046, 49.513027812493846 ] ] ] ] } },
{ "type": "Feature", "properties": { "fid": 666, "cadastral_number": null, "house_number": "61", "owner_uk": "Михайло Катинський", "type": null, "locality_uk": "Ліщовате", "owner_pl": "Michał Katyński", "locality_pl": "Leszczowate" }, "geometry": { "type": "MultiPolygon", "coordinates": [ [ [ [ 22.537778284201885, 49.512745749695512 ], [ 22.537323171271048, 49.512080880949483 ], [ 22.536950806145821, 49.511274967322969 ], [ 22.53643749738935, 49.510459397863848 ], [ 22.536237106322464, 49.510546275655315 ], [ 22.535721992172583, 49.510746632752877 ], [ 22.536268136749566, 49.511368991263581 ], [ 22.536857714864514, 49.512195050972814 ], [ 22.537447292979458, 49.513021096731819 ], [ 22.537523794230694, 49.513175626167772 ], [ 22.537857153203845, 49.513935376287101 ], [ 22.538332953086105, 49.515016581883721 ], [ 22.538457074794529, 49.515432940397588 ], [ 22.538808752968379, 49.515768710810853 ], [ 22.539170774617929, 49.517205782133082 ], [ 22.539739665781511, 49.518213049943711 ], [ 22.540174091760967, 49.519354595049236 ], [ 22.540732639448837, 49.520435680845424 ], [ 22.541291187136718, 49.520959428102621 ], [ 22.542458699057544, 49.521912071460733 ], [ 22.542800569368264, 49.521686862758969 ], [ 22.542532404220886, 49.521422738307884 ], [ 22.541787673970379, 49.520851993225165 ], [ 22.541136035001191, 49.520126801628201 ], [ 22.540546456886208, 49.519126288159924 ], [ 22.54014306133385, 49.518125754221238 ], [ 22.539718978830091, 49.51674243197359 ], [ 22.539170774617919, 49.515486663818614 ], [ 22.538746692114156, 49.514674090771827 ], [ 22.538270892231896, 49.513861504224991 ], [ 22.537978910159524, 49.513082258220734 ], [ 22.537778284201885, 49.512745749695512 ] ] ] ] } },
{ "type": "Feature", "properties": { "fid": 667, "cadastral_number": null, "house_number": "60", "owner_uk": "Ілько Волянський", "type": null, "locality_uk": "Ліщовате", "owner_pl": "Ilko Wolański", "locality_pl": "Leszczowate" }, "geometry": { "type": "MultiPolygon", "coordinates": [ [ [ [ 22.536950806145821, 49.511274967322969 ], [ 22.537323171271048, 49.512080880949483 ], [ 22.537778284201885, 49.512745749695512 ], [ 22.537978910159524, 49.513082258220734 ], [ 22.538270892231896, 49.513861504224991 ], [ 22.538746692114156, 49.514674090771827 ], [ 22.539170774617919, 49.515486663818614 ], [ 22.539718978830091, 49.51674243197359 ], [ 22.54014306133385, 49.518125754221238 ], [ 22.540546456886208, 49.519126288159924 ], [ 22.541136035001191, 49.520126801628201 ], [ 22.541787673970379, 49.520851993225165 ], [ 22.542532404220886, 49.521422738307884 ], [ 22.542800569368264, 49.521686862758969 ], [ 22.543169820910926, 49.521443616539756 ], [ 22.542032038583827, 49.520396126787801 ], [ 22.54124593443056, 49.519241176180493 ], [ 22.540521891131501, 49.517871315679159 ], [ 22.540211586860476, 49.516743166453907 ], [ 22.539570291367024, 49.515238927004674 ], [ 22.539177239290392, 49.514715118479195 ], [ 22.538773843738063, 49.513781650918588 ], [ 22.538397235910416, 49.5129964378526 ], [ 22.53817605565251, 49.51258268967586 ], [ 22.538119618900023, 49.512477116946791 ], [ 22.537643819017777, 49.511510026835644 ], [ 22.537230013497325, 49.510747558032101 ], [ 22.537131158804034, 49.510507450942804 ], [ 22.536962739696943, 49.510231682930666 ], [ 22.53643749738935, 49.510459397863848 ], [ 22.536950806145821, 49.511274967322969 ] ] ] ] } },
{ "type": "Feature", "properties": { "fid": 669, "cadastral_number": null, "house_number": "5", "owner_uk": "Сенько Солонина", "type": null, "locality_uk": "Воля Мацькова", "owner_pl": "Seńko Sołonyna", "locality_pl": "Wola Maćkowa" }, "geometry": { "type": "MultiPolygon", "coordinates": [ [ [ [ 22.588919379402036, 49.482321165700448 ], [ 22.588495615851123, 49.482409917470925 ], [ 22.588359737151315, 49.482159796192221 ], [ 22.588282092179995, 49.481882349245616 ], [ 22.588304738629965, 49.481745727065451 ], [ 22.588175330344427, 49.481447258822811 ], [ 22.587990923537546, 49.481203438344927 ], [ 22.587893867323391, 49.481085731472824 ], [ 22.587622109923775, 49.480692672546382 ], [ 22.587369763766983, 49.480263877391998 ], [ 22.587107711988775, 49.479713164382012 ], [ 22.586887717903362, 49.479364236140071 ], [ 22.586738898375003, 49.479149833216049 ], [ 22.586787426482079, 49.47910569132106 ], [ 22.586680664646511, 49.478977469400412 ], [ 22.586344203104122, 49.478332150703203 ], [ 22.586046564047393, 49.477970600354851 ], [ 22.585897970679845, 49.477675876133837 ], [ 22.585627905593046, 49.477603718945929 ], [ 22.585888038897618, 49.478163988082521 ], [ 22.586069210497367, 49.478369987213298 ], [ 22.586153325882961, 49.478559169325209 ], [ 22.586282734168499, 49.478899695284973 ], [ 22.586483317011073, 49.479257034795395 ], [ 22.586735663167868, 49.479538700571823 ], [ 22.586949186838993, 49.479988521661184 ], [ 22.587059183881703, 49.48029961046494 ], [ 22.587259766724273, 49.480640124322484 ], [ 22.587544464952451, 49.48112356585542 ], [ 22.587751518209306, 49.481106750577872 ], [ 22.587945630637602, 49.481384201919063 ], [ 22.58807503892314, 49.481609104504116 ], [ 22.587990923537546, 49.48190336800873 ], [ 22.588201212001536, 49.482250176297512 ], [ 22.588178565551569, 49.482437241566828 ], [ 22.58823032886578, 49.482538130404187 ], [ 22.588351366737605, 49.482842415815348 ], [ 22.588449314405182, 49.482846565873523 ], [ 22.58908153615408, 49.482759174499812 ], [ 22.58908153615408, 49.482759174499805 ], [ 22.58901486659683, 49.482505551739848 ], [ 22.588919379402036, 49.482321165700448 ] ] ] ] } },
{ "type": "Feature", "properties": { "fid": 670, "cadastral_number": null, "house_number": "2", "owner_uk": "Іван Баран", "type": null, "locality_uk": "Воля Мацькова", "owner_pl": "Iwan Baran", "locality_pl": "Wola Maćkowa" }, "geometry": { "type": "MultiPolygon", "coordinates": [ [ [ [ 22.580235989763878, 49.47773178615126 ], [ 22.580412027278218, 49.477991738741821 ], [ 22.580506187964232, 49.478166538350223 ], [ 22.580829024601968, 49.478433106551833 ], [ 22.581084603606843, 49.478725892904457 ], [ 22.581346908374996, 49.479162884204605 ], [ 22.581683196539316, 49.479744076591814 ], [ 22.581817711805037, 49.479827103512633 ], [ 22.581925324017618, 49.480006266388443 ], [ 22.58202621046691, 49.48012862114647 ], [ 22.582174177259208, 49.480478204484839 ], [ 22.582328869814781, 49.480661734738462 ], [ 22.582597900346233, 49.481103078484772 ], [ 22.582934188510539, 49.481575006010701 ], [ 22.583008171906691, 49.481872143230682 ], [ 22.583001446143403, 49.48228725838657 ], [ 22.583445346520286, 49.482715478754486 ], [ 22.583869069607317, 49.483244194654567 ], [ 22.584043939452751, 49.483558799753617 ], [ 22.584138100138759, 49.484100614907966 ], [ 22.584403767788572, 49.484764767240534 ], [ 22.584578294436579, 49.485084563423932 ], [ 22.585294931423974, 49.484908957017197 ], [ 22.5850864327621, 49.484362781378607 ], [ 22.585126787341817, 49.484026334152716 ], [ 22.58520077073797, 49.483724840518704 ], [ 22.585133513105102, 49.483410236486506 ], [ 22.584931740206528, 49.483161173527442 ], [ 22.584703064254803, 49.482964543980643 ], [ 22.584555097462506, 49.482864044129578 ], [ 22.584360050327209, 49.482540695383172 ], [ 22.584238986588051, 49.482409607445248 ], [ 22.584165003191909, 49.482164909022174 ], [ 22.583936327240185, 49.481854664620592 ], [ 22.5837345543416, 49.481478872994664 ], [ 22.583304105491287, 49.480858373532591 ], [ 22.583122509882561, 49.480906440673266 ], [ 22.582900559694114, 49.48050442313459 ], [ 22.582752592901819, 49.480098032485607 ], [ 22.58241630473751, 49.479599871605288 ], [ 22.582201080312355, 49.47932020011806 ], [ 22.581932049780907, 49.478760852351968 ], [ 22.581609213143171, 49.478166538350216 ], [ 22.581380256569997, 49.477752978169576 ], [ 22.581145135476408, 49.477712058070601 ], [ 22.580862653418393, 49.477873748653408 ], [ 22.580647428993235, 49.477760128299636 ], [ 22.580324592355499, 49.477742648221806 ], [ 22.580235989763878, 49.47773178615126 ] ] ] ] } },
{ "type": "Feature", "properties": { "fid": 671, "cadastral_number": null, "house_number": "3", "owner_uk": "Іван Роман", "type": null, "locality_uk": "Воля Мацькова", "owner_pl": "Iwan Roman", "locality_pl": "Wola Maćkowa" }, "geometry": { "type": "MultiPolygon", "coordinates": [ [ [ [ 22.580436698014381, 49.478037537420683 ], [ 22.57988098233173, 49.4781814774745 ], [ 22.579921046558326, 49.478214608133143 ], [ 22.580048836060762, 49.478371927092837 ], [ 22.579988304191193, 49.478454956340045 ], [ 22.580021933007622, 49.478577314974103 ], [ 22.580019677561186, 49.478624208873136 ], [ 22.580628769949712, 49.478267755051178 ], [ 22.580506187964232, 49.478166538350223 ], [ 22.580436698014381, 49.478037537420683 ] ] ] ] } },
{ "type": "Feature", "properties": { "fid": 672, "cadastral_number": null, "house_number": "3", "owner_uk": "Матвій Роман", "type": null, "locality_uk": "Воля Мацькова", "owner_pl": "Matwiy Roman", "locality_pl": "Wola Maćkowa" }, "geometry": { "type": "MultiPolygon", "coordinates": [ [ [ [ 22.58356272390434, 49.483978492328426 ], [ 22.583616853484099, 49.484087506547638 ], [ 22.583932964358546, 49.484721073285037 ], [ 22.584187242310676, 49.485163960566361 ], [ 22.584528194409351, 49.485096840028461 ], [ 22.584578294436579, 49.485084563423932 ], [ 22.584403767788572, 49.484764767240534 ], [ 22.584138100138759, 49.484100614907966 ], [ 22.584099873273843, 49.483880651613383 ], [ 22.58356272390434, 49.483978492328426 ] ] ] ] } },
{ "type": "Feature", "properties": { "fid": 673, "cadastral_number": null, "house_number": "3", "owner_uk": "Іван Роман", "type": null, "locality_uk": "Воля Мацькова", "owner_pl": "Iwan Roman", "locality_pl": "Wola Maćkowa" }, "geometry": { "type": "MultiPolygon", "coordinates": [ [ [ [ 22.584187242310676, 49.485163960566361 ], [ 22.583932964358546, 49.484721073285037 ], [ 22.583616853484099, 49.484087506547638 ], [ 22.58356272390434, 49.483978492328426 ], [ 22.583515967034799, 49.48398700900146 ], [ 22.583190701158674, 49.484056554775577 ], [ 22.583724465696662, 49.48509684002849 ], [ 22.583816166251779, 49.485237011265035 ], [ 22.584187242310676, 49.485163960566361 ] ] ] ] } },
{ "type": "Feature", "properties": { "fid": 674, "cadastral_number": null, "house_number": "3", "owner_uk": "Матвій Роман", "type": null, "locality_uk": "Воля Мацькова", "owner_pl": "Matwiy Roman", "locality_pl": "Wola Maćkowa" }, "geometry": { "type": "MultiPolygon", "coordinates": [ [ [ [ 22.584057068142457, 49.483634344265248 ], [ 22.583119020785389, 49.48388084926038 ], [ 22.583166227343924, 49.484008856311632 ], [ 22.583190701158674, 49.484056554775577 ], [ 22.583515967034799, 49.48398700900146 ], [ 22.584099873273843, 49.483880651613383 ], [ 22.584057068142457, 49.483634344265248 ] ] ] ] } },
{ "type": "Feature", "properties": { "fid": 675, "cadastral_number": null, "house_number": "3", "owner_uk": "Іван Роман", "type": null, "locality_uk": "Воля Мацькова", "owner_pl": "Iwan Roman", "locality_pl": "Wola Maćkowa" }, "geometry": { "type": "MultiPolygon", "coordinates": [ [ [ [ 22.583965832221072, 49.483418278480222 ], [ 22.583751368749812, 49.483423345028257 ], [ 22.583025605087617, 49.483627539796949 ], [ 22.583119020785389, 49.48388084926038 ], [ 22.584057068142457, 49.483634344265248 ], [ 22.584043939452751, 49.483558799753617 ], [ 22.583965832221072, 49.483418278480222 ] ] ] ] } },
{ "type": "Feature", "properties": { "fid": 676, "cadastral_number": null, "house_number": "3", "owner_uk": "Матвій Роман", "type": null, "locality_uk": "Воля Мацькова", "owner_pl": "Matwiy Roman", "locality_pl": "Wola Maćkowa" }, "geometry": { "type": "MultiPolygon", "coordinates": [ [ [ [ 22.583802681038463, 49.483161355902062 ], [ 22.582967694554199, 49.483348874979875 ], [ 22.583011534788341, 49.483589386252689 ], [ 22.583025605087617, 49.483627539796949 ], [ 22.583751368749812, 49.483423345028257 ], [ 22.583965832221072, 49.483418278480222 ], [ 22.583869069607317, 49.483244194654567 ], [ 22.583802681038463, 49.483161355902062 ] ] ] ] } },
{ "type": "Feature", "properties": { "fid": 677, "cadastral_number": null, "house_number": "3", "owner_uk": "Іван Роман", "type": null, "locality_uk": "Воля Мацькова", "owner_pl": "Iwan Roman", "locality_pl": "Wola Maćkowa" }, "geometry": { "type": "MultiPolygon", "coordinates": [ [ [ [ 22.58363733578717, 49.482955040348251 ], [ 22.58276301548732, 49.483126057875083 ], [ 22.582769407310039, 49.483134956300191 ], [ 22.582951002918762, 49.483257303240748 ], [ 22.582967694554199, 49.483348874979875 ], [ 22.583802681038463, 49.483161355902062 ], [ 22.58363733578717, 49.482955040348251 ] ] ] ] } },
{ "type": "Feature", "properties": { "fid": 678, "cadastral_number": null, "house_number": "3", "owner_uk": "Матвій Роман", "type": null, "locality_uk": "Воля Мацькова", "owner_pl": "Matwiy Roman", "locality_pl": "Wola Maćkowa" }, "geometry": { "type": "MultiPolygon", "coordinates": [ [ [ [ 22.583482388316387, 49.482761699003433 ], [ 22.58265140636842, 49.482970680382735 ], [ 22.58276301548732, 49.483126057875083 ], [ 22.58363733578717, 49.482955040348251 ], [ 22.583482388316387, 49.482761699003433 ] ] ] ] } },
{ "type": "Feature", "properties": { "fid": 679, "cadastral_number": null, "house_number": "3", "owner_uk": "Іван Роман", "type": null, "locality_uk": "Воля Мацькова", "owner_pl": "Iwan Roman", "locality_pl": "Wola Maćkowa" }, "geometry": { "type": "MultiPolygon", "coordinates": [ [ [ [ 22.583301227595172, 49.482576450579806 ], [ 22.582964454445332, 49.482641195897955 ], [ 22.582508815786639, 49.482778878718996 ], [ 22.58258108593802, 49.482872783255289 ], [ 22.58265140636842, 49.482970680382735 ], [ 22.583482388316387, 49.482761699003433 ], [ 22.583445346520286, 49.482715478754486 ], [ 22.583301227595172, 49.482576450579806 ] ] ] ] } },
{ "type": "Feature", "properties": { "fid": 680, "cadastral_number": null, "house_number": "3", "owner_uk": "Матвій Роман", "type": null, "locality_uk": "Воля Мацькова", "owner_pl": "Matwiy Roman", "locality_pl": "Wola Maćkowa" }, "geometry": { "type": "MultiPolygon", "coordinates": [ [ [ [ 22.583027108059692, 49.482312013840286 ], [ 22.582333553520073, 49.482541506625402 ], [ 22.582365861512869, 49.482593130460103 ], [ 22.582508815786639, 49.482778878718996 ], [ 22.582964454445332, 49.482641195897955 ], [ 22.583301227595172, 49.482576450579806 ], [ 22.583027108059692, 49.482312013840286 ] ] ] ] } },
{ "type": "Feature", "properties": { "fid": 681, "cadastral_number": null, "house_number": "3", "owner_uk": "Іван Роман", "type": null, "locality_uk": "Воля Мацькова", "owner_pl": "Iwan Roman", "locality_pl": "Wola Maćkowa" }, "geometry": { "type": "MultiPolygon", "coordinates": [ [ [ [ 22.583007809674765, 49.481894500241481 ], [ 22.582675246624024, 49.48191583972865 ], [ 22.58207733842141, 49.482127723050795 ], [ 22.582117008271283, 49.482195496391974 ], [ 22.582333553520073, 49.482541506625402 ], [ 22.583027108059692, 49.482312013840286 ], [ 22.583001446143403, 49.48228725838657 ], [ 22.583007809674765, 49.481894500241481 ] ] ] ] } },
{ "type": "Feature", "properties": { "fid": 682, "cadastral_number": null, "house_number": "3", "owner_uk": "Матвій Роман", "type": null, "locality_uk": "Воля Мацькова", "owner_pl": "Matwiy Roman", "locality_pl": "Wola Maćkowa" }, "geometry": { "type": "MultiPolygon", "coordinates": [ [ [ [ 22.582934898881597, 49.481577859051946 ], [ 22.582648343570888, 49.481623072447981 ], [ 22.581933694242316, 49.481870961740277 ], [ 22.581935412662556, 49.481885252184185 ], [ 22.58207733842141, 49.482127723050795 ], [ 22.582675246624024, 49.48191583972865 ], [ 22.583007809674765, 49.481894500241481 ], [ 22.583008171906691, 49.481872143230682 ], [ 22.582934898881597, 49.481577859051946 ] ] ] ] } },
{ "type": "Feature", "properties": { "fid": 683, "cadastral_number": null, "house_number": "3", "owner_uk": "Іван Роман", "type": null, "locality_uk": "Воля Мацькова", "owner_pl": "Iwan Roman", "locality_pl": "Wola Maćkowa" }, "geometry": { "type": "MultiPolygon", "coordinates": [ [ [ [ 22.582746005017558, 49.481310920087708 ], [ 22.582338958459719, 49.48147013362027 ], [ 22.581895948503192, 49.481594419699469 ], [ 22.581901783846121, 49.481605593748981 ], [ 22.581933694242316, 49.481870961740277 ], [ 22.582648343570888, 49.481623072447981 ], [ 22.582934898881597, 49.481577859051946 ], [ 22.582934188510539, 49.481575006010701 ], [ 22.582746005017558, 49.481310920087708 ] ] ] ] } },
{ "type": "Feature", "properties": { "fid": 684, "cadastral_number": null, "house_number": "3", "owner_uk": "Матвій Роман", "type": null, "locality_uk": "Воля Мацькова", "owner_pl": "Matwiy Roman", "locality_pl": "Wola Maćkowa" }, "geometry": { "type": "MultiPolygon", "coordinates": [ [ [ [ 22.582560255089515, 49.481041321558742 ], [ 22.582190991667421, 49.481212321372226 ], [ 22.581763918317435, 49.481341596197943 ], [ 22.581895948503192, 49.481594419699469 ], [ 22.582338958459719, 49.48147013362027 ], [ 22.582746005017558, 49.481310920087708 ], [ 22.582597900346233, 49.481103078484772 ], [ 22.582560255089515, 49.481041321558742 ] ] ] ] } },
{ "type": "Feature", "properties": { "fid": 685, "cadastral_number": null, "house_number": "3", "owner_uk": "Іван Роман", "type": null, "locality_uk": "Воля Мацькова", "owner_pl": "Iwan Roman", "locality_pl": "Wola Maćkowa" }, "geometry": { "type": "MultiPolygon", "coordinates": [ [ [ [ 22.582415340227364, 49.480803589180141 ], [ 22.581948864189119, 49.481002574813161 ], [ 22.581618207891633, 49.481062831229046 ], [ 22.581646204841253, 49.481116187644176 ], [ 22.581763918317435, 49.481341596197943 ], [ 22.582190991667421, 49.481212321372226 ], [ 22.582560255089515, 49.481041321558742 ], [ 22.582415340227364, 49.480803589180141 ] ] ] ] } },
{ "type": "Feature", "properties": { "fid": 686, "cadastral_number": null, "house_number": "3", "owner_uk": "Матвій Роман", "type": null, "locality_uk": "Воля Мацькова", "owner_pl": "Matwiy Roman", "locality_pl": "Wola Maćkowa" }, "geometry": { "type": "MultiPolygon", "coordinates": [ [ [ [ 22.582262271300348, 49.480582720966922 ], [ 22.581490786751683, 49.480819992800868 ], [ 22.581618207891633, 49.481062831229046 ], [ 22.581948864189119, 49.481002574813161 ], [ 22.582415340227364, 49.480803589180141 ], [ 22.582328869814781, 49.480661734738462 ], [ 22.582262271300348, 49.480582720966922 ] ] ] ] } },
{ "type": "Feature", "properties": { "fid": 687, "cadastral_number": null, "house_number": "3", "owner_uk": "Іван Роман", "type": null, "locality_uk": "Воля Мацькова", "owner_pl": "Iwan Roman", "locality_pl": "Wola Maćkowa" }, "geometry": { "type": "MultiPolygon", "coordinates": [ [ [ [ 22.582097957274499, 49.480298128696944 ], [ 22.581409978356568, 49.480665989238311 ], [ 22.581490786751683, 49.480819992800868 ], [ 22.582262271300348, 49.480582720966922 ], [ 22.582174177259208, 49.480478204484839 ], [ 22.582097957274499, 49.480298128696944 ] ] ] ] } },
{ "type": "Feature", "properties": { "fid": 688, "cadastral_number": null, "house_number": "3", "owner_uk": "Матвій Роман", "type": null, "locality_uk": "Воля Мацькова", "owner_pl": "Matwiy Roman", "locality_pl": "Wola Maćkowa" }, "geometry": { "type": "MultiPolygon", "coordinates": [ [ [ [ 22.581913719514773, 49.479986946126807 ], [ 22.581230710385036, 49.480410533664525 ], [ 22.581343545493375, 49.480539381312497 ], [ 22.581409978356568, 49.480665989238311 ], [ 22.582097957274499, 49.480298128696944 ], [ 22.58202621046691, 49.48012862114647 ], [ 22.581925324017618, 49.480006266388443 ], [ 22.581913719514773, 49.479986946126807 ] ] ] ] } },
{ "type": "Feature", "properties": { "fid": 689, "cadastral_number": null, "house_number": "3", "owner_uk": "Іван Роман", "type": null, "locality_uk": "Воля Мацькова", "owner_pl": "Iwan Roman", "locality_pl": "Wola Maćkowa" }, "geometry": { "type": "MultiPolygon", "coordinates": [ [ [ [ 22.581723166522689, 49.47976874728348 ], [ 22.580983706996651, 49.480153097011488 ], [ 22.581121595304925, 49.480285933957589 ], [ 22.581230710385036, 49.480410533664525 ], [ 22.581913719514773, 49.479986946126807 ], [ 22.581817711805037, 49.479827103512633 ], [ 22.581723166522689, 49.47976874728348 ] ] ] ] } },
{ "type": "Feature", "properties": { "fid": 690, "cadastral_number": null, "house_number": "3", "owner_uk": "Матвій Роман", "type": null, "locality_uk": "Воля Мацькова", "owner_pl": "Matwiy Roman", "locality_pl": "Wola Maćkowa" }, "geometry": { "type": "MultiPolygon", "coordinates": [ [ [ [ 22.581451371148844, 49.479343422728846 ], [ 22.581141772594787, 49.479748446433298 ], [ 22.580798549744063, 49.47997472275852 ], [ 22.580983706996651, 49.480153097011488 ], [ 22.581723166522689, 49.47976874728348 ], [ 22.581683196539316, 49.479744076591814 ], [ 22.581451371148844, 49.479343422728846 ] ] ] ] } },
{ "type": "Feature", "properties": { "fid": 691, "cadastral_number": null, "house_number": "3", "owner_uk": "Іван Роман", "type": null, "locality_uk": "Воля Мацькова", "owner_pl": "Iwan Roman", "locality_pl": "Wola Maćkowa" }, "geometry": { "type": "MultiPolygon", "coordinates": [ [ [ [ 22.581269015273183, 49.479033116804366 ], [ 22.580872742063335, 49.479403227757565 ], [ 22.580697872217897, 49.479630460577347 ], [ 22.580510522537608, 49.479710885576459 ], [ 22.580731501034336, 49.479910130292694 ], [ 22.580798549744063, 49.47997472275852 ], [ 22.581141772594787, 49.479748446433298 ], [ 22.581451371148844, 49.479343422728846 ], [ 22.581346908374996, 49.479162884204605 ], [ 22.581269015273183, 49.479033116804366 ] ] ] ] } },
{ "type": "Feature", "properties": { "fid": 692, "cadastral_number": null, "house_number": "3", "owner_uk": "Матвій Роман", "type": null, "locality_uk": "Воля Мацькова", "owner_pl": "Matwiy Roman", "locality_pl": "Wola Maćkowa" }, "geometry": { "type": "MultiPolygon", "coordinates": [ [ [ [ 22.581086814948659, 49.478729576928735 ], [ 22.580644066111606, 49.479123555147304 ], [ 22.580263518134114, 49.479510555725554 ], [ 22.580401938633305, 49.479612981167115 ], [ 22.580510522537608, 49.479710885576459 ], [ 22.580697872217897, 49.479630460577347 ], [ 22.580872742063335, 49.479403227757565 ], [ 22.581269015273183, 49.479033116804366 ], [ 22.581086814948659, 49.478729576928735 ] ] ] ] } },
{ "type": "Feature", "properties": { "fid": 693, "cadastral_number": null, "house_number": "3", "owner_uk": "Іван Роман", "type": null, "locality_uk": "Воля Мацькова", "owner_pl": "Iwan Roman", "locality_pl": "Wola Maćkowa" }, "geometry": { "type": "MultiPolygon", "coordinates": [ [ [ [ 22.580858603148652, 49.478466991161419 ], [ 22.580576808478746, 49.478677823623414 ], [ 22.580294326420727, 49.479001197878056 ], [ 22.579988940945093, 49.479353937869263 ], [ 22.580159811155006, 49.479433816852413 ], [ 22.580263518134114, 49.479510555725554 ], [ 22.580644066111606, 49.479123555147304 ], [ 22.581086814948659, 49.478729576928735 ], [ 22.581084603606843, 49.478725892904457 ], [ 22.580858603148652, 49.478466991161419 ] ] ] ] } },
{ "type": "Feature", "properties": { "fid": 694, "cadastral_number": null, "house_number": "3", "owner_uk": "Матвій Роман", "type": null, "locality_uk": "Воля Мацькова", "owner_pl": "Matwiy Roman", "locality_pl": "Wola Maćkowa" }, "geometry": { "type": "MultiPolygon", "coordinates": [ [ [ [ 22.580628769949712, 49.478267755051178 ], [ 22.580019677561186, 49.478624208873136 ], [ 22.580015207244337, 49.478717153038652 ], [ 22.580109367930341, 49.478940019128729 ], [ 22.58002865877091, 49.479005567785734 ], [ 22.57994794961148, 49.47913666483651 ], [ 22.579954675374765, 49.479245912110756 ], [ 22.579866142194188, 49.479296531494221 ], [ 22.579988940945093, 49.479353937869263 ], [ 22.580294326420727, 49.479001197878056 ], [ 22.580576808478746, 49.478677823623414 ], [ 22.580858603148652, 49.478466991161419 ], [ 22.580829024601968, 49.478433106551833 ], [ 22.580628769949712, 49.478267755051178 ] ] ] ] } },
{ "type": "Feature", "properties": { "fid": 695, "cadastral_number": null, "house_number": "3", "owner_uk": "Матвій Роман", "type": null, "locality_uk": "Воля Мацькова", "owner_pl": "Matwiy Roman", "locality_pl": "Wola Maćkowa" }, "geometry": { "type": "MultiPolygon", "coordinates": [ [ [ [ 22.57988098233173, 49.4781814774745 ], [ 22.580436698014381, 49.478037537420683 ], [ 22.580412027278218, 49.477991738741821 ], [ 22.580235989763878, 49.47773178615126 ], [ 22.579968126901331, 49.477698947999961 ], [ 22.579968126901331, 49.477799458451933 ], [ 22.579853788925472, 49.477847528595163 ], [ 22.579799982819178, 49.477777608371206 ], [ 22.579725999423029, 49.477786348404678 ], [ 22.579732725186318, 49.477856268616137 ], [ 22.579799982819178, 49.477934928734719 ], [ 22.579847063162184, 49.478153428401221 ], [ 22.57988098233173, 49.4781814774745 ] ] ] ] } },
{ "type": "Feature", "properties": { "fid": 696, "cadastral_number": null, "house_number": "4", "owner_uk": "Іван Стефанів", "type": null, "locality_uk": "Воля Мацькова", "owner_pl": "Iwan Stefanów", "locality_pl": "Wola Maćkowa" }, "geometry": { "type": "MultiPolygon", "coordinates": [ [ [ [ 22.579571306867447, 49.48006307399266 ], [ 22.579877329096991, 49.480242236005218 ], [ 22.580247246077732, 49.480473834708555 ], [ 22.580596985768608, 49.480670474257231 ], [ 22.580509550845889, 49.480792827355671 ], [ 22.580691146454622, 49.481041902361412 ], [ 22.58100725732907, 49.481741053503001 ], [ 22.581229207517513, 49.482116843116849 ], [ 22.58106106343536, 49.482208605258876 ], [ 22.581397351599666, 49.482667413389613 ], [ 22.581733639763971, 49.483056304534117 ], [ 22.581874880792981, 49.48337528035821 ], [ 22.582110282507994, 49.483934575417209 ], [ 22.582365861512869, 49.484476386413327 ], [ 22.582702149677175, 49.485044407632785 ], [ 22.582999449866907, 49.485447727345331 ], [ 22.583418443467128, 49.485315307739612 ], [ 22.583816166251779, 49.485237011265035 ], [ 22.583724465696662, 49.48509684002849 ], [ 22.583166227343924, 49.484008856311632 ], [ 22.583011534788341, 49.483589386252689 ], [ 22.582951002918762, 49.483257303240748 ], [ 22.582769407310039, 49.483134956300191 ], [ 22.58258108593802, 49.482872783255289 ], [ 22.582365861512869, 49.482593130460103 ], [ 22.582117008271283, 49.482195496391974 ], [ 22.581935412662556, 49.481885252184185 ], [ 22.581901783846121, 49.481605593748981 ], [ 22.581646204841253, 49.481116187644176 ], [ 22.581343545493375, 49.480539381312497 ], [ 22.581121595304925, 49.480285933957589 ], [ 22.580731501034336, 49.479910130292694 ], [ 22.580401938633305, 49.479612981167115 ], [ 22.580159811155006, 49.479433816852413 ], [ 22.579866142194188, 49.479296531494221 ], [ 22.579786531292608, 49.4793420495105 ], [ 22.579712547896463, 49.479468775794508 ], [ 22.579867240452039, 49.479643570130889 ], [ 22.579860514688757, 49.479730967065116 ], [ 22.579773079766042, 49.479805254336569 ], [ 22.579658741790169, 49.479853322510984 ], [ 22.579456968891591, 49.479870801835439 ], [ 22.579571306867447, 49.48006307399266 ] ] ] ] } },
{ "type": "Feature", "properties": { "fid": 697, "cadastral_number": null, "house_number": "5", "owner_uk": "Сенько Солонина", "type": null, "locality_uk": "Воля Мацькова", "owner_pl": "Seńko Sołonyna", "locality_pl": "Wola Maćkowa" }, "geometry": { "type": "MultiPolygon", "coordinates": [ [ [ [ 22.579019201343122, 49.480223596840652 ], [ 22.579500686352969, 49.480805936598074 ], [ 22.579931135203278, 49.481374000398368 ], [ 22.580247246077732, 49.481845925313266 ], [ 22.580354858290306, 49.482212974880404 ], [ 22.580523002372459, 49.482444564263062 ], [ 22.580314503710589, 49.482540695383221 ], [ 22.580509550845889, 49.482903370182868 ], [ 22.581034160382206, 49.483467040141925 ], [ 22.581148498358061, 49.484144309417267 ], [ 22.581235933280787, 49.484480755832486 ], [ 22.581525141102095, 49.484769136634 ], [ 22.581700010947532, 49.485345893141442 ], [ 22.582056476401704, 49.48591827356428 ], [ 22.582202527331997, 49.486142385471972 ], [ 22.582241434892058, 49.486101783428218 ], [ 22.582920736983958, 49.485472603888027 ], [ 22.582999449866907, 49.485447727345331 ], [ 22.582702149677175, 49.485044407632785 ], [ 22.582365861512869, 49.484476386413327 ], [ 22.582110282507994, 49.483934575417209 ], [ 22.581874880792981, 49.48337528035821 ], [ 22.581733639763971, 49.483056304534117 ], [ 22.581397351599666, 49.482667413389613 ], [ 22.58106106343536, 49.482208605258876 ], [ 22.581229207517513, 49.482116843116849 ], [ 22.58100725732907, 49.481741053503001 ], [ 22.580691146454622, 49.481041902361412 ], [ 22.580509550845889, 49.480792827355671 ], [ 22.580596985768608, 49.480670474257231 ], [ 22.580247246077732, 49.480473834708555 ], [ 22.579877329096991, 49.480242236005218 ], [ 22.579571306867447, 49.48006307399266 ], [ 22.579295550572716, 49.480115511722687 ], [ 22.579167761070284, 49.480233496409987 ], [ 22.579019201343122, 49.480223596840652 ] ] ] ] } },
{ "type": "Feature", "properties": { "fid": 698, "cadastral_number": null, "house_number": "6", "owner_uk": "Гриць Вуйків", "type": null, "locality_uk": "Воля Мацькова", "owner_pl": "Hryć Woyków", "locality_pl": "Wola Maćkowa" }, "geometry": { "type": "MultiPolygon", "coordinates": [ [ [ [ 22.578414475582232, 49.480500053360601 ], [ 22.578760852391476, 49.481068120709409 ], [ 22.579177849715212, 49.481596854397189 ], [ 22.579460331773237, 49.482173648272692 ], [ 22.579722636541391, 49.482767913644295 ], [ 22.579520863642806, 49.482837826743264 ], [ 22.5798638775704, 49.483353432765348 ], [ 22.580025295889271, 49.483991378464317 ], [ 22.580213617261283, 49.484445800468428 ], [ 22.580657517638169, 49.484908957017296 ], [ 22.58115522412135, 49.485476973218368 ], [ 22.581464609232505, 49.485983812880427 ], [ 22.581788745921145, 49.486574188521693 ], [ 22.582202527331997, 49.486142385471972 ], [ 22.582056476401704, 49.48591827356428 ], [ 22.581700010947532, 49.485345893141442 ], [ 22.581525141102095, 49.484769136634 ], [ 22.581235933280787, 49.484480755832486 ], [ 22.581148498358061, 49.484144309417267 ], [ 22.581034160382206, 49.483467040141925 ], [ 22.580509550845889, 49.482903370182868 ], [ 22.580314503710589, 49.482540695383221 ], [ 22.580523002372459, 49.482444564263062 ], [ 22.580354858290306, 49.482212974880404 ], [ 22.580247246077732, 49.481845925313266 ], [ 22.579931135203278, 49.481374000398368 ], [ 22.579500686352969, 49.480805936598074 ], [ 22.579019201343122, 49.480223596840652 ], [ 22.57890545630212, 49.480216017214985 ], [ 22.578804569852828, 49.480242236005147 ], [ 22.578831472905975, 49.480316522501006 ], [ 22.578750763746541, 49.480473834708484 ], [ 22.578636425770675, 49.480543751082926 ], [ 22.578569168137815, 49.480469464931772 ], [ 22.578414475582232, 49.480500053360601 ] ] ] ] } },
{ "type": "Feature", "properties": { "fid": 699, "cadastral_number": null, "house_number": "7", "owner_uk": "Лесько Кавчак", "type": null, "locality_uk": "Воля Мацькова", "owner_pl": "Lesko Kawczak", "locality_pl": "Wola Maćkowa" }, "geometry": { "type": "MultiPolygon", "coordinates": [ [ [ [ 22.577770066990922, 49.480695451672624 ], [ 22.578387572529095, 49.481797859094804 ], [ 22.578737312219985, 49.482483890653242 ], [ 22.578992891224861, 49.48298639174714 ], [ 22.578892004775568, 49.483126217221361 ], [ 22.579006342751427, 49.483370910840449 ], [ 22.579248470229729, 49.483711732057813 ], [ 22.579389711258738, 49.484349673088509 ], [ 22.57986724045206, 49.485074993203817 ], [ 22.580546542543953, 49.485870211343425 ], [ 22.581037523263841, 49.486578032009326 ], [ 22.581324376249743, 49.487029389146244 ], [ 22.58160921314315, 49.486761539400291 ], [ 22.581788745921145, 49.486574188521693 ], [ 22.581464609232505, 49.485983812880427 ], [ 22.58115522412135, 49.485476973218368 ], [ 22.580657517638169, 49.484908957017296 ], [ 22.580213617261283, 49.484445800468428 ], [ 22.580025295889271, 49.483991378464317 ], [ 22.5798638775704, 49.483353432765348 ], [ 22.579520863642806, 49.482837826743264 ], [ 22.579722636541391, 49.482767913644295 ], [ 22.579460331773237, 49.482173648272692 ], [ 22.579177849715212, 49.481596854397189 ], [ 22.578760852391476, 49.481068120709409 ], [ 22.578414475582232, 49.480500053360601 ], [ 22.578353943712653, 49.480543751082926 ], [ 22.578353943712653, 49.480635516172889 ], [ 22.578185799630504, 49.480670474257153 ], [ 22.577970575205342, 49.480618037121388 ], [ 22.577815882649759, 49.480674844015937 ], [ 22.577770066990922, 49.480695451672624 ] ] ] ] } },
{ "type": "Feature", "properties": { "fid": 701, "cadastral_number": null, "house_number": "20", "owner_uk": "Андрій Кавчак", "type": null, "locality_uk": "Воля Мацькова", "owner_pl": "Andrzej Kawczak", "locality_pl": "Wola Maćkowa" }, "geometry": { "type": "MultiPolygon", "coordinates": [ [ [ [ 22.576027857561023, 49.491917646987638 ], [ 22.575771250610774, 49.491418901480642 ], [ 22.575340801760461, 49.490929593462738 ], [ 22.574547161692692, 49.490265524758037 ], [ 22.574493355586405, 49.490108244008482 ], [ 22.573854408074226, 49.489601447044649 ], [ 22.572966607320449, 49.488932991301127 ], [ 22.572294030991827, 49.488378122411284 ], [ 22.571816501798512, 49.488067917377762 ], [ 22.571345698368482, 49.487652851230209 ], [ 22.570861443411882, 49.487224674043112 ], [ 22.570350285402128, 49.486682893459864 ], [ 22.570800911542307, 49.486390154682041 ], [ 22.570498252194433, 49.486040613550081 ], [ 22.570222495899696, 49.485734763012495 ], [ 22.569993819947967, 49.485359001164959 ], [ 22.569576822624221, 49.484952650805184 ], [ 22.569079116141044, 49.484441431046164 ], [ 22.568637185700794, 49.484190979358061 ], [ 22.568527603551573, 49.484244806640525 ], [ 22.568621764237577, 49.484310348196765 ], [ 22.568487248971856, 49.484415214504281 ], [ 22.568621764237577, 49.48458125236516 ], [ 22.568534329314861, 49.484729812079202 ], [ 22.568124057754403, 49.484716703887258 ], [ 22.568258573020131, 49.484917695777902 ], [ 22.568648667290727, 49.485258506228469 ], [ 22.569052213087893, 49.485774086759967 ], [ 22.569509564991353, 49.486176061034755 ], [ 22.569859304682236, 49.486678524237135 ], [ 22.570000545711245, 49.487001845658014 ], [ 22.569812224339231, 49.487460608874642 ], [ 22.570464623377983, 49.488002380851462 ], [ 22.571009410204169, 49.488321324453437 ], [ 22.571211183102751, 49.488640265977516 ], [ 22.570847991885294, 49.48895920542369 ], [ 22.57180977603522, 49.48929998774117 ], [ 22.571977920117373, 49.48955338843939 ], [ 22.572468900837265, 49.489763098370105 ], [ 22.572892623924286, 49.489745622576862 ], [ 22.573047316479869, 49.489846108302821 ], [ 22.573679538228767, 49.490322320459953 ], [ 22.573733344335057, 49.490575715866186 ], [ 22.574621145088837, 49.491235411546995 ], [ 22.574426097953538, 49.491327156599738 ], [ 22.574890175620276, 49.491694135091166 ], [ 22.574526984402823, 49.491798985583394 ], [ 22.574738845946328, 49.491999948399048 ], [ 22.574792652052619, 49.49237565927605 ], [ 22.574775837644406, 49.492688021356244 ], [ 22.576027857561023, 49.491917646987638 ] ] ] ] } },
{ "type": "Feature", "properties": { "fid": 702, "cadastral_number": null, "house_number": "19", "owner_uk": "Міхал Івантейко", "type": "", "locality_uk": "Воля Мацькова", "owner_pl": "Michał Iwanteiko", "locality_pl": "Wola Maćkowa" }, "geometry": { "type": "MultiPolygon", "coordinates": [ [ [ [ 22.576753212050548, 49.491471327049496 ], [ 22.576363117779962, 49.491003863744595 ], [ 22.575825056717068, 49.490514551577995 ], [ 22.575851959770208, 49.490418436113394 ], [ 22.575609832291914, 49.490147564243244 ], [ 22.575690541451348, 49.490138826416022 ], [ 22.575347527523753, 49.489732515727923 ], [ 22.574849821040576, 49.489365522530363 ], [ 22.574661499668562, 49.489081537810712 ], [ 22.57414361589553, 49.48856599210967 ], [ 22.57379387620465, 49.488430551236846 ], [ 22.572946430030591, 49.487914998680203 ], [ 22.572179693015972, 49.487368856575344 ], [ 22.571534019740497, 49.486713478007324 ], [ 22.571083393600322, 49.48624160000589 ], [ 22.571419681764631, 49.486040613550081 ], [ 22.571197731576188, 49.485695439233332 ], [ 22.570908523754881, 49.485310938395038 ], [ 22.570296479295838, 49.484629315851485 ], [ 22.569818950102526, 49.484030703612127 ], [ 22.569590274150784, 49.483759796397493 ], [ 22.569449033121778, 49.483786013290221 ], [ 22.569321243619342, 49.483807860690085 ], [ 22.569240534459901, 49.483890880720715 ], [ 22.569280889039625, 49.483978270074587 ], [ 22.56909256766761, 49.483960792216287 ], [ 22.568984955455036, 49.484000117388668 ], [ 22.568958052401886, 49.484083137093322 ], [ 22.56880335984631, 49.484109353812912 ], [ 22.568637185700794, 49.484190979358061 ], [ 22.569079116141044, 49.484441431046164 ], [ 22.569576822624221, 49.484952650805184 ], [ 22.569993819947967, 49.485359001164959 ], [ 22.570222495899696, 49.485734763012495 ], [ 22.570498252194433, 49.486040613550081 ], [ 22.570800911542307, 49.486390154682041 ], [ 22.570350285402128, 49.486682893459864 ], [ 22.570861443411882, 49.487224674043112 ], [ 22.571345698368482, 49.487652851230209 ], [ 22.571816501798512, 49.488067917377762 ], [ 22.572294030991827, 49.488378122411284 ], [ 22.572966607320449, 49.488932991301127 ], [ 22.573854408074226, 49.489601447044649 ], [ 22.574493355586405, 49.490108244008482 ], [ 22.574547161692692, 49.490265524758037 ], [ 22.575340801760461, 49.490929593462738 ], [ 22.575771250610774, 49.491418901480642 ], [ 22.576027857561023, 49.491917646987638 ], [ 22.576753212050548, 49.491471327049496 ] ] ] ] } },
{ "type": "Feature", "properties": { "fid": 703, "cadastral_number": null, "house_number": "18", "owner_uk": "Стефан Вуйків", "type": null, "locality_uk": "Воля Мацькова", "owner_pl": "Stefan Woyków", "locality_pl": "Wola Maćkowa" }, "geometry": { "type": "MultiPolygon", "coordinates": [ [ [ [ 22.577259217098032, 49.490896722020651 ], [ 22.576985250883936, 49.490588822489599 ], [ 22.576776752222059, 49.490387853880556 ], [ 22.576796929511922, 49.490291738167194 ], [ 22.57663551119305, 49.49013445750186 ], [ 22.576487544400756, 49.49010824400851 ], [ 22.576252142685746, 49.489522805666233 ], [ 22.575936031811299, 49.489212607886046 ], [ 22.575761161965854, 49.488928622279317 ], [ 22.575216375139671, 49.488478610944298 ], [ 22.574705217129928, 49.488081024672496 ], [ 22.573951931641872, 49.487521776978845 ], [ 22.57317174310068, 49.486923200103632 ], [ 22.572768197303514, 49.486634831989605 ], [ 22.572162878607759, 49.486141106881135 ], [ 22.571907299602888, 49.485817779775914 ], [ 22.572115798264754, 49.485686700611446 ], [ 22.571947654182605, 49.485520666499347 ], [ 22.571564285675297, 49.484917695778023 ], [ 22.571268352090705, 49.484524450002539 ], [ 22.570868169175171, 49.484085321820601 ], [ 22.570726928146161, 49.483810045429664 ], [ 22.57062061924751, 49.483684577138945 ], [ 22.570491526431137, 49.483694254104265 ], [ 22.570316656585689, 49.483742318461204 ], [ 22.5700207230011, 49.483654928686221 ], [ 22.569886207735376, 49.483672406653696 ], [ 22.569596999914072, 49.483681145635103 ], [ 22.569590274150784, 49.483759796397493 ], [ 22.569818950102526, 49.484030703612127 ], [ 22.570296479295838, 49.484629315851485 ], [ 22.570908523754881, 49.485310938395038 ], [ 22.571197731576188, 49.485695439233332 ], [ 22.571419681764631, 49.486040613550081 ], [ 22.571083393600322, 49.48624160000589 ], [ 22.571534019740497, 49.486713478007324 ], [ 22.572179693015972, 49.487368856575344 ], [ 22.572946430030591, 49.487914998680203 ], [ 22.57379387620465, 49.488430551236846 ], [ 22.57414361589553, 49.48856599210967 ], [ 22.574661499668562, 49.489081537810712 ], [ 22.574849821040576, 49.489365522530363 ], [ 22.575347527523753, 49.489732515727923 ], [ 22.575690541451348, 49.490138826416022 ], [ 22.575609832291914, 49.490147564243244 ], [ 22.575851959770208, 49.490418436113394 ], [ 22.575825056717068, 49.490514551577995 ], [ 22.576363117779962, 49.491003863744595 ], [ 22.576753212050548, 49.491471327049496 ], [ 22.576988613765561, 49.491222305096855 ], [ 22.577259217098032, 49.490896722020651 ] ] ] ] } },
{ "type": "Feature", "properties": { "fid": 704, "cadastral_number": null, "house_number": "17", "owner_uk": "Юрко Тиркала", "type": null, "locality_uk": "Воля Мацькова", "owner_pl": "Jurko Tyrkala", "locality_pl": "Wola Maćkowa" }, "geometry": { "type": "MultiPolygon", "coordinates": [ [ [ [ 22.571560705567112, 49.483537755345061 ], [ 22.571305342721491, 49.483636333988919 ], [ 22.570728903192975, 49.483813894762697 ], [ 22.570858271827014, 49.484066032055438 ], [ 22.5716802791714, 49.483754516576887 ], [ 22.571560705567112, 49.483537755345061 ] ] ] ] } },
{ "type": "Feature", "properties": { "fid": 705, "cadastral_number": null, "house_number": "16", "owner_uk": "Федьо Кавчак", "type": null, "locality_uk": "Воля Мацькова", "owner_pl": "Fedio Kawczak", "locality_pl": "Wola Maćkowa" }, "geometry": { "type": "MultiPolygon", "coordinates": [ [ [ [ 22.578025888201413, 49.490045578313236 ], [ 22.577775528070056, 49.489769651791107 ], [ 22.577533400591754, 49.489385182950016 ], [ 22.577472868722175, 49.489249744343596 ], [ 22.577284547350164, 49.489105567350826 ], [ 22.577062597161724, 49.48879536692678 ], [ 22.576854098499851, 49.488493902659521 ], [ 22.576127716064935, 49.487877861210151 ], [ 22.575441688209757, 49.487301134529787 ], [ 22.574567338982558, 49.486654493505895 ], [ 22.573908214180509, 49.486217569060067 ], [ 22.573390330407481, 49.485789379320089 ], [ 22.573128025639313, 49.485466049892068 ], [ 22.573000236136878, 49.485247582853546 ], [ 22.573195283272177, 49.485160195765189 ], [ 22.572885898161008, 49.484697041592931 ], [ 22.572610141866278, 49.484277577429758 ], [ 22.572314208281686, 49.483727025261992 ], [ 22.571924848726646, 49.483065969281931 ], [ 22.571863582141514, 49.483065043625402 ], [ 22.571903936721228, 49.483130586760879 ], [ 22.571776147218795, 49.483252933712372 ], [ 22.571648357716352, 49.483379649875545 ], [ 22.571457982545997, 49.483351540597035 ], [ 22.571681986532791, 49.483757611655939 ], [ 22.571823227561811, 49.484150863590372 ], [ 22.572031726223674, 49.484395552088863 ], [ 22.572415094730985, 49.484893664182366 ], [ 22.572663947972572, 49.485383032532255 ], [ 22.572515981180278, 49.485487896542288 ], [ 22.572556335759995, 49.485623345556185 ], [ 22.572872446634445, 49.485977258952801 ], [ 22.573309621248047, 49.486331169791079 ], [ 22.57393511723366, 49.486715662617144 ], [ 22.574439549480122, 49.487065198929614 ], [ 22.574742208827992, 49.487336087855326 ], [ 22.575468591262901, 49.487904075897838 ], [ 22.576363117779959, 49.488576914744399 ], [ 22.576416923886249, 49.488790997892679 ], [ 22.576605245258261, 49.489026925175793 ], [ 22.576867550026417, 49.489284696277899 ], [ 22.577143306321155, 49.489621107369544 ], [ 22.577304724640019, 49.490023050058177 ], [ 22.577676748026025, 49.490390554972166 ], [ 22.577735173490314, 49.490317951562133 ], [ 22.577977300968627, 49.490090768338341 ], [ 22.578025888201413, 49.490045578313236 ] ] ] ] } },
{ "type": "Feature", "properties": { "fid": 706, "cadastral_number": null, "house_number": "15", "owner_uk": "Іван Приходняк", "type": null, "locality_uk": "Воля Мацькова", "owner_pl": "Iwan Przychodniak", "locality_pl": "Wola Maćkowa" }, "geometry": { "type": "MultiPolygon", "coordinates": [ [ [ [ 22.57828994816029, 49.489799980634047 ], [ 22.577970575205342, 49.489337124132568 ], [ 22.577714996200474, 49.488996342073612 ], [ 22.57742578837917, 49.488699248086633 ], [ 22.577069322925006, 49.488192436535854 ], [ 22.576685954417691, 49.487807955307737 ], [ 22.576134441828223, 49.487222489456087 ], [ 22.575334075997173, 49.486654493505895 ], [ 22.574614419325549, 49.486182614935956 ], [ 22.574089809789232, 49.485811225826055 ], [ 22.573740070098346, 49.485431095231426 ], [ 22.573477765330193, 49.48502474547 ], [ 22.573585377542774, 49.484911141707677 ], [ 22.573080945296308, 49.484059105088193 ], [ 22.572751382895287, 49.483521658979235 ], [ 22.572226573748495, 49.482730785237663 ], [ 22.572193144542535, 49.482732957057273 ], [ 22.572159515726103, 49.482837826743179 ], [ 22.572179693015958, 49.482933957091262 ], [ 22.572152789962818, 49.483069413170512 ], [ 22.571924848726646, 49.483065969281931 ], [ 22.572314208281686, 49.483727025261992 ], [ 22.572610141866278, 49.484277577429758 ], [ 22.572885898161008, 49.484697041592931 ], [ 22.573195283272177, 49.485160195765189 ], [ 22.573000236136878, 49.485247582853546 ], [ 22.573128025639313, 49.485466049892068 ], [ 22.573390330407481, 49.485789379320089 ], [ 22.573908214180509, 49.486217569060067 ], [ 22.574567338982558, 49.486654493505895 ], [ 22.575441688209757, 49.487301134529787 ], [ 22.576127716064935, 49.487877861210151 ], [ 22.576854098499851, 49.488493902659521 ], [ 22.577062597161724, 49.48879536692678 ], [ 22.577284547350164, 49.489105567350826 ], [ 22.577472868722175, 49.489249744343596 ], [ 22.577533400591754, 49.489385182950016 ], [ 22.577775528070056, 49.489769651791107 ], [ 22.578025888201413, 49.490045578313236 ], [ 22.57828994816029, 49.489799980634047 ] ] ] ] } },
{ "type": "Feature", "properties": { "fid": 707, "cadastral_number": null, "house_number": "9", "owner_uk": "Юрко Роман", "type": null, "locality_uk": "Воля Мацькова", "owner_pl": "Jurko Roman", "locality_pl": "Wola Maćkowa" }, "geometry": { "type": "MultiPolygon", "coordinates": [ [ [ [ 22.5785691681378, 49.489540281538893 ], [ 22.5781857996305, 49.488957020914143 ], [ 22.57761410975117, 49.488214281969519 ], [ 22.577250918533725, 49.487777371444018 ], [ 22.576464004229241, 49.486990922672021 ], [ 22.575986475035926, 49.486650124280743 ], [ 22.575609832291903, 49.486396708554473 ], [ 22.575441688209747, 49.48621319979592 ], [ 22.57506504546572, 49.485985997522818 ], [ 22.574816192224137, 49.48581559512607 ], [ 22.574574064745832, 49.485745686278925 ], [ 22.574224325054953, 49.485304384377343 ], [ 22.57387458536407, 49.484745104965498 ], [ 22.573995649103225, 49.484657716980294 ], [ 22.573471039566908, 49.483753242172263 ], [ 22.573148202929172, 49.483202684108711 ], [ 22.572825366291433, 49.482752620140637 ], [ 22.572637044919421, 49.482569097723577 ], [ 22.57259470133317, 49.482447022804529 ], [ 22.572515981180263, 49.482475151458061 ], [ 22.57239491744112, 49.482601869634074 ], [ 22.572462175073984, 49.482715478754457 ], [ 22.572226573748495, 49.482730785237663 ], [ 22.572751382895287, 49.483521658979235 ], [ 22.573080945296308, 49.484059105088193 ], [ 22.573585377542774, 49.484911141707677 ], [ 22.573477765330193, 49.48502474547 ], [ 22.573740070098346, 49.485431095231426 ], [ 22.574089809789232, 49.485811225826055 ], [ 22.574614419325549, 49.486182614935956 ], [ 22.575334075997173, 49.486654493505895 ], [ 22.576134441828223, 49.487222489456087 ], [ 22.576685954417691, 49.487807955307737 ], [ 22.577069322925006, 49.488192436535854 ], [ 22.57742578837917, 49.488699248086633 ], [ 22.577714996200474, 49.488996342073612 ], [ 22.577970575205342, 49.489337124132568 ], [ 22.57828994816029, 49.489799980634047 ], [ 22.5785691681378, 49.489540281538893 ] ] ] ] } },
{ "type": "Feature", "properties": { "fid": 708, "cadastral_number": null, "house_number": "14", "owner_uk": "Андрій Роман", "type": null, "locality_uk": "Воля Мацькова", "owner_pl": "Andrzej Roman", "locality_pl": "Wola Maćkowa" }, "geometry": { "type": "MultiPolygon", "coordinates": [ [ [ [ 22.579075304377575, 49.489087700330131 ], [ 22.578690231876958, 49.488603129057758 ], [ 22.578212702683643, 49.487965243447832 ], [ 22.577910043335763, 49.487580760435407 ], [ 22.578010929785055, 49.487423471060019 ], [ 22.578125267760921, 49.48735793367112 ], [ 22.578051284364768, 49.487292396194505 ], [ 22.577701544673889, 49.487257442837759 ], [ 22.577042419871848, 49.486645755055186 ], [ 22.576302585910373, 49.486090860241411 ], [ 22.575777976374052, 49.485662669393264 ], [ 22.575434962446465, 49.485457311229247 ], [ 22.574883449856998, 49.484736366173991 ], [ 22.574668225431839, 49.484417399216767 ], [ 22.574735483064703, 49.484386813234984 ], [ 22.574540435929407, 49.484085321820643 ], [ 22.574271405397951, 49.483613418488616 ], [ 22.5737669731515, 49.482761359286194 ], [ 22.573410507697329, 49.482245747029459 ], [ 22.573321315004197, 49.482110536861356 ], [ 22.573013687663444, 49.482230453362511 ], [ 22.572825366291433, 49.482291628001043 ], [ 22.572785011711719, 49.482379020209208 ], [ 22.57259470133317, 49.482447022804529 ], [ 22.572637044919421, 49.482569097723577 ], [ 22.572825366291433, 49.482752620140637 ], [ 22.573148202929172, 49.483202684108711 ], [ 22.573471039566908, 49.483753242172263 ], [ 22.573995649103225, 49.484657716980294 ], [ 22.57387458536407, 49.484745104965498 ], [ 22.574224325054953, 49.485304384377343 ], [ 22.574574064745832, 49.485745686278925 ], [ 22.574816192224137, 49.48581559512607 ], [ 22.57506504546572, 49.485985997522818 ], [ 22.575441688209747, 49.48621319979592 ], [ 22.575609832291903, 49.486396708554473 ], [ 22.575986475035926, 49.486650124280743 ], [ 22.576464004229241, 49.486990922672021 ], [ 22.577250918533725, 49.487777371444018 ], [ 22.57761410975117, 49.488214281969519 ], [ 22.5781857996305, 49.488957020914143 ], [ 22.5785691681378, 49.489540281538893 ], [ 22.579075304377575, 49.489087700330131 ] ] ] ] } },
{ "type": "Feature", "properties": { "fid": 709, "cadastral_number": null, "house_number": "13", "owner_uk": "Іван Тиркала", "type": null, "locality_uk": "Воля Мацькова", "owner_pl": "Iwan Tyrkala", "locality_pl": "Wola Maćkowa" }, "geometry": { "type": "MultiPolygon", "coordinates": [ [ [ [ 22.57946853644652, 49.488736073845175 ], [ 22.578858375959118, 49.487925921460175 ], [ 22.578562442374523, 49.487371041155917 ], [ 22.578246331500068, 49.486995291866755 ], [ 22.577889866045908, 49.486663231955028 ], [ 22.577224015480574, 49.48608649096596 ], [ 22.576585067968388, 49.485522851162401 ], [ 22.576040281142205, 49.485029114840202 ], [ 22.575529123132466, 49.484316902347722 ], [ 22.575273544127597, 49.483801306471307 ], [ 22.574849821040562, 49.482927402755493 ], [ 22.57458079050912, 49.482547249770974 ], [ 22.574296335603275, 49.481874027024681 ], [ 22.574143615895519, 49.481907100432117 ], [ 22.57398892333994, 49.481859034273675 ], [ 22.573975471813359, 49.481933318316834 ], [ 22.573827505021065, 49.482038189715318 ], [ 22.573625732122487, 49.481933318316834 ], [ 22.573477765330185, 49.481963905831257 ], [ 22.573417233460617, 49.482073146798228 ], [ 22.573321315004197, 49.482110536861356 ], [ 22.573410507697329, 49.482245747029459 ], [ 22.5737669731515, 49.482761359286194 ], [ 22.574271405397951, 49.483613418488616 ], [ 22.574540435929407, 49.484085321820643 ], [ 22.574735483064703, 49.484386813234984 ], [ 22.574668225431839, 49.484417399216767 ], [ 22.574883449856998, 49.484736366173991 ], [ 22.575434962446465, 49.485457311229247 ], [ 22.575777976374052, 49.485662669393264 ], [ 22.576302585910373, 49.486090860241411 ], [ 22.577042419871848, 49.486645755055186 ], [ 22.577701544673889, 49.487257442837759 ], [ 22.578051284364768, 49.487292396194505 ], [ 22.578125267760921, 49.48735793367112 ], [ 22.578010929785055, 49.487423471060019 ], [ 22.577910043335763, 49.487580760435407 ], [ 22.578212702683643, 49.487965243447832 ], [ 22.578690231876958, 49.488603129057758 ], [ 22.579075304377575, 49.489087700330131 ], [ 22.57946853644652, 49.488736073845175 ] ] ] ] } },
{ "type": "Feature", "properties": { "fid": 710, "cadastral_number": null, "house_number": "12", "owner_uk": "Федьо Тиркала", "type": null, "locality_uk": "Воля Мацькова", "owner_pl": "Fedio Tyrkala", "locality_pl": "Wola Maćkowa" }, "geometry": { "type": "MultiPolygon", "coordinates": [ [ [ [ 22.579899673028692, 49.488346666248688 ], [ 22.579497323471291, 49.487799217062893 ], [ 22.579275373282851, 49.487423471060019 ], [ 22.578878553248966, 49.486803046929232 ], [ 22.578374121002501, 49.486138922245715 ], [ 22.577990752495189, 49.485828703023799 ], [ 22.577345079219718, 49.48529564568566 ], [ 22.576934807659271, 49.484963574246102 ], [ 22.576410198122947, 49.484360596663954 ], [ 22.576188247934503, 49.484006671581149 ], [ 22.575993200799203, 49.483482333422558 ], [ 22.575683815688045, 49.482826902828187 ], [ 22.575334075997166, 49.482193311580559 ], [ 22.575023535514987, 49.481679508827895 ], [ 22.574876724093713, 49.481714835515277 ], [ 22.574728757301415, 49.481784750117839 ], [ 22.574587516272405, 49.481758532153563 ], [ 22.57452698440283, 49.481797859094705 ], [ 22.574325211504245, 49.481867773578728 ], [ 22.574296335603275, 49.481874027024681 ], [ 22.57458079050912, 49.482547249770974 ], [ 22.574849821040562, 49.482927402755493 ], [ 22.575273544127597, 49.483801306471307 ], [ 22.575529123132466, 49.484316902347722 ], [ 22.576040281142205, 49.485029114840202 ], [ 22.576585067968388, 49.485522851162401 ], [ 22.577224015480574, 49.48608649096596 ], [ 22.577889866045908, 49.486663231955028 ], [ 22.578246331500068, 49.486995291866755 ], [ 22.578562442374523, 49.487371041155917 ], [ 22.578858375959118, 49.487925921460175 ], [ 22.57946853644652, 49.488736073845175 ], [ 22.579658741790162, 49.488565992109564 ], [ 22.579899673028692, 49.488346666248688 ] ] ] ] } },
{ "type": "Feature", "properties": { "fid": 711, "cadastral_number": null, "house_number": "11", "owner_uk": "Міхал Мочарський", "type": null, "locality_uk": "Воля Мацькова", "owner_pl": "Michał Moczarski", "locality_pl": "Wola Maćkowa" }, "geometry": { "type": "MultiPolygon", "coordinates": [ [ [ [ 22.580399689868511, 49.487891485011048 ], [ 22.580035384534185, 49.4873404570193 ], [ 22.579530952287726, 49.486737508709801 ], [ 22.578979439698259, 49.48606027530505 ], [ 22.57829341184307, 49.485230105448359 ], [ 22.577788979596612, 49.484858709113084 ], [ 22.577412336852586, 49.484478571123041 ], [ 22.577022242581986, 49.484015410502906 ], [ 22.576907904606127, 49.483665852416785 ], [ 22.576578342205099, 49.482896815842942 ], [ 22.576080635721929, 49.481878697707998 ], [ 22.575693515390167, 49.481257949038714 ], [ 22.575670364161478, 49.481260388165417 ], [ 22.575529123132466, 49.481356521610387 ], [ 22.575556026185613, 49.481400218568432 ], [ 22.575609832291903, 49.481496351738869 ], [ 22.57556947771219, 49.481548787934123 ], [ 22.575441688209747, 49.481596854397097 ], [ 22.575381156340168, 49.48164492081289 ], [ 22.575159206151728, 49.481662399497843 ], [ 22.575058319702435, 49.481671138837982 ], [ 22.575023535514987, 49.481679508827895 ], [ 22.575334075997166, 49.482193311580559 ], [ 22.575683815688045, 49.482826902828187 ], [ 22.575993200799203, 49.483482333422558 ], [ 22.576188247934503, 49.484006671581149 ], [ 22.576410198122947, 49.484360596663954 ], [ 22.576934807659271, 49.484963574246102 ], [ 22.577345079219718, 49.48529564568566 ], [ 22.577990752495189, 49.485828703023799 ], [ 22.578374121002501, 49.486138922245715 ], [ 22.578878553248966, 49.486803046929232 ], [ 22.579275373282851, 49.487423471060019 ], [ 22.579497323471291, 49.487799217062893 ], [ 22.579899673028692, 49.488346666248688 ], [ 22.580399689868511, 49.487891485011048 ] ] ] ] } },
{ "type": "Feature", "properties": { "fid": 712, "cadastral_number": null, "house_number": "8", "owner_uk": "Ілько Масний", "type": null, "locality_uk": "Воля Мацькова", "owner_pl": "Ilko Masny", "locality_pl": "Wola Maćkowa" }, "geometry": { "type": "MultiPolygon", "coordinates": [ [ [ [ 22.576833921209985, 49.48099383535363 ], [ 22.577457089095077, 49.482142981270542 ], [ 22.577793550637466, 49.482983720282704 ], [ 22.577845313951677, 49.483538600122948 ], [ 22.578230303601146, 49.484055641587183 ], [ 22.578663821357683, 49.484644137422919 ], [ 22.579009988521499, 49.485064487260722 ], [ 22.579734674920488, 49.485964023788576 ], [ 22.580239367234068, 49.486569310094012 ], [ 22.580838424392137, 49.48748635634783 ], [ 22.581324376249743, 49.487029389146244 ], [ 22.581037523263841, 49.486578032009326 ], [ 22.580546542543953, 49.485870211343425 ], [ 22.57986724045206, 49.485074993203817 ], [ 22.579389711258738, 49.484349673088509 ], [ 22.579248470229729, 49.483711732057813 ], [ 22.579006342751427, 49.483370910840449 ], [ 22.578892004775568, 49.483126217221361 ], [ 22.578992891224861, 49.48298639174714 ], [ 22.578737312219985, 49.482483890653242 ], [ 22.578387572529095, 49.481797859094804 ], [ 22.577770066990922, 49.480695451672624 ], [ 22.577641012804325, 49.480753499607289 ], [ 22.577472868722172, 49.480788457607339 ], [ 22.577466142958887, 49.480845264304186 ], [ 22.577324901929877, 49.480884591978793 ], [ 22.577136580557855, 49.480858373532577 ], [ 22.57704003192719, 49.480909696272363 ], [ 22.576988613765561, 49.480937028829139 ], [ 22.576786840866983, 49.480932659093746 ], [ 22.576833921209985, 49.48099383535363 ] ] ] ] } },
{ "type": "Feature", "properties": { "fid": 713, "cadastral_number": null, "house_number": "10", "owner_uk": "Іван Василишин", "type": null, "locality_uk": "Воля Мацькова", "owner_pl": "Iwan Wasylyszyn", "locality_pl": "Wola Maćkowa" }, "geometry": { "type": "MultiPolygon", "coordinates": [ [ [ [ 22.580838424392137, 49.48748635634783 ], [ 22.580239367234068, 49.486569310094012 ], [ 22.579734674920488, 49.485964023788576 ], [ 22.579009988521499, 49.485064487260722 ], [ 22.578663821357683, 49.484644137422919 ], [ 22.578230303601146, 49.484055641587183 ], [ 22.577845313951677, 49.483538600122948 ], [ 22.577793550637466, 49.482983720282704 ], [ 22.577457089095077, 49.482142981270542 ], [ 22.576833921209985, 49.48099383535363 ], [ 22.576679228654402, 49.481076860155511 ], [ 22.576477455755818, 49.48100694454223 ], [ 22.576289134383803, 49.481076860155511 ], [ 22.576208425224372, 49.481155515101129 ], [ 22.576020103852354, 49.481138036235251 ], [ 22.575919217403062, 49.481234169920405 ], [ 22.575693515390167, 49.481257949038714 ], [ 22.576080635721929, 49.481878697707998 ], [ 22.576578342205099, 49.482896815842942 ], [ 22.576907904606127, 49.483665852416785 ], [ 22.577022242581986, 49.484015410502906 ], [ 22.577412336852586, 49.484478571123041 ], [ 22.577788979596612, 49.484858709113084 ], [ 22.57829341184307, 49.485230105448359 ], [ 22.578979439698259, 49.48606027530505 ], [ 22.579530952287726, 49.486737508709801 ], [ 22.580035384534185, 49.4873404570193 ], [ 22.580399689868511, 49.487891485011048 ], [ 22.580647428993231, 49.487665958635944 ], [ 22.580838424392137, 49.48748635634783 ] ] ] ] } },
{ "type": "Feature", "properties": { "fid": 714, "cadastral_number": null, "house_number": "17", "owner_uk": "Іван Сташкевич", "type": null, "locality_uk": "Воля Мацькова", "owner_pl": "Iwan Staszkiewicz", "locality_pl": "Wola Maćkowa" }, "geometry": { "type": "MultiPolygon", "coordinates": [ [ [ [ 22.577487560626452, 49.490621983185754 ], [ 22.577343856845228, 49.490511894702891 ], [ 22.576968572817176, 49.49016304341113 ], [ 22.576852105360199, 49.489957093891114 ], [ 22.576936220745793, 49.489894047946457 ], [ 22.576722697074661, 49.48960823864563 ], [ 22.576328001803791, 49.4891080683539 ], [ 22.576172711861151, 49.48883906709213 ], [ 22.575952717775738, 49.488645721522218 ], [ 22.575185834231213, 49.488095112888331 ], [ 22.574907756475859, 49.48823856277599 ], [ 22.575216375139671, 49.488478610944298 ], [ 22.575761161965854, 49.488928622279317 ], [ 22.575936031811299, 49.489212607886046 ], [ 22.576252142685746, 49.489522805666233 ], [ 22.576487544400756, 49.49010824400851 ], [ 22.57663551119305, 49.49013445750186 ], [ 22.576796929511922, 49.490291738167194 ], [ 22.576776752222059, 49.490387853880556 ], [ 22.576985250883936, 49.490588822489599 ], [ 22.577259217098032, 49.490896722020651 ], [ 22.577487560626452, 49.490621983185754 ] ] ] ] } },
{ "type": "Feature", "properties": { "fid": 715, "cadastral_number": null, "house_number": "17", "owner_uk": "Юрко Тиркала", "type": null, "locality_uk": "Воля Мацькова", "owner_pl": "Jurko Tyrkala", "locality_pl": "Wola Maćkowa" }, "geometry": { "type": "MultiPolygon", "coordinates": [ [ [ [ 22.575185834231213, 49.488095112888331 ], [ 22.575952717775738, 49.488645721522218 ], [ 22.576172711861151, 49.48883906709213 ], [ 22.576328001803791, 49.4891080683539 ], [ 22.576722697074661, 49.48960823864563 ], [ 22.576936220745793, 49.489894047946457 ], [ 22.576852105360199, 49.489957093891114 ], [ 22.576968572817176, 49.49016304341113 ], [ 22.577343856845228, 49.490511894702891 ], [ 22.577487560626452, 49.490621983185754 ], [ 22.577580480934742, 49.490510182697221 ], [ 22.577676748026025, 49.490390554972166 ], [ 22.577304724640019, 49.490023050058177 ], [ 22.577143306321155, 49.489621107369544 ], [ 22.576867550026417, 49.489284696277899 ], [ 22.576605245258261, 49.489026925175793 ], [ 22.576416923886249, 49.488790997892679 ], [ 22.576363117779959, 49.488576914744399 ], [ 22.575485337357851, 49.487916671861171 ], [ 22.575202149719644, 49.488086696339586 ], [ 22.575185834231213, 49.488095112888331 ] ] ] ] } },
{ "type": "Feature", "properties": { "fid": 716, "cadastral_number": null, "house_number": "17", "owner_uk": "Юрко Тиркала", "type": null, "locality_uk": "Воля Мацькова", "owner_pl": "Jurko Tyrkala", "locality_pl": "Wola Maćkowa" }, "geometry": { "type": "MultiPolygon", "coordinates": [ [ [ [ 22.575269077910676, 49.487748068273014 ], [ 22.574665206493446, 49.488051320321986 ], [ 22.574705217129928, 49.488081024672496 ], [ 22.574907756475859, 49.48823856277599 ], [ 22.575202149719644, 49.488086696339586 ], [ 22.575485337357851, 49.487916671861171 ], [ 22.575468591262901, 49.487904075897838 ], [ 22.575269077910676, 49.487748068273014 ] ] ] ] } },
{ "type": "Feature", "properties": { "fid": 717, "cadastral_number": null, "house_number": "17", "owner_uk": "Іван Сташкевич", "type": null, "locality_uk": "Воля Мацькова", "owner_pl": "Iwan Staszkiewicz", "locality_pl": "Wola Maćkowa" }, "geometry": { "type": "MultiPolygon", "coordinates": [ [ [ [ 22.574942972481541, 49.487493073141735 ], [ 22.574368040977301, 49.487830701270944 ], [ 22.574665206493446, 49.488051320321986 ], [ 22.575269077910676, 49.487748068273014 ], [ 22.574942972481541, 49.487493073141735 ] ] ] ] } },
{ "type": "Feature", "properties": { "fid": 718, "cadastral_number": null, "house_number": "17", "owner_uk": "Юрко Тиркала", "type": null, "locality_uk": "Воля Мацькова", "owner_pl": "Jurko Tyrkala", "locality_pl": "Wola Maćkowa" }, "geometry": { "type": "MultiPolygon", "coordinates": [ [ [ [ 22.57469044904564, 49.487289761343568 ], [ 22.574359378260102, 49.487448853418861 ], [ 22.574097178645566, 49.487629610002465 ], [ 22.574368040977301, 49.487830701270944 ], [ 22.574942972481541, 49.487493073141735 ], [ 22.574742208827992, 49.487336087855326 ], [ 22.57469044904564, 49.487289761343568 ] ] ] ] } },
{ "type": "Feature", "properties": { "fid": 719, "cadastral_number": null, "house_number": "17", "owner_uk": "Іван Сташкевич", "type": null, "locality_uk": "Воля Мацькова", "owner_pl": "Iwan Staszkiewicz", "locality_pl": "Wola Maćkowa" }, "geometry": { "type": "MultiPolygon", "coordinates": [ [ [ [ 22.574443338976796, 49.487068590639439 ], [ 22.57418467707463, 49.487188249636596 ], [ 22.573803255739634, 49.487407709734477 ], [ 22.573951931641872, 49.487521776978845 ], [ 22.574097178645566, 49.487629610002465 ], [ 22.574359378260102, 49.487448853418861 ], [ 22.57469044904564, 49.487289761343568 ], [ 22.574443338976796, 49.487068590639439 ] ] ] ] } },
{ "type": "Feature", "properties": { "fid": 720, "cadastral_number": null, "house_number": "17", "owner_uk": "Юрко Тиркала", "type": null, "locality_uk": "Воля Мацькова", "owner_pl": "Jurko Tyrkala", "locality_pl": "Wola Maćkowa" }, "geometry": { "type": "MultiPolygon", "coordinates": [ [ [ [ 22.574164519902592, 49.486874622643057 ], [ 22.573511901230351, 49.487184176495347 ], [ 22.573803255739634, 49.487407709734477 ], [ 22.57418467707463, 49.487188249636596 ], [ 22.574443338976796, 49.487068590639439 ], [ 22.574439549480122, 49.487065198929614 ], [ 22.574164519902592, 49.486874622643057 ] ] ] ] } },
{ "type": "Feature", "properties": { "fid": 721, "cadastral_number": null, "house_number": "17", "owner_uk": "Іван Сташкевич", "type": null, "locality_uk": "Воля Мацькова", "owner_pl": "Iwan Staszkiewicz", "locality_pl": "Wola Maćkowa" }, "geometry": { "type": "MultiPolygon", "coordinates": [ [ [ [ 22.573870100992973, 49.486675697087875 ], [ 22.573229590105818, 49.486967581529079 ], [ 22.573511901230351, 49.487184176495347 ], [ 22.574164519902592, 49.486874622643057 ], [ 22.57393511723366, 49.486715662617144 ], [ 22.573870100992973, 49.486675697087875 ] ] ] ] } },
{ "type": "Feature", "properties": { "fid": 722, "cadastral_number": null, "house_number": "17", "owner_uk": "Юрко Тиркала", "type": null, "locality_uk": "Воля Мацькова", "owner_pl": "Jurko Tyrkala", "locality_pl": "Wola Maćkowa" }, "geometry": { "type": "MultiPolygon", "coordinates": [ [ [ [ 22.573546248229523, 49.486476624564446 ], [ 22.572984167523053, 49.486789161251195 ], [ 22.57317174310068, 49.486923200103632 ], [ 22.573229590105818, 49.486967581529079 ], [ 22.573870100992973, 49.486675697087875 ], [ 22.573546248229523, 49.486476624564446 ] ] ] ] } },
{ "type": "Feature", "properties": { "fid": 723, "cadastral_number": null, "house_number": "17", "owner_uk": "Іван Сташкевич", "type": null, "locality_uk": "Воля Мацькова", "owner_pl": "Iwan Staszkiewicz", "locality_pl": "Wola Maćkowa" }, "geometry": { "type": "MultiPolygon", "coordinates": [ [ [ [ 22.573235520524381, 49.486271182206224 ], [ 22.572701782808942, 49.48658066134567 ], [ 22.572768197303514, 49.486634831989605 ], [ 22.572984167523053, 49.486789161251195 ], [ 22.573546248229523, 49.486476624564446 ], [ 22.573309621248047, 49.486331169791079 ], [ 22.573235520524381, 49.486271182206224 ] ] ] ] } },
{ "type": "Feature", "properties": { "fid": 724, "cadastral_number": null, "house_number": "17", "owner_uk": "Юрко Тиркала", "type": null, "locality_uk": "Воля Мацькова", "owner_pl": "Jurko Tyrkala", "locality_pl": "Wola Maćkowa" }, "geometry": { "type": "MultiPolygon", "coordinates": [ [ [ [ 22.572967023943157, 49.486053823175808 ], [ 22.572445374271449, 49.486371523029149 ], [ 22.572701782808942, 49.48658066134567 ], [ 22.573235520524381, 49.486271182206224 ], [ 22.572967023943157, 49.486053823175808 ] ] ] ] } },
{ "type": "Feature", "properties": { "fid": 725, "cadastral_number": null, "house_number": "17", "owner_uk": "Іван Сташкевич", "type": null, "locality_uk": "Воля Мацькова", "owner_pl": "Iwan Staszkiewicz", "locality_pl": "Wola Maćkowa" }, "geometry": { "type": "MultiPolygon", "coordinates": [ [ [ [ 22.572776156414623, 49.485869453744208 ], [ 22.572188444671283, 49.486161959710522 ], [ 22.572445374271449, 49.486371523029149 ], [ 22.572967023943157, 49.486053823175808 ], [ 22.572872446634445, 49.485977258952801 ], [ 22.572776156414623, 49.485869453744208 ] ] ] ] } },
{ "type": "Feature", "properties": { "fid": 726, "cadastral_number": null, "house_number": "17", "owner_uk": "Юрко Тиркала", "type": null, "locality_uk": "Воля Мацькова", "owner_pl": "Jurko Tyrkala", "locality_pl": "Wola Maćkowa" }, "geometry": { "type": "MultiPolygon", "coordinates": [ [ [ [ 22.572561589944939, 49.485629228069541 ], [ 22.571995554307346, 49.485929429008664 ], [ 22.572162878607759, 49.486141106881135 ], [ 22.572188444671283, 49.486161959710522 ], [ 22.572776156414623, 49.485869453744208 ], [ 22.572561589944939, 49.485629228069541 ] ] ] ] } },
{ "type": "Feature", "properties": { "fid": 727, "cadastral_number": null, "house_number": "17", "owner_uk": "Іван Сташкевич", "type": null, "locality_uk": "Воля Мацькова", "owner_pl": "Iwan Staszkiewicz", "locality_pl": "Wola Maćkowa" }, "geometry": { "type": "MultiPolygon", "coordinates": [ [ [ [ 22.572604718172123, 49.48526655749852 ], [ 22.571977413239065, 49.485550052121802 ], [ 22.572115798264754, 49.485686700611446 ], [ 22.571907299602888, 49.485817779775914 ], [ 22.571995554307346, 49.485929429008664 ], [ 22.572561589944939, 49.485629228069541 ], [ 22.572556335759995, 49.485623345556185 ], [ 22.572515981180278, 49.485487896542288 ], [ 22.572663947972572, 49.485383032532255 ], [ 22.572604718172123, 49.48526655749852 ] ] ] ] } },
{ "type": "Feature", "properties": { "fid": 728, "cadastral_number": null, "house_number": "17", "owner_uk": "Юрко Тиркала", "type": null, "locality_uk": "Воля Мацькова", "owner_pl": "Jurko Tyrkala", "locality_pl": "Wola Maćkowa" }, "geometry": { "type": "MultiPolygon", "coordinates": [ [ [ [ 22.572487801678477, 49.485036641941839 ], [ 22.571785046158492, 49.485264912894856 ], [ 22.571947654182605, 49.485520666499347 ], [ 22.571977413239065, 49.485550052121802 ], [ 22.572604718172123, 49.48526655749852 ], [ 22.572487801678477, 49.485036641941839 ] ] ] ] } },
{ "type": "Feature", "properties": { "fid": 729, "cadastral_number": null, "house_number": "17", "owner_uk": "Іван Сташкевич", "type": null, "locality_uk": "Воля Мацькова", "owner_pl": "Iwan Staszkiewicz", "locality_pl": "Wola Maćkowa" }, "geometry": { "type": "MultiPolygon", "coordinates": [ [ [ [ 22.572329569761063, 49.48478254127842 ], [ 22.571639598783843, 49.485036149950758 ], [ 22.571785046158492, 49.485264912894856 ], [ 22.572487801678477, 49.485036641941839 ], [ 22.572415094730985, 49.484893664182366 ], [ 22.572329569761063, 49.48478254127842 ] ] ] ] } },
{ "type": "Feature", "properties": { "fid": 730, "cadastral_number": null, "house_number": "17", "owner_uk": "Юрко Тиркала", "type": null, "locality_uk": "Воля Мацькова", "owner_pl": "Jurko Tyrkala", "locality_pl": "Wola Maćkowa" }, "geometry": { "type": "MultiPolygon", "coordinates": [ [ [ [ 22.572122729103462, 49.484513792460987 ], [ 22.57146174598893, 49.484781437845221 ], [ 22.571564285675297, 49.484917695778023 ], [ 22.571639598783843, 49.485036149950758 ], [ 22.572329569761063, 49.48478254127842 ], [ 22.572122729103462, 49.484513792460987 ] ] ] ] } },
{ "type": "Feature", "properties": { "fid": 731, "cadastral_number": null, "house_number": "17", "owner_uk": "Іван Сташкевич", "type": null, "locality_uk": "Воля Мацькова", "owner_pl": "Iwan Staszkiewicz", "locality_pl": "Wola Maćkowa" }, "geometry": { "type": "MultiPolygon", "coordinates": [ [ [ [ 22.571949959605355, 49.48429959295472 ], [ 22.571577100121118, 49.484447622635827 ], [ 22.571263803147136, 49.484519458361866 ], [ 22.571268352090705, 49.484524450002539 ], [ 22.57146174598893, 49.484781437845221 ], [ 22.572122729103462, 49.484513792460987 ], [ 22.572031726223674, 49.484395552088863 ], [ 22.571949959605355, 49.48429959295472 ] ] ] ] } },
{ "type": "Feature", "properties": { "fid": 732, "cadastral_number": null, "house_number": "17", "owner_uk": "Юрко Тиркала", "type": null, "locality_uk": "Воля Мацькова", "owner_pl": "Jurko Tyrkala", "locality_pl": "Wola Maćkowa" }, "geometry": { "type": "MultiPolygon", "coordinates": [ [ [ [ 22.571782057786535, 49.48403623617736 ], [ 22.571067261088974, 49.484303789093325 ], [ 22.571263803147136, 49.484519458361866 ], [ 22.571577100121118, 49.484447622635827 ], [ 22.571949959605355, 49.48429959295472 ], [ 22.571823227561811, 49.484150863590372 ], [ 22.571782057786535, 49.48403623617736 ] ] ] ] } },
{ "type": "Feature", "properties": { "fid": 733, "cadastral_number": null, "house_number": "17", "owner_uk": "Іван Сташкевич", "type": null, "locality_uk": "Воля Мацькова", "owner_pl": "Iwan Staszkiewicz", "locality_pl": "Wola Maćkowa" }, "geometry": { "type": "MultiPolygon", "coordinates": [ [ [ [ 22.5716802791714, 49.483754516576887 ], [ 22.570858271827014, 49.484066032055438 ], [ 22.570868169175171, 49.484085321820601 ], [ 22.571067261088974, 49.484303789093325 ], [ 22.571782057786535, 49.48403623617736 ], [ 22.571681986532791, 49.483757611655939 ], [ 22.5716802791714, 49.483754516576887 ] ] ] ] } },
{ "type": "Feature", "properties": { "fid": 734, "cadastral_number": null, "house_number": "17", "owner_uk": "Іван Сташкевич", "type": null, "locality_uk": "Воля Мацькова", "owner_pl": "Iwan Staszkiewicz", "locality_pl": "Wola Maćkowa" }, "geometry": { "type": "MultiPolygon", "coordinates": [ [ [ [ 22.570728903192975, 49.483813894762697 ], [ 22.571305342721491, 49.483636333988919 ], [ 22.571560705567112, 49.483537755345061 ], [ 22.571457982545997, 49.483351540597035 ], [ 22.57135242413176, 49.483335954683916 ], [ 22.571224634629328, 49.483414606000792 ], [ 22.571117022416747, 49.483558799753595 ], [ 22.570942152571309, 49.483585016753928 ], [ 22.570841266122017, 49.48366803716241 ], [ 22.57062061924751, 49.483684577138945 ], [ 22.570726928146161, 49.483810045429664 ], [ 22.570728903192975, 49.483813894762697 ] ] ] ] } },
{ "type": "Feature", "properties": { "fid": 735, "cadastral_number": null, "house_number": "19", "owner_uk": "Міхал Івантейко", "type": null, "locality_uk": "Воля Мацькова", "owner_pl": "Michał Iwanteiko", "locality_pl": "Wola Maćkowa" }, "geometry": { "type": "MultiPolygon", "coordinates": [ [ [ [ 22.583651007329728, 49.481358438532155 ], [ 22.584121659190931, 49.481229190983008 ], [ 22.584103822160809, 49.481198183579899 ], [ 22.583832064761197, 49.480756781303214 ], [ 22.583527955290187, 49.480845062076853 ], [ 22.583230316233461, 49.480420472136075 ], [ 22.583036203805158, 49.480033713738493 ], [ 22.582615626877175, 49.479382103008064 ], [ 22.58236975113466, 49.478928072341425 ], [ 22.582059171249384, 49.478305875331827 ], [ 22.581595746974518, 49.477710666600679 ], [ 22.581521778220431, 49.477777608371206 ], [ 22.581380256569997, 49.477752978169576 ], [ 22.581609213143171, 49.478166538350216 ], [ 22.581932049780907, 49.478760852351968 ], [ 22.582201080312355, 49.47932020011806 ], [ 22.58241630473751, 49.479599871605288 ], [ 22.582752592901819, 49.480098032485607 ], [ 22.582900559694114, 49.48050442313459 ], [ 22.583122509882561, 49.480906440673266 ], [ 22.583304105491287, 49.480858373532591 ], [ 22.583651007329728, 49.481358438532155 ] ] ] ] } },
{ "type": "Feature", "properties": { "fid": 736, "cadastral_number": null, "house_number": "18", "owner_uk": "Стефан Вуйків", "type": null, "locality_uk": "Воля Мацькова", "owner_pl": "Stefan Woyków", "locality_pl": "Wola Maćkowa" }, "geometry": { "type": "MultiPolygon", "coordinates": [ [ [ [ 22.583832064761197, 49.480756781303214 ], [ 22.583903239318239, 49.480664296512487 ], [ 22.583702656475666, 49.480336394483395 ], [ 22.583327372447616, 49.479886576589486 ], [ 22.583055615047989, 49.479424142671668 ], [ 22.582680331019947, 49.478801951964748 ], [ 22.58236975113466, 49.478070447374854 ], [ 22.582111848274845, 49.477528516762106 ], [ 22.58188496943789, 49.477528516762106 ], [ 22.581871517911317, 49.47760717740713 ], [ 22.581710099592446, 49.47760717740713 ], [ 22.581595746974518, 49.477710666600679 ], [ 22.582059171249384, 49.478305875331827 ], [ 22.58236975113466, 49.478928072341425 ], [ 22.582615626877175, 49.479382103008064 ], [ 22.583036203805158, 49.480033713738493 ], [ 22.583230316233461, 49.480420472136075 ], [ 22.583527955290187, 49.480845062076853 ], [ 22.583832064761197, 49.480756781303214 ] ] ] ] } },
{ "type": "Feature", "properties": { "fid": 737, "cadastral_number": null, "house_number": "13", "owner_uk": "Іван Тиркала", "type": null, "locality_uk": "Воля Мацькова", "owner_pl": "Iwan Tyrkala", "locality_pl": "Wola Maćkowa" }, "geometry": { "type": "MultiPolygon", "coordinates": [ [ [ [ 22.585284677857697, 49.482413748162635 ], [ 22.585490108419592, 49.482699972479843 ], [ 22.585664809605063, 49.482693666954439 ], [ 22.586088571491732, 49.483095630432885 ], [ 22.586519020342052, 49.483056304534053 ], [ 22.586606455264775, 49.483143695377457 ], [ 22.586762777416617, 49.483130675107525 ], [ 22.586666106214395, 49.482955345576393 ], [ 22.586595396675271, 49.482857726761374 ], [ 22.586344203104122, 49.482691565112482 ], [ 22.586120973811571, 49.482468769350781 ], [ 22.585989819996428, 49.482383561109479 ], [ 22.585768336233485, 49.482403611908133 ], [ 22.585284677857697, 49.482413748162635 ] ] ] ] } },
{ "type": "Feature", "properties": { "fid": 738, "cadastral_number": null, "house_number": "12", "owner_uk": "Федьо Тиркала", "type": null, "locality_uk": "Воля Мацькова", "owner_pl": "Fedio Tyrkala", "locality_pl": "Wola Maćkowa" }, "geometry": { "type": "MultiPolygon", "coordinates": [ [ [ [ 22.58561176053318, 49.4798554197748 ], [ 22.585085114568933, 49.480106117938263 ], [ 22.585140706048652, 49.480194513117119 ], [ 22.585421945421789, 49.480670760052895 ], [ 22.585972463966051, 49.480492778201295 ], [ 22.585949507833238, 49.480453052187627 ], [ 22.585713337712139, 49.480005337322687 ], [ 22.58561176053318, 49.4798554197748 ] ] ] ] } },
{ "type": "Feature", "properties": { "fid": 740, "cadastral_number": null, "house_number": "3", "owner_uk": "Матвій Роман", "type": null, "locality_uk": "Воля Мацькова", "owner_pl": "Matwiy Roman", "locality_pl": "Wola Maćkowa" }, "geometry": { "type": "MultiPolygon", "coordinates": [ [ [ [ 22.589570658219561, 49.48274493284206 ], [ 22.58939662103916, 49.482425681374266 ], [ 22.589073100325322, 49.481887603937246 ], [ 22.588872517482745, 49.481442004083952 ], [ 22.588736638782937, 49.481147737806801 ], [ 22.588516644697521, 49.48081143132471 ], [ 22.588115479012369, 49.480147219237082 ], [ 22.587850192027023, 49.479693195664183 ], [ 22.587681961255832, 49.479419938706933 ], [ 22.587487848827532, 49.478873420218079 ], [ 22.587235502670737, 49.478482445556821 ], [ 22.586809823024783, 49.477764054044336 ], [ 22.586633358317918, 49.477786348404678 ], [ 22.586400805382358, 49.477793376292311 ], [ 22.586601402071622, 49.478251222514103 ], [ 22.586808455328473, 49.478625382891728 ], [ 22.586989626928226, 49.478957500382585 ], [ 22.587300206813502, 49.479428346636048 ], [ 22.587390792613377, 49.47960070886473 ], [ 22.587546082556024, 49.480046325473538 ], [ 22.587895484926957, 49.480533976738201 ], [ 22.588173712740861, 49.480958565694813 ], [ 22.58832253226922, 49.481303278773616 ], [ 22.588523115111801, 49.481551302536495 ], [ 22.588781931682867, 49.482055753771483 ], [ 22.58901486659683, 49.482505551739848 ], [ 22.58908153615408, 49.482759174499805 ], [ 22.58908153615408, 49.482759174499812 ], [ 22.58935729244881, 49.482850935438115 ], [ 22.589570658219561, 49.48274493284206 ] ] ] ] } },
{ "type": "Feature", "properties": { "fid": 741, "cadastral_number": null, "house_number": "2", "owner_uk": "Іван Баран", "type": null, "locality_uk": "Воля Мацькова", "owner_pl": "Iwan Baran", "locality_pl": "Wola Maćkowa" }, "geometry": { "type": "MultiPolygon", "coordinates": [ [ [ [ 22.588990162444833, 49.481225503986643 ], [ 22.588890311122007, 49.481227610256894 ], [ 22.588781931682863, 49.481004807834125 ], [ 22.588329002683501, 49.480138811431388 ], [ 22.588037834041046, 49.479550261445979 ], [ 22.58781136954136, 49.478768319809454 ], [ 22.58761725711307, 49.478465629372351 ], [ 22.587571964213129, 49.478272242835843 ], [ 22.587267168982944, 49.477803206196903 ], [ 22.586875485796213, 49.477755758280765 ], [ 22.586809823024783, 49.477764054044336 ], [ 22.587235502670737, 49.478482445556821 ], [ 22.587487848827532, 49.478873420218079 ], [ 22.587681961255832, 49.479419938706933 ], [ 22.587850192027023, 49.479693195664183 ], [ 22.588115479012369, 49.480147219237082 ], [ 22.588516644697521, 49.48081143132471 ], [ 22.588736638782937, 49.481147737806801 ], [ 22.588872517482745, 49.481442004083952 ], [ 22.589073100325322, 49.481887603937246 ], [ 22.58939662103916, 49.482425681374266 ], [ 22.589570658219561, 49.48274493284206 ], [ 22.5897003063764, 49.48268052213011 ], [ 22.589559065347395, 49.482466412261417 ], [ 22.589397647028527, 49.48223919260127 ], [ 22.589370743975383, 49.481942057608613 ], [ 22.589229502946374, 49.481570636332222 ], [ 22.58899410123135, 49.48129971550663 ], [ 22.588990162444833, 49.481225503986643 ] ] ] ] } },
{ "type": "Feature", "properties": { "fid": 742, "cadastral_number": null, "house_number": "8", "owner_uk": "Ілько Масний", "type": null, "locality_uk": "Воля Мацькова", "owner_pl": "Ilko Masny", "locality_pl": "Wola Maćkowa" }, "geometry": { "type": "MultiPolygon", "coordinates": [ [ [ [ 22.587944882158716, 49.482794131068012 ], [ 22.587944882158713, 49.482794131068005 ], [ 22.587690049273668, 49.482248074436491 ], [ 22.587327706074181, 49.481562862935483 ], [ 22.586926540389026, 49.481100444847314 ], [ 22.586596549260914, 49.480617003086095 ], [ 22.586383025589775, 49.48013776045557 ], [ 22.586208324404303, 49.47981826276289 ], [ 22.58593009659041, 49.479549210457513 ], [ 22.585988330318902, 49.479523986728097 ], [ 22.585884803690476, 49.47938525598407 ], [ 22.585638927947961, 49.478880777238224 ], [ 22.585535401319536, 49.478607515747676 ], [ 22.585373640962619, 49.478275395883301 ], [ 22.585036341421439, 49.477585212527686 ], [ 22.584972094786231, 49.477594067308402 ], [ 22.584739431674695, 49.47761481636941 ], [ 22.585042032230934, 49.478192365565278 ], [ 22.585236144659245, 49.478667423204961 ], [ 22.585417316258983, 49.47889444027274 ], [ 22.585708484901442, 49.479525037717089 ], [ 22.585766718629934, 49.479630136501697 ], [ 22.585708484901442, 49.479667972008933 ], [ 22.585915538158297, 49.479844537322862 ], [ 22.586012594372448, 49.480021102000187 ], [ 22.586297292600616, 49.48056340381433 ], [ 22.586517286686028, 49.48096697335977 ], [ 22.586795514499926, 49.481349520587386 ], [ 22.587157857699424, 49.481778306235348 ], [ 22.587474907998978, 49.482375236865728 ], [ 22.587729657733561, 49.48290337018279 ], [ 22.587944882158713, 49.482794131068012 ], [ 22.587944882158716, 49.482794131068012 ] ] ] ] } },
{ "type": "Feature", "properties": { "fid": 743, "cadastral_number": null, "house_number": "7", "owner_uk": "Лесько Кавчак", "type": null, "locality_uk": "Воля Мацькова", "owner_pl": "Lesko Kawczak", "locality_pl": "Wola Maćkowa" }, "geometry": { "type": "MultiPolygon", "coordinates": [ [ [ [ 22.588189063405888, 49.482835538997499 ], [ 22.588007099573236, 49.482365778514584 ], [ 22.587722401345061, 49.481886552998958 ], [ 22.587677108445117, 49.481663753574409 ], [ 22.587398880631223, 49.481281208801633 ], [ 22.587178886545818, 49.480982737727622 ], [ 22.586887717903362, 49.480545537377353 ], [ 22.586654782989402, 49.480066294047404 ], [ 22.586357143932673, 49.479532394639342 ], [ 22.586182442747205, 49.479296972578709 ], [ 22.585884803690476, 49.47878408488512 ], [ 22.585794217890601, 49.478393109510634 ], [ 22.585496578833876, 49.477913845115935 ], [ 22.585342158275171, 49.477577010245049 ], [ 22.585194044974678, 49.477563477064386 ], [ 22.585036341421439, 49.477585212527686 ], [ 22.585373640962619, 49.478275395883301 ], [ 22.585535401319536, 49.478607515747676 ], [ 22.585638927947961, 49.478880777238224 ], [ 22.585884803690476, 49.47938525598407 ], [ 22.585988330318902, 49.479523986728097 ], [ 22.58593009659041, 49.479549210457513 ], [ 22.586208324404303, 49.47981826276289 ], [ 22.586383025589775, 49.48013776045557 ], [ 22.586596549260914, 49.480617003086095 ], [ 22.586926540389026, 49.481100444847314 ], [ 22.587327706074181, 49.481562862935483 ], [ 22.587690049273668, 49.482248074436491 ], [ 22.587944882158713, 49.482794131068005 ], [ 22.587944882158716, 49.482794131068012 ], [ 22.588139929294012, 49.482833457177406 ], [ 22.588189063405888, 49.482835538997499 ] ] ] ] } },
{ "type": "Feature", "properties": { "fid": 744, "cadastral_number": null, "house_number": "6", "owner_uk": "Гриць Вуйків", "type": null, "locality_uk": "Воля Мацькова", "owner_pl": "Hryć Woyków", "locality_pl": "Wola Maćkowa" }, "geometry": { "type": "MultiPolygon", "coordinates": [ [ [ [ 22.588351366737605, 49.482842415815348 ], [ 22.58823032886578, 49.482538130404187 ], [ 22.588178565551569, 49.482437241566828 ], [ 22.588201212001536, 49.482250176297512 ], [ 22.587990923537546, 49.48190336800873 ], [ 22.58807503892314, 49.481609104504116 ], [ 22.587945630637602, 49.481384201919063 ], [ 22.587751518209306, 49.481106750577872 ], [ 22.587544464952451, 49.48112356585542 ], [ 22.587259766724273, 49.480640124322484 ], [ 22.587059183881703, 49.48029961046494 ], [ 22.586949186838993, 49.479988521661184 ], [ 22.586735663167868, 49.479538700571823 ], [ 22.586483317011073, 49.479257034795395 ], [ 22.586282734168499, 49.478899695284973 ], [ 22.586153325882961, 49.478559169325209 ], [ 22.586069210497367, 49.478369987213298 ], [ 22.585888038897618, 49.478163988082521 ], [ 22.585627905593046, 49.477603718945929 ], [ 22.585624493824994, 49.477602807374609 ], [ 22.585342158275171, 49.477577010245049 ], [ 22.585496578833876, 49.477913845115935 ], [ 22.585794217890601, 49.478393109510634 ], [ 22.585884803690476, 49.47878408488512 ], [ 22.586182442747205, 49.479296972578709 ], [ 22.586357143932673, 49.479532394639342 ], [ 22.586654782989402, 49.480066294047404 ], [ 22.586887717903362, 49.480545537377353 ], [ 22.587178886545818, 49.480982737727622 ], [ 22.587398880631223, 49.481281208801633 ], [ 22.587677108445117, 49.481663753574409 ], [ 22.587722401345061, 49.481886552998958 ], [ 22.588007099573236, 49.482365778514584 ], [ 22.588189063405888, 49.482835538997499 ], [ 22.588351366737605, 49.482842415815348 ] ] ] ] } },
{ "type": "Feature", "properties": { "fid": 745, "cadastral_number": null, "house_number": "4", "owner_uk": "Іван Стефанів", "type": null, "locality_uk": "Воля Мацькова", "owner_pl": "Iwan Stefanów", "locality_pl": "Wola Maćkowa" }, "geometry": { "type": "MultiPolygon", "coordinates": [ [ [ [ 22.585897970679845, 49.477675876133837 ], [ 22.586046564047393, 49.477970600354851 ], [ 22.586344203104122, 49.478332150703203 ], [ 22.586680664646511, 49.478977469400412 ], [ 22.586787426482079, 49.47910569132106 ], [ 22.586738898375003, 49.479149833216049 ], [ 22.586887717903362, 49.479364236140071 ], [ 22.587107711988775, 49.479713164382012 ], [ 22.587369763766983, 49.480263877391998 ], [ 22.587622109923775, 49.480692672546382 ], [ 22.587893867323391, 49.481085731472824 ], [ 22.587990923537546, 49.481203438344927 ], [ 22.588175330344427, 49.481447258822811 ], [ 22.588304738629965, 49.481745727065451 ], [ 22.588282092179995, 49.481882349245616 ], [ 22.588359737151315, 49.482159796192221 ], [ 22.588495615851123, 49.482409917470925 ], [ 22.588919379402036, 49.482321165700448 ], [ 22.588781931682867, 49.482055753771483 ], [ 22.588523115111801, 49.481551302536495 ], [ 22.58832253226922, 49.481303278773616 ], [ 22.588173712740861, 49.480958565694813 ], [ 22.587895484926957, 49.480533976738201 ], [ 22.587546082556024, 49.480046325473538 ], [ 22.587390792613377, 49.47960070886473 ], [ 22.587300206813502, 49.479428346636048 ], [ 22.586989626928226, 49.478957500382585 ], [ 22.586808455328473, 49.478625382891728 ], [ 22.586601402071622, 49.478251222514103 ], [ 22.586400805382358, 49.477793376292311 ], [ 22.586344150496611, 49.477795088436558 ], [ 22.585897970679845, 49.477675876133837 ] ] ] ] } },
{ "type": "Feature", "properties": { "fid": 746, "cadastral_number": null, "house_number": "18", "owner_uk": "Стефан Вуйків", "type": null, "locality_uk": "Воля Мацькова", "owner_pl": "Stefan Woyków", "locality_pl": "Wola Maćkowa" }, "geometry": { "type": "MultiPolygon", "coordinates": [ [ [ [ 22.584174488845154, 49.481647571161218 ], [ 22.584477488585296, 49.482243870714143 ], [ 22.584758951606332, 49.482596982129948 ], [ 22.585072766698751, 49.483000534915639 ], [ 22.585292760784164, 49.483261160988782 ], [ 22.585430038977712, 49.483406601704679 ], [ 22.585489978559274, 49.483405866971822 ], [ 22.585765734854, 49.483362171803584 ], [ 22.585974233515874, 49.483405866971822 ], [ 22.585786129872758, 49.483308451861461 ], [ 22.585397905016155, 49.482904901613537 ], [ 22.585009680159551, 49.482450903609063 ], [ 22.584770274831307, 49.482160847124661 ], [ 22.584660277788611, 49.481971678926548 ], [ 22.584351375433531, 49.481623542061655 ], [ 22.584174488845154, 49.481647571161218 ] ] ] ] } },
{ "type": "Feature", "properties": { "fid": 747, "cadastral_number": null, "house_number": "18", "owner_uk": "Стефан Вуйків", "type": null, "locality_uk": "Воля Мацькова", "owner_pl": "Stefan Woyków", "locality_pl": "Wola Maćkowa" }, "geometry": { "type": "MultiPolygon", "coordinates": [ [ [ [ 22.584121659190931, 49.481229190983008 ], [ 22.583651007329728, 49.481358438532155 ], [ 22.5837345543416, 49.481478872994664 ], [ 22.583872923432025, 49.481736578295198 ], [ 22.584163673492874, 49.481649040369142 ], [ 22.584351375433531, 49.481623542061655 ], [ 22.584343227489054, 49.481614359225077 ], [ 22.584121659190931, 49.481229190983008 ] ] ] ] } },
{ "type": "Feature", "properties": { "fid": 748, "cadastral_number": null, "house_number": "19", "owner_uk": "Міхал Івантейко", "type": null, "locality_uk": "Воля Мацькова", "owner_pl": "Michał Iwanteiko", "locality_pl": "Wola Maćkowa" }, "geometry": { "type": "MultiPolygon", "coordinates": [ [ [ [ 22.585430038977712, 49.483406601704679 ], [ 22.585292760784164, 49.483261160988782 ], [ 22.585072766698751, 49.483000534915639 ], [ 22.584758951606332, 49.482596982129948 ], [ 22.584477488585296, 49.482243870714143 ], [ 22.584174488845154, 49.481647571161218 ], [ 22.584163673492874, 49.481649040369142 ], [ 22.583872923432025, 49.481736578295198 ], [ 22.583936327240185, 49.481854664620592 ], [ 22.584165003191909, 49.482164909022174 ], [ 22.584238986588051, 49.482409607445248 ], [ 22.584360050327209, 49.482540695383172 ], [ 22.584555097462506, 49.482864044129578 ], [ 22.584703064254803, 49.482964543980643 ], [ 22.584931740206528, 49.483161173527442 ], [ 22.585133513105102, 49.483410236486506 ], [ 22.585430038977712, 49.483406601704679 ] ] ] ] } },
{ "type": "Feature", "properties": { "fid": 749, "cadastral_number": null, "house_number": "14", "owner_uk": "Андрій Роман", "type": null, "locality_uk": "Воля Мацькова", "owner_pl": "Andrzej Roman", "locality_pl": "Wola Maćkowa" }, "geometry": { "type": "MultiPolygon", "coordinates": [ [ [ [ 22.584827712918351, 49.481423478974897 ], [ 22.585173058120024, 49.48136738673098 ], [ 22.585315407234116, 49.481598595060504 ], [ 22.58498255765678, 49.481640975636033 ], [ 22.585072766698747, 49.481768847768855 ], [ 22.585156882084341, 49.481735217651163 ], [ 22.585325112855532, 49.481922284887766 ], [ 22.585545106940948, 49.482073619657392 ], [ 22.585716572919274, 49.482142981270485 ], [ 22.585871862861921, 49.482306926510866 ], [ 22.586120973811571, 49.482468769350781 ], [ 22.586344203104122, 49.482691565112482 ], [ 22.586595396675271, 49.482857726761374 ], [ 22.586510816271751, 49.482740958375267 ], [ 22.586361996743388, 49.482354218305161 ], [ 22.586245529286401, 49.482097791139815 ], [ 22.58584436360125, 49.481685823373965 ], [ 22.585566135787353, 49.481366335781573 ], [ 22.585171440516472, 49.480870285125796 ], [ 22.585107131512462, 49.480767377803772 ], [ 22.584490429413844, 49.480955412820045 ], [ 22.584827712918351, 49.481423478974897 ] ] ] ] } },
{ "type": "Feature", "properties": { "fid": 750, "cadastral_number": null, "house_number": "17", "owner_uk": "Юрко Тиркала", "type": null, "locality_uk": "Воля Мацькова", "owner_pl": "Jurko Tyrkala", "locality_pl": "Wola Maćkowa" }, "geometry": { "type": "MultiPolygon", "coordinates": [ [ [ [ 22.582373147080936, 49.478078445801046 ], [ 22.582979542012051, 49.477966307659642 ], [ 22.582802437579389, 49.477622688569078 ], [ 22.582772770191664, 49.477633397594055 ], [ 22.582335595578055, 49.477528516762106 ], [ 22.582111848274845, 49.477528516762106 ], [ 22.58236975113466, 49.478070447374854 ], [ 22.582373147080936, 49.478078445801046 ] ] ] ] } },
{ "type": "Feature", "properties": { "fid": 751, "cadastral_number": null, "house_number": "17", "owner_uk": "Іван Сташкевич", "type": null, "locality_uk": "Воля Мацькова", "owner_pl": "Iwan Staszkiewicz", "locality_pl": "Wola Maćkowa" }, "geometry": { "type": "MultiPolygon", "coordinates": [ [ [ [ 22.582522114705483, 49.478429307225959 ], [ 22.58308311430865, 49.478296416194596 ], [ 22.582979587680228, 49.477966396265316 ], [ 22.582979542012051, 49.477966307659642 ], [ 22.582373147080936, 49.478078445801046 ], [ 22.582522114705483, 49.478429307225959 ] ] ] ] } },
{ "type": "Feature", "properties": { "fid": 752, "cadastral_number": null, "house_number": "14", "owner_uk": "Андрій Роман", "type": null, "locality_uk": "Воля Мацькова", "owner_pl": "Andrzej Roman", "locality_pl": "Wola Maćkowa" }, "geometry": { "type": "MultiPolygon", "coordinates": [ [ [ [ 22.58308311430865, 49.478296416194596 ], [ 22.583083114308653, 49.478296416194596 ], [ 22.583684514004219, 49.478184534320455 ], [ 22.583592659432956, 49.477990569775159 ], [ 22.583608268648582, 49.477649123206085 ], [ 22.583391540413992, 49.47760717740713 ], [ 22.58295436580039, 49.477567847100424 ], [ 22.582802437579389, 49.477622688569078 ], [ 22.582979587680228, 49.477966396265316 ], [ 22.58308311430865, 49.478296416194596 ] ] ] ] } },
{ "type": "Feature", "properties": { "fid": 753, "cadastral_number": null, "house_number": "16", "owner_uk": "Федьо Кавчак", "type": null, "locality_uk": "Воля Мацькова", "owner_pl": "Fedio Kawczak", "locality_pl": "Wola Maćkowa" }, "geometry": { "type": "MultiPolygon", "coordinates": [ [ [ [ 22.582646800550311, 49.47872297810455 ], [ 22.583202311440484, 49.478597071287432 ], [ 22.58319958176563, 49.47859280162411 ], [ 22.583083114308653, 49.478296416194603 ], [ 22.58308311430865, 49.478296416194596 ], [ 22.582522114705483, 49.478429307225959 ], [ 22.582646800550311, 49.47872297810455 ] ] ] ] } },
{ "type": "Feature", "properties": { "fid": 754, "cadastral_number": null, "house_number": "15", "owner_uk": "Іван Приходняк", "type": null, "locality_uk": "Воля Мацькова", "owner_pl": "Iwan Przychodniak", "locality_pl": "Wola Maćkowa" }, "geometry": { "type": "MultiPolygon", "coordinates": [ [ [ [ 22.58280276200821, 49.479004932687197 ], [ 22.583373447116234, 49.47886475581268 ], [ 22.583202311440484, 49.478597071287432 ], [ 22.582646800550311, 49.47872297810455 ], [ 22.582680331019947, 49.478801951964748 ], [ 22.58280276200821, 49.479004932687197 ] ] ] ] } },
{ "type": "Feature", "properties": { "fid": 755, "cadastral_number": null, "house_number": "16", "owner_uk": "Федьо Кавчак", "type": null, "locality_uk": "Воля Мацькова", "owner_pl": "Fedio Kawczak", "locality_pl": "Wola Maćkowa" }, "geometry": { "type": "MultiPolygon", "coordinates": [ [ [ [ 22.583329194057114, 49.478795536702933 ], [ 22.583547366533018, 49.478760962772292 ], [ 22.583536043308033, 49.478681086298892 ], [ 22.583875291210141, 49.478571737235917 ], [ 22.583870887246853, 49.478562322354215 ], [ 22.583747949375596, 49.478318487511856 ], [ 22.583684514004219, 49.478184534320455 ], [ 22.583083114308653, 49.478296416194596 ], [ 22.58308311430865, 49.478296416194596 ], [ 22.583083114308653, 49.478296416194603 ], [ 22.58319958176563, 49.47859280162411 ], [ 22.583329194057114, 49.478795536702933 ] ] ] ] } },
{ "type": "Feature", "properties": { "fid": 756, "cadastral_number": null, "house_number": "17", "owner_uk": "Юрко Тиркала", "type": null, "locality_uk": "Воля Мацькова", "owner_pl": "Jurko Tyrkala", "locality_pl": "Wola Maćkowa" }, "geometry": { "type": "MultiPolygon", "coordinates": [ [ [ [ 22.583049340914346, 49.479413740663176 ], [ 22.583540365878374, 49.479272257840904 ], [ 22.583506926443778, 49.479212892997012 ], [ 22.583374282951102, 49.478866063196769 ], [ 22.583373447116234, 49.47886475581268 ], [ 22.58280276200821, 49.479004932687197 ], [ 22.583049340914346, 49.479413740663176 ] ] ] ] } },
{ "type": "Feature", "properties": { "fid": 757, "cadastral_number": null, "house_number": "17", "owner_uk": "Іван Сташкевич", "type": null, "locality_uk": "Воля Мацькова", "owner_pl": "Iwan Staszkiewicz", "locality_pl": "Wola Maćkowa" }, "geometry": { "type": "MultiPolygon", "coordinates": [ [ [ [ 22.583292795884336, 49.479827739642843 ], [ 22.58377661174195, 49.479685853752919 ], [ 22.583736626150603, 49.479620677620268 ], [ 22.583540365878374, 49.479272257840904 ], [ 22.583049340914346, 49.479413740663176 ], [ 22.583055615047989, 49.479424142671668 ], [ 22.583292795884336, 49.479827739642843 ] ] ] ] } },
{ "type": "Feature", "properties": { "fid": 758, "cadastral_number": null, "house_number": "14", "owner_uk": "Андрій Роман", "type": null, "locality_uk": "Воля Мацькова", "owner_pl": "Andrzej Roman", "locality_pl": "Wola Maćkowa" }, "geometry": { "type": "MultiPolygon", "coordinates": [ [ [ [ 22.58377661174195, 49.479685853752919 ], [ 22.584337091266281, 49.479521485151011 ], [ 22.584336757074773, 49.479520833761015 ], [ 22.584071470089427, 49.478991132407963 ], [ 22.583946511964935, 49.478723994404575 ], [ 22.583373447116234, 49.47886475581268 ], [ 22.583374282951102, 49.478866063196769 ], [ 22.583506926443778, 49.479212892997012 ], [ 22.583736626150603, 49.479620677620268 ], [ 22.58377661174195, 49.479685853752919 ] ] ] ] } },
{ "type": "Feature", "properties": { "fid": 759, "cadastral_number": null, "house_number": "16", "owner_uk": "Федьо Кавчак", "type": null, "locality_uk": "Воля Мацькова", "owner_pl": "Fedio Kawczak", "locality_pl": "Wola Maćkowa" }, "geometry": { "type": "MultiPolygon", "coordinates": [ [ [ [ 22.583507759604608, 49.480102789817288 ], [ 22.583939176034821, 49.479936634355035 ], [ 22.583921032957488, 49.479921258957248 ], [ 22.58377661174195, 49.479685853752919 ], [ 22.583292795884336, 49.479827739642843 ], [ 22.583327372447616, 49.479886576589486 ], [ 22.583507759604608, 49.480102789817288 ] ] ] ] } },
{ "type": "Feature", "properties": { "fid": 760, "cadastral_number": null, "house_number": "16", "owner_uk": "Федьо Кавчак", "type": null, "locality_uk": "Воля Мацькова", "owner_pl": "Fedio Kawczak", "locality_pl": "Wola Maćkowa" }, "geometry": { "type": "MultiPolygon", "coordinates": [ [ [ [ 22.58407549659605, 49.480057155226305 ], [ 22.584522989066993, 49.479883828195753 ], [ 22.584337091266281, 49.479521485151011 ], [ 22.58377661174195, 49.479685853752919 ], [ 22.583921032957488, 49.479921258957248 ], [ 22.58406985248585, 49.480047376451274 ], [ 22.58407549659605, 49.480057155226305 ] ] ] ] } },
{ "type": "Feature", "properties": { "fid": 761, "cadastral_number": null, "house_number": "15", "owner_uk": "Іван Приходняк", "type": null, "locality_uk": "Воля Мацькова", "owner_pl": "Iwan Przychodniak", "locality_pl": "Wola Maćkowa" }, "geometry": { "type": "MultiPolygon", "coordinates": [ [ [ [ 22.583903239318239, 49.480664296512487 ], [ 22.584291679762099, 49.480460060706456 ], [ 22.584225142428487, 49.480316426019627 ], [ 22.58406985248585, 49.480047376451274 ], [ 22.583939176034821, 49.479936634355035 ], [ 22.583507759604608, 49.480102789817288 ], [ 22.583702656475666, 49.480336394483395 ], [ 22.583903239318239, 49.480664296512487 ] ] ] ] } },
{ "type": "Feature", "properties": { "fid": 762, "cadastral_number": null, "house_number": "9", "owner_uk": "Юрко Роман", "type": null, "locality_uk": "Воля Мацькова", "owner_pl": "Jurko Roman", "locality_pl": "Wola Maćkowa" }, "geometry": { "type": "MultiPolygon", "coordinates": [ [ [ [ 22.584291679762099, 49.480460060706456 ], [ 22.58480081036085, 49.480281135362894 ], [ 22.584530869503084, 49.479899188362445 ], [ 22.584522989066993, 49.479883828195753 ], [ 22.58407549659605, 49.480057155226305 ], [ 22.584225142428487, 49.480316426019627 ], [ 22.584291679762099, 49.480460060706456 ] ] ] ] } },
{ "type": "Feature", "properties": { "fid": 763, "cadastral_number": null, "house_number": "16", "owner_uk": "Федьо Кавчак", "type": null, "locality_uk": "Воля Мацькова", "owner_pl": "Fedio Kawczak", "locality_pl": "Wola Maćkowa" }, "geometry": { "type": "MultiPolygon", "coordinates": [ [ [ [ 22.584402955797007, 49.480673483091365 ], [ 22.584948112976519, 49.480512916209491 ], [ 22.584822038145532, 49.48031117115945 ], [ 22.58480081036085, 49.480281135362894 ], [ 22.584291679762099, 49.480460060706456 ], [ 22.584325433849784, 49.480532925770831 ], [ 22.584402955797007, 49.480673483091365 ] ] ] ] } },
{ "type": "Feature", "properties": { "fid": 764, "cadastral_number": null, "house_number": "17", "owner_uk": "Юрко Тиркала", "type": null, "locality_uk": "Воля Мацькова", "owner_pl": "Jurko Tyrkala", "locality_pl": "Wola Maćkowa" }, "geometry": { "type": "MultiPolygon", "coordinates": [ [ [ [ 22.58398783063226, 49.481009784202918 ], [ 22.584089263728679, 49.480894457202155 ], [ 22.584460594486579, 49.480777989493184 ], [ 22.584325433849784, 49.480532925770831 ], [ 22.584291679762099, 49.480460060706456 ], [ 22.583903239318239, 49.480664296512487 ], [ 22.583832064761197, 49.480756781303214 ], [ 22.58398783063226, 49.481009784202918 ] ] ] ] } },
{ "type": "Feature", "properties": { "fid": 765, "cadastral_number": null, "house_number": "17", "owner_uk": "Іван Сташкевич", "type": null, "locality_uk": "Воля Мацькова", "owner_pl": "Iwan Staszkiewicz", "locality_pl": "Wola Maćkowa" }, "geometry": { "type": "MultiPolygon", "coordinates": [ [ [ [ 22.58408337761507, 49.481164976502384 ], [ 22.58455464932311, 49.4810445341841 ], [ 22.584490429413844, 49.480955412820045 ], [ 22.584464547756731, 49.480785157283464 ], [ 22.584460594486579, 49.480777989493184 ], [ 22.584089263728679, 49.480894457202155 ], [ 22.58398783063226, 49.481009784202918 ], [ 22.58408337761507, 49.481164976502384 ] ] ] ] } },
{ "type": "Feature", "properties": { "fid": 766, "cadastral_number": null, "house_number": "9", "owner_uk": "Юрко Роман", "type": null, "locality_uk": "Воля Мацькова", "owner_pl": "Jurko Roman", "locality_pl": "Wola Maćkowa" }, "geometry": { "type": "MultiPolygon", "coordinates": [ [ [ [ 22.584490429413844, 49.480955412820045 ], [ 22.585107131512462, 49.480767377803772 ], [ 22.584948112976519, 49.480512916209491 ], [ 22.584402955797007, 49.480673483091365 ], [ 22.584464547756731, 49.480785157283464 ], [ 22.584490429413844, 49.480955412820045 ] ] ] ] } },
{ "type": "Feature", "properties": { "fid": 768, "cadastral_number": null, "house_number": "17", "owner_uk": "Іван Сташкевич", "type": null, "locality_uk": "Воля Мацькова", "owner_pl": "Iwan Staszkiewicz", "locality_pl": "Wola Maćkowa" }, "geometry": { "type": "MultiPolygon", "coordinates": [ [ [ [ 22.585220612587637, 49.481806083932369 ], [ 22.584664310930904, 49.48197861495175 ], [ 22.584770274831307, 49.482160847124661 ], [ 22.584777664575057, 49.48216980032177 ], [ 22.585266879127037, 49.482092536470709 ], [ 22.585529474592565, 49.482062866105373 ], [ 22.585325112855532, 49.481922284887766 ], [ 22.585220612587637, 49.481806083932369 ] ] ] ] } },
{ "type": "Feature", "properties": { "fid": 769, "cadastral_number": null, "house_number": "15", "owner_uk": "Іван Приходняк", "type": null, "locality_uk": "Воля Мацькова", "owner_pl": "Iwan Przychodniak", "locality_pl": "Wola Maćkowa" }, "geometry": { "type": "MultiPolygon", "coordinates": [ [ [ [ 22.585013428275545, 49.482455286731764 ], [ 22.585266879127037, 49.482414121178948 ], [ 22.585768336233485, 49.482403611908133 ], [ 22.585989819996428, 49.482383561109479 ], [ 22.585871862861921, 49.482306926510866 ], [ 22.585716572919274, 49.482142981270485 ], [ 22.585545106940948, 49.482073619657392 ], [ 22.585529474592565, 49.482062866105373 ], [ 22.585266879127037, 49.482092536470709 ], [ 22.584777664575057, 49.48216980032177 ], [ 22.585009680159551, 49.482450903609063 ], [ 22.585013428275545, 49.482455286731764 ] ] ] ] } },
{ "type": "Feature", "properties": { "fid": 770, "cadastral_number": null, "house_number": "17", "owner_uk": "Юрко Тиркала", "type": null, "locality_uk": "Воля Мацькова", "owner_pl": "Jurko Tyrkala", "locality_pl": "Wola Maćkowa" }, "geometry": { "type": "MultiPolygon", "coordinates": [ [ [ [ 22.585220612587637, 49.481806083932369 ], [ 22.585156882084341, 49.481735217651163 ], [ 22.585072766698747, 49.481768847768855 ], [ 22.584671594694822, 49.481680552239574 ], [ 22.584519546278074, 49.481493500500612 ], [ 22.584318278809842, 49.481570989126581 ], [ 22.584343227489054, 49.481614359225077 ], [ 22.584351375433531, 49.481623542061655 ], [ 22.584660277788611, 49.481971678926548 ], [ 22.584664310930904, 49.48197861495175 ], [ 22.585220612587637, 49.481806083932369 ] ] ] ] } },
{ "type": "Feature", "properties": { "fid": 771, "cadastral_number": null, "house_number": "16", "owner_uk": "Федьо Кавчак", "type": null, "locality_uk": "Воля Мацькова", "owner_pl": "Fedio Kawczak", "locality_pl": "Wola Maćkowa" }, "geometry": { "type": "MultiPolygon", "coordinates": [ [ [ [ 22.584944793547422, 49.481587444669493 ], [ 22.585247543735072, 49.481488368830085 ], [ 22.585173058120024, 49.48136738673098 ], [ 22.584827712918351, 49.481423478974897 ], [ 22.584894830306137, 49.481516621323117 ], [ 22.584944793547422, 49.481587444669493 ] ] ] ] } },
{ "type": "Feature", "properties": { "fid": 773, "cadastral_number": null, "house_number": "9", "owner_uk": "Юрко Роман", "type": null, "locality_uk": "Воля Мацькова", "owner_pl": "Jurko Roman", "locality_pl": "Wola Maćkowa" }, "geometry": { "type": "MultiPolygon", "coordinates": [ [ [ [ 22.585247543735072, 49.481488368830085 ], [ 22.584944793547422, 49.481587444669493 ], [ 22.58498255765678, 49.481640975636033 ], [ 22.585315407234116, 49.481598595060504 ], [ 22.585247543735072, 49.481488368830085 ] ] ] ] } },
{ "type": "Feature", "properties": { "fid": 775, "cadastral_number": null, "house_number": "11", "owner_uk": "Міхал Мочарський", "type": null, "locality_uk": "Воля Мацькова", "owner_pl": "Michał Moczarski", "locality_pl": "Wola Maćkowa" }, "geometry": { "type": "MultiPolygon", "coordinates": [ [ [ [ 22.584146554214122, 49.477625581586736 ], [ 22.584160438285735, 49.477722558455824 ], [ 22.584306022606963, 49.478063090232901 ], [ 22.584454842135322, 49.478346864905014 ], [ 22.584626308113652, 49.478748350706248 ], [ 22.584926104991197, 49.478665813736633 ], [ 22.584736305156358, 49.478271191819907 ], [ 22.58452278148523, 49.477857089811195 ], [ 22.584442738087485, 49.477608296005947 ], [ 22.584380227617057, 49.477602807374609 ], [ 22.584146554214122, 49.477625581586736 ] ] ] ] } },
{ "type": "Feature", "properties": { "fid": 776, "cadastral_number": null, "house_number": "13", "owner_uk": "Іван Тиркала", "type": null, "locality_uk": "Воля Мацькова", "owner_pl": "Iwan Tyrkala", "locality_pl": "Wola Maćkowa" }, "geometry": { "type": "MultiPolygon", "coordinates": [ [ [ [ 22.585578774751472, 49.481380849040185 ], [ 22.585803923512021, 49.481316941132171 ], [ 22.585810393926295, 49.481220253589228 ], [ 22.585778041854912, 49.481178215467537 ], [ 22.585444815519661, 49.480709487966095 ], [ 22.585140706048652, 49.480194513117119 ], [ 22.585017768177394, 49.479999031450276 ], [ 22.584788068470573, 49.479469335269734 ], [ 22.58469424746356, 49.47934321628702 ], [ 22.584393373199692, 49.478876573226785 ], [ 22.584205731185669, 49.478554965286172 ], [ 22.583956620236016, 49.477882314399181 ], [ 22.583892203363188, 49.477650371058537 ], [ 22.583707651288435, 49.47766835782145 ], [ 22.583608268648582, 49.477649123206085 ], [ 22.583592659432956, 49.477990569775159 ], [ 22.583747949375596, 49.478318487511856 ], [ 22.583870887246853, 49.478562322354215 ], [ 22.584071470089427, 49.478991132407963 ], [ 22.584336757074773, 49.479520833761015 ], [ 22.584530869503084, 49.479899188362445 ], [ 22.584822038145532, 49.48031117115945 ], [ 22.585171440516472, 49.480870285125796 ], [ 22.585566135787353, 49.481366335781573 ], [ 22.585578774751472, 49.481380849040185 ] ] ] ] } },
{ "type": "Feature", "properties": { "fid": 777, "cadastral_number": null, "house_number": "13", "owner_uk": "Іван Тиркала", "type": null, "locality_uk": "Воля Мацькова", "owner_pl": "Iwan Tyrkala", "locality_pl": "Wola Maćkowa" }, "geometry": { "type": "MultiPolygon", "coordinates": [ [ [ [ 22.586522154999059, 49.481485853380924 ], [ 22.585846403106896, 49.481687917796833 ], [ 22.586245529286401, 49.482097791139815 ], [ 22.586247143838893, 49.48210134591065 ], [ 22.586792303441413, 49.481969332328717 ], [ 22.586758309617835, 49.48183610793496 ], [ 22.586590078846637, 49.481630123384463 ], [ 22.586522154999059, 49.481485853380924 ] ] ] ] } },
{ "type": "Feature", "properties": { "fid": 778, "cadastral_number": null, "house_number": "11", "owner_uk": "Міхал Мочарський", "type": null, "locality_uk": "Воля Мацькова", "owner_pl": "Michał Moczarski", "locality_pl": "Wola Maćkowa" }, "geometry": { "type": "MultiPolygon", "coordinates": [ [ [ [ 22.585972463966051, 49.480492778201295 ], [ 22.585421945421789, 49.480670760052895 ], [ 22.585444815519661, 49.480709487966095 ], [ 22.585778041854912, 49.481178215467537 ], [ 22.585810393926288, 49.481220253589221 ], [ 22.585810393926295, 49.481220253589221 ], [ 22.586316813102044, 49.481078176908042 ], [ 22.586295674997036, 49.481052100885918 ], [ 22.585972463966051, 49.480492778201295 ] ] ] ] } },
{ "type": "Feature", "properties": { "fid": 779, "cadastral_number": null, "house_number": "12", "owner_uk": "Федьо Тиркала", "type": null, "locality_uk": "Воля Мацькова", "owner_pl": "Fedio Tyrkala", "locality_pl": "Wola Maćkowa" }, "geometry": { "type": "MultiPolygon", "coordinates": [ [ [ [ 22.584775366478212, 49.479452260603772 ], [ 22.585275218535703, 49.479222338471772 ], [ 22.585228056641387, 49.479116201299639 ], [ 22.585131000427236, 49.478897593280116 ], [ 22.584930417584662, 49.478674780256021 ], [ 22.584926104991197, 49.478665813736633 ], [ 22.584626308113652, 49.478748350706248 ], [ 22.584454842135322, 49.478346864905014 ], [ 22.584306022606963, 49.478063090232901 ], [ 22.584160438285735, 49.477722558455824 ], [ 22.584146554214122, 49.477625581586736 ], [ 22.583892203363188, 49.477650371058537 ], [ 22.583956620236016, 49.477882314399181 ], [ 22.584205731185669, 49.478554965286172 ], [ 22.584393373199692, 49.478876573226785 ], [ 22.58469424746356, 49.47934321628702 ], [ 22.584775366478212, 49.479452260603772 ] ] ] ] } },
{ "type": "Feature", "properties": { "fid": 780, "cadastral_number": null, "house_number": "11", "owner_uk": "Міхал Мочарський", "type": null, "locality_uk": "Воля Мацькова", "owner_pl": "Michał Moczarski", "locality_pl": "Wola Maćkowa" }, "geometry": { "type": "MultiPolygon", "coordinates": [ [ [ [ 22.585085114568933, 49.480106117938263 ], [ 22.58561176053318, 49.4798554197748 ], [ 22.585451285933928, 49.479618575646391 ], [ 22.585275218535703, 49.479222338471772 ], [ 22.584775366478212, 49.479452260603772 ], [ 22.584788068470573, 49.479469335269734 ], [ 22.585017768177394, 49.479999031450276 ], [ 22.585085114568933, 49.480106117938263 ] ] ] ] } },
{ "type": "Feature", "properties": { "fid": 781, "cadastral_number": null, "house_number": "11", "owner_uk": "Міхал Мочарський", "type": null, "locality_uk": "Воля Мацькова", "owner_pl": "Michał Moczarski", "locality_pl": "Wola Maćkowa" }, "geometry": { "type": "MultiPolygon", "coordinates": [ [ [ [ 22.586208531599901, 49.481108555450547 ], [ 22.586505963461043, 49.481451462613464 ], [ 22.586590078846637, 49.481630123384463 ], [ 22.586758309617835, 49.48183610793496 ], [ 22.586858601039122, 49.4822291576832 ], [ 22.586984774117518, 49.482552843342219 ], [ 22.587044410191634, 49.482872903967646 ], [ 22.587057081404939, 49.482868413692586 ], [ 22.587268492480927, 49.482868413692586 ], [ 22.587191827374358, 49.482599083975984 ], [ 22.587013890981748, 49.481859228595731 ], [ 22.586551256360963, 49.481367386730973 ], [ 22.586316813102044, 49.481078176908042 ], [ 22.586208531599901, 49.481108555450547 ] ] ] ] } },
{ "type": "Feature", "properties": { "fid": 782, "cadastral_number": null, "house_number": "13", "owner_uk": "Іван Тиркала", "type": null, "locality_uk": "Воля Мацькова", "owner_pl": "Iwan Tyrkala", "locality_pl": "Wola Maćkowa" }, "geometry": { "type": "MultiPolygon", "coordinates": [ [ [ [ 22.58696333920177, 49.482497853998069 ], [ 22.586436975351315, 49.48254906660501 ], [ 22.586510816271751, 49.482740958375267 ], [ 22.586666106214395, 49.482955345576393 ], [ 22.586762777416617, 49.483130675107525 ], [ 22.586868760032928, 49.483121847681232 ], [ 22.586909114612645, 49.482920848418544 ], [ 22.587044410191634, 49.482872903967646 ], [ 22.586984774117518, 49.482552843342219 ], [ 22.58696333920177, 49.482497853998069 ] ] ] ] } },
{ "type": "Feature", "properties": { "fid": 783, "cadastral_number": null, "house_number": "12", "owner_uk": "Федьо Тиркала", "type": null, "locality_uk": "Воля Мацькова", "owner_pl": "Fedio Tyrkala", "locality_pl": "Wola Maćkowa" }, "geometry": { "type": "MultiPolygon", "coordinates": [ [ [ [ 22.586792303441413, 49.481969332328717 ], [ 22.586247143838893, 49.48210134591065 ], [ 22.586361996743388, 49.482354218305161 ], [ 22.586436975351315, 49.48254906660501 ], [ 22.58696333920177, 49.482497853998069 ], [ 22.586858601039122, 49.4822291576832 ], [ 22.586792303441413, 49.481969332328717 ] ] ] ] } },
{ "type": "Feature", "properties": { "fid": 784, "cadastral_number": null, "house_number": "12", "owner_uk": "Федьо Тиркала", "type": null, "locality_uk": "Воля Мацькова", "owner_pl": "Fedio Tyrkala", "locality_pl": "Wola Maćkowa" }, "geometry": { "type": "MultiPolygon", "coordinates": [ [ [ [ 22.585846403106896, 49.481687917796833 ], [ 22.586522154999059, 49.481485853380924 ], [ 22.586505963461043, 49.481451462613464 ], [ 22.586208531599901, 49.481108555450547 ], [ 22.585810393926295, 49.481220253589221 ], [ 22.585810393926288, 49.481220253589221 ], [ 22.585810393926295, 49.481220253589228 ], [ 22.585803923512021, 49.481316941132171 ], [ 22.585578774751472, 49.481380849040185 ], [ 22.58584436360125, 49.481685823373965 ], [ 22.585846403106896, 49.481687917796833 ] ] ] ] } },
{ "type": "Feature", "properties": { "fid": 786, "cadastral_number": null, "house_number": "17", "owner_uk": "Іван Сташкевич", "type": null, "locality_uk": "Воля Мацькова", "owner_pl": "Iwan Staszkiewicz", "locality_pl": "Wola Maćkowa" }, "geometry": { "type": "MultiPolygon", "coordinates": [ [ [ [ 22.585153589949613, 49.482432521636433 ], [ 22.585364838923791, 49.482669087301609 ], [ 22.585694830051608, 49.482994871881239 ], [ 22.586064287045097, 49.483330907407371 ], [ 22.586189457941025, 49.483226716534219 ], [ 22.586088571491732, 49.483095630432885 ], [ 22.585664809605063, 49.482693666954439 ], [ 22.585490108419592, 49.482699972479843 ], [ 22.585284677857697, 49.482413748162635 ], [ 22.585266879127037, 49.482414121178948 ], [ 22.585153589949613, 49.482432521636433 ] ] ] ] } },
{ "type": "Feature", "properties": { "fid": 787, "cadastral_number": null, "house_number": "9", "owner_uk": "Юрко Роман", "type": null, "locality_uk": "Воля Мацькова", "owner_pl": "Jurko Roman", "locality_pl": "Wola Maćkowa" }, "geometry": { "type": "MultiPolygon", "coordinates": [ [ [ [ 22.583875291210141, 49.478571737235917 ], [ 22.583536043308033, 49.478681086298892 ], [ 22.583547366533018, 49.478760962772292 ], [ 22.583329194057114, 49.478795536702933 ], [ 22.583373447116234, 49.47886475581268 ], [ 22.583946511964935, 49.478723994404575 ], [ 22.583875291210141, 49.478571737235917 ] ] ] ] } },
{ "type": "Feature", "properties": { "fid": 788, "cadastral_number": null, "house_number": "15", "owner_uk": "Іван Приходняк", "type": null, "locality_uk": "Воля Мацькова", "owner_pl": "Iwan Przychodniak", "locality_pl": "Wola Maćkowa" }, "geometry": { "type": "MultiPolygon", "coordinates": [ [ [ [ 22.584827712918351, 49.481423478974897 ], [ 22.58455464932311, 49.4810445341841 ], [ 22.584083377615073, 49.481164976502384 ], [ 22.584103822160809, 49.481198183579899 ], [ 22.584318278809842, 49.481570989126581 ], [ 22.584519546278074, 49.481493500500612 ], [ 22.584671594694822, 49.481680552239574 ], [ 22.585072766698747, 49.481768847768855 ], [ 22.58498255765678, 49.481640975636033 ], [ 22.584944793547422, 49.481587444669493 ], [ 22.584894830306137, 49.481516621323117 ], [ 22.584827712918351, 49.481423478974897 ] ] ] ] } },
{ "type": "Feature", "properties": { "fid": 789, "cadastral_number": null, "house_number": "10", "owner_uk": "Іван Василишин", "type": null, "locality_uk": "Воля Мацькова", "owner_pl": "Iwan Wasylyszyn", "locality_pl": "Wola Maćkowa" }, "geometry": { "type": "MultiPolygon", "coordinates": [ [ [ [ 22.587729657733561, 49.48290337018279 ], [ 22.587474907998978, 49.482375236865728 ], [ 22.587157857699424, 49.481778306235348 ], [ 22.586795514499926, 49.481349520587386 ], [ 22.586517286686028, 49.48096697335977 ], [ 22.586297292600616, 49.48056340381433 ], [ 22.586012594372448, 49.480021102000187 ], [ 22.585915538158297, 49.479844537322862 ], [ 22.585708484901442, 49.479667972008933 ], [ 22.585766718629934, 49.479630136501697 ], [ 22.585708484901442, 49.479525037717089 ], [ 22.585417316258983, 49.47889444027274 ], [ 22.585236144659245, 49.478667423204961 ], [ 22.585042032230934, 49.478192365565278 ], [ 22.584739431674695, 49.47761481636941 ], [ 22.584629080858637, 49.477624657533312 ], [ 22.584442738087485, 49.477608296005947 ], [ 22.58452278148523, 49.477857089811195 ], [ 22.584736305156358, 49.478271191819907 ], [ 22.584930417584662, 49.478674780256021 ], [ 22.585131000427236, 49.478897593280116 ], [ 22.585228056641387, 49.479116201299639 ], [ 22.585451285933928, 49.479618575646391 ], [ 22.585713337712139, 49.480005337322687 ], [ 22.585949507833238, 49.480453052187627 ], [ 22.586295674997036, 49.481052100885918 ], [ 22.586551256360963, 49.481367386730973 ], [ 22.587013890981748, 49.481859228595731 ], [ 22.587119975986461, 49.482300327576944 ], [ 22.587191827374358, 49.482599083975984 ], [ 22.587268492480927, 49.482868413692586 ], [ 22.587379918042682, 49.482868413692586 ], [ 22.587416322448679, 49.482872052313809 ], [ 22.587729657733561, 49.48290337018279 ] ] ] ] } },
{ "type": "Feature", "properties": { "fid": 790, "cadastral_number": null, "house_number": "17", "owner_uk": "Юрко Тиркала", "type": null, "locality_uk": "Воля Мацькова", "owner_pl": "Jurko Tyrkala", "locality_pl": "Wola Maćkowa" }, "geometry": { "type": "MultiPolygon", "coordinates": [ [ [ [ 22.586064287045097, 49.483330907407371 ], [ 22.585694830051608, 49.482994871881239 ], [ 22.585364838923791, 49.482669087301609 ], [ 22.585153589949613, 49.482432521636433 ], [ 22.585013428275545, 49.482455286731764 ], [ 22.585397905016155, 49.482904901613537 ], [ 22.585786129872758, 49.483308451861461 ], [ 22.585974233515874, 49.483405866971822 ], [ 22.586064287045097, 49.483330907407371 ] ] ] ] } }
]
}
