{
"type": "FeatureCollection",
"name": "parcels",
"crs": { "type": "name", "properties": { "name": "urn:ogc:def:crs:OGC:1.3:CRS84" } },
"features": [
{ "type": "Feature", "properties": { "fid": 1, "parcel_number": "1637", "parcel_type": "ground", "land_category": "garden" }, "geometry": { "type": "MultiPolygon", "coordinates": [ [ [ [ 21.832062637904638, 49.5305587297145 ], [ 21.832259533090792, 49.53073137323463 ], [ 21.832430981704213, 49.530697321252042 ], [ 21.832514259432806, 49.530777704163761 ], [ 21.832642379015265, 49.53072781133757 ], [ 21.832765018604718, 49.530636658677608 ], [ 21.832774769250474, 49.530629411447734 ], [ 21.833005384498911, 49.530640498769174 ], [ 21.833150586692369, 49.530431225152917 ], [ 21.83265092032077, 49.530165127605287 ], [ 21.832176877865813, 49.529924321935461 ], [ 21.831848037604008, 49.529775680145583 ], [ 21.831832784254605, 49.529773004407261 ], [ 21.831647316924816, 49.529838047385148 ], [ 21.831318476663167, 49.529941992607597 ], [ 21.830991771727884, 49.530093059270186 ], [ 21.83072912658384, 49.53024412546592 ], [ 21.830727335121178, 49.530245165315492 ], [ 21.830826283933874, 49.530305106183313 ], [ 21.830929847263029, 49.53023303805459 ], [ 21.831087861414733, 49.530118006013588 ], [ 21.831155124195526, 49.53016235574821 ], [ 21.831218116323566, 49.530077814031834 ], [ 21.83132595030548, 49.530014754131805 ], [ 21.831661196546246, 49.530257291763618 ], [ 21.831796789771023, 49.530446470281049 ], [ 21.831919321002324, 49.530624722694114 ], [ 21.832062637904638, 49.5305587297145 ] ] ] ] } },
{ "type": "Feature", "properties": { "fid": 2, "parcel_number": "1526", "parcel_type": "ground", "land_category": "garden" }, "geometry": { "type": "MultiPolygon", "coordinates": [ [ [ [ 21.830297790656221, 49.530307878032289 ], [ 21.830419504259563, 49.530248283244525 ], [ 21.830750479847588, 49.530092366304899 ], [ 21.830950136151792, 49.529999975727975 ], [ 21.830824901097454, 49.529883560746761 ], [ 21.830429113228242, 49.530067419548359 ], [ 21.830073581386905, 49.530262142503972 ], [ 21.830297790656221, 49.530307878032289 ] ] ] ] } },
{ "type": "Feature", "properties": { "fid": 3, "parcel_number": "1527", "parcel_type": "ground", "land_category": "garden" }, "geometry": { "type": "MultiPolygon", "coordinates": [ [ [ [ 21.830908897657181, 49.529840844250884 ], [ 21.831063305161429, 49.52999327216925 ], [ 21.830981161272941, 49.530028815807249 ], [ 21.831030838958949, 49.530074994785764 ], [ 21.831318476663167, 49.529941992607597 ], [ 21.831647316924816, 49.529838047385148 ], [ 21.831832784254605, 49.529773004407261 ], [ 21.831690023452307, 49.529747961346906 ], [ 21.831190357080708, 49.52967173456949 ], [ 21.831062237498237, 49.52975073322748 ], [ 21.830908897657181, 49.529840844250884 ] ] ] ] } },
{ "type": "Feature", "properties": { "fid": 4, "parcel_number": "44", "parcel_type": "build", "land_category": "building" }, "geometry": { "type": "MultiPolygon", "coordinates": [ [ [ [ 21.830981161272941, 49.530028815807249 ], [ 21.831063305161429, 49.52999327216925 ], [ 21.830908897657181, 49.529840844250884 ], [ 21.830904223346536, 49.529843591135929 ], [ 21.830824901097454, 49.529883560746761 ], [ 21.830981161272941, 49.530028815807249 ] ] ] ] } },
{ "type": "Feature", "properties": { "fid": 5, "parcel_number": "1525", "parcel_type": "ground", "land_category": "garden" }, "geometry": { "type": "MultiPolygon", "coordinates": [ [ [ [ 21.830950136151792, 49.529999975727975 ], [ 21.830750479847588, 49.530092366304899 ], [ 21.830419504259563, 49.530248283244525 ], [ 21.830297790656221, 49.530307878032289 ], [ 21.830466481439803, 49.530396577116768 ], [ 21.83072912658384, 49.53024412546592 ], [ 21.830991771727884, 49.530093059270186 ], [ 21.831030838958949, 49.530074994785764 ], [ 21.830950136151792, 49.529999975727975 ] ] ] ] } },
{ "type": "Feature", "properties": { "fid": 6, "parcel_number": "2276", "parcel_type": "ground", "land_category": "road" }, "geometry": { "type": "MultiPolygon", "coordinates": [ [ [ [ 21.830758352780329, 49.530616155416858 ], [ 21.830872193450929, 49.530571202968979 ], [ 21.831052628529562, 49.530491512677294 ], [ 21.831146582890032, 49.530434689955193 ], [ 21.831204236702142, 49.530393805272816 ], [ 21.831163665501023, 49.530369551631509 ], [ 21.831028072276258, 49.530462408364471 ], [ 21.830873261114114, 49.530529625441694 ], [ 21.830727502923747, 49.530592292550317 ], [ 21.830758352780329, 49.530616155416858 ] ] ] ] } },
{ "type": "Feature", "properties": { "fid": 7, "parcel_number": null, "parcel_type": "build", "land_category": "building" }, "geometry": { "type": "MultiPolygon", "coordinates": [ [ [ [ 21.831060089863534, 49.530487000132005 ], [ 21.831240537250505, 49.530608622713281 ], [ 21.831328085631849, 49.530549028292164 ], [ 21.831149605175504, 49.530432546728633 ], [ 21.831146582890032, 49.530434689955193 ], [ 21.831060089863534, 49.530487000132005 ] ] ] ] } },
{ "type": "Feature", "properties": { "fid": 8, "parcel_number": "1638", "parcel_type": "ground", "land_category": "garden" }, "geometry": { "type": "MultiPolygon", "coordinates": [ [ [ [ 21.830973574088809, 49.530486070798261 ], [ 21.830970418464148, 49.530423602587078 ], [ 21.8309074263361, 49.530389647506581 ], [ 21.830941591558091, 49.530368858670158 ], [ 21.83082628393387, 49.530305106183313 ], [ 21.830727335121178, 49.530245165315492 ], [ 21.830466481439803, 49.530396577116768 ], [ 21.830605277654133, 49.53049774931349 ], [ 21.830727502923747, 49.530592292550317 ], [ 21.830873261114114, 49.530529625441694 ], [ 21.830973574088809, 49.530486070798261 ] ] ] ] } },
{ "type": "Feature", "properties": { "fid": 9, "parcel_number": "46", "parcel_type": "build", "land_category": "building" }, "geometry": { "type": "MultiPolygon", "coordinates": [ [ [ [ 21.83082628393387, 49.530305106183313 ], [ 21.830941591558091, 49.530368858670158 ], [ 21.8309074263361, 49.530389647506581 ], [ 21.830970418464148, 49.530423602587078 ], [ 21.831006719012514, 49.530403506725968 ], [ 21.831060698696557, 49.530440065192067 ], [ 21.831163665501023, 49.530369551631509 ], [ 21.830929847263032, 49.53023303805459 ], [ 21.830826283933874, 49.530305106183313 ], [ 21.83082628393387, 49.530305106183313 ] ] ] ] } },
{ "type": "Feature", "properties": { "fid": 11, "parcel_number": "1636", "parcel_type": "ground", "land_category": "orchard" }, "geometry": { "type": "MultiPolygon", "coordinates": [ [ [ [ 21.831857525347019, 49.530861597518062 ], [ 21.831583257133584, 49.530646042428948 ], [ 21.831741271285296, 49.530576746636598 ], [ 21.831328085631849, 49.530549028292164 ], [ 21.831240537250505, 49.530608622713281 ], [ 21.831060089863534, 49.530487000132005 ], [ 21.831052628529562, 49.530491512677294 ], [ 21.830872193450929, 49.530571202968979 ], [ 21.830758352780329, 49.530616155416858 ], [ 21.830761156479461, 49.5306183241238 ], [ 21.830966147811402, 49.530765230961997 ], [ 21.831397483739025, 49.531079831856786 ], [ 21.831857525347019, 49.530861597518062 ] ] ] ] } },
{ "type": "Feature", "properties": { "fid": 12, "parcel_number": "1634", "parcel_type": "ground", "land_category": "yard" }, "geometry": { "type": "MultiPolygon", "coordinates": [ [ [ [ 21.831741271285296, 49.530576746636598 ], [ 21.831583257133584, 49.530646042428948 ], [ 21.831857525347019, 49.530861597518062 ], [ 21.831969767456112, 49.53080835215497 ], [ 21.831741271285296, 49.530576746636598 ] ] ] ] } },
{ "type": "Feature", "properties": { "fid": 14, "parcel_number": "1633", "parcel_type": "ground", "land_category": "yard" }, "geometry": { "type": "MultiPolygon", "coordinates": [ [ [ [ 21.832259533090792, 49.53073137323463 ], [ 21.832062637904638, 49.5305587297145 ], [ 21.831919321002324, 49.530624722694114 ], [ 21.831920638700733, 49.530626639616997 ], [ 21.832040216977706, 49.530774932341437 ], [ 21.832259533090792, 49.53073137323463 ] ] ] ] } },
{ "type": "Feature", "properties": { "fid": 15, "parcel_number": "45", "parcel_type": "build", "land_category": "building" }, "geometry": { "type": "MultiPolygon", "coordinates": [ [ [ [ 21.831218116323566, 49.530077814031834 ], [ 21.831557633217098, 49.530320351350781 ], [ 21.831661196546246, 49.530257291763618 ], [ 21.83132595030548, 49.530014754131805 ], [ 21.831218116323566, 49.530077814031834 ] ] ] ] } },
{ "type": "Feature", "properties": { "fid": 16, "parcel_number": "47", "parcel_type": "build", "land_category": "yard" }, "geometry": { "type": "MultiPolygon", "coordinates": [ [ [ [ 21.830973574088809, 49.530486070798261 ], [ 21.831028072276258, 49.530462408364471 ], [ 21.831060698696557, 49.530440065192067 ], [ 21.831006719012514, 49.530403506725968 ], [ 21.830970418464148, 49.530423602587078 ], [ 21.830973574088809, 49.530486070798261 ] ] ], [ [ [ 21.831557633217098, 49.530320351350781 ], [ 21.831218116323566, 49.530077814031834 ], [ 21.831155124195526, 49.53016235574821 ], [ 21.831087861414733, 49.530118006013588 ], [ 21.830929847263029, 49.53023303805459 ], [ 21.830929847263032, 49.53023303805459 ], [ 21.831163665501023, 49.530369551631509 ], [ 21.831204236702142, 49.530393805272816 ], [ 21.831149605175504, 49.530432546728633 ], [ 21.831328085631849, 49.530549028292164 ], [ 21.831741271285296, 49.530576746636598 ], [ 21.831969767456112, 49.53080835215497 ], [ 21.832040216977706, 49.530774932341437 ], [ 21.831920638700733, 49.530626639616997 ], [ 21.831796789771023, 49.530446470281049 ], [ 21.831661196546246, 49.530257291763618 ], [ 21.831557633217098, 49.530320351350781 ] ] ] ] } },
{ "type": "Feature", "properties": { "fid": 17, "parcel_number": "1630", "parcel_type": "ground", "land_category": "orchard" }, "geometry": { "type": "MultiPolygon", "coordinates": [ [ [ [ 21.832514259432806, 49.530777704163761 ], [ 21.832492906169058, 49.530884419204376 ], [ 21.832402154798153, 49.530939162543923 ], [ 21.832182216181593, 49.530944013216612 ], [ 21.832086126494751, 49.530813737839885 ], [ 21.831467949509374, 49.531095076782599 ], [ 21.831764759875387, 49.53142769216295 ], [ 21.831764759875405, 49.531427692162964 ], [ 21.832188622160725, 49.531539256398268 ], [ 21.832583657539985, 49.531646662719609 ], [ 21.832520665411927, 49.531428385109329 ], [ 21.832413899093215, 49.531234359748566 ], [ 21.832823881757086, 49.531046570183847 ], [ 21.832642379015265, 49.53072781133757 ], [ 21.832514259432806, 49.530777704163761 ] ] ] ] } },
{ "type": "Feature", "properties": { "fid": 18, "parcel_number": "2275", "parcel_type": "ground", "land_category": "road" }, "geometry": { "type": "MultiPolygon", "coordinates": [ [ [ [ 21.83169427813581, 49.531412185438676 ], [ 21.831764759875405, 49.531427692162971 ], [ 21.831467949509374, 49.531095076782599 ], [ 21.832086126494751, 49.530813737839885 ], [ 21.832040216977706, 49.530774932341437 ], [ 21.831969767456112, 49.53080835215497 ], [ 21.831857525347019, 49.530861597518062 ], [ 21.831397483739028, 49.531079831856786 ], [ 21.83169427813581, 49.531412185438676 ] ] ] ] } },
{ "type": "Feature", "properties": { "fid": 19, "parcel_number": "1638", "parcel_type": "ground", "land_category": "pasture" }, "geometry": { "type": "MultiPolygon", "coordinates": [ [ [ [ 21.832898086724981, 49.532145629466214 ], [ 21.832866588284581, 49.532075592707749 ], [ 21.832745942344435, 49.531864939355145 ], [ 21.832583657539985, 49.531646662719609 ], [ 21.832188622160725, 49.531539256398268 ], [ 21.831764759875405, 49.531427692162964 ], [ 21.831764759875387, 49.53142769216295 ], [ 21.831764759875405, 49.531427692162971 ], [ 21.83169427813581, 49.531412185438676 ], [ 21.831700700084177, 49.531419376806049 ], [ 21.832029540345832, 49.531728429954406 ], [ 21.832275102878885, 49.53198204610073 ], [ 21.832887941548321, 49.532142807566721 ], [ 21.832898086724981, 49.532145629466214 ] ] ] ] } },
{ "type": "Feature", "properties": { "fid": 20, "parcel_number": "1627", "parcel_type": "ground", "land_category": "orchard" }, "geometry": { "type": "MultiPolygon", "coordinates": [ [ [ [ 21.833226697589243, 49.531532476203587 ], [ 21.832924242096691, 49.531639040343293 ], [ 21.83299150487748, 49.53170694874494 ], [ 21.832909294812065, 49.531758919396765 ], [ 21.83274857462979, 49.531869535446269 ], [ 21.832866588284581, 49.532075592707749 ], [ 21.832898086724981, 49.532145629466214 ], [ 21.833112150817634, 49.532205171786174 ], [ 21.833176210608865, 49.531864246415012 ], [ 21.833226697589243, 49.531532476203587 ] ] ] ] } },
{ "type": "Feature", "properties": { "fid": 21, "parcel_number": "1631", "parcel_type": "ground", "land_category": "orchard" }, "geometry": { "type": "MultiPolygon", "coordinates": [ [ [ [ 21.832765018604718, 49.530636658677608 ], [ 21.832816408114784, 49.530681383245188 ], [ 21.83320076686217, 49.531090226124888 ], [ 21.833142045386875, 49.531365326951558 ], [ 21.83322669758924, 49.53153247620358 ], [ 21.833226697589243, 49.53153247620358 ], [ 21.833227458441844, 49.531527476335761 ], [ 21.833297924212204, 49.531104778096577 ], [ 21.83324240572647, 49.53096618771427 ], [ 21.833048091026402, 49.530698707165399 ], [ 21.833005384498911, 49.530640498769174 ], [ 21.832774769250474, 49.530629411447734 ], [ 21.832765018604718, 49.530636658677608 ] ] ] ] } },
{ "type": "Feature", "properties": { "fid": 22, "parcel_number": "1629", "parcel_type": "ground", "land_category": "field" }, "geometry": { "type": "MultiPolygon", "coordinates": [ [ [ [ 21.832642379015265, 49.53072781133757 ], [ 21.832823881757086, 49.531046570183847 ], [ 21.832413899093215, 49.531234359748566 ], [ 21.832520665411927, 49.531428385109329 ], [ 21.832583657539985, 49.531646662719609 ], [ 21.832745942344435, 49.531864939355145 ], [ 21.83274857462979, 49.531869535446269 ], [ 21.832909294812065, 49.531758919396765 ], [ 21.83299150487748, 49.53170694874494 ], [ 21.832924242096691, 49.531639040343293 ], [ 21.833226697589243, 49.531532476203587 ], [ 21.833226697589243, 49.53153247620358 ], [ 21.83322669758924, 49.53153247620358 ], [ 21.833142045386875, 49.531365326951558 ], [ 21.83320076686217, 49.531090226124888 ], [ 21.832816408114784, 49.530681383245188 ], [ 21.832765018604718, 49.530636658677608 ], [ 21.832642379015265, 49.53072781133757 ] ] ] ] } },
{ "type": "Feature", "properties": { "fid": 23, "parcel_number": "1632", "parcel_type": "ground", "land_category": "yard" }, "geometry": { "type": "MultiPolygon", "coordinates": [ [ [ [ 21.832086126494751, 49.530813737839885 ], [ 21.832426711051454, 49.530758301404035 ], [ 21.832436320020143, 49.530813044884809 ], [ 21.832141583912438, 49.530888925263419 ], [ 21.832182216181593, 49.530944013216612 ], [ 21.832402154798153, 49.530939162543923 ], [ 21.832492906169058, 49.530884419204376 ], [ 21.832514259432806, 49.530777704163761 ], [ 21.832430981704213, 49.530697321252042 ], [ 21.832259533090792, 49.53073137323463 ], [ 21.832040216977706, 49.530774932341437 ], [ 21.832086126494751, 49.530813737839885 ] ] ] ] } },
{ "type": "Feature", "properties": { "fid": 24, "parcel_number": "48", "parcel_type": "build", "land_category": "building" }, "geometry": { "type": "MultiPolygon", "coordinates": [ [ [ [ 21.832141583912438, 49.530888925263419 ], [ 21.832436320020143, 49.530813044884809 ], [ 21.832426711051454, 49.530758301404035 ], [ 21.832086126494751, 49.530813737839885 ], [ 21.832141583912438, 49.530888925263419 ] ] ] ] } },
{ "type": "Feature", "properties": { "fid": 25, "parcel_number": "1623", "parcel_type": "ground", "land_category": null }, "geometry": { "type": "MultiPolygon", "coordinates": [ [ [ [ 21.833781575635982, 49.530993905822143 ], [ 21.833734598455756, 49.531316127673051 ], [ 21.83380399656291, 49.531602314331643 ], [ 21.833949931159804, 49.531772051964765 ], [ 21.834208640910848, 49.531686853411408 ], [ 21.834304730597697, 49.531442936980319 ], [ 21.834121092529504, 49.531454024117224 ], [ 21.833828552816215, 49.530966187714242 ], [ 21.833781575635982, 49.530993905822143 ] ] ] ] } },
{ "type": "Feature", "properties": { "fid": 26, "parcel_number": "1626", "parcel_type": "ground", "land_category": "pasture" }, "geometry": { "type": "MultiPolygon", "coordinates": [ [ [ [ 21.833112150817634, 49.532205171786174 ], [ 21.833651320727139, 49.532099845502557 ], [ 21.833636373442523, 49.531909980444333 ], [ 21.833597937567784, 49.531613401432409 ], [ 21.833596869904593, 49.531054885604199 ], [ 21.833283784112893, 49.53118959964474 ], [ 21.833283784054032, 49.531189599704724 ], [ 21.833227458441844, 49.531527476335761 ], [ 21.833226697589243, 49.53153247620358 ], [ 21.833226697589243, 49.531532476203587 ], [ 21.833176210608865, 49.531864246415012 ], [ 21.833112150817634, 49.532205171786174 ] ] ] ] } },
{ "type": "Feature", "properties": { "fid": 27, "parcel_number": "1646", "parcel_type": "ground", "land_category": "pasture" }, "geometry": { "type": "MultiPolygon", "coordinates": [ [ [ [ 21.834029273495414, 49.532146965183777 ], [ 21.834029273495407, 49.532146965183777 ], [ 21.833931048482182, 49.532174682622141 ], [ 21.833881935975569, 49.532277237007321 ], [ 21.833713245191994, 49.532278622875928 ], [ 21.833651320727139, 49.532099845502557 ], [ 21.833112150817634, 49.532205171786174 ], [ 21.833719651171126, 49.532510062380332 ], [ 21.834129633835001, 49.532214872879806 ], [ 21.834029273495407, 49.532146965183784 ], [ 21.834029273495414, 49.532146965183777 ] ] ] ] } },
{ "type": "Feature", "properties": { "fid": 28, "parcel_number": "50", "parcel_type": "build", "land_category": "building" }, "geometry": { "type": "MultiPolygon", "coordinates": [ [ [ [ 21.834029273495407, 49.532146965183777 ], [ 21.833907559892069, 49.532005606003807 ], [ 21.83382748515303, 49.532032630584531 ], [ 21.833931048482182, 49.532174682622141 ], [ 21.834029273495407, 49.532146965183777 ] ] ] ] } },
{ "type": "Feature", "properties": { "fid": 29, "parcel_number": "50", "parcel_type": "build", "land_category": "yard" }, "geometry": { "type": "MultiPolygon", "coordinates": [ [ [ [ 21.833907559892069, 49.532005606003807 ], [ 21.834029273495407, 49.532146965183777 ], [ 21.834029273495414, 49.532146965183777 ], [ 21.834136039814123, 49.53203609527327 ], [ 21.834136039814123, 49.532036095273263 ], [ 21.833907559892069, 49.532005606003807 ] ] ] ] } },
{ "type": "Feature", "properties": { "fid": 30, "parcel_number": "1625", "parcel_type": "ground", "land_category": null }, "geometry": { "type": "MultiPolygon", "coordinates": [ [ [ [ 21.833900086249759, 49.53185315937111 ], [ 21.833792252267862, 49.531718728764176 ], [ 21.833878206225858, 49.531688628151748 ], [ 21.83380399656291, 49.531602314331643 ], [ 21.833597937567784, 49.531613401432409 ], [ 21.833636373442523, 49.531909980444333 ], [ 21.833636489417596, 49.531911453595782 ], [ 21.833900086249759, 49.53185315937111 ] ] ] ] } },
{ "type": "Feature", "properties": { "fid": 31, "parcel_number": "49", "parcel_type": "build", "land_category": "building" }, "geometry": { "type": "MultiPolygon", "coordinates": [ [ [ [ 21.833878206225858, 49.531688628151748 ], [ 21.833792252267862, 49.531718728764176 ], [ 21.833900086249759, 49.53185315937111 ], [ 21.833925710166255, 49.531883648735693 ], [ 21.834019664526725, 49.53185315937111 ], [ 21.833878206225858, 49.531688628151748 ] ] ] ] } },
{ "type": "Feature", "properties": { "fid": 32, "parcel_number": "1647", "parcel_type": "ground", "land_category": null }, "geometry": { "type": "MultiPolygon", "coordinates": [ [ [ [ 21.834004910754725, 49.531753946029703 ], [ 21.834090130297078, 49.531852466430784 ], [ 21.834019664526725, 49.53185315937111 ], [ 21.833925710166255, 49.531883648735693 ], [ 21.833900086249759, 49.53185315937111 ], [ 21.833636489417596, 49.531911453595782 ], [ 21.833651320727139, 49.532099845502557 ], [ 21.833713245191994, 49.532278622875928 ], [ 21.833881935975569, 49.532277237007321 ], [ 21.833931048482182, 49.532174682622141 ], [ 21.83382748515303, 49.532032630584531 ], [ 21.833907559892069, 49.532005606003807 ], [ 21.834136039814123, 49.532036095273263 ], [ 21.834208640910848, 49.531686853411408 ], [ 21.834004910754725, 49.531753946029703 ] ] ] ] } },
{ "type": "Feature", "properties": { "fid": 33, "parcel_number": "49", "parcel_type": "build", "land_category": "yard" }, "geometry": { "type": "MultiPolygon", "coordinates": [ [ [ [ 21.834019664526725, 49.53185315937111 ], [ 21.834090130297078, 49.531852466430784 ], [ 21.834004910754725, 49.531753946029703 ], [ 21.833949931159804, 49.531772051964765 ], [ 21.834019664526725, 49.53185315937111 ] ] ] ] } },
{ "type": "Feature", "properties": { "fid": 34, "parcel_number": "1621", "parcel_type": "ground", "land_category": "pasture" }, "geometry": { "type": "MultiPolygon", "coordinates": [ [ [ [ 21.83380399656291, 49.531602314331643 ], [ 21.833734598455756, 49.531316127673051 ], [ 21.833781575635982, 49.530993905822143 ], [ 21.833596869904596, 49.531054885604199 ], [ 21.833596869904593, 49.531054885604199 ], [ 21.833597937567784, 49.531613401432409 ], [ 21.83380399656291, 49.531602314331643 ] ] ] ] } },
{ "type": "Feature", "properties": { "fid": 35, "parcel_number": "1910", "parcel_type": "ground", "land_category": "orchard" }, "geometry": { "type": "MultiPolygon", "coordinates": [ [ [ [ 21.835465280482172, 49.534746792493365 ], [ 21.835541816614921, 49.534909996686736 ], [ 21.835549625873952, 49.534908237763148 ], [ 21.835925443315841, 49.534794602521544 ], [ 21.835756140085522, 49.534652410361709 ], [ 21.835465280482172, 49.534746792493365 ] ] ] ] } },
{ "type": "Feature", "properties": { "fid": 36, "parcel_number": null, "parcel_type": "ground", "land_category": "road" }, "geometry": { "type": "MultiPolygon", "coordinates": [ [ [ [ 21.835380935090377, 49.53418831246838 ], [ 21.835173808432067, 49.5341786117664 ], [ 21.834954937478695, 49.53418831246838 ], [ 21.834806532295676, 49.534227115257046 ], [ 21.834817208927547, 49.534261760578033 ], [ 21.834817208927568, 49.534261760578033 ], [ 21.834962411121005, 49.534218107469563 ], [ 21.835131101904576, 49.534209792587333 ], [ 21.83540655900687, 49.534219493283132 ], [ 21.835380935090377, 49.53418831246838 ] ] ] ] } },
{ "type": "Feature", "properties": { "fid": 37, "parcel_number": "1905", "parcel_type": "ground", "land_category": "field" }, "geometry": { "type": "MultiPolygon", "coordinates": [ [ [ [ 21.834962411121005, 49.534218107469563 ], [ 21.83503928287049, 49.534434986814645 ], [ 21.835108384242368, 49.534642136697329 ], [ 21.835288048393107, 49.534610984042253 ], [ 21.835131101904576, 49.534209792587333 ], [ 21.834962411121005, 49.534218107469563 ] ] ] ] } },
{ "type": "Feature", "properties": { "fid": 38, "parcel_number": "1909", "parcel_type": "ground", "land_category": "orchard" }, "geometry": { "type": "MultiPolygon", "coordinates": [ [ [ [ 21.835288048393107, 49.534610984042253 ], [ 21.835465280482172, 49.534746792493365 ], [ 21.835756140085522, 49.534652410361709 ], [ 21.835598738380561, 49.534520213897714 ], [ 21.835288048393107, 49.534610984042253 ] ] ] ] } },
{ "type": "Feature", "properties": { "fid": 39, "parcel_number": "1911", "parcel_type": "ground", "land_category": "field" }, "geometry": { "type": "MultiPolygon", "coordinates": [ [ [ [ 21.835193705148463, 49.534797556685149 ], [ 21.835235890140012, 49.534978902237398 ], [ 21.835541816614921, 49.534909996686736 ], [ 21.835465280482172, 49.534746792493365 ], [ 21.835193705148463, 49.534797556685149 ] ] ] ] } },
{ "type": "Feature", "properties": { "fid": 40, "parcel_number": "1904", "parcel_type": "ground", "land_category": "orchard" }, "geometry": { "type": "MultiPolygon", "coordinates": [ [ [ [ 21.835131101904576, 49.534209792587333 ], [ 21.835288048393107, 49.534610984042253 ], [ 21.835598738380561, 49.534520213897714 ], [ 21.83540655900687, 49.534219493283132 ], [ 21.835131101904576, 49.534209792587333 ] ], [ [ 21.835229326917805, 49.534277004511502 ], [ 21.835320078288714, 49.534257603140823 ], [ 21.835360649489829, 49.534314421418919 ], [ 21.835275236434853, 49.534337980197783 ], [ 21.835229326917805, 49.534277004511502 ] ] ] ] } },
{ "type": "Feature", "properties": { "fid": 41, "parcel_number": "1908", "parcel_type": "ground", "land_category": "field" }, "geometry": { "type": "MultiPolygon", "coordinates": [ [ [ [ 21.835108384242368, 49.534642136697329 ], [ 21.835193705148463, 49.534797556685149 ], [ 21.835465280482172, 49.534746792493365 ], [ 21.835288048393107, 49.534610984042253 ], [ 21.835108384242368, 49.534642136697329 ] ] ] ] } },
{ "type": "Feature", "properties": { "fid": 42, "parcel_number": "1906", "parcel_type": "ground", "land_category": "pasture" }, "geometry": { "type": "MultiPolygon", "coordinates": [ [ [ [ 21.835108384242368, 49.534642136697329 ], [ 21.83503928287049, 49.534434986814645 ], [ 21.834962411121005, 49.534218107469563 ], [ 21.834817208927547, 49.53426176057804 ], [ 21.835049959502353, 49.534651865197347 ], [ 21.835050159815637, 49.534652232449375 ], [ 21.835108384242368, 49.534642136697329 ] ] ] ] } },
{ "type": "Feature", "properties": { "fid": 43, "parcel_number": "1912", "parcel_type": "ground", "land_category": "pasture" }, "geometry": { "type": "MultiPolygon", "coordinates": [ [ [ [ 21.835235890140012, 49.534978902237398 ], [ 21.835193705148463, 49.534797556685149 ], [ 21.835135372557321, 49.534808460491966 ], [ 21.835135372557318, 49.534808460491966 ], [ 21.835135372557321, 49.534808460491973 ], [ 21.83518662039031, 49.534989999541857 ], [ 21.835235890140012, 49.534978902237398 ] ] ] ] } },
{ "type": "Feature", "properties": { "fid": 44, "parcel_number": "1907", "parcel_type": "ground", "land_category": "pasture" }, "geometry": { "type": "MultiPolygon", "coordinates": [ [ [ [ 21.835193705148463, 49.534797556685149 ], [ 21.835108384242368, 49.534642136697329 ], [ 21.835050159815637, 49.534652232449375 ], [ 21.835135372557318, 49.534808460491966 ], [ 21.835135372557321, 49.534808460491966 ], [ 21.835193705148463, 49.534797556685149 ] ] ] ] } },
{ "type": "Feature", "properties": { "fid": 45, "parcel_number": "54", "parcel_type": "build", "land_category": "building" }, "geometry": { "type": "MultiPolygon", "coordinates": [ [ [ [ 21.835229326917805, 49.534277004511502 ], [ 21.835275236434853, 49.534337980197783 ], [ 21.835360649489829, 49.534314421418919 ], [ 21.835320078288714, 49.534257603140823 ], [ 21.835229326917805, 49.534277004511502 ] ] ] ] } },
{ "type": "Feature", "properties": { "fid": 46, "parcel_number": "1798", "parcel_type": "ground", "land_category": "garden" }, "geometry": { "type": "MultiPolygon", "coordinates": [ [ [ [ 21.834495842308229, 49.533099743110675 ], [ 21.834359181420275, 49.533163491952699 ], [ 21.834226791185067, 49.533047773884455 ], [ 21.834369858052142, 49.532986796588581 ], [ 21.834575917047264, 49.532767139108067 ], [ 21.834572297034391, 49.532762560272225 ], [ 21.834426444201068, 49.53282049448589 ], [ 21.834002581915744, 49.533001347995651 ], [ 21.834440323822481, 49.533407399798087 ], [ 21.834865253770992, 49.533272280545475 ], [ 21.83465385645993, 49.533109444026785 ], [ 21.834495842308229, 49.533099743110675 ] ] ] ] } },
{ "type": "Feature", "properties": { "fid": 47, "parcel_number": "1695", "parcel_type": "ground", "land_category": "orchard" }, "geometry": { "type": "MultiPolygon", "coordinates": [ [ [ [ 21.833719651171126, 49.532510062380332 ], [ 21.833933183808576, 49.532388799303597 ], [ 21.834204370258124, 49.532372168915337 ], [ 21.834506304509624, 49.532552014216478 ], [ 21.834510789592844, 49.532550252362249 ], [ 21.835104410324909, 49.532389492236312 ], [ 21.835104410324924, 49.532389492236312 ], [ 21.835181282074384, 49.532364546652154 ], [ 21.835164199463385, 49.532282780481466 ], [ 21.835080921734789, 49.532334057587555 ], [ 21.835018997269934, 49.531988975485149 ], [ 21.834600473300554, 49.532091530259962 ], [ 21.834167002046556, 49.532119247729739 ], [ 21.834129633835001, 49.532214872879806 ], [ 21.833719651171126, 49.532510062380332 ] ] ] ] } },
{ "type": "Feature", "properties": { "fid": 48, "parcel_number": "1766", "parcel_type": "ground", "land_category": "garden" }, "geometry": { "type": "MultiPolygon", "coordinates": [ [ [ [ 21.834506304509624, 49.532552014216478 ], [ 21.834204370258124, 49.532372168915337 ], [ 21.833933183808576, 49.532388799303597 ], [ 21.833719651171126, 49.532510062380332 ], [ 21.83373780144532, 49.53271447660012 ], [ 21.834429647190621, 49.532582127151983 ], [ 21.834506304509624, 49.532552014216478 ] ], [ [ 21.83387019168061, 49.532660774642153 ], [ 21.833843500100937, 49.532489620911385 ], [ 21.833967349030644, 49.532446659152079 ], [ 21.834093333286724, 49.532602568582327 ], [ 21.83387019168061, 49.532660774642153 ] ] ] ] } },
{ "type": "Feature", "properties": { "fid": 49, "parcel_number": "1843", "parcel_type": "ground", "land_category": "orchard" }, "geometry": { "type": "MultiPolygon", "coordinates": [ [ [ [ 21.835380935090377, 49.53418831246838 ], [ 21.835291251382685, 49.533920156640363 ], [ 21.835197297022205, 49.533741385271 ], [ 21.834932516551788, 49.5337393065303 ], [ 21.834609014606059, 49.533759401020021 ], [ 21.834806532295676, 49.534227115257046 ], [ 21.834954937478695, 49.53418831246838 ], [ 21.835173808432067, 49.5341786117664 ], [ 21.835380935090377, 49.53418831246838 ] ] ] ] } },
{ "type": "Feature", "properties": { "fid": 50, "parcel_number": "1822", "parcel_type": "ground", "land_category": "garden" }, "geometry": { "type": "MultiPolygon", "coordinates": [ [ [ [ 21.834910095624849, 49.533498864926287 ], [ 21.834865253770992, 49.533272280545475 ], [ 21.834440323822481, 49.533407399798087 ], [ 21.834463812412601, 49.533623589825304 ], [ 21.834680548039607, 49.533536282429409 ], [ 21.834910095624849, 49.533498864926287 ] ] ] ] } },
{ "type": "Feature", "properties": { "fid": 51, "parcel_number": "1768", "parcel_type": "ground", "land_category": "orchard" }, "geometry": { "type": "MultiPolygon", "coordinates": [ [ [ [ 21.835241071212867, 49.532637561519422 ], [ 21.834606550984088, 49.532785774180823 ], [ 21.834899418992983, 49.532963930083014 ], [ 21.835627565286622, 49.532856526656154 ], [ 21.8356211593075, 49.532823266192239 ], [ 21.83548449841954, 49.532569654410644 ], [ 21.835241071212867, 49.532637561519422 ] ] ] ] } },
{ "type": "Feature", "properties": { "fid": 52, "parcel_number": "1796", "parcel_type": "ground", "land_category": "orchard" }, "geometry": { "type": "MultiPolygon", "coordinates": [ [ [ [ 21.835184485063959, 49.533363053007626 ], [ 21.835328619594232, 49.533636062297681 ], [ 21.835824015313069, 49.533577164483404 ], [ 21.836001247402134, 49.533527274514604 ], [ 21.836253215914315, 49.533482927832921 ], [ 21.83605035990875, 49.533208531845318 ], [ 21.835832556618563, 49.532916118264076 ], [ 21.835707640025674, 49.533046388037668 ], [ 21.835342499215656, 49.533276438066508 ], [ 21.835184485063959, 49.533363053007626 ] ] ] ] } },
{ "type": "Feature", "properties": { "fid": 53, "parcel_number": "1795", "parcel_type": "ground", "land_category": "pasture" }, "geometry": { "type": "MultiPolygon", "coordinates": [ [ [ [ 21.835202635338131, 49.53318150791474 ], [ 21.835184485063959, 49.533363053007626 ], [ 21.835342499215656, 49.533276438066508 ], [ 21.835707640025674, 49.533046388037668 ], [ 21.835832556618563, 49.532916118264076 ], [ 21.835627565286622, 49.532856526656154 ], [ 21.835388408732701, 49.533101128955948 ], [ 21.835202635338131, 49.53318150791474 ] ] ] ] } },
{ "type": "Feature", "properties": { "fid": 54, "parcel_number": "1824", "parcel_type": "ground", "land_category": "pasture" }, "geometry": { "type": "MultiPolygon", "coordinates": [ [ [ [ 21.835197297022205, 49.533741385271 ], [ 21.835358514163474, 49.533692534841194 ], [ 21.835824015313069, 49.533577164483404 ], [ 21.835328619594232, 49.533636062297681 ], [ 21.835184485063959, 49.533363053007626 ], [ 21.834910095624849, 49.533498864926287 ], [ 21.835197297022205, 49.533741385271 ] ] ] ] } },
{ "type": "Feature", "properties": { "fid": 55, "parcel_number": "1797", "parcel_type": "ground", "land_category": "pasture" }, "geometry": { "type": "MultiPolygon", "coordinates": [ [ [ [ 21.834575917047264, 49.532767139108067 ], [ 21.834369858052142, 49.532986796588581 ], [ 21.834495842308229, 49.533099743110675 ], [ 21.83465385645993, 49.533109444026785 ], [ 21.834865253770992, 49.533272280545475 ], [ 21.835202635338131, 49.53318150791474 ], [ 21.835008320638078, 49.533097664342691 ], [ 21.834899418992983, 49.532963930083014 ], [ 21.834575917047264, 49.532767139108067 ] ] ] ] } },
{ "type": "Feature", "properties": { "fid": 56, "parcel_number": "1877", "parcel_type": "ground", "land_category": "pasture" }, "geometry": { "type": "MultiPolygon", "coordinates": [ [ [ [ 21.835572046800898, 49.533919463729333 ], [ 21.835292029565814, 49.5339224834213 ], [ 21.835380935090377, 49.53418831246838 ], [ 21.83540655900687, 49.534219493283132 ], [ 21.835670271814116, 49.534220186189913 ], [ 21.835535746252535, 49.534031715186799 ], [ 21.835629700613008, 49.534026171911002 ], [ 21.835572046800898, 49.533919463729333 ] ] ] ] } },
{ "type": "Feature", "properties": { "fid": 57, "parcel_number": "1821", "parcel_type": "ground", "land_category": "pasture" }, "geometry": { "type": "MultiPolygon", "coordinates": [ [ [ [ 21.834865253770992, 49.533272280545475 ], [ 21.834910095624849, 49.533498864926287 ], [ 21.835184485063959, 49.533363053007626 ], [ 21.835202635338131, 49.53318150791474 ], [ 21.834865253770992, 49.533272280545475 ] ] ] ] } },
{ "type": "Feature", "properties": { "fid": 58, "parcel_number": "1823", "parcel_type": "ground", "land_category": "orchard" }, "geometry": { "type": "MultiPolygon", "coordinates": [ [ [ [ 21.835197297022205, 49.533741385271 ], [ 21.834910095624849, 49.533498864926287 ], [ 21.834680548039607, 49.533536282429409 ], [ 21.834463812412601, 49.533623589825304 ], [ 21.834609014606059, 49.533759401020021 ], [ 21.834932516551788, 49.5337393065303 ], [ 21.835197297022205, 49.533741385271 ] ], [ [ 21.834590864331922, 49.533616314214918 ], [ 21.834747810820428, 49.533557416376837 ], [ 21.834823614906718, 49.533633637094965 ], [ 21.834669871407776, 49.533698078154821 ], [ 21.834590864331922, 49.533616314214918 ] ] ] ] } },
{ "type": "Feature", "properties": { "fid": 59, "parcel_number": "1767", "parcel_type": "ground", "land_category": "orchard" }, "geometry": { "type": "MultiPolygon", "coordinates": [ [ [ [ 21.834002581915744, 49.533001347995651 ], [ 21.834426444201068, 49.53282049448589 ], [ 21.834572297034391, 49.532762560272225 ], [ 21.834429647190621, 49.532582127151983 ], [ 21.83373780144532, 49.53271447660012 ], [ 21.834002581915744, 49.533001347995651 ] ] ] ] } },
{ "type": "Feature", "properties": { "fid": 60, "parcel_number": "52", "parcel_type": "build", "land_category": "building" }, "geometry": { "type": "MultiPolygon", "coordinates": [ [ [ [ 21.834286956302986, 49.53302213058722 ], [ 21.83440998073246, 49.533139795360533 ], [ 21.834495842308229, 49.533099743110675 ], [ 21.834369858052142, 49.532986796588581 ], [ 21.834286956302986, 49.53302213058722 ] ] ] ] } },
{ "type": "Feature", "properties": { "fid": 61, "parcel_number": "52", "parcel_type": "build", "land_category": "yard" }, "geometry": { "type": "MultiPolygon", "coordinates": [ [ [ [ 21.83440998073246, 49.533139795360533 ], [ 21.834286956302986, 49.53302213058722 ], [ 21.834226791185067, 49.533047773884455 ], [ 21.834359181420275, 49.533163491952699 ], [ 21.83440998073246, 49.533139795360533 ] ] ] ] } },
{ "type": "Feature", "properties": { "fid": 62, "parcel_number": "1845", "parcel_type": "ground", "land_category": "pasture" }, "geometry": { "type": "MultiPolygon", "coordinates": [ [ [ [ 21.835638514025128, 49.53368273468449 ], [ 21.835602301042691, 49.533632114411503 ], [ 21.835358514163474, 49.533692534841194 ], [ 21.835197297022205, 49.533741385271 ], [ 21.835390544059077, 49.533743464011607 ], [ 21.835638514025128, 49.53368273468449 ] ] ] ] } },
{ "type": "Feature", "properties": { "fid": 63, "parcel_number": "1860", "parcel_type": "ground", "land_category": "pasture" }, "geometry": { "type": "MultiPolygon", "coordinates": [ [ [ [ 21.835602301042691, 49.533632114411503 ], [ 21.835638514025128, 49.53368273468449 ], [ 21.835843233250444, 49.533632597722345 ], [ 21.835824015313069, 49.533577164483404 ], [ 21.835602301042691, 49.533632114411503 ] ] ] ] } },
{ "type": "Feature", "properties": { "fid": 64, "parcel_number": "1844", "parcel_type": "ground", "land_category": null }, "geometry": { "type": "MultiPolygon", "coordinates": [ [ [ [ 21.835292029565814, 49.5339224834213 ], [ 21.835572046800898, 49.533919463729333 ], [ 21.835390544059077, 49.533743464011607 ], [ 21.835197297022205, 49.533741385271 ], [ 21.835291251382685, 49.533920156640363 ], [ 21.835292029565814, 49.5339224834213 ] ] ] ] } },
{ "type": "Feature", "properties": { "fid": 65, "parcel_number": "1794", "parcel_type": "ground", "land_category": "orchard" }, "geometry": { "type": "MultiPolygon", "coordinates": [ [ [ [ 21.835627565286622, 49.532856526656154 ], [ 21.834899418992983, 49.532963930083014 ], [ 21.835008320638078, 49.533097664342691 ], [ 21.835202635338131, 49.53318150791474 ], [ 21.835388408732701, 49.533101128955948 ], [ 21.835627565286622, 49.532856526656154 ] ] ] ] } },
{ "type": "Feature", "properties": { "fid": 66, "parcel_number": "1765", "parcel_type": "ground", "land_category": "orchard" }, "geometry": { "type": "MultiPolygon", "coordinates": [ [ [ [ 21.834606550984088, 49.532785774180823 ], [ 21.835241071212867, 49.532637561519422 ], [ 21.835104410324909, 49.532389492236319 ], [ 21.835104410324924, 49.532389492236312 ], [ 21.835104410324909, 49.532389492236312 ], [ 21.834510789592844, 49.532550252362249 ], [ 21.834429647190621, 49.532582127151983 ], [ 21.834575917047264, 49.532767139108067 ], [ 21.834606550984088, 49.532785774180823 ] ] ] ] } },
{ "type": "Feature", "properties": { "fid": 67, "parcel_number": "51", "parcel_type": "build", "land_category": "building" }, "geometry": { "type": "MultiPolygon", "coordinates": [ [ [ [ 21.833877517259431, 49.532477820753087 ], [ 21.833997100635465, 49.532627670684775 ], [ 21.834093333286724, 49.532602568582327 ], [ 21.833967349030644, 49.532446659152079 ], [ 21.833877517259431, 49.532477820753087 ] ] ] ] } },
{ "type": "Feature", "properties": { "fid": 68, "parcel_number": "51", "parcel_type": "build", "land_category": "yard" }, "geometry": { "type": "MultiPolygon", "coordinates": [ [ [ [ 21.833997100635465, 49.532627670684775 ], [ 21.833877517259431, 49.532477820753087 ], [ 21.833843500100937, 49.532489620911385 ], [ 21.83387019168061, 49.532660774642153 ], [ 21.833997100635465, 49.532627670684775 ] ] ] ] } },
{ "type": "Feature", "properties": { "fid": 69, "parcel_number": "53", "parcel_type": "build", "land_category": "yard" }, "geometry": { "type": "MultiPolygon", "coordinates": [ [ [ [ 21.834657499580331, 49.533591307780505 ], [ 21.834734168458994, 49.533671128266505 ], [ 21.834823614906718, 49.533633637094965 ], [ 21.834747810820428, 49.533557416376837 ], [ 21.834657499580331, 49.533591307780505 ] ] ] ] } },
{ "type": "Feature", "properties": { "fid": 70, "parcel_number": "53", "parcel_type": "build", "land_category": "building" }, "geometry": { "type": "MultiPolygon", "coordinates": [ [ [ [ 21.834734168458994, 49.533671128266505 ], [ 21.834657499580331, 49.533591307780505 ], [ 21.834590864331922, 49.533616314214918 ], [ 21.834669871407776, 49.533698078154821 ], [ 21.834734168458994, 49.533671128266505 ] ] ] ] } },
{ "type": "Feature", "properties": { "fid": 71, "parcel_number": "1913", "parcel_type": "ground", "land_category": "pasture" }, "geometry": { "type": "MultiPolygon", "coordinates": [ [ [ [ 21.836300193094505, 49.534629345921168 ], [ 21.836122961005437, 49.534625188515221 ], [ 21.835982029464734, 49.534526796471056 ], [ 21.835864586514155, 49.534377129319857 ], [ 21.835937187610877, 49.534368814464692 ], [ 21.835759955521816, 49.534227461710344 ], [ 21.835670271814116, 49.534220186189913 ], [ 21.83540655900687, 49.534219493283132 ], [ 21.835598738380561, 49.534520213897714 ], [ 21.835756140085522, 49.534652410361709 ], [ 21.835925443315841, 49.534794602521544 ], [ 21.836071713172458, 49.534765154321256 ], [ 21.83627049556776, 49.53475005774348 ], [ 21.836300193094505, 49.534629345921168 ] ] ] ] } },
{ "type": "Feature", "properties": { "fid": 72, "parcel_number": "1903", "parcel_type": "ground", "land_category": "field" }, "geometry": { "type": "MultiPolygon", "coordinates": [ [ [ [ 21.836300193094505, 49.534629345921168 ], [ 21.836500913773691, 49.534615487899941 ], [ 21.836432583329703, 49.534451962952744 ], [ 21.836178479491174, 49.534152627733718 ], [ 21.835956405548252, 49.534196973807774 ], [ 21.835948203382717, 49.534198246736203 ], [ 21.83600765338123, 49.534245477280194 ], [ 21.836159261553796, 49.534400688068487 ], [ 21.836300193094505, 49.534629345921168 ] ] ] ] } },
{ "type": "Feature", "properties": { "fid": 73, "parcel_number": "1914", "parcel_type": "ground", "land_category": "field" }, "geometry": { "type": "MultiPolygon", "coordinates": [ [ [ [ 21.835759955521816, 49.534227461710344 ], [ 21.835937187610877, 49.534368814464692 ], [ 21.835864586514155, 49.534377129319857 ], [ 21.835982029464734, 49.534526796471056 ], [ 21.836122961005437, 49.534625188515221 ], [ 21.836300193094505, 49.534629345921168 ], [ 21.836159261553796, 49.534400688068487 ], [ 21.83600765338123, 49.534245477280194 ], [ 21.835948203382717, 49.534198246736203 ], [ 21.835759955521816, 49.534227461710344 ] ] ] ] } },
{ "type": "Feature", "properties": { "fid": 74, "parcel_number": "1902", "parcel_type": "ground", "land_category": "pasture" }, "geometry": { "type": "MultiPolygon", "coordinates": [ [ [ [ 21.836500913773691, 49.534615487899941 ], [ 21.836300193094505, 49.534629345921168 ], [ 21.83627049556776, 49.53475005774348 ], [ 21.83627243385164, 49.534749910540036 ], [ 21.836507319752812, 49.534737438351875 ], [ 21.836500913773691, 49.534615487899941 ] ] ] ] } },
{ "type": "Feature", "properties": { "fid": 75, "parcel_number": "729", "parcel_type": "ground", "land_category": "orchard" }, "geometry": { "type": "MultiPolygon", "coordinates": [ [ [ [ 21.830639101467892, 49.533039356261256 ], [ 21.830540150199948, 49.532922008128367 ], [ 21.830801727680793, 49.532815990462758 ], [ 21.831284311441351, 49.532621277680512 ], [ 21.831091064404482, 49.532492392636463 ], [ 21.830574315421909, 49.532651766565962 ], [ 21.830172874063553, 49.532801439000501 ], [ 21.830092375998102, 49.532830418209272 ], [ 21.830201700969614, 49.532936559554727 ], [ 21.830367736217315, 49.533131667450192 ], [ 21.830388542027354, 49.533124341858475 ], [ 21.830610615970283, 49.533049506192889 ], [ 21.830639101467892, 49.533039356261256 ] ], [ [ 21.830490503861736, 49.532741500788909 ], [ 21.830652788666182, 49.532685373610839 ], [ 21.830759554984894, 49.5328066359518 ], [ 21.830597270180448, 49.5328648417686 ], [ 21.830490503861736, 49.532741500788909 ] ] ] ] } },
{ "type": "Feature", "properties": { "fid": 76, "parcel_number": "872", "parcel_type": "ground", "land_category": "orchard" }, "geometry": { "type": "MultiPolygon", "coordinates": [ [ [ [ 21.829663598723279, 49.531599889028058 ], [ 21.828991963823526, 49.531811482463716 ], [ 21.82908385761267, 49.53190755515601 ], [ 21.829169785871503, 49.532017978697809 ], [ 21.829620892195784, 49.531883995205675 ], [ 21.830083190355815, 49.531737784671726 ], [ 21.830227324886085, 49.531698286964286 ], [ 21.830037280838777, 49.531655324509451 ], [ 21.829663598723279, 49.531599889028058 ] ], [ [ 21.829231576350857, 49.531807149102761 ], [ 21.829421620400602, 49.531746170258401 ], [ 21.829536928026283, 49.531877136091744 ], [ 21.829345816313342, 49.531940886529156 ], [ 21.829231576350857, 49.531807149102761 ] ] ] ] } },
{ "type": "Feature", "properties": { "fid": 78, "parcel_number": "871", "parcel_type": "ground", "land_category": "garden" }, "geometry": { "type": "MultiPolygon", "coordinates": [ [ [ [ 21.829169785871503, 49.532017978697809 ], [ 21.82908385761267, 49.53190755515601 ], [ 21.828867121985677, 49.531680963398337 ], [ 21.828781880821783, 49.531603777597383 ], [ 21.828724055118602, 49.531620677340953 ], [ 21.829116955171465, 49.532033669991193 ], [ 21.829169785871503, 49.532017978697809 ] ] ] ] } },
{ "type": "Feature", "properties": { "fid": 79, "parcel_number": "873", "parcel_type": "ground", "land_category": "orchard" }, "geometry": { "type": "MultiPolygon", "coordinates": [ [ [ [ 21.828991963823526, 49.531811482463716 ], [ 21.829663598723279, 49.531599889028058 ], [ 21.829556832404563, 49.531339341423362 ], [ 21.8294543367386, 49.531407250241379 ], [ 21.828781880821783, 49.531603777597383 ], [ 21.828867121985677, 49.531680963398337 ], [ 21.828991963823526, 49.531811482463716 ] ] ] ] } },
{ "type": "Feature", "properties": { "fid": 80, "parcel_number": "823", "parcel_type": "ground", "land_category": "orchard" }, "geometry": { "type": "MultiPolygon", "coordinates": [ [ [ [ 21.829226924479741, 49.532310844309727 ], [ 21.829398284421313, 49.532526692721696 ], [ 21.829411394388693, 49.532542277727764 ], [ 21.829419103853432, 49.532539511939291 ], [ 21.829814139232671, 49.532378751778047 ], [ 21.829751680936244, 49.532305647305712 ], [ 21.830097603808873, 49.532126870031199 ], [ 21.830244454181447, 49.532251550881327 ], [ 21.830249745813024, 49.532249866094503 ], [ 21.830646916518635, 49.532107121338676 ], [ 21.830758801773737, 49.532065260336665 ], [ 21.830502291346868, 49.531889086607691 ], [ 21.830286046361387, 49.531971305552929 ], [ 21.829986033005802, 49.532067623929692 ], [ 21.829619824532607, 49.532181958447119 ], [ 21.829226924479741, 49.532310844309727 ] ] ] ] } },
{ "type": "Feature", "properties": { "fid": 81, "parcel_number": "799", "parcel_type": "ground", "land_category": "orchard" }, "geometry": { "type": "MultiPolygon", "coordinates": [ [ [ [ 21.830764359469239, 49.532291442158609 ], [ 21.830661863803272, 49.532325395918036 ], [ 21.830570044769175, 49.532191659545383 ], [ 21.830676811087887, 49.532166713860263 ], [ 21.830632148419323, 49.532112429053221 ], [ 21.830249745813024, 49.532249866094503 ], [ 21.83013657351518, 49.532285898685409 ], [ 21.830122778496545, 49.532289871309331 ], [ 21.83035856646298, 49.532466123366468 ], [ 21.830394948006475, 49.532453588470609 ], [ 21.830783577406592, 49.53233163232025 ], [ 21.831165863394077, 49.532230500087842 ], [ 21.831160462511665, 49.532201360641729 ], [ 21.830764359469239, 49.532291442158609 ] ] ] ] } },
{ "type": "Feature", "properties": { "fid": 82, "parcel_number": "787", "parcel_type": "ground", "land_category": "orchard" }, "geometry": { "type": "MultiPolygon", "coordinates": [ [ [ [ 21.830565012859577, 49.532655234911019 ], [ 21.83035856646298, 49.532466123366468 ], [ 21.830049025133842, 49.532572772596303 ], [ 21.829589929963376, 49.53274046139731 ], [ 21.829432695593873, 49.53279704198733 ], [ 21.829631568827661, 49.532992686444324 ], [ 21.829631568827669, 49.532992686444324 ], [ 21.829899552287646, 49.532899834517963 ], [ 21.830172874063553, 49.532801439000501 ], [ 21.830565012859577, 49.532655234911019 ] ] ] ] } },
{ "type": "Feature", "properties": { "fid": 84, "parcel_number": null, "parcel_type": "build", "land_category": "building" }, "geometry": { "type": "MultiPolygon", "coordinates": [ [ [ [ 21.831209483469461, 49.532849569088938 ], [ 21.831334684345702, 49.533014139705372 ], [ 21.831421078720798, 49.532985740225769 ], [ 21.831308867694663, 49.532820840949192 ], [ 21.831212778007821, 49.532848558005405 ], [ 21.831209483469461, 49.532849569088938 ] ] ] ] } },
{ "type": "Feature", "properties": { "fid": 85, "parcel_number": "733", "parcel_type": "ground", "land_category": "garden" }, "geometry": { "type": "MultiPolygon", "coordinates": [ [ [ [ 21.831523467995282, 49.532554063479516 ], [ 21.831284311441351, 49.532621277680512 ], [ 21.831348371232583, 49.532670475645354 ], [ 21.831465814183176, 49.532806982415195 ], [ 21.831806398739868, 49.532662853428675 ], [ 21.831523467995282, 49.532554063479516 ] ] ] ] } },
{ "type": "Feature", "properties": { "fid": 86, "parcel_number": "769", "parcel_type": "ground", "land_category": "garden" }, "geometry": { "type": "MultiPolygon", "coordinates": [ [ [ [ 21.831505317721092, 49.532375980046496 ], [ 21.831460475867235, 49.532150083396424 ], [ 21.831176477459458, 49.532227692179212 ], [ 21.83116586339408, 49.532230500087849 ], [ 21.831091064404482, 49.532492392636463 ], [ 21.831505317721092, 49.532375980046496 ] ] ] ] } },
{ "type": "Feature", "properties": { "fid": 87, "parcel_number": "765", "parcel_type": "ground", "land_category": "pasture" }, "geometry": { "type": "MultiPolygon", "coordinates": [ [ [ [ 21.831806398739868, 49.532662853428675 ], [ 21.831814520549305, 49.532865431759689 ], [ 21.832255884941631, 49.532727988696379 ], [ 21.831974021860233, 49.532625435256925 ], [ 21.83196118469359, 49.532617904850277 ], [ 21.831806398739868, 49.532662853428675 ] ] ] ] } },
{ "type": "Feature", "properties": { "fid": 88, "parcel_number": null, "parcel_type": "build", "land_category": "building" }, "geometry": { "type": "MultiPolygon", "coordinates": [ [ [ [ 21.831353990516735, 49.532677007074653 ], [ 21.831270431819931, 49.53270165742839 ], [ 21.83138787477051, 49.532836085332058 ], [ 21.831465814183176, 49.532806982415195 ], [ 21.831353990516735, 49.532677007074653 ] ] ] ] } },
{ "type": "Feature", "properties": { "fid": 89, "parcel_number": null, "parcel_type": "build", "land_category": "yard" }, "geometry": { "type": "MultiPolygon", "coordinates": [ [ [ [ 21.831360046944166, 49.532804232961688 ], [ 21.831308867694663, 49.532820840949192 ], [ 21.831421078720798, 49.532985740225769 ], [ 21.83142524298205, 49.532984371353635 ], [ 21.831560629796765, 49.532941870210131 ], [ 21.831465814183176, 49.532806982415195 ], [ 21.83138787477051, 49.532836085332058 ], [ 21.831360046944166, 49.532804232961688 ] ] ] ] } },
{ "type": "Feature", "properties": { "fid": 90, "parcel_number": "788", "parcel_type": "ground", "land_category": "pasture" }, "geometry": { "type": "MultiPolygon", "coordinates": [ [ [ [ 21.830966192319011, 49.531970618816558 ], [ 21.831460475867235, 49.532150083396424 ], [ 21.831621693008486, 49.532053072244665 ], [ 21.831224522302872, 49.531859049363526 ], [ 21.831207325348171, 49.531850563108435 ], [ 21.830966192319011, 49.531970618816558 ] ] ] ] } },
{ "type": "Feature", "properties": { "fid": 91, "parcel_number": "731", "parcel_type": "ground", "land_category": "pasture" }, "geometry": { "type": "MultiPolygon", "coordinates": [ [ [ [ 21.831523467995282, 49.532554063479516 ], [ 21.831751947917311, 49.532495164361421 ], [ 21.83172205334807, 49.532334404054325 ], [ 21.831721072444729, 49.532331654369401 ], [ 21.831505317721092, 49.532375980046496 ], [ 21.831523467995282, 49.532554063479516 ] ] ] ] } },
{ "type": "Feature", "properties": { "fid": 92, "parcel_number": "768", "parcel_type": "ground", "land_category": "pasture" }, "geometry": { "type": "MultiPolygon", "coordinates": [ [ [ [ 21.831460475867235, 49.532150083396424 ], [ 21.831505317721092, 49.532375980046496 ], [ 21.831721072444729, 49.532331654369401 ], [ 21.831621693008486, 49.532053072244665 ], [ 21.831460475867235, 49.532150083396424 ] ] ] ] } },
{ "type": "Feature", "properties": { "fid": 93, "parcel_number": "764", "parcel_type": "ground", "land_category": "garden" }, "geometry": { "type": "MultiPolygon", "coordinates": [ [ [ [ 21.831806398739868, 49.532662853428675 ], [ 21.831465814183176, 49.532806982415195 ], [ 21.831560629796765, 49.532941870210131 ], [ 21.831631133928759, 49.53291973728502 ], [ 21.831648082164481, 49.532915541076797 ], [ 21.831814520549305, 49.532865431759689 ], [ 21.831806398739868, 49.532662853428675 ] ] ] ] } },
{ "type": "Feature", "properties": { "fid": 94, "parcel_number": null, "parcel_type": "ground", "land_category": "garden" }, "geometry": { "type": "MultiPolygon", "coordinates": [ [ [ [ 21.829913239815582, 49.533143409497733 ], [ 21.830196847836277, 49.532931847748308 ], [ 21.830092375998102, 49.532830418209272 ], [ 21.829899552287646, 49.532899834517963 ], [ 21.829631568827669, 49.532992686444324 ], [ 21.829631568827661, 49.532992686444324 ], [ 21.829631568827669, 49.532992686444331 ], [ 21.829793853632115, 49.533031490182204 ], [ 21.829913239815582, 49.533143409497733 ] ] ] ] } },
{ "type": "Feature", "properties": { "fid": 95, "parcel_number": "762", "parcel_type": "ground", "land_category": "orchard" }, "geometry": { "type": "MultiPolygon", "coordinates": [ [ [ [ 21.830635194452302, 49.533407395923547 ], [ 21.830367736217315, 49.533131667450192 ], [ 21.830124829220122, 49.533217193358361 ], [ 21.830353309142168, 49.533522077639894 ], [ 21.830635194452302, 49.533407395923547 ] ] ] ] } },
{ "type": "Feature", "properties": { "fid": 96, "parcel_number": "767", "parcel_type": "ground", "land_category": "garden" }, "geometry": { "type": "MultiPolygon", "coordinates": [ [ [ [ 21.830812404312635, 49.533328060589859 ], [ 21.830570258560336, 49.533063106048843 ], [ 21.830388542027354, 49.533124341858475 ], [ 21.830367736217315, 49.533131667450192 ], [ 21.830635194452302, 49.533407395923547 ], [ 21.830639442876318, 49.533405667502308 ], [ 21.830812404312635, 49.533328060589859 ] ] ] ] } },
{ "type": "Feature", "properties": { "fid": 98, "parcel_number": "763", "parcel_type": "ground", "land_category": "orchard" }, "geometry": { "type": "MultiPolygon", "coordinates": [ [ [ [ 21.830922528485026, 49.532938365754205 ], [ 21.831096402720409, 49.533092467422314 ], [ 21.831334684345702, 49.533014139705372 ], [ 21.831209483469461, 49.532849569088938 ], [ 21.830937320905544, 49.532933094929767 ], [ 21.830922528485026, 49.532938365754205 ] ] ] ] } },
{ "type": "Feature", "properties": { "fid": 99, "parcel_number": "734", "parcel_type": "ground", "land_category": "orchard" }, "geometry": { "type": "MultiPolygon", "coordinates": [ [ [ [ 21.830796981299795, 49.532817914176647 ], [ 21.830922528485022, 49.532938365754205 ], [ 21.830937320905544, 49.532933094929767 ], [ 21.831212778007821, 49.532848558005405 ], [ 21.831308867694663, 49.532820840949192 ], [ 21.831360046944166, 49.532804232961688 ], [ 21.831270431819931, 49.53270165742839 ], [ 21.831353990516735, 49.532677007074653 ], [ 21.831348371232583, 49.532670475645354 ], [ 21.831284311441351, 49.532621277680512 ], [ 21.830801727680793, 49.532815990462758 ], [ 21.830796981299795, 49.532817914176647 ] ] ] ] } },
{ "type": "Feature", "properties": { "fid": 100, "parcel_number": "730", "parcel_type": "ground", "land_category": "garden" }, "geometry": { "type": "MultiPolygon", "coordinates": [ [ [ [ 21.831284311441351, 49.532621277680512 ], [ 21.831523467995282, 49.532554063479516 ], [ 21.831505317721092, 49.532375980046496 ], [ 21.831091064404482, 49.532492392636463 ], [ 21.831284311441351, 49.532621277680512 ] ] ] ] } },
{ "type": "Feature", "properties": { "fid": 101, "parcel_number": "739", "parcel_type": "ground", "land_category": "pasture" }, "geometry": { "type": "MultiPolygon", "coordinates": [ [ [ [ 21.831751947917311, 49.532495164361421 ], [ 21.831523467995282, 49.532554063479516 ], [ 21.831806398739868, 49.532662853428675 ], [ 21.83196118469359, 49.532617904850277 ], [ 21.831751947917311, 49.532495164361421 ] ] ] ] } },
{ "type": "Feature", "properties": { "fid": 102, "parcel_number": "735", "parcel_type": "ground", "land_category": "garden" }, "geometry": { "type": "MultiPolygon", "coordinates": [ [ [ [ 21.830922528485022, 49.532938365754205 ], [ 21.830796981299795, 49.532817914176647 ], [ 21.830540150199948, 49.532922008128367 ], [ 21.830639101467892, 49.533039356261256 ], [ 21.830922528485022, 49.532938365754205 ] ] ] ] } },
{ "type": "Feature", "properties": { "fid": 103, "parcel_number": "726", "parcel_type": "ground", "land_category": "orchard" }, "geometry": { "type": "MultiPolygon", "coordinates": [ [ [ [ 21.830196847836277, 49.532931847748308 ], [ 21.829913239815582, 49.533143409497733 ], [ 21.830024468880527, 49.533247681872098 ], [ 21.830124829220122, 49.533217193358361 ], [ 21.830367736217315, 49.533131667450192 ], [ 21.830201700969614, 49.532936559554727 ], [ 21.830196847836277, 49.532931847748308 ] ] ] ] } },
{ "type": "Feature", "properties": { "fid": 104, "parcel_number": "818", "parcel_type": "ground", "land_category": "field" }, "geometry": { "type": "MultiPolygon", "coordinates": [ [ [ [ 21.829506118403206, 49.532654884746357 ], [ 21.829887274161017, 49.532503826000877 ], [ 21.829814139232671, 49.532378751778047 ], [ 21.829419103853432, 49.532539511939291 ], [ 21.829411394388693, 49.532542277727764 ], [ 21.829506118403206, 49.532654884746357 ] ] ] ] } },
{ "type": "Feature", "properties": { "fid": 105, "parcel_number": "770", "parcel_type": "ground", "land_category": "orchard" }, "geometry": { "type": "MultiPolygon", "coordinates": [ [ [ [ 21.83035856646298, 49.532466123366468 ], [ 21.830565012859577, 49.532655234911019 ], [ 21.830574315421909, 49.532651766565962 ], [ 21.831091064404482, 49.532492392636463 ], [ 21.83116586339408, 49.532230500087849 ], [ 21.830783577406592, 49.53233163232025 ], [ 21.830394948006475, 49.532453588470609 ], [ 21.83035856646298, 49.532466123366468 ] ] ] ] } },
{ "type": "Feature", "properties": { "fid": 106, "parcel_number": "798", "parcel_type": "ground", "land_category": "garden" }, "geometry": { "type": "MultiPolygon", "coordinates": [ [ [ [ 21.830676811087887, 49.532166713860263 ], [ 21.830977892106663, 49.532111278958823 ], [ 21.831095335057245, 49.532078710924928 ], [ 21.831160462511665, 49.532201360641729 ], [ 21.831165863394077, 49.532230500087842 ], [ 21.831176477459458, 49.532227692179212 ], [ 21.831460475867235, 49.532150083396424 ], [ 21.830966192319011, 49.531970618816558 ], [ 21.830828419260442, 49.532039213492972 ], [ 21.830646916518635, 49.532107121338676 ], [ 21.830632148419323, 49.532112429053221 ], [ 21.830676811087887, 49.532166713860263 ] ] ] ] } },
{ "type": "Feature", "properties": { "fid": 107, "parcel_number": "36", "parcel_type": "build", "land_category": "yard" }, "geometry": { "type": "MultiPolygon", "coordinates": [ [ [ [ 21.831045095379324, 49.532227597365932 ], [ 21.830987639634323, 49.5321085758778 ], [ 21.830977892106663, 49.532111278958823 ], [ 21.830676811087887, 49.532166713860263 ], [ 21.830764359469239, 49.532291442158609 ], [ 21.831045095379324, 49.532227597365932 ] ] ] ] } },
{ "type": "Feature", "properties": { "fid": 108, "parcel_number": "35", "parcel_type": "build", "land_category": "building" }, "geometry": { "type": "MultiPolygon", "coordinates": [ [ [ [ 21.830676811087887, 49.532166713860263 ], [ 21.830570044769175, 49.532191659545383 ], [ 21.830661863803272, 49.532325395918036 ], [ 21.830764359469239, 49.532291442158609 ], [ 21.830676811087887, 49.532166713860263 ] ] ] ] } },
{ "type": "Feature", "properties": { "fid": 109, "parcel_number": "37", "parcel_type": "build", "land_category": "building" }, "geometry": { "type": "MultiPolygon", "coordinates": [ [ [ [ 21.830987639634323, 49.5321085758778 ], [ 21.831045095379324, 49.532227597365932 ], [ 21.831160462511665, 49.532201360641729 ], [ 21.831095335057245, 49.532078710924928 ], [ 21.830987639634323, 49.5321085758778 ] ] ] ] } },
{ "type": "Feature", "properties": { "fid": 110, "parcel_number": "844", "parcel_type": "ground", "land_category": "pasture" }, "geometry": { "type": "MultiPolygon", "coordinates": [ [ [ [ 21.830227324886085, 49.531698286964286 ], [ 21.830436053039193, 49.531792180584979 ], [ 21.830572180095533, 49.531862514064585 ], [ 21.830956226600826, 49.531726128583308 ], [ 21.830709908646668, 49.531591573700418 ], [ 21.830227324886085, 49.531698286964286 ] ] ] ] } },
{ "type": "Feature", "properties": { "fid": 111, "parcel_number": "822", "parcel_type": "ground", "land_category": "pasture" }, "geometry": { "type": "MultiPolygon", "coordinates": [ [ [ [ 21.830572180095533, 49.531862514064585 ], [ 21.830822106811421, 49.5320415752469 ], [ 21.830828419260442, 49.532039213492972 ], [ 21.831207325348171, 49.531850563108435 ], [ 21.830966147811576, 49.531731548193726 ], [ 21.830956226600826, 49.531726128583308 ], [ 21.830572180095533, 49.531862514064585 ] ] ] ] } },
{ "type": "Feature", "properties": { "fid": 112, "parcel_number": "823", "parcel_type": "ground", "land_category": "field" }, "geometry": { "type": "MultiPolygon", "coordinates": [ [ [ [ 21.830502291346868, 49.531889086607691 ], [ 21.830758801773737, 49.532065260336665 ], [ 21.830822106811421, 49.5320415752469 ], [ 21.830572180095533, 49.531862514064585 ], [ 21.830502291346868, 49.531889086607691 ] ] ] ] } },
{ "type": "Feature", "properties": { "fid": 113, "parcel_number": "824", "parcel_type": "ground", "land_category": "field" }, "geometry": { "type": "MultiPolygon", "coordinates": [ [ [ [ 21.830244454181447, 49.532251550881327 ], [ 21.830097603808873, 49.532126870031199 ], [ 21.829751680936244, 49.532305647305712 ], [ 21.829814139232671, 49.532378751778047 ], [ 21.83013657351518, 49.532285898685409 ], [ 21.830244454181447, 49.532251550881327 ] ] ] ] } },
{ "type": "Feature", "properties": { "fid": 114, "parcel_number": "819", "parcel_type": "ground", "land_category": "orchard" }, "geometry": { "type": "MultiPolygon", "coordinates": [ [ [ [ 21.829814139232671, 49.532378751778047 ], [ 21.829887274161017, 49.532503826000877 ], [ 21.830009954710587, 49.532587043433487 ], [ 21.830049025133842, 49.532572772596303 ], [ 21.83035856646298, 49.532466123366468 ], [ 21.830122778496545, 49.532289871309331 ], [ 21.829814139232671, 49.532378751778047 ] ] ] ] } },
{ "type": "Feature", "properties": { "fid": 115, "parcel_number": "826", "parcel_type": "ground", "land_category": "field" }, "geometry": { "type": "MultiPolygon", "coordinates": [ [ [ [ 21.82904534225155, 49.53238352726639 ], [ 21.829160195530569, 49.532483730994969 ], [ 21.829243473259165, 49.532452549072893 ], [ 21.829343819635035, 49.532566520328373 ], [ 21.829411394388693, 49.532542277727764 ], [ 21.829398284421313, 49.532526692721696 ], [ 21.829226924479741, 49.532310844309727 ], [ 21.82904534225155, 49.53238352726639 ] ] ] ] } },
{ "type": "Feature", "properties": { "fid": 116, "parcel_number": "802", "parcel_type": "ground", "land_category": "orchard" }, "geometry": { "type": "MultiPolygon", "coordinates": [ [ [ [ 21.82958992996338, 49.53274046139731 ], [ 21.829589929963376, 49.532740461397303 ], [ 21.829506118403206, 49.532654884746357 ], [ 21.829411394388693, 49.532542277727764 ], [ 21.829206638879178, 49.532615734244757 ], [ 21.829428712822111, 49.532793123877269 ], [ 21.829432695593873, 49.53279704198733 ], [ 21.829589929963376, 49.53274046139731 ], [ 21.82958992996338, 49.53274046139731 ] ] ] ] } },
{ "type": "Feature", "properties": { "fid": 117, "parcel_number": "827", "parcel_type": "ground", "land_category": "orchard" }, "geometry": { "type": "MultiPolygon", "coordinates": [ [ [ [ 21.829343819635035, 49.532566520328373 ], [ 21.829243473259165, 49.532452549072893 ], [ 21.829160195530569, 49.532483730994969 ], [ 21.82904534225155, 49.53238352726639 ], [ 21.828984564936256, 49.532407854949874 ], [ 21.829108413865971, 49.53250486539752 ], [ 21.829206638879178, 49.532615734244757 ], [ 21.829343819635035, 49.532566520328373 ] ] ] ] } },
{ "type": "Feature", "properties": { "fid": 118, "parcel_number": "800", "parcel_type": "ground", "land_category": "field" }, "geometry": { "type": "MultiPolygon", "coordinates": [ [ [ [ 21.829887274161017, 49.532503826000877 ], [ 21.829506118403206, 49.532654884746357 ], [ 21.829589929963376, 49.532740461397303 ], [ 21.82958992996338, 49.53274046139731 ], [ 21.830009954710587, 49.532587043433487 ], [ 21.829887274161017, 49.532503826000877 ] ] ] ] } },
{ "type": "Feature", "properties": { "fid": 119, "parcel_number": null, "parcel_type": "build", "land_category": "building" }, "geometry": { "type": "MultiPolygon", "coordinates": [ [ [ [ 21.830684675829104, 49.532833492463936 ], [ 21.830578506042027, 49.532711064704273 ], [ 21.830490503861736, 49.532741500788909 ], [ 21.830597270180448, 49.5328648417686 ], [ 21.830684675829104, 49.532833492463936 ] ] ] ] } },
{ "type": "Feature", "properties": { "fid": 120, "parcel_number": null, "parcel_type": "build", "land_category": "yard" }, "geometry": { "type": "MultiPolygon", "coordinates": [ [ [ [ 21.830578506042027, 49.532711064704273 ], [ 21.830684675829104, 49.532833492463936 ], [ 21.830759554984894, 49.5328066359518 ], [ 21.830652788666182, 49.532685373610839 ], [ 21.830578506042027, 49.532711064704273 ] ] ] ] } },
{ "type": "Feature", "properties": { "fid": 121, "parcel_number": "39", "parcel_type": "build", "land_category": "yard" }, "geometry": { "type": "MultiPolygon", "coordinates": [ [ [ [ 21.830219514563002, 49.531953364687851 ], [ 21.830154189957799, 49.531810197052437 ], [ 21.829999211029666, 49.531832325817469 ], [ 21.830046896761651, 49.531990329662236 ], [ 21.830055964944584, 49.53198897548517 ], [ 21.830219514563002, 49.531953364687851 ] ] ] ] } },
{ "type": "Feature", "properties": { "fid": 123, "parcel_number": "38", "parcel_type": "build", "land_category": "building" }, "geometry": { "type": "MultiPolygon", "coordinates": [ [ [ [ 21.830154189957799, 49.531810197052437 ], [ 21.830219514563002, 49.531953364687851 ], [ 21.830221452738588, 49.531952942675382 ], [ 21.830330354383673, 49.531927996868419 ], [ 21.830257753286947, 49.531787329996426 ], [ 21.830154189957799, 49.531810197052437 ] ] ] ] } },
{ "type": "Feature", "properties": { "fid": 124, "parcel_number": "846", "parcel_type": "ground", "land_category": "field" }, "geometry": { "type": "MultiPolygon", "coordinates": [ [ [ [ 21.829226924479741, 49.532310844309727 ], [ 21.829098118450769, 49.532200737995396 ], [ 21.828852460710539, 49.532288625394131 ], [ 21.828984564936256, 49.532407854949874 ], [ 21.82898456493626, 49.532407854949874 ], [ 21.829226924479741, 49.532310844309727 ] ] ] ] } },
{ "type": "Feature", "properties": { "fid": 125, "parcel_number": "41", "parcel_type": "build", "land_category": "building" }, "geometry": { "type": "MultiPolygon", "coordinates": [ [ [ [ 21.829449157942502, 49.531906414157156 ], [ 21.829341199174422, 49.531771974767622 ], [ 21.829231576350857, 49.531807149102761 ], [ 21.829345816313342, 49.531940886529156 ], [ 21.829449157942502, 49.531906414157156 ] ] ] ] } },
{ "type": "Feature", "properties": { "fid": 126, "parcel_number": "41", "parcel_type": "build", "land_category": "yard" }, "geometry": { "type": "MultiPolygon", "coordinates": [ [ [ [ 21.829341199174422, 49.531771974767622 ], [ 21.829449157942502, 49.531906414157156 ], [ 21.829536928026283, 49.531877136091744 ], [ 21.829421620400602, 49.531746170258401 ], [ 21.829341199174422, 49.531771974767622 ] ] ] ] } },
{ "type": "Feature", "properties": { "fid": 127, "parcel_number": "845", "parcel_type": "ground", "land_category": "orchard" }, "geometry": { "type": "MultiPolygon", "coordinates": [ [ [ [ 21.830424083008864, 49.531786796023908 ], [ 21.830285217027519, 49.531840541843813 ], [ 21.830330354383673, 49.531927996868419 ], [ 21.830221452738588, 49.531952942675382 ], [ 21.830219514563002, 49.531953364687851 ], [ 21.830055964944584, 49.53198897548517 ], [ 21.830046896761651, 49.531990329662236 ], [ 21.829935319004438, 49.53200699188011 ], [ 21.829911916048836, 49.531927867347456 ], [ 21.829581769880722, 49.532026810900199 ], [ 21.829098118450769, 49.532200737995396 ], [ 21.829226924479741, 49.532310844309727 ], [ 21.829619824532607, 49.532181958447119 ], [ 21.829986033005802, 49.532067623929692 ], [ 21.830286046361387, 49.531971305552929 ], [ 21.830502291346868, 49.531889086607691 ], [ 21.830572180095533, 49.531862514064585 ], [ 21.830436053039193, 49.531792180584979 ], [ 21.830424083008864, 49.531786796023908 ] ] ] ] } },
{ "type": "Feature", "properties": { "fid": 130, "parcel_number": null, "parcel_type": null, "land_category": null }, "geometry": { "type": "MultiPolygon", "coordinates": [ [ [ [ 21.829449157942502, 49.531906414157156 ], [ 21.829345816313342, 49.531940886529156 ], [ 21.829536928026283, 49.531877136091744 ], [ 21.829449157942502, 49.531906414157156 ] ] ] ] } },
{ "type": "Feature", "properties": { "fid": 131, "parcel_number": "40", "parcel_type": "build", "land_category": "building" }, "geometry": { "type": "MultiPolygon", "coordinates": [ [ [ [ 21.829935319004438, 49.53200699188011 ], [ 21.830046896761651, 49.531990329662236 ], [ 21.829999211029666, 49.531832325817469 ], [ 21.829994040479729, 49.531833064097739 ], [ 21.829925709347545, 49.531845282599747 ], [ 21.829889409487389, 49.531851773490502 ], [ 21.829911916048836, 49.531927867347456 ], [ 21.829935319004438, 49.53200699188011 ] ] ] ] } },
{ "type": "Feature", "properties": { "fid": 133, "parcel_number": "843", "parcel_type": "ground", "land_category": "orchard" }, "geometry": { "type": "MultiPolygon", "coordinates": [ [ [ [ 21.829581769880722, 49.532026810900199 ], [ 21.829911916048836, 49.531927867347456 ], [ 21.829889409487389, 49.531851773490502 ], [ 21.829925709347545, 49.531845282599747 ], [ 21.829994040479729, 49.531833064097739 ], [ 21.829999211029666, 49.531832325817469 ], [ 21.830154189957799, 49.531810197052437 ], [ 21.830257753286947, 49.531787329996426 ], [ 21.830285217027519, 49.531840541843813 ], [ 21.830424083008864, 49.531786796023908 ], [ 21.830227324886085, 49.531698286964286 ], [ 21.830083190355815, 49.531737784671726 ], [ 21.829911744743171, 49.531792007588308 ], [ 21.829620892195784, 49.531883995205675 ], [ 21.829169785871503, 49.532017978697809 ], [ 21.829116955171465, 49.532033669991193 ], [ 21.828819458355365, 49.532136294960587 ], [ 21.828729774646501, 49.532175099378819 ], [ 21.828852460710539, 49.532288625394131 ], [ 21.829098118450769, 49.532200737995396 ], [ 21.829581769880722, 49.532026810900199 ] ] ] ] } },
{ "type": "Feature", "properties": { "fid": 134, "parcel_number": "766", "parcel_type": "ground", "land_category": "orchard" }, "geometry": { "type": "MultiPolygon", "coordinates": [ [ [ [ 21.830922528485026, 49.532938365754205 ], [ 21.830708480816604, 49.533014635062564 ], [ 21.830610615970283, 49.533049506192889 ], [ 21.830570258560336, 49.533063106048843 ], [ 21.830812404312635, 49.533328060589859 ], [ 21.830922365104986, 49.533245017404752 ], [ 21.830929847263221, 49.53323936682478 ], [ 21.831096402720409, 49.533092467422314 ], [ 21.830922528485026, 49.532938365754205 ] ] ] ] } },
{ "type": "Feature", "properties": { "fid": 135, "parcel_number": "663", "parcel_type": "ground", "land_category": "garden" }, "geometry": { "type": "MultiPolygon", "coordinates": [ [ [ [ 21.831453108965675, 49.533317748545002 ], [ 21.831599653330169, 49.533272697306771 ], [ 21.831666916111814, 49.533362083931458 ], [ 21.831508965267652, 49.533407364803111 ], [ 21.831546533947947, 49.533467640267673 ], [ 21.831991485724856, 49.533358619336646 ], [ 21.832191138743404, 49.533314965420992 ], [ 21.832045936548102, 49.533073828803452 ], [ 21.831421353575646, 49.533240130046309 ], [ 21.831407144697287, 49.533244003137703 ], [ 21.831453108965675, 49.533317748545002 ] ] ] ] } },
{ "type": "Feature", "properties": { "fid": 136, "parcel_number": "701", "parcel_type": "ground", "land_category": "garden" }, "geometry": { "type": "MultiPolygon", "coordinates": [ [ [ [ 21.831411744606836, 49.533091151875965 ], [ 21.831407144697291, 49.533244003137703 ], [ 21.831421353575646, 49.533240130046309 ], [ 21.832045936548102, 49.533073828803452 ], [ 21.831814520549305, 49.532865431759689 ], [ 21.831648082164481, 49.532915541076797 ], [ 21.831631133928759, 49.53291973728502 ], [ 21.831740584872666, 49.533057891571282 ], [ 21.831588976698161, 49.533109167864886 ], [ 21.831531972816428, 49.533035503134855 ], [ 21.831411744606836, 49.533091151875965 ] ] ] ] } },
{ "type": "Feature", "properties": { "fid": 137, "parcel_number": "659", "parcel_type": "ground", "land_category": "orchard" }, "geometry": { "type": "MultiPolygon", "coordinates": [ [ [ [ 21.830846253090058, 49.53368205409199 ], [ 21.831187499796258, 49.533583031590616 ], [ 21.831010982013517, 49.533351990147118 ], [ 21.830940905135289, 49.533371091876838 ], [ 21.83065477139748, 49.533448698721926 ], [ 21.830846253090058, 49.53368205409199 ] ] ] ] } },
{ "type": "Feature", "properties": { "fid": 138, "parcel_number": "660", "parcel_type": "ground", "land_category": "field" }, "geometry": { "type": "MultiPolygon", "coordinates": [ [ [ [ 21.831187499796258, 49.533583031590616 ], [ 21.831261204095526, 49.5335616441781 ], [ 21.831083133933113, 49.533332322797463 ], [ 21.831010982013517, 49.533351990147118 ], [ 21.831187499796258, 49.533583031590616 ] ] ] ] } },
{ "type": "Feature", "properties": { "fid": 139, "parcel_number": "622", "parcel_type": "ground", "land_category": "field" }, "geometry": { "type": "MultiPolygon", "coordinates": [ [ [ [ 21.831000882972575, 49.533637183804672 ], [ 21.831195876973915, 49.533853667069735 ], [ 21.831385186168792, 49.533792976482708 ], [ 21.831191805987476, 49.533588667898869 ], [ 21.831187499796258, 49.533583031590616 ], [ 21.831000882972575, 49.533637183804672 ] ] ] ] } },
{ "type": "Feature", "properties": { "fid": 140, "parcel_number": "622", "parcel_type": "ground", "land_category": "garden" }, "geometry": { "type": "MultiPolygon", "coordinates": [ [ [ [ 21.831607412094431, 49.533452724062023 ], [ 21.831711757966247, 49.533549864602819 ], [ 21.831623358380639, 49.533580845237523 ], [ 21.831718720216653, 49.533675166722027 ], [ 21.831743787862283, 49.533666274398506 ], [ 21.832332819866995, 49.533456635187768 ], [ 21.832191138743404, 49.533314965420992 ], [ 21.831991485724856, 49.533358619336646 ], [ 21.831607412094431, 49.533452724062023 ] ] ] ] } },
{ "type": "Feature", "properties": { "fid": 141, "parcel_number": "662", "parcel_type": "ground", "land_category": "pasture" }, "geometry": { "type": "MultiPolygon", "coordinates": [ [ [ [ 21.832045936548102, 49.533073828803452 ], [ 21.832191138743404, 49.533314965420992 ], [ 21.832564495649876, 49.533180592837908 ], [ 21.832440651794752, 49.532998965174855 ], [ 21.832045936548102, 49.533073828803452 ] ] ] ] } },
{ "type": "Feature", "properties": { "fid": 142, "parcel_number": "700", "parcel_type": "ground", "land_category": "pasture" }, "geometry": { "type": "MultiPolygon", "coordinates": [ [ [ [ 21.831814520549305, 49.532865431759689 ], [ 21.832045936548102, 49.533073828803452 ], [ 21.832440651794752, 49.532998965174855 ], [ 21.832255884941631, 49.532727988696379 ], [ 21.831814520549305, 49.532865431759689 ] ] ] ] } },
{ "type": "Feature", "properties": { "fid": 143, "parcel_number": "620", "parcel_type": "ground", "land_category": "pasture" }, "geometry": { "type": "MultiPolygon", "coordinates": [ [ [ [ 21.832191138743404, 49.533314965420992 ], [ 21.832332819866995, 49.533456635187768 ], [ 21.832339543928317, 49.533454242063293 ], [ 21.832672654846952, 49.533339217601188 ], [ 21.832564495649876, 49.533180592837908 ], [ 21.832191138743404, 49.533314965420992 ] ] ] ] } },
{ "type": "Feature", "properties": { "fid": 144, "parcel_number": null, "parcel_type": "build", "land_category": "yard" }, "geometry": { "type": "MultiPolygon", "coordinates": [ [ [ [ 21.831548990963004, 49.532945523917064 ], [ 21.831666224270872, 49.533083041508362 ], [ 21.831740584872666, 49.533057891571282 ], [ 21.831631133928759, 49.53291973728502 ], [ 21.831560629796765, 49.532941870210131 ], [ 21.831548990963004, 49.532945523917064 ] ] ] ] } },
{ "type": "Feature", "properties": { "fid": 145, "parcel_number": null, "parcel_type": "build", "land_category": "building" }, "geometry": { "type": "MultiPolygon", "coordinates": [ [ [ [ 21.831666224270872, 49.533083041508362 ], [ 21.831548990963004, 49.532945523917064 ], [ 21.831479278977639, 49.532967408168496 ], [ 21.831588976698161, 49.533109167864886 ], [ 21.831666224270872, 49.533083041508362 ] ] ] ] } },
{ "type": "Feature", "properties": { "fid": 146, "parcel_number": "702", "parcel_type": "ground", "land_category": "orchard" }, "geometry": { "type": "MultiPolygon", "coordinates": [ [ [ [ 21.831407144697291, 49.533244003137703 ], [ 21.831411744606836, 49.533091151875965 ], [ 21.831531972816428, 49.533035503134855 ], [ 21.831479278977639, 49.532967408168496 ], [ 21.83142524298205, 49.532984371353635 ], [ 21.831421078720798, 49.532985740225769 ], [ 21.831452315808466, 49.533024631243983 ], [ 21.831130949185034, 49.533124412158031 ], [ 21.830915281218477, 49.533317044179782 ], [ 21.830857627405635, 49.533366934363798 ], [ 21.83065477139748, 49.533448698721926 ], [ 21.830940905135289, 49.533371091876838 ], [ 21.831407144697291, 49.533244003137703 ] ] ] ] } },
{ "type": "Feature", "properties": { "fid": 147, "parcel_number": "661", "parcel_type": "ground", "land_category": "orchard" }, "geometry": { "type": "MultiPolygon", "coordinates": [ [ [ [ 21.831546533947947, 49.533467640267673 ], [ 21.831407144697287, 49.533244003137703 ], [ 21.831083133933113, 49.533332322797463 ], [ 21.831246875531296, 49.533543191641826 ], [ 21.831516375600515, 49.533475029587791 ], [ 21.831546533947947, 49.533467640267673 ] ], [ [ 21.831165114407451, 49.533375249389486 ], [ 21.831323128561166, 49.533328823811146 ], [ 21.831380782374005, 49.533395344029152 ], [ 21.83131672258196, 49.533419596169431 ], [ 21.83135088780438, 49.533459092486453 ], [ 21.831250527463514, 49.533486809181092 ], [ 21.831165114407451, 49.533375249389486 ] ] ] ] } },
{ "type": "Feature", "properties": { "fid": 148, "parcel_number": "29", "parcel_type": "build", "land_category": "building" }, "geometry": { "type": "MultiPolygon", "coordinates": [ [ [ [ 21.83159575106675, 49.533382485311954 ], [ 21.831525648823533, 49.533295448059896 ], [ 21.831453108965675, 49.533317748545002 ], [ 21.831508965267652, 49.533407364803111 ], [ 21.83159575106675, 49.533382485311954 ] ] ] ] } },
{ "type": "Feature", "properties": { "fid": 149, "parcel_number": "29", "parcel_type": "build", "land_category": "yard" }, "geometry": { "type": "MultiPolygon", "coordinates": [ [ [ [ 21.831525648823533, 49.533295448059896 ], [ 21.83159575106675, 49.533382485311954 ], [ 21.831666916111814, 49.533362083931458 ], [ 21.831599653330169, 49.533272697306771 ], [ 21.831525648823533, 49.533295448059896 ] ] ] ] } },
{ "type": "Feature", "properties": { "fid": 150, "parcel_number": "699", "parcel_type": "ground", "land_category": "orchard" }, "geometry": { "type": "MultiPolygon", "coordinates": [ [ [ [ 21.831718720216653, 49.533675166722027 ], [ 21.831516375600515, 49.533475029587791 ], [ 21.831246875531296, 49.533543191641826 ], [ 21.831261204095526, 49.5335616441781 ], [ 21.831187499796258, 49.533583031590616 ], [ 21.831191805987476, 49.533588667898869 ], [ 21.831385186168792, 49.533792976482708 ], [ 21.831400000311632, 49.533788227220391 ], [ 21.831718720216653, 49.533675166722027 ] ], [ [ 21.831391459006017, 49.533592825393043 ], [ 21.831489684020486, 49.533563722926388 ], [ 21.831566555770948, 49.533651723189188 ], [ 21.831474736735682, 49.533687061832822 ], [ 21.831391459006017, 49.533592825393043 ] ] ] ] } },
{ "type": "Feature", "properties": { "fid": 151, "parcel_number": "28", "parcel_type": "build", "land_category": "building" }, "geometry": { "type": "MultiPolygon", "coordinates": [ [ [ [ 21.831623358380639, 49.533580845237523 ], [ 21.831711757966247, 49.533549864602819 ], [ 21.831607412094431, 49.533452724062023 ], [ 21.831516375600515, 49.533475029587791 ], [ 21.831623358380639, 49.533580845237523 ] ] ] ] } },
{ "type": "Feature", "properties": { "fid": 152, "parcel_number": "664", "parcel_type": "ground", "land_category": "orchard" }, "geometry": { "type": "MultiPolygon", "coordinates": [ [ [ [ 21.831195876973915, 49.533853667069735 ], [ 21.831000882972575, 49.533637183804672 ], [ 21.830846253090058, 49.53368205409199 ], [ 21.830846950773626, 49.533682904346676 ], [ 21.831045536128968, 49.533901864803283 ], [ 21.831195876973915, 49.533853667069735 ] ] ] ] } },
{ "type": "Feature", "properties": { "fid": 153, "parcel_number": "27", "parcel_type": "build", "land_category": "building" }, "geometry": { "type": "MultiPolygon", "coordinates": [ [ [ [ 21.831391459006017, 49.533592825393043 ], [ 21.831474736735682, 49.533687061832822 ], [ 21.831566555770948, 49.533651723189188 ], [ 21.831489684020486, 49.533563722926388 ], [ 21.831391459006017, 49.533592825393043 ] ] ] ] } },
{ "type": "Feature", "properties": { "fid": 154, "parcel_number": "30", "parcel_type": "build", "land_category": "building" }, "geometry": { "type": "MultiPolygon", "coordinates": [ [ [ [ 21.83131672258196, 49.533419596169431 ], [ 21.831259341422125, 49.533347564884345 ], [ 21.831165114407451, 49.533375249389486 ], [ 21.831250527463514, 49.533486809181092 ], [ 21.83135088780438, 49.533459092486453 ], [ 21.83131672258196, 49.533419596169431 ] ] ] ] } },
{ "type": "Feature", "properties": { "fid": 155, "parcel_number": "30", "parcel_type": "build", "land_category": "yard" }, "geometry": { "type": "MultiPolygon", "coordinates": [ [ [ [ 21.831259341422125, 49.533347564884345 ], [ 21.83131672258196, 49.533419596169431 ], [ 21.831380782374005, 49.533395344029152 ], [ 21.831323128561166, 49.533328823811146 ], [ 21.831259341422125, 49.533347564884345 ] ] ] ] } },
{ "type": "Feature", "properties": { "fid": 156, "parcel_number": "2304", "parcel_type": "ground", "land_category": "water" }, "geometry": { "type": "MultiPolygon", "coordinates": [ [ [ [ 21.832773015187822, 49.533477801257092 ], [ 21.832922488035926, 49.533685676004161 ], [ 21.832954517931952, 49.533756353216774 ], [ 21.833054878272822, 49.534100037029127 ], [ 21.833221433732142, 49.53420120156192 ], [ 21.833501161490751, 49.534392443531267 ], [ 21.833456319636319, 49.534709792684339 ], [ 21.833595115852418, 49.534858073023322 ], [ 21.83367198760287, 49.534957850194488 ], [ 21.83373177674212, 49.535146317628723 ], [ 21.833748859353328, 49.535271038325298 ], [ 21.833768077290937, 49.535404073384171 ], [ 21.833804377839762, 49.535463661886872 ], [ 21.833896196875028, 49.535499692109056 ], [ 21.834054211028747, 49.535570366698536 ], [ 21.834385186620988, 49.535725573281461 ], [ 21.8345432007747, 49.535994412089153 ], [ 21.834504764899478, 49.53636163796773 ], [ 21.83409478223038, 49.536400439031461 ], [ 21.833909008833441, 49.53660414411064 ], [ 21.833894061548627, 49.536751032960595 ], [ 21.833951715361469, 49.53690207858174 ], [ 21.833998692542306, 49.536967208200956 ], [ 21.834141759411214, 49.537127953272609 ], [ 21.834380915968183, 49.537321955241211 ], [ 21.83460298991394, 49.537488242029895 ], [ 21.835194475327182, 49.537716885440489 ], [ 21.835685600399543, 49.537928899283543 ], [ 21.835943974894132, 49.537971856224644 ], [ 21.836251461895955, 49.538041141533959 ], [ 21.836546136939365, 49.538140912206806 ], [ 21.836612332057815, 49.538118740963782 ], [ 21.837191005512633, 49.53823652557714 ], [ 21.837477139250449, 49.538307196208912 ], [ 21.837598852855333, 49.538366781171959 ], [ 21.837801708863477, 49.538545535625211 ], [ 21.837991752913222, 49.538685490205886 ], [ 21.838079301295686, 49.538933527537459 ], [ 21.838226638817392, 49.539278560614505 ], [ 21.838559749736032, 49.539961691206976 ], [ 21.838653704097709, 49.540231892355337 ], [ 21.839055145461199, 49.540398169242501 ], [ 21.839196077003702, 49.540488235653456 ], [ 21.83922597157332, 49.540539504151717 ], [ 21.839262272122145, 49.540640655355375 ], [ 21.839311384629383, 49.540967663293486 ], [ 21.839451248508684, 49.541508745774614 ], [ 21.839846283892971, 49.541769239173078 ], [ 21.840745256308029, 49.542317933490381 ], [ 21.840982277538593, 49.542517457169033 ], [ 21.84158230425744, 49.542273594784476 ], [ 21.841170186261937, 49.54208238365441 ], [ 21.840986548191403, 49.541891171776065 ], [ 21.840570159543098, 49.541699959149469 ], [ 21.840595783459918, 49.541669475907952 ], [ 21.840072628491534, 49.541384040996569 ], [ 21.839980809456268, 49.541284276944999 ], [ 21.83960499200959, 49.540881061827982 ], [ 21.839540932217549, 49.540688459618487 ], [ 21.839461925140682, 49.54056098147958 ], [ 21.839182197382087, 49.540145289585851 ], [ 21.83908824302042, 49.539969312285479 ], [ 21.839105325631632, 49.539858460117372 ], [ 21.839028453881181, 49.539758692951096 ], [ 21.838703884268146, 49.539301424166055 ], [ 21.838389991287116, 49.53886909337961 ], [ 21.838176458646959, 49.538542071397821 ], [ 21.838022715146042, 49.538418744743204 ], [ 21.837629815088164, 49.538291260683202 ], [ 21.837034059022127, 49.538080634116298 ], [ 21.836508768727342, 49.537917120760824 ], [ 21.835594849027473, 49.537652449678454 ], [ 21.834785560321283, 49.537218718575204 ], [ 21.834441772770631, 49.536967901068756 ], [ 21.834115067831192, 49.536736482669681 ], [ 21.834405472221803, 49.536477348191724 ], [ 21.834663846716388, 49.536405289162253 ], [ 21.834678794001199, 49.535921659464961 ], [ 21.834614734209161, 49.535690236111705 ], [ 21.834191939581647, 49.535449111212664 ], [ 21.833935700413459, 49.535313304711359 ], [ 21.83379690419736, 49.535156711032258 ], [ 21.833726438426112, 49.534939141990414 ], [ 21.833647431349249, 49.534695241785705 ], [ 21.833591912862808, 49.534341861488947 ], [ 21.833416816097881, 49.534124288819754 ], [ 21.833109329096054, 49.533908101004457 ], [ 21.833132817686479, 49.533689140575788 ], [ 21.833406139465879, 49.533434147447871 ], [ 21.83332286173621, 49.533323280455576 ], [ 21.833049539956814, 49.532992063818227 ], [ 21.832590444780482, 49.53283684855473 ], [ 21.832490084439605, 49.53269964893822 ], [ 21.832282957778659, 49.532416933362533 ], [ 21.832048071874489, 49.532121743295811 ], [ 21.831779020747891, 49.531857040827944 ], [ 21.831601788656567, 49.531757257326682 ], [ 21.831215294577881, 49.531541059041793 ], [ 21.830489283601356, 49.53150779768233 ], [ 21.830017376466611, 49.531552146156592 ], [ 21.829931963410544, 49.531409399361372 ], [ 21.829887121556116, 49.531247249583416 ], [ 21.829844415028081, 49.531018575905485 ], [ 21.829840144375279, 49.530721991481244 ], [ 21.82978889654164, 49.53033947807144 ], [ 21.829697077506374, 49.530090011191561 ], [ 21.829455785623011, 49.52959661739132 ], [ 21.829024449689896, 49.529420602105738 ], [ 21.828159642497265, 49.529699177186757 ], [ 21.827636487528881, 49.529861332099955 ], [ 21.82712614451891, 49.529937558582688 ], [ 21.826886987961938, 49.529681159940978 ], [ 21.826622207488139, 49.529524548217154 ], [ 21.826581636286505, 49.529340216961351 ], [ 21.826496223230439, 49.528996499680581 ], [ 21.826600854224118, 49.528996499680581 ], [ 21.826314720486309, 49.528692973137019 ], [ 21.826107593825363, 49.528304899925267 ], [ 21.825855625309977, 49.527774066221646 ], [ 21.82560152146819, 49.527537060278632 ], [ 21.825185132819886, 49.52718224221627 ], [ 21.82467692513632, 49.526722083706204 ], [ 21.824407874009722, 49.526514179344403 ], [ 21.824162311473536, 49.526275781254746 ], [ 21.823692539665196, 49.525835018934501 ], [ 21.823624209220341, 49.525873828354939 ], [ 21.823575096713114, 49.525844721292493 ], [ 21.823122407515982, 49.525840563139312 ], [ 21.823356225756935, 49.526049163388279 ], [ 21.823670118737962, 49.526287562583001 ], [ 21.824033124226236, 49.526506556167668 ], [ 21.824432430263325, 49.526790691951575 ], [ 21.824677992799501, 49.527013841336313 ], [ 21.825098652100611, 49.527403310803621 ], [ 21.825401868449628, 49.527745653289095 ], [ 21.82554707064493, 49.527990974162506 ], [ 21.825636754353798, 49.5281351169264 ], [ 21.825773415243503, 49.528327768610652 ], [ 21.826100120182939, 49.528701981942838 ], [ 21.826168450627794, 49.528839192780239 ], [ 21.82626240498946, 49.529062332814632 ], [ 21.826343547392714, 49.529361699211144 ], [ 21.826080902245327, 49.529461487602596 ], [ 21.826170585954191, 49.529539100655107 ], [ 21.826493020240829, 49.529823218814002 ], [ 21.826749259409016, 49.529965970241292 ], [ 21.82694357411156, 49.530036652832543 ], [ 21.827167783383718, 49.530189105132379 ], [ 21.827665314435286, 49.530062985536475 ], [ 21.828444708571855, 49.529798271919844 ], [ 21.829095983124329, 49.52976085155472 ], [ 21.829480341876611, 49.530029723171246 ], [ 21.829510236446236, 49.530090704156869 ], [ 21.829567890259074, 49.530280576284049 ], [ 21.8295913788495, 49.530517568926278 ], [ 21.829512371772637, 49.530807225039759 ], [ 21.829501695140632, 49.530951359499745 ], [ 21.829510236446236, 49.531112124357584 ], [ 21.829556832404563, 49.531339341423362 ], [ 21.829663598723279, 49.531599889028058 ], [ 21.830037280838777, 49.531655324509451 ], [ 21.830227324886085, 49.531698286964286 ], [ 21.830709908646668, 49.531591573700418 ], [ 21.830956226600826, 49.531726128583308 ], [ 21.830966147811576, 49.531731548193726 ], [ 21.831207325348171, 49.531850563108435 ], [ 21.831224522302872, 49.531859049363526 ], [ 21.831621693008486, 49.532053072244665 ], [ 21.831721072444729, 49.532331654369401 ], [ 21.83172205334807, 49.532334404054325 ], [ 21.831751947917311, 49.532495164361421 ], [ 21.83196118469359, 49.532617904850277 ], [ 21.831974021860233, 49.532625435256925 ], [ 21.832255884941631, 49.532727988696379 ], [ 21.832440651794752, 49.532998965174855 ], [ 21.832511518622709, 49.533102897471998 ], [ 21.832564495649876, 49.533180592837908 ], [ 21.832672654846952, 49.533339217601188 ], [ 21.832773015187822, 49.533477801257092 ] ] ] ] } },
{ "type": "Feature", "properties": { "fid": 157, "parcel_number": "2305", "parcel_type": "ground", "land_category": "water" }, "geometry": { "type": "MultiPolygon", "coordinates": [ [ [ [ 21.830018444129792, 49.530368235977136 ], [ 21.830466862674122, 49.530645419742996 ], [ 21.830881115996021, 49.53093091737864 ], [ 21.831274016053904, 49.531210869751661 ], [ 21.831451248145235, 49.531384106803195 ], [ 21.83178008841108, 49.531675143667627 ], [ 21.832134552593732, 49.531996668093697 ], [ 21.832339543928288, 49.532180989332474 ], [ 21.832792233125421, 49.532301559992327 ], [ 21.833172321224897, 49.532413815166898 ], [ 21.833518244101949, 49.532890550319962 ], [ 21.833729641415708, 49.533084569109143 ], [ 21.834165248001622, 49.533446273509888 ], [ 21.834282690953707, 49.533964573234371 ], [ 21.834351021398557, 49.534306869771534 ], [ 21.834861364408539, 49.534503654549766 ], [ 21.835079167701494, 49.53506490255787 ], [ 21.835013964599298, 49.535504726992642 ], [ 21.835008701930242, 49.535540226077266 ], [ 21.834895529630952, 49.536155506800121 ], [ 21.834665660232368, 49.536346611858555 ], [ 21.834665660224335, 49.536346611863337 ], [ 21.834663846716388, 49.536405289162253 ], [ 21.834869905714136, 49.53634396961597 ], [ 21.834972401381414, 49.536119477061398 ], [ 21.835134686187935, 49.535843710104579 ], [ 21.835205151959187, 49.535566555816402 ], [ 21.835209422611989, 49.535256141147698 ], [ 21.83518662039031, 49.534989999541857 ], [ 21.835135372557321, 49.534808460491973 ], [ 21.835135372557318, 49.534808460491966 ], [ 21.835050159815637, 49.534652232449375 ], [ 21.835049959502353, 49.534651865197347 ], [ 21.834817208927547, 49.53426176057804 ], [ 21.834962411121005, 49.534218107469563 ], [ 21.834817208927568, 49.534261760578033 ], [ 21.834817208927547, 49.534261760578033 ], [ 21.834806532295676, 49.534227115257046 ], [ 21.834609014606059, 49.533759401020021 ], [ 21.834463812412601, 49.533623589825304 ], [ 21.834440323822481, 49.533407399798087 ], [ 21.834002581915744, 49.533001347995651 ], [ 21.83373780144532, 49.53271447660012 ], [ 21.833719651171126, 49.532510062380332 ], [ 21.833112150817634, 49.532205171786174 ], [ 21.832898086724981, 49.532145629466214 ], [ 21.832887941548321, 49.532142807566721 ], [ 21.832275102878885, 49.53198204610073 ], [ 21.832029540345832, 49.531728429954406 ], [ 21.831700700084177, 49.531419376806049 ], [ 21.83169427813581, 49.531412185438676 ], [ 21.831397483739028, 49.531079831856786 ], [ 21.831756151467161, 49.530909687215278 ], [ 21.831397483739025, 49.531079831856786 ], [ 21.830966147811402, 49.530765230961997 ], [ 21.830761156479461, 49.5306183241238 ], [ 21.830758352780329, 49.530616155416858 ], [ 21.830727502923747, 49.530592292550317 ], [ 21.830605277654133, 49.53049774931349 ], [ 21.830466481439803, 49.530396577116768 ], [ 21.830297790656221, 49.530307878032289 ], [ 21.830073581386905, 49.530262142503972 ], [ 21.830073581386902, 49.530262142503972 ], [ 21.829919151452131, 49.530116690349224 ], [ 21.829741919360799, 49.529950378479455 ], [ 21.829455785623011, 49.52959661739132 ], [ 21.829697077506374, 49.530090011191561 ], [ 21.82978889654164, 49.53033947807144 ], [ 21.830018444129792, 49.530368235977136 ] ] ] ] } },
{ "type": "Feature", "properties": { "fid": 158, "parcel_number": "577", "parcel_type": "ground", "land_category": "pasture" }, "geometry": { "type": "MultiPolygon", "coordinates": [ [ [ [ 21.834241052088885, 49.534588188612631 ], [ 21.834417493219167, 49.534332500851455 ], [ 21.834351021398557, 49.534306869771534 ], [ 21.834282690953707, 49.533964573234371 ], [ 21.834165248001622, 49.533446273509888 ], [ 21.833866681489063, 49.533198359853394 ], [ 21.83363355172764, 49.533507943150212 ], [ 21.833586363274161, 49.533567218181538 ], [ 21.833685867224474, 49.53369156577579 ], [ 21.833779821586145, 49.533807975233955 ], [ 21.833905805843834, 49.534083753677237 ], [ 21.834108661851989, 49.534377546085885 ], [ 21.834241052088885, 49.534588188612631 ] ] ] ] } },
{ "type": "Feature", "properties": { "fid": 159, "parcel_number": "789", "parcel_type": "ground", "land_category": "pasture" }, "geometry": { "type": "MultiPolygon", "coordinates": [ [ [ [ 21.832461766530059, 49.532660996675574 ], [ 21.832724064820052, 49.532582972058265 ], [ 21.832625677666101, 49.532447075909886 ], [ 21.832196477059387, 49.532176831718211 ], [ 21.832194763012783, 49.53217551867904 ], [ 21.83211258301996, 49.53220281691069 ], [ 21.832282957778659, 49.532416933362533 ], [ 21.832461766530059, 49.532660996675574 ] ] ] ] } },
{ "type": "Feature", "properties": { "fid": 160, "parcel_number": null, "parcel_type": "ground", "land_category": "pasture" }, "geometry": { "type": "MultiPolygon", "coordinates": [ [ [ [ 21.830677115473652, 49.530274315171653 ], [ 21.830466481439803, 49.530396577116768 ], [ 21.830677115473655, 49.530274315171653 ], [ 21.830677115473652, 49.530274315171653 ] ] ] ] } },
{ "type": "Feature", "properties": { "fid": 161, "parcel_number": "579", "parcel_type": "ground", "land_category": "yard" }, "geometry": { "type": "MultiPolygon", "coordinates": [ [ [ [ 21.833109329096054, 49.533908101004457 ], [ 21.833242253164556, 49.533814904359623 ], [ 21.833415231728942, 49.533670864431478 ], [ 21.833406139465879, 49.533434147447871 ], [ 21.833132817686479, 49.533689140575788 ], [ 21.833109329096054, 49.533908101004457 ] ] ] ] } },
{ "type": "Feature", "properties": { "fid": 162, "parcel_number": "407", "parcel_type": "ground", "land_category": "pasture" }, "geometry": { "type": "MultiPolygon", "coordinates": [ [ [ [ 21.835013964599298, 49.535504726992642 ], [ 21.834468037067737, 49.535606572954428 ], [ 21.834614734209161, 49.535690236111705 ], [ 21.834678794001199, 49.535921659464961 ], [ 21.834665186821091, 49.53636192915139 ], [ 21.834665660224335, 49.536346611863337 ], [ 21.834665660232368, 49.536346611858555 ], [ 21.834895529630952, 49.536155506800121 ], [ 21.835008701930242, 49.535540226077266 ], [ 21.835013964599298, 49.535504726992642 ] ] ] ] } },
{ "type": "Feature", "properties": { "fid": 163, "parcel_number": "2305", "parcel_type": "ground", "land_category": "water" }, "geometry": { "type": "MultiPolygon", "coordinates": [ [ [ [ 21.830973574088809, 49.530486070798261 ], [ 21.830873261114114, 49.530529625441694 ], [ 21.831028072276258, 49.530462408364471 ], [ 21.830973574088809, 49.530486070798261 ] ] ], [ [ [ 21.83274857462979, 49.531869535446269 ], [ 21.832745942344435, 49.531864939355145 ], [ 21.832866588284581, 49.532075592707749 ], [ 21.83274857462979, 49.531869535446269 ] ] ], [ [ [ 21.834590864331922, 49.533616314214918 ], [ 21.834657499580331, 49.533591307780505 ], [ 21.834747810820428, 49.533557416376837 ], [ 21.834590864331922, 49.533616314214918 ] ] ] ] } },
{ "type": "Feature", "properties": { "fid": 164, "parcel_number": "408", "parcel_type": "ground", "land_category": "pasture" }, "geometry": { "type": "MultiPolygon", "coordinates": [ [ [ [ 21.834242533379953, 49.53467593098695 ], [ 21.834184999770848, 49.534876434809682 ], [ 21.834151902211627, 49.534989376966621 ], [ 21.834050474207555, 49.535211103141364 ], [ 21.833989865072013, 49.535342011925891 ], [ 21.834191939581647, 49.535449111212664 ], [ 21.834468037067737, 49.535606572954428 ], [ 21.835013964599298, 49.535504726992642 ], [ 21.835079167701494, 49.53506490255787 ], [ 21.834880274372889, 49.534552382829681 ], [ 21.834242533379953, 49.53467593098695 ] ] ] ] } },
{ "type": "Feature", "properties": { "fid": 165, "parcel_number": "874", "parcel_type": "ground", "land_category": "pasture" }, "geometry": { "type": "MultiPolygon", "coordinates": [ [ [ [ 21.831181728715535, 49.531360253143774 ], [ 21.831082370509392, 49.531294023613007 ], [ 21.830700147083515, 49.531070893765552 ], [ 21.830585373289409, 49.531011299907277 ], [ 21.829886608656199, 49.531244503241908 ], [ 21.829887121556116, 49.531247249583416 ], [ 21.829931963410544, 49.531409399361372 ], [ 21.830017376466611, 49.531552146156592 ], [ 21.830489283601356, 49.53150779768233 ], [ 21.830888047791603, 49.531526066605942 ], [ 21.831181728715535, 49.531360253143774 ] ] ] ] } },
{ "type": "Feature", "properties": { "fid": 166, "parcel_number": null, "parcel_type": "ground", "land_category": "pasture" }, "geometry": { "type": "MultiPolygon", "coordinates": [ [ [ [ 21.83211258301996, 49.53220281691069 ], [ 21.832194763012783, 49.53217551867904 ], [ 21.831779020747891, 49.531857040827944 ], [ 21.832048071874489, 49.532121743295811 ], [ 21.83211258301996, 49.53220281691069 ] ] ] ] } },
{ "type": "Feature", "properties": { "fid": 168, "parcel_number": "821", "parcel_type": "ground", "land_category": "pasture" }, "geometry": { "type": "MultiPolygon", "coordinates": [ [ [ [ 21.831592899423995, 49.53168476521175 ], [ 21.831558548296936, 49.531652969491319 ], [ 21.831391992837617, 49.531496364084759 ], [ 21.831240384663111, 49.531399351634327 ], [ 21.831181728715535, 49.531360253143774 ], [ 21.830888047791603, 49.531526066605942 ], [ 21.831215294577881, 49.531541059041793 ], [ 21.831528522283413, 49.531716273350241 ], [ 21.831592899423995, 49.53168476521175 ] ] ] ] } },
{ "type": "Feature", "properties": { "fid": 169, "parcel_number": "926", "parcel_type": "ground", "land_category": "pasture" }, "geometry": { "type": "MultiPolygon", "coordinates": [ [ [ [ 21.830585373289409, 49.531011299907277 ], [ 21.830320058984039, 49.530761836455937 ], [ 21.830156374091548, 49.530614546457777 ], [ 21.829838887230178, 49.530712608160535 ], [ 21.829840144375279, 49.530721991481244 ], [ 21.829844415028081, 49.531018575905485 ], [ 21.829886608656199, 49.531244503241908 ], [ 21.830585373289409, 49.531011299907277 ] ] ] ] } },
{ "type": "Feature", "properties": { "fid": 170, "parcel_number": "929", "parcel_type": "ground", "land_category": "pasture" }, "geometry": { "type": "MultiPolygon", "coordinates": [ [ [ [ 21.830156374091548, 49.530614546457777 ], [ 21.829847227355007, 49.530346785802458 ], [ 21.82978889654164, 49.53033947807144 ], [ 21.829838887230178, 49.530712608160535 ], [ 21.830156374091548, 49.530614546457777 ] ] ] ] } },
{ "type": "Feature", "properties": { "fid": 171, "parcel_number": "575", "parcel_type": "ground", "land_category": "pasture" }, "geometry": { "type": "MultiPolygon", "coordinates": [ [ [ [ 21.833551059515695, 49.533609645922205 ], [ 21.833502229153943, 49.533665235026568 ], [ 21.833418588747861, 49.533758264097699 ], [ 21.833420019087484, 49.533795502805283 ], [ 21.833416816097881, 49.534124288819747 ], [ 21.833416816097877, 49.534124288819754 ], [ 21.833416816097881, 49.534124288819754 ], [ 21.833591912862808, 49.534341861488947 ], [ 21.833647431349249, 49.534695241785705 ], [ 21.833676685503203, 49.534785551343042 ], [ 21.834183358522314, 49.534687394875789 ], [ 21.834179127623234, 49.534642234904076 ], [ 21.834136421095206, 49.534541071284167 ], [ 21.8339826775943, 49.534302712338103 ], [ 21.83383106941978, 49.534094840215296 ], [ 21.833754197669329, 49.53393131352405 ], [ 21.833677325918874, 49.53376224297989 ], [ 21.833553476987586, 49.53361257348557 ], [ 21.833551059515695, 49.533609645922205 ] ] ] ] } },
{ "type": "Feature", "properties": { "fid": 172, "parcel_number": "873", "parcel_type": "ground", "land_category": "pasture" }, "geometry": { "type": "MultiPolygon", "coordinates": [ [ [ [ 21.830679125032518, 49.530980517811621 ], [ 21.830865101048015, 49.531102769520416 ], [ 21.831247551311556, 49.531323089434295 ], [ 21.831337098728753, 49.531272530461706 ], [ 21.831274016053904, 49.531210869751661 ], [ 21.830881115996021, 49.53093091737864 ], [ 21.830864683355244, 49.530919592230859 ], [ 21.830679125032518, 49.530980517811621 ] ] ] ] } },
{ "type": "Feature", "properties": { "fid": 173, "parcel_number": "796", "parcel_type": "ground", "land_category": "pasture" }, "geometry": { "type": "MultiPolygon", "coordinates": [ [ [ [ 21.831649988779052, 49.531656823938043 ], [ 21.831811050643914, 49.53181096027803 ], [ 21.832071560464904, 49.532004983352515 ], [ 21.832269921536827, 49.532150552811686 ], [ 21.832296043900275, 49.532141875586191 ], [ 21.832134552593732, 49.531996668093697 ], [ 21.83178008841108, 49.531675143667627 ], [ 21.83172043308959, 49.53162234630819 ], [ 21.831649988779052, 49.531656823938043 ] ] ] ] } },
{ "type": "Feature", "properties": { "fid": 174, "parcel_number": "820", "parcel_type": "ground", "land_category": "pasture" }, "geometry": { "type": "MultiPolygon", "coordinates": [ [ [ [ 21.831247551311556, 49.531323089434295 ], [ 21.831426691891629, 49.531435384852692 ], [ 21.831649988779052, 49.531656823938043 ], [ 21.83172043308959, 49.53162234630819 ], [ 21.831451248145235, 49.531384106803195 ], [ 21.831337098728753, 49.531272530461706 ], [ 21.831247551311556, 49.531323089434295 ] ] ] ] } },
{ "type": "Feature", "properties": { "fid": 175, "parcel_number": "927", "parcel_type": "ground", "land_category": "pasture" }, "geometry": { "type": "MultiPolygon", "coordinates": [ [ [ [ 21.830226035097375, 49.530593030338423 ], [ 21.830273615634784, 49.530634332422544 ], [ 21.830613132532633, 49.530929531471806 ], [ 21.830679125032518, 49.530980517811621 ], [ 21.830864683355244, 49.530919592230859 ], [ 21.830466862674122, 49.530645419742996 ], [ 21.83033010666998, 49.530560885896854 ], [ 21.830226035097375, 49.530593030338423 ] ] ] ] } },
{ "type": "Feature", "properties": { "fid": 176, "parcel_number": "378", "parcel_type": "ground", "land_category": "pasture" }, "geometry": { "type": "MultiPolygon", "coordinates": [ [ [ [ 21.829958403736843, 49.530360714068621 ], [ 21.830226035097375, 49.530593030338423 ], [ 21.83033010666998, 49.530560885896854 ], [ 21.830018444129792, 49.530368235977136 ], [ 21.829958403736843, 49.530360714068621 ] ] ] ] } },
{ "type": "Feature", "properties": { "fid": 178, "parcel_number": "794", "parcel_type": "ground", "land_category": "pasture" }, "geometry": { "type": "MultiPolygon", "coordinates": [ [ [ [ 21.832976456720015, 49.532819262388458 ], [ 21.833367337463574, 49.532682577664445 ], [ 21.833172321224897, 49.532413815166898 ], [ 21.832792233125421, 49.532301559992327 ], [ 21.832339543928288, 49.532180989332474 ], [ 21.832296043900275, 49.532141875586191 ], [ 21.832269921536827, 49.532150552811686 ], [ 21.83239826540434, 49.532244739373596 ], [ 21.832573362169267, 49.532345907746432 ], [ 21.832701481753361, 49.532424902083754 ], [ 21.832895796455897, 49.532717318607425 ], [ 21.832976456720015, 49.532819262388458 ] ] ] ] } },
{ "type": "Feature", "properties": { "fid": 179, "parcel_number": "580", "parcel_type": "ground", "land_category": "yard" }, "geometry": { "type": "MultiPolygon", "coordinates": [ [ [ [ 21.833418588747861, 49.533758264097699 ], [ 21.833160663557805, 49.533944193213458 ], [ 21.833416816097877, 49.534124288819754 ], [ 21.833416816097881, 49.534124288819747 ], [ 21.833420019087484, 49.533795502805283 ], [ 21.833418588747861, 49.533758264097699 ] ] ] ] } },
{ "type": "Feature", "properties": { "fid": 180, "parcel_number": "578", "parcel_type": "ground", "land_category": "pasture" }, "geometry": { "type": "MultiPolygon", "coordinates": [ [ [ [ 21.833415231728942, 49.533670864431478 ], [ 21.833519127682447, 49.533570976461483 ], [ 21.833406139465879, 49.533434147447871 ], [ 21.833415231728942, 49.533670864431478 ] ] ] ] } },
{ "type": "Feature", "properties": { "fid": 191, "parcel_number": "576", "parcel_type": "ground", "land_category": "pasture" }, "geometry": { "type": "MultiPolygon", "coordinates": [ [ [ [ 21.834378246810186, 49.534482867462714 ], [ 21.83426545854218, 49.53463286410382 ], [ 21.834247991899694, 49.534656092917871 ], [ 21.834242533379957, 49.534675930986957 ], [ 21.834284540385269, 49.53466779300981 ], [ 21.834880274372889, 49.534552382829681 ], [ 21.834861364408539, 49.534503654549766 ], [ 21.834471705386253, 49.53435340469273 ], [ 21.834378246810186, 49.534482867462714 ] ] ] ] } },
{ "type": "Feature", "properties": { "fid": 192, "parcel_number": "410", "parcel_type": "ground", "land_category": "pasture" }, "geometry": { "type": "MultiPolygon", "coordinates": [ [ [ [ 21.833935700413459, 49.535313304711359 ], [ 21.834059015513155, 49.535067674136961 ], [ 21.834114533999596, 49.534919394433871 ], [ 21.834183358522314, 49.534687394875782 ], [ 21.833676685503203, 49.534785551343042 ], [ 21.833726438426112, 49.534939141990414 ], [ 21.83379690419736, 49.535156711032258 ], [ 21.833935700413459, 49.535313304711359 ] ] ] ] } },
{ "type": "Feature", "properties": { "fid": 194, "parcel_number": null, "parcel_type": "ground", "land_category": "pasture" }, "geometry": { "type": "MultiPolygon", "coordinates": [ [ [ [ 21.83424253337996, 49.534675930986943 ], [ 21.834242533379953, 49.53467593098695 ], [ 21.83424253337995, 49.534675930986957 ], [ 21.834242533379957, 49.534675930986957 ], [ 21.83424253337996, 49.534675930986943 ] ] ] ] } },
{ "type": "Feature", "properties": { "fid": 195, "parcel_number": "2289", "parcel_type": "ground", "land_category": "road" }, "geometry": { "type": "MultiPolygon", "coordinates": [ [ [ [ 21.833242253164556, 49.533814904359623 ], [ 21.833109329096054, 49.533908101004457 ], [ 21.833160663557805, 49.533944193213458 ], [ 21.833418588747861, 49.533758264097699 ], [ 21.833502229153943, 49.533665235026568 ], [ 21.833551059515695, 49.533609645922205 ], [ 21.833519127682447, 49.533570976461483 ], [ 21.833415231728942, 49.533670864431478 ], [ 21.833242253164556, 49.533814904359623 ] ] ] ] } },
{ "type": "Feature", "properties": { "fid": 196, "parcel_number": "792", "parcel_type": "ground", "land_category": "pasture" }, "geometry": { "type": "MultiPolygon", "coordinates": [ [ [ [ 21.833730507006475, 49.533085287849403 ], [ 21.833311167634935, 49.533204005516971 ], [ 21.833312185104209, 49.533205137540143 ], [ 21.833485146542731, 49.533440730167626 ], [ 21.833544957410137, 49.533515474310434 ], [ 21.833613799958421, 49.533429643481206 ], [ 21.833819950384516, 49.533159556844637 ], [ 21.833730507006475, 49.533085287849403 ] ] ] ] } },
{ "type": "Feature", "properties": { "fid": 197, "parcel_number": "791", "parcel_type": "ground", "land_category": "pasture" }, "geometry": { "type": "MultiPolygon", "coordinates": [ [ [ [ 21.832911914269353, 49.532836427593089 ], [ 21.832751690702814, 49.532891364109702 ], [ 21.833049539956814, 49.532992063818227 ], [ 21.832918217383117, 49.532844817207518 ], [ 21.832911914269353, 49.532836427593089 ] ] ] ] } },
{ "type": "Feature", "properties": { "fid": 198, "parcel_number": "793", "parcel_type": "ground", "land_category": "pasture" }, "geometry": { "type": "MultiPolygon", "coordinates": [ [ [ [ 21.833367337463574, 49.532682577664445 ], [ 21.832976456720015, 49.532819262388458 ], [ 21.833058081262422, 49.532922424888213 ], [ 21.833311167634935, 49.533204005516971 ], [ 21.833730507006475, 49.533085287849403 ], [ 21.833729641415708, 49.533084569109143 ], [ 21.833518244101949, 49.532890550319962 ], [ 21.833367337463574, 49.532682577664445 ] ] ] ] } },
{ "type": "Feature", "properties": { "fid": 199, "parcel_number": "790", "parcel_type": "ground", "land_category": "pasture" }, "geometry": { "type": "MultiPolygon", "coordinates": [ [ [ [ 21.832724064820052, 49.532582972058265 ], [ 21.832461766530059, 49.532660996675574 ], [ 21.832490084439605, 49.53269964893822 ], [ 21.832590444780482, 49.53283684855473 ], [ 21.832751690702814, 49.532891364109702 ], [ 21.832911914269353, 49.532836427593089 ], [ 21.832792233125421, 49.532677128762366 ], [ 21.832724064820052, 49.532582972058265 ] ] ] ] } },
{ "type": "Feature", "properties": { "fid": 204, "parcel_number": "797", "parcel_type": "ground", "land_category": "pasture" }, "geometry": { "type": "MultiPolygon", "coordinates": [ [ [ [ 21.831779020747891, 49.531857040827944 ], [ 21.831592899423995, 49.53168476521175 ], [ 21.831528522283413, 49.531716273350241 ], [ 21.831601788656567, 49.531757257326682 ], [ 21.831779020747891, 49.531857040827944 ] ] ] ] } },
{ "type": "Feature", "properties": { "fid": 205, "parcel_number": "2286", "parcel_type": "ground", "land_category": "road" }, "geometry": { "type": "MultiPolygon", "coordinates": [ [ [ [ 21.832625677666101, 49.532447075909886 ], [ 21.832792233125421, 49.532677128762366 ], [ 21.832918217383117, 49.532844817207518 ], [ 21.833049539956814, 49.532992063818227 ], [ 21.83332286173621, 49.533323280455576 ], [ 21.833406139465879, 49.533434147447871 ], [ 21.833551059515695, 49.533609645922205 ], [ 21.833553476987586, 49.53361257348557 ], [ 21.833677325918874, 49.53376224297989 ], [ 21.833754197669329, 49.53393131352405 ], [ 21.83383106941978, 49.534094840215296 ], [ 21.8339826775943, 49.534302712338103 ], [ 21.834136421095206, 49.534541071284167 ], [ 21.834179127623234, 49.534642234904076 ], [ 21.834241052088885, 49.534588188612631 ], [ 21.834108661851989, 49.534377546085885 ], [ 21.833905805843834, 49.534083753677237 ], [ 21.833779821586145, 49.533807975233955 ], [ 21.833685867224474, 49.53369156577579 ], [ 21.833586363274161, 49.533567218181538 ], [ 21.83363355172764, 49.533507943150212 ], [ 21.833866681489063, 49.533198359853394 ], [ 21.833819950384516, 49.533159556844637 ], [ 21.833613799958421, 49.533429643481206 ], [ 21.833544957410137, 49.533515474310434 ], [ 21.833485146542731, 49.533440730167626 ], [ 21.833312185104209, 49.533205137540143 ], [ 21.833058081262422, 49.532922424888213 ], [ 21.832895796455897, 49.532717318607425 ], [ 21.832701481753361, 49.532424902083754 ], [ 21.832573362169267, 49.532345907746432 ], [ 21.83239826540434, 49.532244739373596 ], [ 21.832269921536827, 49.532150552811686 ], [ 21.832071560464904, 49.532004983352515 ], [ 21.831811050643914, 49.53181096027803 ], [ 21.831649988779052, 49.531656823938043 ], [ 21.831426691891629, 49.531435384852692 ], [ 21.831247551311556, 49.531323089434295 ], [ 21.830865101048015, 49.531102769520416 ], [ 21.830679125032518, 49.530980517811621 ], [ 21.830613132532633, 49.530929531471806 ], [ 21.830273615634784, 49.530634332422544 ], [ 21.830226035097375, 49.530593030338423 ], [ 21.829958403736843, 49.530360714068621 ], [ 21.829847227355007, 49.530346785802458 ], [ 21.830156374091548, 49.530614546457777 ], [ 21.830320058984039, 49.530761836455937 ], [ 21.830585373289409, 49.531011299907277 ], [ 21.830700147083515, 49.531070893765552 ], [ 21.831082370509392, 49.531294023613007 ], [ 21.831181728715535, 49.531360253143774 ], [ 21.831240384663111, 49.531399351634327 ], [ 21.831391992837617, 49.531496364084759 ], [ 21.831558548296936, 49.531652969491319 ], [ 21.831592899423995, 49.53168476521175 ], [ 21.831779020747891, 49.531857040827944 ], [ 21.832194763012783, 49.53217551867904 ], [ 21.832196477059387, 49.532176831718211 ], [ 21.832625677666101, 49.532447075909886 ] ] ] ] } },
{ "type": "Feature", "properties": { "fid": 206, "parcel_number": "2292", "parcel_type": "ground", "land_category": "pasture" }, "geometry": { "type": "MultiPolygon", "coordinates": [ [ [ [ 21.83424253337996, 49.534675930986943 ], [ 21.834247991899694, 49.534656092917871 ], [ 21.83426545854218, 49.53463286410382 ], [ 21.834378246810186, 49.534482867462714 ], [ 21.834471705386253, 49.53435340469273 ], [ 21.834417493219167, 49.534332500851455 ], [ 21.834241052088885, 49.534588188612631 ], [ 21.834179127623234, 49.534642234904076 ], [ 21.834183358522314, 49.534687394875782 ], [ 21.834114533999596, 49.534919394433871 ], [ 21.834059015513155, 49.535067674136961 ], [ 21.833935700413459, 49.535313304711359 ], [ 21.833989865072013, 49.535342011925891 ], [ 21.834050474207555, 49.535211103141364 ], [ 21.834151902211627, 49.534989376966621 ], [ 21.834184999770848, 49.534876434809682 ], [ 21.834242533379953, 49.53467593098695 ], [ 21.83424253337996, 49.534675930986943 ] ] ] ] } },
{ "type": "Feature", "properties": { "fid": 207, "parcel_number": "478", "parcel_type": "ground", "land_category": "orchard" }, "geometry": { "type": "MultiPolygon", "coordinates": [ [ [ [ 21.833056665600214, 49.53529015059113 ], [ 21.833186734678126, 49.535238818842473 ], [ 21.833338342852635, 49.53518546610384 ], [ 21.833188870004516, 49.535052430449923 ], [ 21.833017838818332, 49.534913514106925 ], [ 21.832816255547446, 49.534990762758319 ], [ 21.832807552740139, 49.534993251503558 ], [ 21.832955051763552, 49.535164679306774 ], [ 21.833056665600214, 49.53529015059113 ] ] ] ] } },
{ "type": "Feature", "properties": { "fid": 208, "parcel_number": "616", "parcel_type": "ground", "land_category": "orchard" }, "geometry": { "type": "MultiPolygon", "coordinates": [ [ [ [ 21.831941352293097, 49.534068487122731 ], [ 21.83182119344433, 49.533907408093235 ], [ 21.831968530966041, 49.533867219226707 ], [ 21.832025117115684, 49.533936510355254 ], [ 21.832319792159097, 49.533847124781076 ], [ 21.832250466773178, 49.533705177688361 ], [ 21.831886320899578, 49.533797235087214 ], [ 21.831742938770571, 49.533666575599433 ], [ 21.831718720216653, 49.533675166722027 ], [ 21.831467440522605, 49.533764303945624 ], [ 21.831467440470096, 49.533764303986061 ], [ 21.831681863396646, 49.534067470319926 ], [ 21.831735246556683, 49.534054997957455 ], [ 21.831944508544041, 49.5343335466277 ], [ 21.832038462905707, 49.534304444602078 ], [ 21.831861764645968, 49.534094493760989 ], [ 21.831941352293097, 49.534068487122731 ] ] ] ] } },
{ "type": "Feature", "properties": { "fid": 209, "parcel_number": null, "parcel_type": null, "land_category": null }, "geometry": { "type": "MultiPolygon", "coordinates": [ [ [ [ 21.833265928421021, 49.534018202783521 ], [ 21.833160663557805, 49.533944193213458 ], [ 21.833109329096054, 49.533908101004457 ], [ 21.833265928421021, 49.534018202783521 ] ] ] ] } },
{ "type": "Feature", "properties": { "fid": 210, "parcel_number": "585", "parcel_type": "ground", "land_category": "pasture" }, "geometry": { "type": "MultiPolygon", "coordinates": [ [ [ [ 21.832722301185793, 49.533585896235884 ], [ 21.832833271169385, 49.533561600402464 ], [ 21.832773015187822, 49.533477801257092 ], [ 21.832672654846952, 49.533339217601188 ], [ 21.832339543928317, 49.533454242063293 ], [ 21.832722301185793, 49.533585896235884 ] ] ] ] } },
{ "type": "Feature", "properties": { "fid": 211, "parcel_number": "586", "parcel_type": "ground", "land_category": "orchard" }, "geometry": { "type": "MultiPolygon", "coordinates": [ [ [ [ 21.831742938770571, 49.533666575599433 ], [ 21.831886320899578, 49.533797235087214 ], [ 21.832722301185793, 49.533585896235884 ], [ 21.832339543928317, 49.533454242063293 ], [ 21.832332819866995, 49.533456635187768 ], [ 21.831743787862283, 49.533666274398506 ], [ 21.831742938770571, 49.533666575599433 ] ] ] ] } },
{ "type": "Feature", "properties": { "fid": 212, "parcel_number": "619", "parcel_type": "ground", "land_category": "garden" }, "geometry": { "type": "MultiPolygon", "coordinates": [ [ [ [ 21.832319792159097, 49.533847124781076 ], [ 21.832602722907303, 49.533757046130098 ], [ 21.832767205927802, 49.533629071435541 ], [ 21.832722301185793, 49.533585896235884 ], [ 21.832250466773178, 49.533705177688361 ], [ 21.832319792159097, 49.533847124781076 ] ] ] ] } },
{ "type": "Feature", "properties": { "fid": 213, "parcel_number": null, "parcel_type": "ground", "land_category": "garden" }, "geometry": { "type": "MultiPolygon", "coordinates": [ [ [ [ 21.832025117115684, 49.533936510355254 ], [ 21.832044335053297, 49.533960069316578 ], [ 21.83189466988906, 49.534005906993059 ], [ 21.831941352293097, 49.534068487122731 ], [ 21.832167116321394, 49.533994714827315 ], [ 21.832466062017609, 49.533901864803283 ], [ 21.832475073908476, 49.533899441016459 ], [ 21.832319792159097, 49.533847124781076 ], [ 21.832025117115684, 49.533936510355254 ] ] ] ] } },
{ "type": "Feature", "properties": { "fid": 214, "parcel_number": "618", "parcel_type": "ground", "land_category": "yard" }, "geometry": { "type": "MultiPolygon", "coordinates": [ [ [ [ 21.832767205927802, 49.533629071435541 ], [ 21.832602722907303, 49.533757046130098 ], [ 21.832319792159097, 49.533847124781076 ], [ 21.832475073908476, 49.533899441016459 ], [ 21.83270308324818, 49.533838116923462 ], [ 21.832784225651444, 49.533670431886065 ], [ 21.832779954998639, 49.533641329465631 ], [ 21.832767205927802, 49.533629071435541 ] ] ] ] } },
{ "type": "Feature", "properties": { "fid": 215, "parcel_number": "26", "parcel_type": "build", "land_category": "building" }, "geometry": { "type": "MultiPolygon", "coordinates": [ [ [ [ 21.831968258946862, 49.533983369006741 ], [ 21.831902740332335, 49.533885164764044 ], [ 21.83182119344433, 49.533907408093235 ], [ 21.83189466988906, 49.534005906993059 ], [ 21.831968258946862, 49.533983369006741 ] ] ] ] } },
{ "type": "Feature", "properties": { "fid": 216, "parcel_number": "26", "parcel_type": "build", "land_category": "yard" }, "geometry": { "type": "MultiPolygon", "coordinates": [ [ [ [ 21.831902740332335, 49.533885164764044 ], [ 21.831968258946862, 49.533983369006741 ], [ 21.832044335053297, 49.533960069316578 ], [ 21.832025117115684, 49.533936510355254 ], [ 21.831968530966041, 49.533867219226707 ], [ 21.831902740332335, 49.533885164764044 ] ] ] ] } },
{ "type": "Feature", "properties": { "fid": 217, "parcel_number": "584", "parcel_type": "ground", "land_category": "orchard" }, "geometry": { "type": "MultiPolygon", "coordinates": [ [ [ [ 21.832234912934641, 49.534301672979687 ], [ 21.832268544325462, 49.534091722126682 ], [ 21.832355136506806, 49.533936317335879 ], [ 21.832167116321394, 49.533994714827315 ], [ 21.831861764645968, 49.534094493760989 ], [ 21.832038462905707, 49.534304444602078 ], [ 21.832076898780933, 49.534352947968472 ], [ 21.832234912934641, 49.534301672979687 ] ] ] ] } },
{ "type": "Feature", "properties": { "fid": 218, "parcel_number": "2290", "parcel_type": "ground", "land_category": "road" }, "geometry": { "type": "MultiPolygon", "coordinates": [ [ [ [ 21.832237048261049, 49.534354333778225 ], [ 21.832250394051048, 49.534398679669806 ], [ 21.832315521506295, 49.534385514487433 ], [ 21.832312318516692, 49.534310680751851 ], [ 21.832363566350327, 49.534075092317607 ], [ 21.832475073908476, 49.533899441016452 ], [ 21.832466062017609, 49.533901864803283 ], [ 21.832355136506806, 49.533936317335879 ], [ 21.832268544325462, 49.534091722126682 ], [ 21.832234912934641, 49.534301672979687 ], [ 21.832237048261049, 49.534354333778225 ] ] ] ] } },
{ "type": "Feature", "properties": { "fid": 219, "parcel_number": "582", "parcel_type": "ground", "land_category": "orchard" }, "geometry": { "type": "MultiPolygon", "coordinates": [ [ [ [ 21.832797731105607, 49.534096076024284 ], [ 21.832674256341747, 49.534089989855168 ], [ 21.832363566350327, 49.534075092317607 ], [ 21.832312318516692, 49.534310680751851 ], [ 21.832313032653428, 49.534327365638845 ], [ 21.832586707959294, 49.534265641874285 ], [ 21.832775409784134, 49.534227991779254 ], [ 21.832797731105607, 49.534096076024284 ] ], [ [ 21.832573896000866, 49.534111470017606 ], [ 21.832652903077733, 49.534098997666369 ], [ 21.832698812595364, 49.534208477085258 ], [ 21.83262407617131, 49.53421956359503 ], [ 21.832573896000866, 49.534111470017606 ] ] ] ] } },
{ "type": "Feature", "properties": { "fid": 220, "parcel_number": "22", "parcel_type": "build", "land_category": "building" }, "geometry": { "type": "MultiPolygon", "coordinates": [ [ [ [ 21.833036036142168, 49.534188927963768 ], [ 21.833032991177209, 49.534499843584456 ], [ 21.83317926103572, 49.534499843584456 ], [ 21.833173022747044, 49.534181765120927 ], [ 21.833036036142168, 49.534188927963768 ] ] ] ] } },
{ "type": "Feature", "properties": { "fid": 221, "parcel_number": "582", "parcel_type": "ground", "land_category": "pasture" }, "geometry": { "type": "MultiPolygon", "coordinates": [ [ [ [ 21.83270308324818, 49.533838116923462 ], [ 21.832814120221055, 49.533999218741897 ], [ 21.832775409784134, 49.534227991779254 ], [ 21.832902736266725, 49.534202587375958 ], [ 21.833026585198009, 49.534189422140756 ], [ 21.833188133119084, 49.534180975020107 ], [ 21.833054878272822, 49.534100037029127 ], [ 21.832954517931952, 49.533756353216774 ], [ 21.832922488035926, 49.533685676004161 ], [ 21.832833271169385, 49.533561600402464 ], [ 21.832722301185793, 49.533585896235884 ], [ 21.832779954998639, 49.533641329465631 ], [ 21.832784225651444, 49.533670431886065 ], [ 21.83270308324818, 49.533838116923462 ] ] ] ] } },
{ "type": "Feature", "properties": { "fid": 222, "parcel_number": "583", "parcel_type": null, "land_category": null }, "geometry": { "type": "MultiPolygon", "coordinates": [ [ [ [ 21.832814120221055, 49.533999218741897 ], [ 21.83261553486571, 49.534050494047968 ], [ 21.832495740306172, 49.533893882699871 ], [ 21.832475073908476, 49.533899441016452 ], [ 21.832363566350327, 49.534075092317607 ], [ 21.832674256341747, 49.534089989855168 ], [ 21.832797731105607, 49.534096076024284 ], [ 21.832814120221055, 49.533999218741897 ] ] ] ] } },
{ "type": "Feature", "properties": { "fid": 223, "parcel_number": "25", "parcel_type": "build", "land_category": "yard" }, "geometry": { "type": "MultiPolygon", "coordinates": [ [ [ [ 21.832591966136558, 49.533868002348747 ], [ 21.832709639024959, 49.534026196085215 ], [ 21.832814120221055, 49.533999218741897 ], [ 21.83270308324818, 49.533838116923462 ], [ 21.832591966136558, 49.533868002348747 ] ] ] ] } },
{ "type": "Feature", "properties": { "fid": 224, "parcel_number": "25", "parcel_type": "build", "land_category": "building" }, "geometry": { "type": "MultiPolygon", "coordinates": [ [ [ [ 21.832709639024959, 49.534026196085215 ], [ 21.832591966136558, 49.533868002348747 ], [ 21.832495740306172, 49.533893882699871 ], [ 21.83261553486571, 49.534050494047968 ], [ 21.832709639024959, 49.534026196085215 ] ] ] ] } },
{ "type": "Feature", "properties": { "fid": 225, "parcel_number": "24", "parcel_type": "build", "land_category": "building" }, "geometry": { "type": "MultiPolygon", "coordinates": [ [ [ [ 21.832573896000866, 49.534111470017606 ], [ 21.83262407617131, 49.53421956359503 ], [ 21.832698812595364, 49.534208477085258 ], [ 21.832652903077733, 49.534098997666369 ], [ 21.832573896000866, 49.534111470017606 ] ] ] ] } },
{ "type": "Feature", "properties": { "fid": 226, "parcel_number": "527", "parcel_type": "ground", "land_category": "orchard" }, "geometry": { "type": "MultiPolygon", "coordinates": [ [ [ [ 21.832315521506295, 49.534385514487433 ], [ 21.832394528583144, 49.534524441627944 ], [ 21.832233530403212, 49.534560514218164 ], [ 21.832267476662249, 49.534614518864622 ], [ 21.832373705989848, 49.534727164395044 ], [ 21.832856826749072, 49.534577102186468 ], [ 21.832863232728286, 49.534428820995061 ], [ 21.832775409784134, 49.534227991779254 ], [ 21.832586707959294, 49.534265641874285 ], [ 21.832313032653428, 49.534327365638845 ], [ 21.832315521506295, 49.534385514487433 ] ] ] ] } },
{ "type": "Feature", "properties": { "fid": 227, "parcel_number": "415", "parcel_type": "ground", "land_category": "orchard" }, "geometry": { "type": "MultiPolygon", "coordinates": [ [ [ [ 21.833522447640565, 49.535364142284863 ], [ 21.833606326316026, 49.535485487889986 ], [ 21.833445395742654, 49.535534706823505 ], [ 21.833488368598349, 49.535594847064409 ], [ 21.833752596174534, 49.535549233621168 ], [ 21.833673589097671, 49.535342752581663 ], [ 21.833530522228767, 49.535362153521845 ], [ 21.833522447640565, 49.535364142284863 ] ] ] ] } },
{ "type": "Feature", "properties": { "fid": 228, "parcel_number": "2287", "parcel_type": "ground", "land_category": "road" }, "geometry": { "type": "MultiPolygon", "coordinates": [ [ [ [ 21.833737963775132, 49.535191489356713 ], [ 21.833615935284833, 49.535250598010691 ], [ 21.833336207526223, 49.535371161098602 ], [ 21.833310583609407, 49.535409962948684 ], [ 21.833181396362114, 49.53544876476797 ], [ 21.833146163476492, 49.535445993210473 ], [ 21.832942239805138, 49.535375318441162 ], [ 21.832828533674277, 49.535411695173458 ], [ 21.833054878272844, 49.53546989788876 ], [ 21.833178727204128, 49.535500384997697 ], [ 21.833278553713381, 49.535466086998774 ], [ 21.833353290137435, 49.535405805609081 ], [ 21.833530522228767, 49.535362153521845 ], [ 21.833673589097671, 49.535342752581663 ], [ 21.833743240959961, 49.535230018253728 ], [ 21.833737963775132, 49.535191489356713 ] ] ] ] } },
{ "type": "Feature", "properties": { "fid": 229, "parcel_number": "413", "parcel_type": "ground", "land_category": "pasture" }, "geometry": { "type": "MultiPolygon", "coordinates": [ [ [ [ 21.833529454565575, 49.535140428032356 ], [ 21.833621613793461, 49.534892466536981 ], [ 21.833595115852418, 49.534858073023322 ], [ 21.833456319636319, 49.534709792684339 ], [ 21.833040464819604, 49.534904843597637 ], [ 21.833017838818332, 49.534913514106925 ], [ 21.833188870004516, 49.535052430449923 ], [ 21.833338342852635, 49.53518546610384 ], [ 21.833529454565575, 49.535140428032356 ] ] ] ] } },
{ "type": "Feature", "properties": { "fid": 230, "parcel_number": "528", "parcel_type": "ground", "land_category": "pasture" }, "geometry": { "type": "MultiPolygon", "coordinates": [ [ [ [ 21.832775409784134, 49.534227991779254 ], [ 21.832863232728286, 49.534428820995061 ], [ 21.832856826749072, 49.534577102186468 ], [ 21.833017838818332, 49.534913514106925 ], [ 21.833040464819604, 49.534904843597637 ], [ 21.833456319636319, 49.534709792684339 ], [ 21.833501161490751, 49.534392443531267 ], [ 21.833221433732142, 49.53420120156192 ], [ 21.833188133119084, 49.534180975020107 ], [ 21.833173022747044, 49.534181765120927 ], [ 21.83317926103572, 49.534499843584456 ], [ 21.833032991177209, 49.534499843584456 ], [ 21.833036036142168, 49.534188927963768 ], [ 21.833026585198009, 49.534189422140756 ], [ 21.832902736266725, 49.534202587375958 ], [ 21.832775409784134, 49.534227991779254 ] ] ] ] } },
{ "type": "Feature", "properties": { "fid": 231, "parcel_number": "529", "parcel_type": "ground", "land_category": "orchard" }, "geometry": { "type": "MultiPolygon", "coordinates": [ [ [ [ 21.832856826749072, 49.534577102186468 ], [ 21.832320325990707, 49.534743744764263 ], [ 21.832320325990704, 49.534743744764263 ], [ 21.832320325990707, 49.53474374476427 ], [ 21.832550941242079, 49.535066634794852 ], [ 21.832816255547446, 49.534990762758319 ], [ 21.833017838818332, 49.534913514106925 ], [ 21.832856826749072, 49.534577102186468 ] ] ] ] } },
{ "type": "Feature", "properties": { "fid": 232, "parcel_number": "526", "parcel_type": "ground", "land_category": "garden" }, "geometry": { "type": "MultiPolygon", "coordinates": [ [ [ [ 21.832373705989848, 49.534727164395044 ], [ 21.832267476662249, 49.534614518864622 ], [ 21.832146830720557, 49.534422584860323 ], [ 21.832250394051048, 49.534398679669806 ], [ 21.832237048261049, 49.534354333778225 ], [ 21.832079034107334, 49.534397293861346 ], [ 21.832138823246574, 49.534519244859254 ], [ 21.832320325990704, 49.534743744764263 ], [ 21.832320325990707, 49.534743744764263 ], [ 21.832373705989848, 49.534727164395044 ] ] ] ] } },
{ "type": "Feature", "properties": { "fid": 233, "parcel_number": "23", "parcel_type": "build", "land_category": "building" }, "geometry": { "type": "MultiPolygon", "coordinates": [ [ [ [ 21.832324367229575, 49.534540161692341 ], [ 21.832250394051048, 49.534398679669806 ], [ 21.832146830720557, 49.534422584860323 ], [ 21.832233530403212, 49.534560514218164 ], [ 21.832324367229575, 49.534540161692341 ] ] ] ] } },
{ "type": "Feature", "properties": { "fid": 234, "parcel_number": "23", "parcel_type": "build", "land_category": "yard" }, "geometry": { "type": "MultiPolygon", "coordinates": [ [ [ [ 21.832250394051048, 49.534398679669806 ], [ 21.832324367229575, 49.534540161692341 ], [ 21.832394528583144, 49.534524441627944 ], [ 21.832315521506295, 49.534385514487433 ], [ 21.832250394051048, 49.534398679669806 ] ] ] ] } },
{ "type": "Feature", "properties": { "fid": 235, "parcel_number": "476", "parcel_type": "ground", "land_category": "orchard" }, "geometry": { "type": "MultiPolygon", "coordinates": [ [ [ [ 21.832339632897781, 49.535394068872002 ], [ 21.832611264212897, 49.535338595236361 ], [ 21.832636354298131, 49.535414466732902 ], [ 21.83274098529181, 49.535436639202786 ], [ 21.832587775622475, 49.535244361980816 ], [ 21.832598175707222, 49.53505312713623 ], [ 21.832550941242079, 49.535066634794852 ], [ 21.832211424344226, 49.535166411540231 ], [ 21.832339632897781, 49.535394068872002 ] ] ] ] } },
{ "type": "Feature", "properties": { "fid": 236, "parcel_number": "477", "parcel_type": "ground", "land_category": "field" }, "geometry": { "type": "MultiPolygon", "coordinates": [ [ [ [ 21.832636354298131, 49.535414466732902 ], [ 21.832611264212897, 49.535338595236361 ], [ 21.832339632897781, 49.535394068872002 ], [ 21.832365167845136, 49.535439410760823 ], [ 21.832636354298131, 49.535414466732902 ] ] ] ] } },
{ "type": "Feature", "properties": { "fid": 237, "parcel_number": "21", "parcel_type": "build", "land_category": "building" }, "geometry": { "type": "MultiPolygon", "coordinates": [ [ [ [ 21.832770931826598, 49.535339276567299 ], [ 21.832854204935103, 49.535313641018007 ], [ 21.832848285443472, 49.53530949380918 ], [ 21.832752195755404, 49.535191702141226 ], [ 21.832671523146381, 49.535217539650141 ], [ 21.832700947921765, 49.535251290902856 ], [ 21.832770931826598, 49.535339276567299 ] ] ] ] } },
{ "type": "Feature", "properties": { "fid": 238, "parcel_number": "21", "parcel_type": "build", "land_category": "yard" }, "geometry": { "type": "MultiPolygon", "coordinates": [ [ [ [ 21.832828533674277, 49.535411695173458 ], [ 21.832700947921765, 49.535251290902856 ], [ 21.832671523146381, 49.535217539650141 ], [ 21.832587775622475, 49.535244361980816 ], [ 21.83274098529181, 49.535436639202786 ], [ 21.832828533674277, 49.535411695173458 ] ] ] ] } },
{ "type": "Feature", "properties": { "fid": 239, "parcel_number": "479", "parcel_type": "ground", "land_category": "garden" }, "geometry": { "type": "MultiPolygon", "coordinates": [ [ [ [ 21.833169254354992, 49.535447809629886 ], [ 21.833156840108504, 49.535427978082907 ], [ 21.833075697705237, 49.53531365115699 ], [ 21.832955051763552, 49.535164679306774 ], [ 21.832807552740139, 49.534993251503558 ], [ 21.832598175707222, 49.53505312713623 ], [ 21.832587775622475, 49.535244361980816 ], [ 21.832752195755404, 49.535191702141226 ], [ 21.832848285443472, 49.53530949380918 ], [ 21.832942239805138, 49.535375318441162 ], [ 21.833146163476492, 49.535445993210473 ], [ 21.833169254354992, 49.535447809629886 ] ] ] ] } },
{ "type": "Feature", "properties": { "fid": 240, "parcel_number": "20", "parcel_type": "build", "land_category": "building" }, "geometry": { "type": "MultiPolygon", "coordinates": [ [ [ [ 21.833295053427111, 49.535414627490574 ], [ 21.833197091940097, 49.535278728786523 ], [ 21.833074182948391, 49.535311780757318 ], [ 21.833075697705237, 49.53531365115699 ], [ 21.833156840108504, 49.535427978082907 ], [ 21.833169254354992, 49.535447809629886 ], [ 21.833181396362114, 49.53544876476797 ], [ 21.833295053427111, 49.535414627490574 ] ] ] ] } },
{ "type": "Feature", "properties": { "fid": 241, "parcel_number": "20", "parcel_type": "build", "land_category": "yard" }, "geometry": { "type": "MultiPolygon", "coordinates": [ [ [ [ 21.833197091940097, 49.535278728786523 ], [ 21.833295053427111, 49.535414627490574 ], [ 21.833310583609407, 49.535409962948684 ], [ 21.833336207526223, 49.535371161098602 ], [ 21.833247591480561, 49.535265148743974 ], [ 21.833197091940097, 49.535278728786523 ] ] ] ] } },
{ "type": "Feature", "properties": { "fid": 242, "parcel_number": "472", "parcel_type": "ground", "land_category": "orchard" }, "geometry": { "type": "MultiPolygon", "coordinates": [ [ [ [ 21.833338342852635, 49.53518546610384 ], [ 21.833186734678126, 49.535238818842473 ], [ 21.833056665600214, 49.53529015059113 ], [ 21.833074182948391, 49.535311780757318 ], [ 21.833247591480561, 49.535265148743974 ], [ 21.833336207526223, 49.535371161098602 ], [ 21.833615935284833, 49.535250598010691 ], [ 21.833619712174333, 49.535248768545671 ], [ 21.833338342852635, 49.53518546610384 ] ] ] ] } },
{ "type": "Feature", "properties": { "fid": 243, "parcel_number": "473", "parcel_type": "ground", "land_category": "garden" }, "geometry": { "type": "MultiPolygon", "coordinates": [ [ [ [ 21.833670101828961, 49.535224360600836 ], [ 21.833444775332595, 49.535160383844008 ], [ 21.833338342852635, 49.53518546610384 ], [ 21.833619712174333, 49.535248768545671 ], [ 21.833670101828961, 49.535224360600836 ] ] ] ] } },
{ "type": "Feature", "properties": { "fid": 244, "parcel_number": "412", "parcel_type": "ground", "land_category": "yard" }, "geometry": { "type": "MultiPolygon", "coordinates": [ [ [ [ 21.833621613793461, 49.534892466536981 ], [ 21.833529454565575, 49.535140428032356 ], [ 21.833737963775132, 49.535191489356713 ], [ 21.83373177674212, 49.535146317628723 ], [ 21.83367198760287, 49.534957850194488 ], [ 21.833621613793461, 49.534892466536981 ] ] ] ] } },
{ "type": "Feature", "properties": { "fid": 245, "parcel_number": "411", "parcel_type": "ground", "land_category": "pasture" }, "geometry": { "type": "MultiPolygon", "coordinates": [ [ [ [ 21.833673589097671, 49.535342752581663 ], [ 21.833752596174534, 49.535549233621168 ], [ 21.833501161490762, 49.535778925430492 ], [ 21.83389192622225, 49.535713794227703 ], [ 21.833804377839762, 49.535463661886872 ], [ 21.833768077290937, 49.535404073384171 ], [ 21.833748859353328, 49.535271038325298 ], [ 21.833743240959961, 49.535230018253728 ], [ 21.833673589097671, 49.535342752581663 ] ] ] ] } },
{ "type": "Feature", "properties": { "fid": 246, "parcel_number": "414", "parcel_type": "ground", "land_category": "orchard" }, "geometry": { "type": "MultiPolygon", "coordinates": [ [ [ [ 21.833752596174534, 49.535549233621168 ], [ 21.833377312559481, 49.535614018599794 ], [ 21.833343147337054, 49.535706865371239 ], [ 21.833501161490762, 49.535778925430492 ], [ 21.833752596174534, 49.535549233621168 ] ] ] ] } },
{ "type": "Feature", "properties": { "fid": 247, "parcel_number": "416", "parcel_type": "ground", "land_category": "garden" }, "geometry": { "type": "MultiPolygon", "coordinates": [ [ [ [ 21.833488368598349, 49.535594847064409 ], [ 21.833353290137435, 49.535405805609081 ], [ 21.833278553713381, 49.535466086998774 ], [ 21.833178727204128, 49.535500384997697 ], [ 21.833377312559481, 49.535614018599794 ], [ 21.833488368598349, 49.535594847064409 ] ] ] ] } },
{ "type": "Feature", "properties": { "fid": 248, "parcel_number": "19", "parcel_type": "build", "land_category": "yard" }, "geometry": { "type": "MultiPolygon", "coordinates": [ [ [ [ 21.833430276138689, 49.535386844033795 ], [ 21.833527615000861, 49.53550956092289 ], [ 21.833606326316026, 49.535485487889986 ], [ 21.833522447640565, 49.535364142284863 ], [ 21.833430276138689, 49.535386844033795 ] ] ] ] } },
{ "type": "Feature", "properties": { "fid": 249, "parcel_number": "19", "parcel_type": "build", "land_category": "building" }, "geometry": { "type": "MultiPolygon", "coordinates": [ [ [ [ 21.833527615000861, 49.53550956092289 ], [ 21.833430276138689, 49.535386844033795 ], [ 21.833353290137435, 49.535405805609081 ], [ 21.833445395742654, 49.535534706823505 ], [ 21.833527615000861, 49.53550956092289 ] ] ] ] } },
{ "type": "Feature", "properties": { "fid": 250, "parcel_number": "21", "parcel_type": "build", "land_category": "yard" }, "geometry": { "type": "MultiPolygon", "coordinates": [ [ [ [ 21.832854204935103, 49.535313641018007 ], [ 21.832770931826598, 49.535339276567299 ], [ 21.832828533674277, 49.535411695173458 ], [ 21.832942239805138, 49.535375318441162 ], [ 21.832854204935103, 49.535313641018007 ] ] ] ] } },
{ "type": "Feature", "properties": { "fid": 251, "parcel_number": "474", "parcel_type": "ground", "land_category": "pasture" }, "geometry": { "type": "MultiPolygon", "coordinates": [ [ [ [ 21.833444775332595, 49.535160383844008 ], [ 21.833670101828961, 49.535224360600836 ], [ 21.833737963775132, 49.535191489356713 ], [ 21.833529454565575, 49.535140428032356 ], [ 21.833444775332595, 49.535160383844008 ] ] ] ] } },
{ "type": "Feature", "properties": { "fid": 252, "parcel_number": "56", "parcel_type": "ground", "land_category": "garden" }, "geometry": { "type": "MultiPolygon", "coordinates": [ [ [ [ 21.836730308841506, 49.539387682014272 ], [ 21.836837075161601, 49.539362047167678 ], [ 21.836889390658445, 49.539549111955751 ], [ 21.836901777032466, 49.539619336890254 ], [ 21.836937435502453, 49.53961008106527 ], [ 21.837405071984396, 49.539521398698987 ], [ 21.837432831227613, 49.539557425929701 ], [ 21.83748621438766, 49.539549111955751 ], [ 21.837454184491634, 49.539407774181981 ], [ 21.837420019269207, 49.539332948136263 ], [ 21.837420019269221, 49.539332948136263 ], [ 21.837420019269207, 49.539332948136256 ], [ 21.837408046131461, 49.539316395318849 ], [ 21.837053810791371, 49.53933641230757 ], [ 21.837049540138569, 49.539190916901006 ], [ 21.837168050753849, 49.538991379639 ], [ 21.836906773323513, 49.539018706511065 ], [ 21.836906473269632, 49.539037107000155 ], [ 21.836862699078402, 49.539181910028262 ], [ 21.836811451244763, 49.539271285845807 ], [ 21.836730308841506, 49.539387682014272 ] ] ] ] } },
{ "type": "Feature", "properties": { "fid": 253, "parcel_number": "182", "parcel_type": "ground", "land_category": "orchard" }, "geometry": { "type": "MultiPolygon", "coordinates": [ [ [ [ 21.835651888677997, 49.537914346266312 ], [ 21.835022357451905, 49.538154745581743 ], [ 21.835024183046666, 49.53816481556688 ], [ 21.835158708609971, 49.538356042026955 ], [ 21.835159647482836, 49.538357565204237 ], [ 21.835491285697007, 49.538252461120628 ], [ 21.835973869463757, 49.538112505299821 ], [ 21.836069165994921, 49.538000065235401 ], [ 21.835943974894132, 49.537971856224644 ], [ 21.835685600399543, 49.537928899283543 ], [ 21.835651888677997, 49.537914346266312 ] ], [ [ 21.835275083898832, 49.538123244498273 ], [ 21.835363699944505, 49.538096223284718 ], [ 21.835442707021361, 49.538184908237348 ], [ 21.835354090975699, 49.538216779352901 ], [ 21.835275083898832, 49.538123244498273 ] ] ] ] } },
{ "type": "Feature", "properties": { "fid": 254, "parcel_number": "2297", "parcel_type": "ground", "land_category": "road" }, "geometry": { "type": "MultiPolygon", "coordinates": [ [ [ [ 21.836069165994921, 49.538000065235401 ], [ 21.835973869463757, 49.538112505299821 ], [ 21.835491285697007, 49.538252461120628 ], [ 21.835159647482836, 49.538357565204237 ], [ 21.835175791221179, 49.538383755944587 ], [ 21.835175791221182, 49.538383755944587 ], [ 21.835647164524318, 49.538241375525672 ], [ 21.836001628706981, 49.538144376462569 ], [ 21.836123407772728, 49.538012287405216 ], [ 21.836069165994921, 49.538000065235401 ] ] ] ] } },
{ "type": "Feature", "properties": { "fid": 255, "parcel_number": "216", "parcel_type": "ground", "land_category": "orchard" }, "geometry": { "type": "MultiPolygon", "coordinates": [ [ [ [ 21.835094791742439, 49.537926930076942 ], [ 21.835180595705577, 49.538054998583995 ], [ 21.835011371088253, 49.538094144729222 ], [ 21.835022357451905, 49.538154745581743 ], [ 21.835651888677997, 49.537914346266312 ], [ 21.835194475327182, 49.537716885440489 ], [ 21.83503699500508, 49.537768503274521 ], [ 21.835244655497622, 49.537890099433262 ], [ 21.835094791742439, 49.537926930076942 ] ] ] ] } },
{ "type": "Feature", "properties": { "fid": 256, "parcel_number": "217", "parcel_type": "ground", "land_category": "field" }, "geometry": { "type": "MultiPolygon", "coordinates": [ [ [ [ 21.834938769990607, 49.537965274115109 ], [ 21.835244655497622, 49.537890099433262 ], [ 21.83503699500508, 49.537768503274521 ], [ 21.834925958032198, 49.537832246027946 ], [ 21.834938769990607, 49.537965274115109 ] ] ] ] } },
{ "type": "Feature", "properties": { "fid": 257, "parcel_number": "13", "parcel_type": "build", "land_category": "building" }, "geometry": { "type": "MultiPolygon", "coordinates": [ [ [ [ 21.835101696497496, 49.538073250064819 ], [ 21.835022212404063, 49.537944767236752 ], [ 21.834938769990607, 49.537965274115109 ], [ 21.835011371088253, 49.538094144729222 ], [ 21.835101696497496, 49.538073250064819 ] ] ] ] } },
{ "type": "Feature", "properties": { "fid": 258, "parcel_number": "13", "parcel_type": "build", "land_category": "yard" }, "geometry": { "type": "MultiPolygon", "coordinates": [ [ [ [ 21.835022212404063, 49.537944767236752 ], [ 21.835101696497496, 49.538073250064819 ], [ 21.835180595705577, 49.538054998583995 ], [ 21.835094791742439, 49.537926930076942 ], [ 21.835022212404063, 49.537944767236752 ] ] ] ] } },
{ "type": "Feature", "properties": { "fid": 259, "parcel_number": "180", "parcel_type": "ground", "land_category": "garden" }, "geometry": { "type": "MultiPolygon", "coordinates": [ [ [ [ 21.836899801585211, 49.538581683095131 ], [ 21.836621941026628, 49.538375788194884 ], [ 21.8368584284256, 49.538286757164116 ], [ 21.836546136939365, 49.538140912206806 ], [ 21.836369972511243, 49.538190797466804 ], [ 21.836135409636878, 49.538247524429096 ], [ 21.836277085812767, 49.538422208979298 ], [ 21.836430829313684, 49.538631448385566 ], [ 21.836516637431568, 49.538739068093165 ], [ 21.836517310032949, 49.538738839123639 ], [ 21.836899801585211, 49.538581683095131 ] ], [ [ 21.836310717203595, 49.538329020942129 ], [ 21.836415348197278, 49.538282600069209 ], [ 21.836462325378104, 49.538314471121033 ], [ 21.836355559058035, 49.538369206139798 ], [ 21.836310717203595, 49.538329020942129 ] ] ] ] } },
{ "type": "Feature", "properties": { "fid": 260, "parcel_number": "178", "parcel_type": "ground", "land_category": "field" }, "geometry": { "type": "MultiPolygon", "coordinates": [ [ [ [ 21.835909111339483, 49.53896332489677 ], [ 21.835687735725948, 49.538693111483369 ], [ 21.83535721850631, 49.538328955019956 ], [ 21.835175791221182, 49.538383755944587 ], [ 21.835175791221179, 49.538383755944587 ], [ 21.835175791221182, 49.538383755944594 ], [ 21.835180061873984, 49.538468283296332 ], [ 21.835436301042172, 49.538762049348932 ], [ 21.835743788043995, 49.539041956869305 ], [ 21.835909111339483, 49.53896332489677 ] ] ] ] } },
{ "type": "Feature", "properties": { "fid": 261, "parcel_number": "137", "parcel_type": "ground", "land_category": "field" }, "geometry": { "type": "MultiPolygon", "coordinates": [ [ [ [ 21.836110582668621, 49.538878516089476 ], [ 21.835981343106155, 49.538706968348571 ], [ 21.835749660191588, 49.538431215992063 ], [ 21.835590850010206, 49.538258385577059 ], [ 21.83535721850631, 49.538328955019956 ], [ 21.835687735725948, 49.538693111483369 ], [ 21.835909111339483, 49.53896332489677 ], [ 21.83592368929332, 49.538956391250409 ], [ 21.836110582668621, 49.538878516089476 ] ] ] ] } },
{ "type": "Feature", "properties": { "fid": 262, "parcel_number": "136", "parcel_type": "ground", "land_category": "garden" }, "geometry": { "type": "MultiPolygon", "coordinates": [ [ [ [ 21.83592368929332, 49.538384102368475 ], [ 21.835808381667633, 49.53841458765951 ], [ 21.83571335964276, 49.538252461120635 ], [ 21.835837914308765, 49.538219897094038 ], [ 21.835823874134928, 49.53819301897088 ], [ 21.835647164524318, 49.538241375525672 ], [ 21.835590850010206, 49.538258385577059 ], [ 21.835749660191588, 49.538431215992063 ], [ 21.835981343106155, 49.538706968348571 ], [ 21.836110582668621, 49.538878516089476 ], [ 21.836126545301468, 49.538871864742951 ], [ 21.836239809491097, 49.538833306915805 ], [ 21.836151101555075, 49.538607198831379 ], [ 21.835969598810944, 49.538379252434041 ], [ 21.835969598810948, 49.538379252434034 ], [ 21.835969598810944, 49.538379252434034 ], [ 21.83592368929332, 49.538384102368475 ] ] ] ] } },
{ "type": "Feature", "properties": { "fid": 263, "parcel_number": "134", "parcel_type": "ground", "land_category": "garden" }, "geometry": { "type": "MultiPolygon", "coordinates": [ [ [ [ 21.836026184960577, 49.538273939453681 ], [ 21.836369972511243, 49.538190797466804 ], [ 21.836546136939365, 49.538140912206806 ], [ 21.836251461895955, 49.538041141533959 ], [ 21.836123407772728, 49.538012287405216 ], [ 21.836001628706981, 49.538144376462569 ], [ 21.836026184960577, 49.538273939453681 ] ] ] ] } },
{ "type": "Feature", "properties": { "fid": 264, "parcel_number": "135", "parcel_type": "ground", "land_category": "field" }, "geometry": { "type": "MultiPolygon", "coordinates": [ [ [ [ 21.836376587000139, 49.538786744594844 ], [ 21.836342213268018, 49.538703504132648 ], [ 21.836238649937542, 49.538538607170167 ], [ 21.836080635783834, 49.538330060214896 ], [ 21.836026184960577, 49.538273939453681 ], [ 21.836026184960577, 49.538273939453688 ], [ 21.835969598810944, 49.538379252434041 ], [ 21.836151101555075, 49.538607198831379 ], [ 21.836239809491097, 49.538833306915805 ], [ 21.836376587000139, 49.538786744594844 ] ] ] ] } },
{ "type": "Feature", "properties": { "fid": 265, "parcel_number": "179", "parcel_type": "ground", "land_category": "field" }, "geometry": { "type": "MultiPolygon", "coordinates": [ [ [ [ 21.836026184960577, 49.538273939453681 ], [ 21.836080635783834, 49.538330060214896 ], [ 21.836238649937542, 49.538538607170167 ], [ 21.836342213268018, 49.538703504132648 ], [ 21.836376587000139, 49.538786744594844 ], [ 21.836516637431568, 49.538739068093165 ], [ 21.836430829313684, 49.538631448385566 ], [ 21.836277085812767, 49.538422208979298 ], [ 21.836135409636878, 49.538247524429096 ], [ 21.836026184960577, 49.538273939453681 ] ] ] ] } },
{ "type": "Feature", "properties": { "fid": 266, "parcel_number": "11", "parcel_type": "build", "land_category": "yard" }, "geometry": { "type": "MultiPolygon", "coordinates": [ [ [ [ 21.835823874134928, 49.53819301897088 ], [ 21.83592368929332, 49.538384102368475 ], [ 21.835969598810944, 49.538379252434034 ], [ 21.835969598810948, 49.538379252434034 ], [ 21.836026184960577, 49.538273939453688 ], [ 21.836001628706981, 49.538144376462569 ], [ 21.835823874134928, 49.53819301897088 ] ] ] ] } },
{ "type": "Feature", "properties": { "fid": 267, "parcel_number": "11", "parcel_type": "build", "land_category": "building" }, "geometry": { "type": "MultiPolygon", "coordinates": [ [ [ [ 21.835837914308765, 49.538219897094038 ], [ 21.83571335964276, 49.538252461120635 ], [ 21.835808381667633, 49.53841458765951 ], [ 21.83592368929332, 49.538384102368475 ], [ 21.835837914308765, 49.538219897094038 ] ] ] ] } },
{ "type": "Feature", "properties": { "fid": 268, "parcel_number": "133", "parcel_type": "ground", "land_category": "garden" }, "geometry": { "type": "MultiPolygon", "coordinates": [ [ [ [ 21.8368584284256, 49.538286757164116 ], [ 21.836621941026628, 49.538375788194884 ], [ 21.836899801585211, 49.538581683095131 ], [ 21.836910210090839, 49.538577406505496 ], [ 21.837131750205, 49.538486297303216 ], [ 21.8368584284256, 49.538286757164116 ] ] ] ] } },
{ "type": "Feature", "properties": { "fid": 269, "parcel_number": "10", "parcel_type": "build", "land_category": "building" }, "geometry": { "type": "MultiPolygon", "coordinates": [ [ [ [ 21.836310717203595, 49.538329020942129 ], [ 21.836355559058035, 49.538369206139798 ], [ 21.836462325378104, 49.538314471121033 ], [ 21.836415348197278, 49.538282600069209 ], [ 21.836310717203595, 49.538329020942129 ] ] ] ] } },
{ "type": "Feature", "properties": { "fid": 270, "parcel_number": "12", "parcel_type": "build", "land_category": "building" }, "geometry": { "type": "MultiPolygon", "coordinates": [ [ [ [ 21.835275083898832, 49.538123244498273 ], [ 21.835354090975699, 49.538216779352901 ], [ 21.835442707021361, 49.538184908237348 ], [ 21.835363699944505, 49.538096223284718 ], [ 21.835275083898832, 49.538123244498273 ] ] ] ] } },
{ "type": "Feature", "properties": { "fid": 272, "parcel_number": "3", "parcel_type": "build", "land_category": "building" }, "geometry": { "type": "MultiPolygon", "coordinates": [ [ [ [ 21.836497677578759, 49.539476806739145 ], [ 21.836359829710837, 49.539328791130359 ], [ 21.836278687307573, 49.539366204170726 ], [ 21.836416472335578, 49.539511090882094 ], [ 21.836497677578759, 49.539476806739145 ] ] ] ] } },
{ "type": "Feature", "properties": { "fid": 273, "parcel_number": "3", "parcel_type": "build", "land_category": "building" }, "geometry": { "type": "MultiPolygon", "coordinates": [ [ [ [ 21.8365765653406, 49.539359968665984 ], [ 21.836507167232543, 49.539353733160453 ], [ 21.836499693590138, 49.539413316847465 ], [ 21.836563753382187, 49.539416781013081 ], [ 21.8365765653406, 49.539359968665984 ] ] ] ] } },
{ "type": "Feature", "properties": { "fid": 274, "parcel_number": "98", "parcel_type": "ground", "land_category": "orchard" }, "geometry": { "type": "MultiPolygon", "coordinates": [ [ [ [ 21.836435157545985, 49.539409675191507 ], [ 21.836499693590138, 49.539413316847465 ], [ 21.836507167232543, 49.539353733160453 ], [ 21.8365765653406, 49.539359968665984 ], [ 21.836783692001546, 49.53924703660914 ], [ 21.836806112928766, 49.539135489965503 ], [ 21.836803578212148, 49.539103963624925 ], [ 21.836610730563031, 49.539164589114463 ], [ 21.836437769124498, 49.539188145555713 ], [ 21.836124943806677, 49.539292070896209 ], [ 21.835899903374894, 49.539345936113939 ], [ 21.835940238072929, 49.539434101837493 ], [ 21.836128146796273, 49.539441030165534 ], [ 21.836246657411547, 49.539586524827413 ], [ 21.836339544110018, 49.539543569305629 ], [ 21.836416472335578, 49.539511090882094 ], [ 21.836278687307573, 49.539366204170726 ], [ 21.836359829710837, 49.539328791130359 ], [ 21.836435157545985, 49.539409675191507 ] ] ] ] } },
{ "type": "Feature", "properties": { "fid": 275, "parcel_number": "55", "parcel_type": "ground", "land_category": "orchard" }, "geometry": { "type": "MultiPolygon", "coordinates": [ [ [ [ 21.835843378063391, 49.539243142675005 ], [ 21.836135620438693, 49.539127868756971 ], [ 21.836628381200061, 49.538936138284498 ], [ 21.836509302558955, 49.538769670614521 ], [ 21.836602189257427, 49.538744035443685 ], [ 21.836580880765723, 49.538712719530061 ], [ 21.836517310032949, 49.538738839123639 ], [ 21.836126545301468, 49.538871864742951 ], [ 21.83592368929332, 49.538956391250409 ], [ 21.835743788043995, 49.539041956869305 ], [ 21.835814253815247, 49.539190224064697 ], [ 21.835843378063391, 49.539243142675005 ] ] ] ] } },
{ "type": "Feature", "properties": { "fid": 276, "parcel_number": "128", "parcel_type": "ground", "land_category": "orchard" }, "geometry": { "type": "MultiPolygon", "coordinates": [ [ [ [ 21.836757933714786, 49.538939038437441 ], [ 21.83665354423233, 49.538971315301232 ], [ 21.836710023240702, 49.539050270929536 ], [ 21.8364324308085, 49.539161124930978 ], [ 21.836408942218078, 49.539120940384514 ], [ 21.836201815557132, 49.539192302573582 ], [ 21.835882147293241, 49.539313586167872 ], [ 21.835899666871303, 49.539345419151836 ], [ 21.835899903374894, 49.539345936113939 ], [ 21.836124943806677, 49.539292070896209 ], [ 21.836437769124498, 49.539188145555713 ], [ 21.836610730563031, 49.539164589114463 ], [ 21.836803578212148, 49.539103963624925 ], [ 21.836793300970356, 49.538976137175766 ], [ 21.836757933714786, 49.538939038437441 ] ] ] ] } },
{ "type": "Feature", "properties": { "fid": 277, "parcel_number": "7", "parcel_type": "build", "land_category": "yard" }, "geometry": { "type": "MultiPolygon", "coordinates": [ [ [ [ 21.83665354423233, 49.538971315301232 ], [ 21.836757933714786, 49.538939038437441 ], [ 21.836724354809661, 49.538903815602239 ], [ 21.836628381200061, 49.538936138284498 ], [ 21.83665354423233, 49.538971315301232 ] ] ] ] } },
{ "type": "Feature", "properties": { "fid": 278, "parcel_number": "8", "parcel_type": "build", "land_category": "building" }, "geometry": { "type": "MultiPolygon", "coordinates": [ [ [ [ 21.836572059184213, 49.538857402126112 ], [ 21.836665927820775, 49.538828710560118 ], [ 21.836602189257427, 49.538744035443685 ], [ 21.836509302558955, 49.538769670614521 ], [ 21.836572059184213, 49.538857402126112 ] ] ] ] } },
{ "type": "Feature", "properties": { "fid": 279, "parcel_number": "7", "parcel_type": "build", "land_category": "building" }, "geometry": { "type": "MultiPolygon", "coordinates": [ [ [ [ 21.836665927820775, 49.538828710560118 ], [ 21.836572059184213, 49.538857402126112 ], [ 21.836628381200061, 49.538936138284498 ], [ 21.836724354809661, 49.538903815602239 ], [ 21.836715361556696, 49.538894382064548 ], [ 21.836665927820775, 49.538828710560118 ] ] ] ] } },
{ "type": "Feature", "properties": { "fid": 280, "parcel_number": "102", "parcel_type": "ground", "land_category": "garden" }, "geometry": { "type": "MultiPolygon", "coordinates": [ [ [ [ 21.836752729768726, 49.538780063247508 ], [ 21.836706820251106, 49.538713550358167 ], [ 21.836898999627241, 49.538656044349615 ], [ 21.836858395644818, 49.538598695740532 ], [ 21.836580880765723, 49.538712719530061 ], [ 21.836602189257427, 49.538744035443685 ], [ 21.836715361556696, 49.538894382064548 ], [ 21.836752729768726, 49.538780063247508 ] ] ] ] } },
{ "type": "Feature", "properties": { "fid": 281, "parcel_number": "6", "parcel_type": "build", "land_category": "building" }, "geometry": { "type": "MultiPolygon", "coordinates": [ [ [ [ 21.836752729768726, 49.538780063247508 ], [ 21.836952382787281, 49.53872117163133 ], [ 21.836898999627241, 49.538656044349615 ], [ 21.836706820251106, 49.538713550358167 ], [ 21.836752729768726, 49.538780063247508 ] ] ] ] } },
{ "type": "Feature", "properties": { "fid": 282, "parcel_number": "65", "parcel_type": "ground", "land_category": "field" }, "geometry": { "type": "MultiPolygon", "coordinates": [ [ [ [ 21.837362365456368, 49.538577752928028 ], [ 21.837415748616422, 49.538750963869568 ], [ 21.837432831227638, 49.538816783866388 ], [ 21.837460590470858, 49.538852811616579 ], [ 21.837689070395804, 49.539130640105668 ], [ 21.837793701389472, 49.539190224064704 ], [ 21.837847084549523, 49.538936645317101 ], [ 21.837706153007016, 49.538760663664156 ], [ 21.83758016874933, 49.538588838446664 ], [ 21.837362365456368, 49.538577752928028 ] ] ] ] } },
{ "type": "Feature", "properties": { "fid": 283, "parcel_number": "57", "parcel_type": "ground", "land_category": "garden" }, "geometry": { "type": "MultiPolygon", "coordinates": [ [ [ [ 21.836899801585211, 49.538581683095124 ], [ 21.837040998832951, 49.538721171631337 ], [ 21.837137088521018, 49.538800155665029 ], [ 21.837432831227638, 49.538816783866388 ], [ 21.837415748616422, 49.538750963869568 ], [ 21.837362365456368, 49.538577752928028 ], [ 21.837131750205, 49.538486297303216 ], [ 21.836910210090839, 49.538577406505496 ], [ 21.836899801585211, 49.538581683095124 ] ] ] ] } },
{ "type": "Feature", "properties": { "fid": 284, "parcel_number": "6", "parcel_type": "build", "land_category": "yard" }, "geometry": { "type": "MultiPolygon", "coordinates": [ [ [ [ 21.837184065701859, 49.538890225021355 ], [ 21.837137088521018, 49.538800155665029 ], [ 21.837040998832951, 49.538721171631337 ], [ 21.836899801585211, 49.538581683095124 ], [ 21.836858395644818, 49.538598695740532 ], [ 21.836898999627241, 49.538656044349615 ], [ 21.836952382787281, 49.53872117163133 ], [ 21.836752729768726, 49.538780063247508 ], [ 21.836908608596033, 49.538906160351715 ], [ 21.837027119211346, 49.538895074905057 ], [ 21.837184065701859, 49.538890225021355 ] ] ] ] } },
{ "type": "Feature", "properties": { "fid": 285, "parcel_number": "66", "parcel_type": "ground", "land_category": "garden" }, "geometry": { "type": "MultiPolygon", "coordinates": [ [ [ [ 21.837423135314264, 49.539187919368047 ], [ 21.837294035011528, 49.539084219994244 ], [ 21.837353824150767, 49.539057892150218 ], [ 21.837406139647602, 49.539029485776304 ], [ 21.837493688030069, 49.539095998235645 ], [ 21.837534259231695, 49.539077291615598 ], [ 21.837685177407707, 49.539205539922207 ], [ 21.837693341048606, 49.539195766754865 ], [ 21.83764849919417, 49.539138954150822 ], [ 21.837455252154854, 49.538908931713003 ], [ 21.837184065701859, 49.538890225021355 ], [ 21.837180862712266, 49.538946345074812 ], [ 21.837168050753849, 49.538991379639 ], [ 21.837321794254766, 49.539197152427306 ], [ 21.837345682198446, 49.539230177418609 ], [ 21.837423135314264, 49.539187919368047 ] ] ] ] } },
{ "type": "Feature", "properties": { "fid": 286, "parcel_number": "104", "parcel_type": "ground", "land_category": "garden" }, "geometry": { "type": "MultiPolygon", "coordinates": [ [ [ [ 21.837168050753849, 49.538991379639 ], [ 21.837049540138569, 49.539190916901006 ], [ 21.837053810791371, 49.53933641230757 ], [ 21.837408046131461, 49.539316395318849 ], [ 21.837321794254766, 49.539197152427306 ], [ 21.837168050753849, 49.538991379639 ] ] ] ] } },
{ "type": "Feature", "properties": { "fid": 287, "parcel_number": "6", "parcel_type": "build", "land_category": "yard" }, "geometry": { "type": "MultiPolygon", "coordinates": [ [ [ [ 21.837137088521018, 49.538800155665029 ], [ 21.837184065701859, 49.538890225021355 ], [ 21.837455252154854, 49.538908931713003 ], [ 21.83764849919417, 49.539138954150822 ], [ 21.837689070395804, 49.539130640105668 ], [ 21.837460590470858, 49.538852811616579 ], [ 21.837432831227638, 49.538816783866388 ], [ 21.837137088521018, 49.538800155665029 ] ] ] ] } },
{ "type": "Feature", "properties": { "fid": 288, "parcel_number": "103", "parcel_type": "ground", "land_category": "garden" }, "geometry": { "type": "MultiPolygon", "coordinates": [ [ [ [ 21.837168050753849, 49.538991379639 ], [ 21.837180862712266, 49.538946345074812 ], [ 21.837184065701859, 49.538890225021355 ], [ 21.837027119211346, 49.538895074905057 ], [ 21.836908608596033, 49.538906160351715 ], [ 21.836906773323513, 49.539018706511065 ], [ 21.837168050753849, 49.538991379639 ] ], [ [ 21.836983345020101, 49.538931795437541 ], [ 21.837097584982583, 49.538931102597566 ], [ 21.83710292329858, 49.538971287300136 ], [ 21.836983345020101, 49.538980987050977 ], [ 21.836983345020101, 49.538931795437541 ] ] ] ] } },
{ "type": "Feature", "properties": { "fid": 289, "parcel_number": "99", "parcel_type": "ground", "land_category": "garden" }, "geometry": { "type": "MultiPolygon", "coordinates": [ [ [ [ 21.836731766455657, 49.539663968763016 ], [ 21.836657707743868, 49.539558118760809 ], [ 21.83680611292878, 49.539507542064719 ], [ 21.836796503959977, 49.539472900461853 ], [ 21.836730308841506, 49.539387682014272 ], [ 21.836540264791765, 49.539486064273824 ], [ 21.836273348991568, 49.53962948031144 ], [ 21.836382250638046, 49.539759732193438 ], [ 21.836731766455657, 49.539663968763016 ] ] ] ] } },
{ "type": "Feature", "properties": { "fid": 290, "parcel_number": "101", "parcel_type": "ground", "land_category": "garden" }, "geometry": { "type": "MultiPolygon", "coordinates": [ [ [ [ 21.836730308841506, 49.539387682014272 ], [ 21.836796503959977, 49.539472900461853 ], [ 21.83680611292878, 49.539507542064719 ], [ 21.836657707743868, 49.539558118760809 ], [ 21.836731766455657, 49.539663968763016 ], [ 21.836766609390331, 49.539654422188065 ], [ 21.836901777032466, 49.539619336890254 ], [ 21.836889390658445, 49.539549111955751 ], [ 21.836837075161601, 49.539362047167678 ], [ 21.836730308841506, 49.539387682014272 ] ] ] ] } },
{ "type": "Feature", "properties": { "fid": 291, "parcel_number": "129", "parcel_type": "ground", "land_category": "orchard" }, "geometry": { "type": "MultiPolygon", "coordinates": [ [ [ [ 21.836628381200061, 49.538936138284498 ], [ 21.836135620438693, 49.539127868756971 ], [ 21.835843378063391, 49.539243142675005 ], [ 21.835882147293241, 49.539313586167872 ], [ 21.836201815557132, 49.539192302573582 ], [ 21.836408942218078, 49.539120940384514 ], [ 21.8364324308085, 49.539161124930978 ], [ 21.836710023240702, 49.539050270929536 ], [ 21.836628381200061, 49.538936138284498 ] ] ] ] } },
{ "type": "Feature", "properties": { "fid": 292, "parcel_number": "3", "parcel_type": "build", "land_category": "yard" }, "geometry": { "type": "MultiPolygon", "coordinates": [ [ [ [ 21.836499693590138, 49.539413316847465 ], [ 21.836435157545985, 49.539409675191507 ], [ 21.836497677578759, 49.539476806739145 ], [ 21.83651677620135, 49.539468743467843 ], [ 21.836563753382187, 49.539416781013081 ], [ 21.836499693590138, 49.539413316847465 ] ] ] ] } },
{ "type": "Feature", "properties": { "fid": 293, "parcel_number": "376", "parcel_type": "ground", "land_category": "field" }, "geometry": { "type": "MultiPolygon", "coordinates": [ [ [ [ 21.83317756336411, 49.536823783279281 ], [ 21.833023287212665, 49.536621716234713 ], [ 21.832811678597452, 49.536678217461265 ], [ 21.832956016177555, 49.536905633544244 ], [ 21.833000961281186, 49.536894110590424 ], [ 21.83317756336411, 49.536823783279281 ] ] ] ] } },
{ "type": "Feature", "properties": { "fid": 294, "parcel_number": "253", "parcel_type": "ground", "land_category": "orchard" }, "geometry": { "type": "MultiPolygon", "coordinates": [ [ [ [ 21.83460298991394, 49.537488242029895 ], [ 21.833832670914607, 49.53771861758343 ], [ 21.834257600868511, 49.537697831863774 ], [ 21.834609929724767, 49.537715846154661 ], [ 21.834819191712121, 49.537774046125975 ], [ 21.834925958032198, 49.537832246027939 ], [ 21.834925958032215, 49.537832246027939 ], [ 21.83503699500508, 49.537768503274521 ], [ 21.835194475327182, 49.537716885440489 ], [ 21.83460298991394, 49.537488242029895 ] ] ] ] } },
{ "type": "Feature", "properties": { "fid": 295, "parcel_number": "254", "parcel_type": "ground", "land_category": "orchard" }, "geometry": { "type": "MultiPolygon", "coordinates": [ [ [ [ 21.833570025767198, 49.537573117360147 ], [ 21.833613799958435, 49.537776124695071 ], [ 21.833525756136318, 49.537785665726986 ], [ 21.833550326797258, 49.537897850497892 ], [ 21.833642626864865, 49.537841946004896 ], [ 21.833751528511343, 49.537753260429881 ], [ 21.833832670914607, 49.53771861758343 ], [ 21.83460298991394, 49.537488242029895 ], [ 21.834380915968183, 49.537321955241211 ], [ 21.834141759411214, 49.537127953272609 ], [ 21.834067785112303, 49.537044838264435 ], [ 21.834007767679516, 49.537128299705344 ], [ 21.833845482872999, 49.537176800269343 ], [ 21.833429094224694, 49.537291815700129 ], [ 21.833570025767198, 49.537573117360147 ] ] ] ] } },
{ "type": "Feature", "properties": { "fid": 296, "parcel_number": "256", "parcel_type": "ground", "land_category": "garden" }, "geometry": { "type": "MultiPolygon", "coordinates": [ [ [ [ 21.833525756136321, 49.537785665726993 ], [ 21.833433364877493, 49.537801067517648 ], [ 21.833397064328668, 49.537658338972044 ], [ 21.833495289343134, 49.537646560384132 ], [ 21.833570025767198, 49.537573117360147 ], [ 21.83329456866139, 49.537598060286321 ], [ 21.833261557070312, 49.537424156920665 ], [ 21.833240117838155, 49.537434545316195 ], [ 21.833085306674057, 49.537604988874698 ], [ 21.833089577326856, 49.537729703296961 ], [ 21.833123742549283, 49.537794831813216 ], [ 21.833241185501375, 49.538037330844489 ], [ 21.833482477384745, 49.537938945668294 ], [ 21.833550326797258, 49.537897850497892 ], [ 21.833525756136321, 49.537785665726993 ] ] ] ] } },
{ "type": "Feature", "properties": { "fid": 297, "parcel_number": "2295", "parcel_type": "ground", "land_category": "road" }, "geometry": { "type": "MultiPolygon", "coordinates": [ [ [ [ 21.833085306674057, 49.537604988874698 ], [ 21.833240117838155, 49.537434545316195 ], [ 21.833449718932432, 49.537332982953536 ], [ 21.833429094224694, 49.537291815700129 ], [ 21.833429094224691, 49.537291815700129 ], [ 21.833196343646925, 49.537408216583415 ], [ 21.833055412104418, 49.537564803048589 ], [ 21.832867503381102, 49.537589745979034 ], [ 21.832871774033901, 49.537634088935022 ], [ 21.833085306674057, 49.537604988874698 ] ] ] ] } },
{ "type": "Feature", "properties": { "fid": 298, "parcel_number": "255", "parcel_type": "ground", "land_category": "field" }, "geometry": { "type": "MultiPolygon", "coordinates": [ [ [ [ 21.833261557070312, 49.537424156920665 ], [ 21.83329456866139, 49.537598060286321 ], [ 21.833570025767198, 49.537573117360147 ], [ 21.833449718932432, 49.537332982953536 ], [ 21.833261557070312, 49.537424156920665 ] ] ] ] } },
{ "type": "Feature", "properties": { "fid": 299, "parcel_number": "15", "parcel_type": "build", "land_category": "building" }, "geometry": { "type": "MultiPolygon", "coordinates": [ [ [ [ 21.833495289343134, 49.537646560384132 ], [ 21.833397064328668, 49.537658338972044 ], [ 21.833433364877493, 49.537801067517648 ], [ 21.833525756136321, 49.537785665726993 ], [ 21.833495289343134, 49.537646560384132 ] ] ] ] } },
{ "type": "Feature", "properties": { "fid": 300, "parcel_number": "15", "parcel_type": "build", "land_category": "yard" }, "geometry": { "type": "MultiPolygon", "coordinates": [ [ [ [ 21.833525756136318, 49.537785665726986 ], [ 21.833613799958435, 49.537776124695071 ], [ 21.833570025767198, 49.537573117360147 ], [ 21.833495289343134, 49.537646560384132 ], [ 21.833525756136318, 49.537785665726986 ] ] ] ] } },
{ "type": "Feature", "properties": { "fid": 301, "parcel_number": "311", "parcel_type": "ground", "land_category": "garden" }, "geometry": { "type": "MultiPolygon", "coordinates": [ [ [ [ 21.833966013120797, 49.536921901133972 ], [ 21.833462191783923, 49.537002890881006 ], [ 21.833265741754978, 49.537015362491211 ], [ 21.833114133580462, 49.537089499219483 ], [ 21.833052209114822, 49.537154628588922 ], [ 21.832955051763548, 49.537281422750652 ], [ 21.83290593925631, 49.537447709677267 ], [ 21.832867503381102, 49.537589745979034 ], [ 21.833055412104418, 49.537564803048589 ], [ 21.833196343646925, 49.537408216583415 ], [ 21.833429094224691, 49.537291815700129 ], [ 21.833845482872999, 49.537176800269343 ], [ 21.834007767679516, 49.537128299705344 ], [ 21.834067785112303, 49.537044838264435 ], [ 21.833998692542306, 49.536967208200956 ], [ 21.833966013120797, 49.536921901133972 ] ], [ [ 21.833207020278937, 49.537140771283553 ], [ 21.833360763779851, 49.537095735013949 ], [ 21.833444041509505, 49.537215600685904 ], [ 21.833295636324596, 49.537264794026882 ], [ 21.833207020278937, 49.537140771283553 ] ] ] ] } },
{ "type": "Feature", "properties": { "fid": 302, "parcel_number": "315", "parcel_type": "ground", "land_category": "field" }, "geometry": { "type": "MultiPolygon", "coordinates": [ [ [ [ 21.832861097401896, 49.537336158926486 ], [ 21.832935833825939, 49.537152549993372 ], [ 21.832896330287507, 49.537034762767426 ], [ 21.832746744371534, 49.537048790906248 ], [ 21.832747925102616, 49.537068713232266 ], [ 21.832861097401896, 49.537336158926486 ] ] ] ] } },
{ "type": "Feature", "properties": { "fid": 303, "parcel_number": "2294", "parcel_type": "ground", "land_category": "road" }, "geometry": { "type": "MultiPolygon", "coordinates": [ [ [ [ 21.83345629969816, 49.537003264939472 ], [ 21.833428026561499, 49.536955775880415 ], [ 21.833338342852624, 49.53697864051874 ], [ 21.833224102890146, 49.536984876327324 ], [ 21.83307890069484, 49.537042384302396 ], [ 21.832935833825939, 49.537152549993372 ], [ 21.832861097401896, 49.537336158926486 ], [ 21.832854691422689, 49.537412373752709 ], [ 21.832801308262656, 49.537595288850724 ], [ 21.832867503381102, 49.537589745979034 ], [ 21.83290593925631, 49.537447709677267 ], [ 21.832955051763548, 49.537281422750652 ], [ 21.833052209114822, 49.537154628588922 ], [ 21.833114133580462, 49.537089499219483 ], [ 21.833265741754978, 49.537015362491211 ], [ 21.83345629969816, 49.537003264939472 ] ] ] ] } },
{ "type": "Feature", "properties": { "fid": 304, "parcel_number": "359", "parcel_type": "ground", "land_category": "yard" }, "geometry": { "type": "MultiPolygon", "coordinates": [ [ [ [ 21.833722701604913, 49.53668278512999 ], [ 21.833909008833441, 49.53660414411064 ], [ 21.83409478223038, 49.536400439031461 ], [ 21.833567890440804, 49.536514416977987 ], [ 21.833722701604913, 49.53668278512999 ] ] ] ] } },
{ "type": "Feature", "properties": { "fid": 305, "parcel_number": "313", "parcel_type": "ground", "land_category": "garden" }, "geometry": { "type": "MultiPolygon", "coordinates": [ [ [ [ 21.833327272861577, 49.536810994791246 ], [ 21.833409876287082, 49.536786022928105 ], [ 21.833509168964756, 49.536928754021346 ], [ 21.833428026561499, 49.536955775880415 ], [ 21.83345629969816, 49.537003264939472 ], [ 21.833462191783923, 49.537002890881006 ], [ 21.833966013120797, 49.536921901133972 ], [ 21.833951715361469, 49.53690207858174 ], [ 21.833951715361465, 49.536902078581726 ], [ 21.833722701604913, 49.53668278512999 ], [ 21.833319124915018, 49.536781865705549 ], [ 21.83330902144883, 49.536784767869371 ], [ 21.833327272861577, 49.536810994791246 ] ] ] ] } },
{ "type": "Feature", "properties": { "fid": 306, "parcel_number": "312", "parcel_type": "ground", "land_category": "yard" }, "geometry": { "type": "MultiPolygon", "coordinates": [ [ [ [ 21.833909008833441, 49.53660414411064 ], [ 21.833722701604913, 49.53668278512999 ], [ 21.833951715361465, 49.536902078581726 ], [ 21.833894061548627, 49.536751032960595 ], [ 21.833909008833441, 49.53660414411064 ] ] ] ] } },
{ "type": "Feature", "properties": { "fid": 307, "parcel_number": "358", "parcel_type": "ground", "land_category": "field" }, "geometry": { "type": "MultiPolygon", "coordinates": [ [ [ [ 21.833488272002189, 49.536740339048606 ], [ 21.833329275496332, 49.536474491811326 ], [ 21.833115201243672, 49.536518574223287 ], [ 21.833106241741724, 49.536522450480234 ], [ 21.833278553713392, 49.53674098633158 ], [ 21.83330902144883, 49.536784767869371 ], [ 21.833319124915018, 49.536781865705549 ], [ 21.833488272002189, 49.536740339048606 ] ] ] ] } },
{ "type": "Feature", "properties": { "fid": 308, "parcel_number": "314", "parcel_type": "ground", "land_category": "orchard" }, "geometry": { "type": "MultiPolygon", "coordinates": [ [ [ [ 21.83333834285262, 49.53697864051874 ], [ 21.833237982511758, 49.536837988180217 ], [ 21.833327272861577, 49.536810994791246 ], [ 21.83330902144883, 49.536784767869371 ], [ 21.833188870004516, 49.536819280695816 ], [ 21.833000961281186, 49.536894110590424 ], [ 21.832741519123399, 49.536960625956105 ], [ 21.832741519123395, 49.536960625956105 ], [ 21.832741519123399, 49.536960625956112 ], [ 21.832746744371534, 49.537048790906248 ], [ 21.832896330287507, 49.537034762767426 ], [ 21.832935833825939, 49.537152549993372 ], [ 21.83307890069484, 49.537042384302396 ], [ 21.833224102890146, 49.536984876327324 ], [ 21.83333834285262, 49.53697864051874 ] ] ] ] } },
{ "type": "Feature", "properties": { "fid": 309, "parcel_number": "377", "parcel_type": "ground", "land_category": "pasture" }, "geometry": { "type": "MultiPolygon", "coordinates": [ [ [ [ 21.833023287212665, 49.536621716234713 ], [ 21.832982660010956, 49.536568503742046 ], [ 21.832933698499541, 49.536582318607024 ], [ 21.832777670401821, 49.536624634668527 ], [ 21.832811678597452, 49.536678217461265 ], [ 21.833023287212665, 49.536621716234713 ] ] ] ] } },
{ "type": "Feature", "properties": { "fid": 310, "parcel_number": "378", "parcel_type": "ground", "land_category": "orchard" }, "geometry": { "type": "MultiPolygon", "coordinates": [ [ [ [ 21.832956016177555, 49.536905633544244 ], [ 21.832811678597452, 49.536678217461265 ], [ 21.832664960495382, 49.536717392391438 ], [ 21.832671053352151, 49.536737521976292 ], [ 21.832741519123395, 49.536960625956105 ], [ 21.832741519123399, 49.536960625956105 ], [ 21.832956016177555, 49.536905633544244 ] ] ] ] } },
{ "type": "Feature", "properties": { "fid": 311, "parcel_number": "379", "parcel_type": "ground", "land_category": "pasture" }, "geometry": { "type": "MultiPolygon", "coordinates": [ [ [ [ 21.832811678597452, 49.536678217461265 ], [ 21.832777670401821, 49.536624634668527 ], [ 21.832647564761729, 49.536659920353273 ], [ 21.832664960495382, 49.536717392391438 ], [ 21.832811678597452, 49.536678217461265 ] ] ] ] } },
{ "type": "Feature", "properties": { "fid": 312, "parcel_number": "360", "parcel_type": "ground", "land_category": "field" }, "geometry": { "type": "MultiPolygon", "coordinates": [ [ [ [ 21.833023287212665, 49.536621716234713 ], [ 21.83317756336411, 49.536823783279281 ], [ 21.833188870004516, 49.536819280695816 ], [ 21.83330902144883, 49.536784767869371 ], [ 21.833278553713392, 49.53674098633158 ], [ 21.833156471646213, 49.536586154904448 ], [ 21.833023287212665, 49.536621716234713 ] ] ] ] } },
{ "type": "Feature", "properties": { "fid": 313, "parcel_number": "361", "parcel_type": "ground", "land_category": "pasture" }, "geometry": { "type": "MultiPolygon", "coordinates": [ [ [ [ 21.832982660010956, 49.536568503742046 ], [ 21.833023287212665, 49.536621716234713 ], [ 21.833156471646213, 49.536586154904448 ], [ 21.833106241741724, 49.536522450480234 ], [ 21.833031923514014, 49.53655460366781 ], [ 21.832982660010956, 49.536568503742046 ] ] ] ] } },
{ "type": "Feature", "properties": { "fid": 314, "parcel_number": "18", "parcel_type": "build", "land_category": "yard" }, "geometry": { "type": "MultiPolygon", "coordinates": [ [ [ [ 21.833480550323504, 49.536539522036449 ], [ 21.833559349135189, 49.536662691841933 ], [ 21.833457679600865, 49.536689187576251 ], [ 21.833488272002189, 49.536740339048606 ], [ 21.833722701604913, 49.53668278512999 ], [ 21.833567890440804, 49.536514416977987 ], [ 21.833480550323504, 49.536539522036449 ] ] ] ] } },
{ "type": "Feature", "properties": { "fid": 315, "parcel_number": "357", "parcel_type": "ground", "land_category": "pasture" }, "geometry": { "type": "MultiPolygon", "coordinates": [ [ [ [ 21.833384654027391, 49.536567086484439 ], [ 21.833567890440804, 49.536514416977987 ], [ 21.833480342058333, 49.536435429249998 ], [ 21.833337275189429, 49.536472844505482 ], [ 21.833329275496332, 49.536474491811326 ], [ 21.833384654027391, 49.536567086484439 ] ] ] ] } },
{ "type": "Feature", "properties": { "fid": 316, "parcel_number": "18", "parcel_type": "build", "land_category": "building" }, "geometry": { "type": "MultiPolygon", "coordinates": [ [ [ [ 21.833457679600865, 49.536689187576251 ], [ 21.833559349135189, 49.536662691841933 ], [ 21.833480550323504, 49.536539522036449 ], [ 21.833384654027391, 49.536567086484439 ], [ 21.833457679600865, 49.536689187576251 ] ] ] ] } },
{ "type": "Feature", "properties": { "fid": 317, "parcel_number": "17", "parcel_type": "build", "land_category": "building" }, "geometry": { "type": "MultiPolygon", "coordinates": [ [ [ [ 21.833428026561499, 49.536955775880415 ], [ 21.833509168964756, 49.536928754021346 ], [ 21.833409876287082, 49.536786022928105 ], [ 21.833327272861577, 49.536810994791246 ], [ 21.833428026561499, 49.536955775880415 ] ] ] ] } },
{ "type": "Feature", "properties": { "fid": 318, "parcel_number": "17", "parcel_type": "build", "land_category": "building" }, "geometry": { "type": "MultiPolygon", "coordinates": [ [ [ [ 21.833327272861577, 49.536810994791246 ], [ 21.833237982511758, 49.536837988180217 ], [ 21.83333834285262, 49.53697864051874 ], [ 21.833338342852624, 49.53697864051874 ], [ 21.833428026561499, 49.536955775880415 ], [ 21.833327272861577, 49.536810994791246 ] ] ] ] } },
{ "type": "Feature", "properties": { "fid": 319, "parcel_number": "16", "parcel_type": "build", "land_category": "building" }, "geometry": { "type": "MultiPolygon", "coordinates": [ [ [ [ 21.83338267320331, 49.537235943048024 ], [ 21.833301168846155, 49.537113192229931 ], [ 21.833207020278937, 49.537140771283553 ], [ 21.833295636324596, 49.537264794026882 ], [ 21.83338267320331, 49.537235943048024 ] ] ] ] } },
{ "type": "Feature", "properties": { "fid": 320, "parcel_number": "16", "parcel_type": "build", "land_category": "yard" }, "geometry": { "type": "MultiPolygon", "coordinates": [ [ [ [ 21.833301168846155, 49.537113192229931 ], [ 21.83338267320331, 49.537235943048024 ], [ 21.833444041509505, 49.537215600685904 ], [ 21.833360763779851, 49.537095735013949 ], [ 21.833301168846155, 49.537113192229931 ] ] ] ] } },
{ "type": "Feature", "properties": { "fid": 321, "parcel_number": "177", "parcel_type": "ground", "land_category": "orchard" }, "geometry": { "type": "MultiPolygon", "coordinates": [ [ [ [ 21.834435189062631, 49.539064338411016 ], [ 21.834864033566561, 49.538971980139536 ], [ 21.835278286888467, 49.538830640696546 ], [ 21.835383985545342, 49.538791148720293 ], [ 21.835219565412419, 49.538599923962806 ], [ 21.835099987133933, 49.53847244037545 ], [ 21.835108528439541, 49.538378213162353 ], [ 21.834891792809788, 49.538463433370282 ], [ 21.834523449005516, 49.538598538273433 ], [ 21.834220232656492, 49.538709393299612 ], [ 21.834435189062631, 49.539064338411016 ] ] ] ] } },
{ "type": "Feature", "properties": { "fid": 322, "parcel_number": "251", "parcel_type": "ground", "land_category": "garden" }, "geometry": { "type": "MultiPolygon", "coordinates": [ [ [ [ 21.833920800411111, 49.538536949792395 ], [ 21.834084639429992, 49.538485604456937 ], [ 21.833863633147431, 49.538175901179223 ], [ 21.833842279883417, 49.538111466022443 ], [ 21.833825197272201, 49.537957652724089 ], [ 21.833750191169621, 49.537828263898909 ], [ 21.833530522228788, 49.537970816944224 ], [ 21.833677859750498, 49.538173129776375 ], [ 21.833919151633872, 49.538534796519507 ], [ 21.833920800411111, 49.538536949792395 ] ] ] ] } },
{ "type": "Feature", "properties": { "fid": 323, "parcel_number": "218", "parcel_type": "ground", "land_category": "orchard" }, "geometry": { "type": "MultiPolygon", "coordinates": [ [ [ [ 21.834858695250556, 49.53786273166326 ], [ 21.834621674019985, 49.537923702876796 ], [ 21.834272548153329, 49.538020702377906 ], [ 21.833862746429983, 49.538173225439451 ], [ 21.833863633147431, 49.538175901179223 ], [ 21.834084639429992, 49.538485604456937 ], [ 21.834442306602252, 49.538353270634346 ], [ 21.834961190917831, 49.538168972671812 ], [ 21.834952649612223, 49.53807335916931 ], [ 21.834860830576957, 49.537955574162673 ], [ 21.834858695250556, 49.53786273166326 ] ] ] ] } },
{ "type": "Feature", "properties": { "fid": 324, "parcel_number": "252", "parcel_type": "ground", "land_category": "orchard" }, "geometry": { "type": "MultiPolygon", "coordinates": [ [ [ [ 21.833752596174552, 49.53782670318315 ], [ 21.833913813317864, 49.537789288964134 ], [ 21.83398321142591, 49.537915388624874 ], [ 21.833825197272201, 49.537957652724089 ], [ 21.833842279883417, 49.538111466022443 ], [ 21.833862746429983, 49.538173225439451 ], [ 21.834272548153329, 49.538020702377906 ], [ 21.834621674019985, 49.537923702876796 ], [ 21.834858695250556, 49.53786273166326 ], [ 21.834775417520891, 49.537812846068334 ], [ 21.834600320755968, 49.537767117561579 ], [ 21.834273615816528, 49.537735246152785 ], [ 21.83401737664834, 49.537740789007977 ], [ 21.833855091841819, 49.537747717576096 ], [ 21.833752596174552, 49.53782670318315 ] ] ] ] } },
{ "type": "Feature", "properties": { "fid": 325, "parcel_number": "14", "parcel_type": "build", "land_category": "yard" }, "geometry": { "type": "MultiPolygon", "coordinates": [ [ [ [ 21.833830017516519, 49.537808735745038 ], [ 21.833898148492491, 49.537938140436488 ], [ 21.83398321142591, 49.537915388624874 ], [ 21.833913813317864, 49.537789288964134 ], [ 21.833830017516519, 49.537808735745038 ] ] ] ] } },
{ "type": "Feature", "properties": { "fid": 326, "parcel_number": null, "parcel_type": null, "land_category": null }, "geometry": { "type": "MultiPolygon", "coordinates": [ [ [ [ 21.833751305403759, 49.537830186001791 ], [ 21.833752596174552, 49.53782670318315 ], [ 21.833750191169621, 49.537828263898909 ], [ 21.833751305403759, 49.537830186001791 ] ] ] ] } },
{ "type": "Feature", "properties": { "fid": 327, "parcel_number": "14", "parcel_type": "build", "land_category": "building" }, "geometry": { "type": "MultiPolygon", "coordinates": [ [ [ [ 21.833898148492491, 49.537938140436488 ], [ 21.833830017516519, 49.537808735745038 ], [ 21.833752596174552, 49.53782670318315 ], [ 21.833751305403759, 49.537830186001791 ], [ 21.833825197272201, 49.537957652724089 ], [ 21.833898148492491, 49.537938140436488 ] ] ] ] } },
{ "type": "Feature", "properties": { "fid": 330, "parcel_number": "138", "parcel_type": "ground", "land_category": "orchard" }, "geometry": { "type": "MultiPolygon", "coordinates": [ [ [ [ 21.835383985545342, 49.538791148720293 ], [ 21.835278286888467, 49.538830640696546 ], [ 21.834864033566561, 49.538971980139536 ], [ 21.834435189062631, 49.539064338411016 ], [ 21.834435900623049, 49.539065513369678 ], [ 21.834559749554334, 49.539303849087553 ], [ 21.834593914776757, 49.539392531848648 ], [ 21.834807447416917, 49.5394174738462 ], [ 21.835245189329232, 49.539223480196313 ], [ 21.835433098052576, 49.539144496846824 ], [ 21.835672254609552, 49.539077984453499 ], [ 21.835383985545342, 49.538791148720293 ] ] ] ] } },
{ "type": "Feature", "properties": { "fid": 331, "parcel_number": "183", "parcel_type": "ground", "land_category": "orchard" }, "geometry": { "type": "MultiPolygon", "coordinates": [ [ [ [ 21.834523449005516, 49.538598538273433 ], [ 21.834891792809788, 49.538463433370282 ], [ 21.835108528439541, 49.538378213162353 ], [ 21.834961190917831, 49.538168972671812 ], [ 21.834442306602252, 49.538353270634346 ], [ 21.834291032721012, 49.538409240688395 ], [ 21.834084639429992, 49.538485604456937 ], [ 21.833920800411111, 49.538536949792395 ], [ 21.834089977745997, 49.538757892294484 ], [ 21.834220232656492, 49.538709393299612 ], [ 21.834385514127767, 49.538648966868507 ], [ 21.834523449005516, 49.538598538273433 ] ] ] ] } },
{ "type": "Feature", "properties": { "fid": 332, "parcel_number": "67", "parcel_type": "ground", "land_category": "garden" }, "geometry": { "type": "MultiPolygon", "coordinates": [ [ [ [ 21.837685177407707, 49.539205539922207 ], [ 21.837534259231695, 49.539077291615598 ], [ 21.837493688030069, 49.539095998235645 ], [ 21.837406139647602, 49.539029485776304 ], [ 21.837353824150767, 49.539057892150218 ], [ 21.837486214387663, 49.53915350372646 ], [ 21.837345682198446, 49.539230177418609 ], [ 21.837408046131461, 49.539316395318849 ], [ 21.837420019269207, 49.539332948136256 ], [ 21.837420019269221, 49.539332948136263 ], [ 21.837569492117314, 49.539344033483609 ], [ 21.837685177407707, 49.539205539922207 ] ] ] ] } },
{ "type": "Feature", "properties": { "fid": 333, "parcel_number": "4", "parcel_type": "build", "land_category": "building" }, "geometry": { "type": "MultiPolygon", "coordinates": [ [ [ [ 21.837353824150767, 49.539057892150218 ], [ 21.837294035011528, 49.539084219994244 ], [ 21.837423135314264, 49.539187919368047 ], [ 21.837486214387663, 49.53915350372646 ], [ 21.837353824150767, 49.539057892150218 ] ] ] ] } },
{ "type": "Feature", "properties": { "fid": 334, "parcel_number": "5", "parcel_type": "build", "land_category": "building" }, "geometry": { "type": "MultiPolygon", "coordinates": [ [ [ [ 21.836983345020101, 49.538931795437541 ], [ 21.836983345020101, 49.538980987050977 ], [ 21.83710292329858, 49.538971287300136 ], [ 21.837097584982583, 49.538931102597566 ], [ 21.836983345020101, 49.538931795437541 ] ] ] ] } },
{ "type": "Feature", "properties": { "fid": 335, "parcel_number": "405", "parcel_type": "ground", "land_category": "pasture" }, "geometry": { "type": "MultiPolygon", "coordinates": [ [ [ [ 21.83409478223038, 49.536400439031461 ], [ 21.833974670120309, 49.53596080731905 ], [ 21.83389192622225, 49.535713794227703 ], [ 21.833501161490762, 49.535778925430492 ], [ 21.833383184707074, 49.53592754896713 ], [ 21.833445109172722, 49.536224101806191 ], [ 21.833480342058333, 49.536435429249998 ], [ 21.833567890440804, 49.536514416977987 ], [ 21.83409478223038, 49.536400439031461 ] ] ] ] } },
{ "type": "Feature", "properties": { "fid": 336, "parcel_number": "406", "parcel_type": "ground", "land_category": "pasture" }, "geometry": { "type": "MultiPolygon", "coordinates": [ [ [ [ 21.834228169746556, 49.535651942315575 ], [ 21.833977876701873, 49.535696850485422 ], [ 21.833978940773108, 49.535700282956689 ], [ 21.834102789704406, 49.536143727850011 ], [ 21.834163144485029, 49.536393969177006 ], [ 21.834504764899478, 49.53636163796773 ], [ 21.8345432007747, 49.535994412089153 ], [ 21.834385186620988, 49.535725573281461 ], [ 21.834228169746556, 49.535651942315575 ] ] ] ] } },
{ "type": "Feature", "properties": { "fid": 337, "parcel_number": "2292", "parcel_type": "ground", "land_category": "road" }, "geometry": { "type": "MultiPolygon", "coordinates": [ [ [ [ 21.834163144485029, 49.536393969177006 ], [ 21.834102789704406, 49.536143727850011 ], [ 21.833978940773108, 49.535700282956689 ], [ 21.83392006698643, 49.535510368433201 ], [ 21.833896196875028, 49.535499692109056 ], [ 21.833804377839762, 49.535463661886872 ], [ 21.83389192622225, 49.535713794227703 ], [ 21.833974670120309, 49.53596080731905 ], [ 21.83409478223038, 49.536400439031461 ], [ 21.834163144485029, 49.536393969177006 ] ] ] ] } },
{ "type": "Feature", "properties": { "fid": 338, "parcel_number": "409", "parcel_type": "ground", "land_category": "pasture" }, "geometry": { "type": "MultiPolygon", "coordinates": [ [ [ [ 21.833977876701873, 49.535696850485422 ], [ 21.834228169746556, 49.535651942315575 ], [ 21.834054211028747, 49.535570366698536 ], [ 21.83392006698643, 49.535510368433201 ], [ 21.833977876701873, 49.535696850485422 ] ] ] ] } },
{ "type": "Feature", "properties": { "fid": 339, "parcel_number": "1480", "parcel_type": "ground", "land_category": "field" }, "geometry": { "type": "MultiPolygon", "coordinates": [ [ [ [ 21.829455785623011, 49.52959661739132 ], [ 21.82978439101797, 49.529931627829285 ], [ 21.830057413836652, 49.529811091853176 ], [ 21.830593705608514, 49.52957796065899 ], [ 21.830462058189763, 49.529536675249091 ], [ 21.830304044036044, 49.52960943737753 ], [ 21.830128947271113, 49.529550534710488 ], [ 21.83008517307988, 49.529584490374276 ], [ 21.82991007631496, 49.529520043890258 ], [ 21.829863099134123, 49.529561622276752 ], [ 21.829634422943474, 49.529462865618598 ], [ 21.829564153437904, 49.529524201730489 ], [ 21.829455785623011, 49.52959661739132 ] ] ] ] } },
{ "type": "Feature", "properties": { "fid": 340, "parcel_number": "1481", "parcel_type": "ground", "land_category": "orchard" }, "geometry": { "type": "MultiPolygon", "coordinates": [ [ [ [ 21.830906206081291, 49.529675962657308 ], [ 21.83100864049355, 49.529600145815778 ], [ 21.830744988937969, 49.529518657943413 ], [ 21.830465261179366, 49.529449360552007 ], [ 21.829801174668479, 49.529320467142718 ], [ 21.829688002369199, 49.529416097769243 ], [ 21.829634422943474, 49.529462865618598 ], [ 21.829863099134123, 49.529561622276752 ], [ 21.82991007631496, 49.529520043890258 ], [ 21.83008517307988, 49.529584490374276 ], [ 21.830128947271113, 49.529550534710488 ], [ 21.830304044036044, 49.52960943737753 ], [ 21.830462058189763, 49.529536675249091 ], [ 21.830906206081291, 49.529675962657308 ] ] ] ] } },
{ "type": "Feature", "properties": { "fid": 341, "parcel_number": null, "parcel_type": "ground", "land_category": null }, "geometry": { "type": "MultiPolygon", "coordinates": [ [ [ [ 21.830924233171768, 49.529975897046896 ], [ 21.830824901097454, 49.529883560746761 ], [ 21.830924233171764, 49.529975897046896 ], [ 21.830924233171768, 49.529975897046896 ] ] ] ] } },
{ "type": "Feature", "properties": { "fid": 342, "parcel_number": "1522", "parcel_type": "ground", "land_category": "field" }, "geometry": { "type": "MultiPolygon", "coordinates": [ [ [ [ 21.830289725852381, 49.529975510804924 ], [ 21.830388424095233, 49.530089704776628 ], [ 21.830429113228242, 49.530067419548359 ], [ 21.830824901097454, 49.529883560746761 ], [ 21.830904223346536, 49.529843591135929 ], [ 21.830908897657181, 49.529840844250884 ], [ 21.831062237498237, 49.52975073322748 ], [ 21.831068526435253, 49.529746855462861 ], [ 21.830906206081291, 49.529675962657308 ], [ 21.830678793819512, 49.529785451983194 ], [ 21.830300841046441, 49.529971167494139 ], [ 21.830289725852381, 49.529975510804924 ] ] ] ] } },
{ "type": "Feature", "properties": { "fid": 343, "parcel_number": "1521", "parcel_type": "ground", "land_category": "orchard" }, "geometry": { "type": "MultiPolygon", "coordinates": [ [ [ [ 21.83100864049355, 49.529600145815778 ], [ 21.830906206081291, 49.529675962657308 ], [ 21.831068526435253, 49.529746855462861 ], [ 21.831190357080708, 49.52967173456949 ], [ 21.831014040064566, 49.529601814683431 ], [ 21.83100864049355, 49.529600145815778 ] ] ] ] } },
{ "type": "Feature", "properties": { "fid": 344, "parcel_number": "1477", "parcel_type": "ground", "land_category": "field" }, "geometry": { "type": "MultiPolygon", "coordinates": [ [ [ [ 21.82978439101797, 49.529931627829285 ], [ 21.829975676389829, 49.530099545242919 ], [ 21.830091579059083, 49.530052937532723 ], [ 21.830300841046441, 49.529971167494139 ], [ 21.830678793819512, 49.529785451983194 ], [ 21.830906206081291, 49.529675962657308 ], [ 21.830593705608514, 49.52957796065899 ], [ 21.830057413836652, 49.529811091853176 ], [ 21.82978439101797, 49.529931627829285 ] ] ] ] } },
{ "type": "Feature", "properties": { "fid": 345, "parcel_number": "1479", "parcel_type": "ground", "land_category": "pasture" }, "geometry": { "type": "MultiPolygon", "coordinates": [ [ [ [ 21.82978439101797, 49.529931627829285 ], [ 21.829455785623011, 49.52959661739132 ], [ 21.829741919360799, 49.529950378479455 ], [ 21.82978439101797, 49.529931627829285 ] ] ] ] } },
{ "type": "Feature", "properties": { "fid": 346, "parcel_number": "1524", "parcel_type": "ground", "land_category": "pasture" }, "geometry": { "type": "MultiPolygon", "coordinates": [ [ [ [ 21.830127680219825, 49.53023251285223 ], [ 21.829975676389829, 49.530099545242919 ], [ 21.829923307083799, 49.53012060439336 ], [ 21.830073581386902, 49.530262142503972 ], [ 21.830073581386905, 49.530262142503972 ], [ 21.830127680219825, 49.53023251285223 ] ] ] ] } },
{ "type": "Feature", "properties": { "fid": 347, "parcel_number": "1476", "parcel_type": "ground", "land_category": "pasture" }, "geometry": { "type": "MultiPolygon", "coordinates": [ [ [ [ 21.829975676389829, 49.530099545242919 ], [ 21.82978439101797, 49.529931627829285 ], [ 21.829741919360799, 49.529950378479455 ], [ 21.829919151452131, 49.530116690349224 ], [ 21.829923307083799, 49.53012060439336 ], [ 21.829975676389829, 49.530099545242919 ] ] ] ] } },
{ "type": "Feature", "properties": { "fid": 348, "parcel_number": "1523", "parcel_type": "ground", "land_category": "garden" }, "geometry": { "type": "MultiPolygon", "coordinates": [ [ [ [ 21.83019034558103, 49.530198191357137 ], [ 21.830080902427067, 49.530119462208958 ], [ 21.83015990950393, 49.530079963193366 ], [ 21.830266178692195, 49.530156657953313 ], [ 21.830388424095233, 49.530089704776628 ], [ 21.830289725852381, 49.529975510804924 ], [ 21.830091579059083, 49.530052937532723 ], [ 21.829975676389829, 49.530099545242919 ], [ 21.830127680219825, 49.53023251285223 ], [ 21.83019034558103, 49.530198191357137 ] ] ] ] } },
{ "type": "Feature", "properties": { "fid": 349, "parcel_number": "43", "parcel_type": "build", "land_category": "building" }, "geometry": { "type": "MultiPolygon", "coordinates": [ [ [ [ 21.830266178692195, 49.530156657953313 ], [ 21.83015990950393, 49.530079963193366 ], [ 21.830080902427067, 49.530119462208958 ], [ 21.83019034558103, 49.530198191357137 ], [ 21.830266178692195, 49.530156657953313 ] ] ] ] } },
{ "type": "Feature", "properties": { "fid": 350, "parcel_number": "1945", "parcel_type": "ground", "land_category": "pasture" }, "geometry": { "type": "MultiPolygon", "coordinates": [ [ [ [ 21.836733925617271, 49.537385709615577 ], [ 21.836566956371808, 49.537429695287635 ], [ 21.83646446070453, 49.537382580698512 ], [ 21.836124943806681, 49.537227379377782 ], [ 21.836050207382627, 49.537155321454186 ], [ 21.835768344297616, 49.536925289679445 ], [ 21.835874878510246, 49.536860762494925 ], [ 21.835870839964905, 49.536858774265667 ], [ 21.835798238867252, 49.536808887645925 ], [ 21.835580435574286, 49.536656455992315 ], [ 21.835416015441364, 49.536531738831172 ], [ 21.83520034747481, 49.53625043117696 ], [ 21.835499293171029, 49.536131256017434 ], [ 21.835666161211879, 49.536091636944917 ], [ 21.83562314210231, 49.536013466330019 ], [ 21.835405338809352, 49.535705826042744 ], [ 21.835704284505574, 49.535592192654093 ], [ 21.83600323020179, 49.535930320497386 ], [ 21.836051660844209, 49.535990256870299 ], [ 21.836095049237063, 49.535978822250286 ], [ 21.83630194243711, 49.535926694792835 ], [ 21.836184732945927, 49.535704440271296 ], [ 21.836058748688238, 49.535463315442357 ], [ 21.836304094636354, 49.535490914249046 ], [ 21.836167650334719, 49.535323351633878 ], [ 21.836135620438696, 49.535206945784893 ], [ 21.836039530750629, 49.534953346368276 ], [ 21.836152703049908, 49.534904843597708 ], [ 21.836071713172458, 49.534765154321256 ], [ 21.835925443315841, 49.534794602521544 ], [ 21.835688886628002, 49.534866129740294 ], [ 21.835772614950432, 49.534992148550074 ], [ 21.835695743199977, 49.535017092793531 ], [ 21.835776885603241, 49.535169529560285 ], [ 21.835676525262365, 49.535200016856585 ], [ 21.835749126360014, 49.535324737416126 ], [ 21.835638089387135, 49.535346909926716 ], [ 21.835704284505578, 49.535446686099938 ], [ 21.835430962726178, 49.535550619397114 ], [ 21.835356226302125, 49.535392640698063 ], [ 21.835296437162885, 49.535172301133457 ], [ 21.835235890140016, 49.534978902237398 ], [ 21.835235890140012, 49.534978902237398 ], [ 21.83518662039031, 49.534989999541857 ], [ 21.835209422611989, 49.535256141147698 ], [ 21.835205151959187, 49.535566555816402 ], [ 21.835134686187935, 49.535843710104579 ], [ 21.834972401381414, 49.536119477061398 ], [ 21.834869905714136, 49.53634396961597 ], [ 21.834663846716388, 49.536405289162253 ], [ 21.834405472221803, 49.536477348191724 ], [ 21.834115067831192, 49.536736482669681 ], [ 21.834441772770631, 49.536967901068756 ], [ 21.834785560321283, 49.537218718575204 ], [ 21.835594849027473, 49.537652449678454 ], [ 21.836508768727342, 49.537917120760824 ], [ 21.837034059022127, 49.538080634116298 ], [ 21.837629815088164, 49.538291260683202 ], [ 21.837949900611875, 49.538395118652403 ], [ 21.838132150624158, 49.538406619914909 ], [ 21.837905806025596, 49.538219550753347 ], [ 21.837564153801345, 49.537931324273188 ], [ 21.837228907556302, 49.537742867578579 ], [ 21.836889390658449, 49.537526695769259 ], [ 21.836733925617271, 49.537385709615577 ] ] ] ] } },
{ "type": "Feature", "properties": { "fid": 351, "parcel_number": "1944", "parcel_type": "ground", "land_category": "field" }, "geometry": { "type": "MultiPolygon", "coordinates": [ [ [ [ 21.835235890140016, 49.534978902237398 ], [ 21.835296437162885, 49.535172301133457 ], [ 21.835356226302125, 49.535392640698063 ], [ 21.835430962726178, 49.535550619397114 ], [ 21.835704284505578, 49.535446686099938 ], [ 21.835638089387135, 49.535346909926716 ], [ 21.835749126360014, 49.535324737416126 ], [ 21.835676525262365, 49.535200016856585 ], [ 21.835776885603241, 49.535169529560285 ], [ 21.835695743199977, 49.535017092793531 ], [ 21.835772614950432, 49.534992148550074 ], [ 21.835688886628002, 49.534866129740294 ], [ 21.835549625873952, 49.534908237763148 ], [ 21.835541816614921, 49.534909996686736 ], [ 21.835235890140016, 49.534978902237398 ] ] ] ] } },
{ "type": "Feature", "properties": { "fid": 352, "parcel_number": "1992", "parcel_type": "ground", "land_category": "orchard" }, "geometry": { "type": "MultiPolygon", "coordinates": [ [ [ [ 21.836874443373635, 49.536375149055949 ], [ 21.836761271074341, 49.536393163834418 ], [ 21.836716429219912, 49.536364063035187 ], [ 21.836201815557132, 49.536494323620779 ], [ 21.836073695973038, 49.53659548319775 ], [ 21.836133485112281, 49.53669248533518 ], [ 21.835824167808525, 49.536826704280593 ], [ 21.835870839964905, 49.536858774265667 ], [ 21.835994688896196, 49.536919746731755 ], [ 21.836276551981197, 49.537051391569555 ], [ 21.836421754176506, 49.537155321454165 ], [ 21.836722835199126, 49.537375652078623 ], [ 21.836889390658449, 49.537526695769259 ], [ 21.837094381993001, 49.537282808477457 ], [ 21.837040998832958, 49.537018133959791 ], [ 21.836985480346524, 49.536792258761352 ], [ 21.836874443373635, 49.536375149055949 ] ] ] ] } },
{ "type": "Feature", "properties": { "fid": 353, "parcel_number": "1970", "parcel_type": "ground", "land_category": "pasture" }, "geometry": { "type": "MultiPolygon", "coordinates": [ [ [ [ 21.836304094636354, 49.535490914249046 ], [ 21.836058748688238, 49.535463315442357 ], [ 21.836184732945927, 49.535704440271296 ], [ 21.83630194243711, 49.535926694792835 ], [ 21.836458054725327, 49.53588736176178 ], [ 21.836530780890698, 49.535868171673776 ], [ 21.836359829710865, 49.535650395154427 ], [ 21.836306446550822, 49.535493802555365 ], [ 21.836304094636354, 49.535490914249046 ] ] ] ] } },
{ "type": "Feature", "properties": { "fid": 354, "parcel_number": "1947", "parcel_type": "ground", "land_category": "field" }, "geometry": { "type": "MultiPolygon", "coordinates": [ [ [ [ 21.836051660844209, 49.535990256870299 ], [ 21.83600323020179, 49.535930320497386 ], [ 21.835704284505574, 49.535592192654093 ], [ 21.835405338809352, 49.535705826042744 ], [ 21.83562314210231, 49.536013466330019 ], [ 21.835666161211879, 49.536091636944917 ], [ 21.83567438993596, 49.536089683218997 ], [ 21.836051660844209, 49.535990256870299 ] ] ] ] } },
{ "type": "Feature", "properties": { "fid": 355, "parcel_number": "1988", "parcel_type": "ground", "land_category": "orchard" }, "geometry": { "type": "MultiPolygon", "coordinates": [ [ [ [ 21.835502988835426, 49.536130378564835 ], [ 21.835556946983868, 49.536268446001394 ], [ 21.83551637578223, 49.536402864096992 ], [ 21.835552426979781, 49.536474923568882 ], [ 21.835559082310269, 49.536472151630733 ], [ 21.83590927584012, 49.536297546857561 ], [ 21.836082237278649, 49.53621024423704 ], [ 21.836372641669264, 49.536117398421901 ], [ 21.836573362351007, 49.536079982894293 ], [ 21.836458054725327, 49.53588736176178 ], [ 21.836095049237063, 49.535978822250286 ], [ 21.83567438993596, 49.536089683218997 ], [ 21.835502988835426, 49.536130378564835 ] ] ] ] } },
{ "type": "Feature", "properties": { "fid": 356, "parcel_number": "1990", "parcel_type": "ground", "land_category": "orchard" }, "geometry": { "type": "MultiPolygon", "coordinates": [ [ [ [ 21.836716429219912, 49.536364063035187 ], [ 21.836633151490247, 49.536303089875823 ], [ 21.836372641669264, 49.536117398421901 ], [ 21.836082237278649, 49.53621024423704 ], [ 21.83590927584012, 49.536297546857561 ], [ 21.835559082310269, 49.536472151630733 ], [ 21.835416015441364, 49.536531738831172 ], [ 21.835580435574286, 49.536656455992315 ], [ 21.835798238867252, 49.536808887645925 ], [ 21.835824167808525, 49.536826704280593 ], [ 21.836133485112281, 49.53669248533518 ], [ 21.836073695973038, 49.53659548319775 ], [ 21.836201815557132, 49.536494323620779 ], [ 21.836716429219912, 49.536364063035187 ] ] ] ] } },
{ "type": "Feature", "properties": { "fid": 357, "parcel_number": "1993", "parcel_type": "ground", "land_category": "orchard" }, "geometry": { "type": "MultiPolygon", "coordinates": [ [ [ [ 21.836716429219912, 49.536364063035187 ], [ 21.836761271074341, 49.536393163834418 ], [ 21.836874443373635, 49.536375149055949 ], [ 21.836718564546327, 49.536171443022297 ], [ 21.836532791149395, 49.53587073256363 ], [ 21.836530780890698, 49.535868171673776 ], [ 21.836458054725327, 49.53588736176178 ], [ 21.836573362351007, 49.536079982894293 ], [ 21.836697211282299, 49.536301704121321 ], [ 21.836716429219912, 49.536364063035187 ] ] ] ] } },
{ "type": "Feature", "properties": { "fid": 358, "parcel_number": "1991", "parcel_type": "ground", "land_category": "pasture" }, "geometry": { "type": "MultiPolygon", "coordinates": [ [ [ [ 21.836372641669264, 49.536117398421901 ], [ 21.836633151490247, 49.536303089875823 ], [ 21.836716429219912, 49.536364063035187 ], [ 21.836697211282299, 49.536301704121321 ], [ 21.836573362351007, 49.536079982894293 ], [ 21.836372641669264, 49.536117398421901 ] ] ] ] } },
{ "type": "Feature", "properties": { "fid": 359, "parcel_number": "1946", "parcel_type": "ground", "land_category": "field" }, "geometry": { "type": "MultiPolygon", "coordinates": [ [ [ [ 21.835874878510246, 49.536860762494925 ], [ 21.835768344297616, 49.536925289679445 ], [ 21.836050207382627, 49.537155321454186 ], [ 21.836124943806681, 49.537227379377782 ], [ 21.83646446070453, 49.537382580698512 ], [ 21.836566956371808, 49.537429695287635 ], [ 21.836733925617271, 49.537385709615577 ], [ 21.836722835199126, 49.537375652078623 ], [ 21.836421754176506, 49.537155321454165 ], [ 21.836276551981197, 49.537051391569555 ], [ 21.835994688896196, 49.536919746731755 ], [ 21.835874878510246, 49.536860762494925 ] ] ] ] } },
{ "type": "Feature", "properties": { "fid": 360, "parcel_number": "1989", "parcel_type": "ground", "land_category": "field" }, "geometry": { "type": "MultiPolygon", "coordinates": [ [ [ [ 21.835552426979781, 49.536474923568882 ], [ 21.83551637578223, 49.536402864096992 ], [ 21.835556946983868, 49.536268446001394 ], [ 21.835502988835426, 49.536130378564835 ], [ 21.835499293171029, 49.536131256017434 ], [ 21.83520034747481, 49.53625043117696 ], [ 21.835416015441364, 49.536531738831172 ], [ 21.835552426979781, 49.536474923568882 ] ] ] ] } },
{ "type": "Feature", "properties": { "fid": 361, "parcel_number": "1837", "parcel_type": "ground", "land_category": "field" }, "geometry": { "type": "MultiPolygon", "coordinates": [ [ [ [ 21.84001587957658, 49.532856082873685 ], [ 21.839772081300488, 49.532543393350473 ], [ 21.839429989114823, 49.532160554286925 ], [ 21.839428293749855, 49.532160894193687 ], [ 21.83928653198058, 49.532194538295172 ], [ 21.83959484920916, 49.532521219568025 ], [ 21.839872441641404, 49.532930047064582 ], [ 21.84001587957658, 49.532856082873685 ] ] ] ] } },
{ "type": "Feature", "properties": { "fid": 362, "parcel_number": "1940", "parcel_type": "ground", "land_category": "field" }, "geometry": { "type": "MultiPolygon", "coordinates": [ [ [ [ 21.838551958823007, 49.533643359554219 ], [ 21.838800507787806, 49.533962494503243 ], [ 21.83893503335111, 49.53383638464306 ], [ 21.839150701317667, 49.533743534318241 ], [ 21.839225437741728, 49.533596636429159 ], [ 21.83914216001207, 49.533516258152034 ], [ 21.838593381126849, 49.533634053857924 ], [ 21.838551958823007, 49.533643359554219 ] ] ] ] } },
{ "type": "Feature", "properties": { "fid": 363, "parcel_number": "1878", "parcel_type": "ground", "land_category": "field" }, "geometry": { "type": "MultiPolygon", "coordinates": [ [ [ [ 21.839526518764348, 49.533270965006352 ], [ 21.83913788935924, 49.533272350846808 ], [ 21.838900868128668, 49.533298681807686 ], [ 21.838723636037336, 49.533349957848671 ], [ 21.838411878382704, 49.533449738098604 ], [ 21.837833204927879, 49.533537045650185 ], [ 21.837171253743406, 49.533652069646749 ], [ 21.836541332454946, 49.533768479198983 ], [ 21.836206086209902, 49.533815597272238 ], [ 21.835572046800898, 49.533919463729333 ], [ 21.835629700613008, 49.534026171911002 ], [ 21.835535746252535, 49.534031715186799 ], [ 21.835670271814116, 49.534220186189913 ], [ 21.835759955521816, 49.534227461710344 ], [ 21.835948203382717, 49.534198246736203 ], [ 21.835956405548252, 49.534196973807774 ], [ 21.836178479491174, 49.534152627733718 ], [ 21.836908608596019, 49.533976352709807 ], [ 21.83731218528591, 49.53388766011998 ], [ 21.837713626649403, 49.53381005397187 ], [ 21.838038196262438, 49.533771250851608 ], [ 21.838315788694647, 49.533696416175516 ], [ 21.838593381126849, 49.533634053857924 ], [ 21.83914216001207, 49.533516258152034 ], [ 21.839526518764348, 49.533270965006352 ] ] ] ] } },
{ "type": "Feature", "properties": { "fid": 364, "parcel_number": "1872", "parcel_type": "ground", "land_category": "field" }, "geometry": { "type": "MultiPolygon", "coordinates": [ [ [ [ 21.839133223287703, 49.53313995889043 ], [ 21.839444308697846, 49.533144853361925 ], [ 21.839615962370285, 49.533170009232983 ], [ 21.839673856286051, 49.5331046638684 ], [ 21.839872441641404, 49.532930047064582 ], [ 21.839552142681146, 49.532995181977064 ], [ 21.839327933408974, 49.533007654609975 ], [ 21.83907810022, 49.533042300795806 ], [ 21.839066791177412, 49.533043584235685 ], [ 21.839133223287703, 49.53313995889043 ] ] ] ] } },
{ "type": "Feature", "properties": { "fid": 365, "parcel_number": "1805", "parcel_type": "ground", "land_category": "pasture" }, "geometry": { "type": "MultiPolygon", "coordinates": [ [ [ [ 21.83928653198058, 49.532194538295172 ], [ 21.839233420151153, 49.532138263009749 ], [ 21.839219031762521, 49.532140106110283 ], [ 21.838967558236796, 49.532178999079946 ], [ 21.839049153280428, 49.532253657320474 ], [ 21.839142160012042, 49.53222880187122 ], [ 21.83928653198058, 49.532194538295172 ] ] ] ] } },
{ "type": "Feature", "properties": { "fid": 366, "parcel_number": "1943", "parcel_type": "ground", "land_category": "field" }, "geometry": { "type": "MultiPolygon", "coordinates": [ [ [ [ 21.836940731281071, 49.5345656841248 ], [ 21.836912879248821, 49.534457230043309 ], [ 21.8367505944423, 49.534235500448538 ], [ 21.836582142486829, 49.534055171402038 ], [ 21.836178479491174, 49.534152627733718 ], [ 21.836432583329703, 49.534451962952744 ], [ 21.836500913773691, 49.534615487899941 ], [ 21.836940731281071, 49.5345656841248 ] ] ] ] } },
{ "type": "Feature", "properties": { "fid": 367, "parcel_number": "1901", "parcel_type": "ground", "land_category": "field" }, "geometry": { "type": "MultiPolygon", "coordinates": [ [ [ [ 21.837352754780742, 49.534451425095277 ], [ 21.837216095597842, 49.534216099061126 ], [ 21.836980537807648, 49.533960545087062 ], [ 21.836908608596019, 49.533976352709807 ], [ 21.836582142486829, 49.534055171402038 ], [ 21.8367505944423, 49.534235500448538 ], [ 21.836912879248821, 49.534457230043309 ], [ 21.836940731281071, 49.5345656841248 ], [ 21.836968397735273, 49.534562551248456 ], [ 21.837331403223537, 49.534457230043309 ], [ 21.837352754780742, 49.534451425095277 ] ] ] ] } },
{ "type": "Feature", "properties": { "fid": 368, "parcel_number": "1942", "parcel_type": "ground", "land_category": "field" }, "geometry": { "type": "MultiPolygon", "coordinates": [ [ [ [ 21.837647431530971, 49.534371309944696 ], [ 21.837421086932387, 49.534071974227906 ], [ 21.837288042872938, 49.533892965810779 ], [ 21.836980537807648, 49.533960545087062 ], [ 21.837216095597842, 49.534216099061126 ], [ 21.837352754780742, 49.534451425095277 ], [ 21.837647431530971, 49.534371309944696 ] ] ] ] } },
{ "type": "Feature", "properties": { "fid": 369, "parcel_number": "1900", "parcel_type": "ground", "land_category": "field" }, "geometry": { "type": "MultiPolygon", "coordinates": [ [ [ [ 21.838080902790487, 49.534313105921115 ], [ 21.837957053859185, 49.534092761489696 ], [ 21.837710967469778, 49.53381056804119 ], [ 21.83731218528591, 49.53388766011998 ], [ 21.837288042872938, 49.533892965810779 ], [ 21.837421086932387, 49.534071974227906 ], [ 21.837647431530971, 49.534371309944696 ], [ 21.838080902790487, 49.534313105921115 ] ] ] ] } },
{ "type": "Feature", "properties": { "fid": 370, "parcel_number": "1915", "parcel_type": "ground", "land_category": "field" }, "geometry": { "type": "MultiPolygon", "coordinates": [ [ [ [ 21.838212636884691, 49.534238133748417 ], [ 21.838031790283239, 49.533984667631842 ], [ 21.837860543281138, 49.533792489716006 ], [ 21.837713626649403, 49.53381005397187 ], [ 21.837710967469778, 49.53381056804119 ], [ 21.837957053859185, 49.534092761489696 ], [ 21.838080902790487, 49.534313105921115 ], [ 21.838212636884691, 49.534238133748417 ] ] ] ] } },
{ "type": "Feature", "properties": { "fid": 371, "parcel_number": "1941", "parcel_type": "ground", "land_category": "field" }, "geometry": { "type": "MultiPolygon", "coordinates": [ [ [ [ 21.838376136967522, 49.534147434963863 ], [ 21.838253864229006, 49.533926463147814 ], [ 21.838049150600959, 49.533768297729402 ], [ 21.838038196262438, 49.533771250851608 ], [ 21.837860543281138, 49.533792489716006 ], [ 21.838031790283239, 49.533984667631842 ], [ 21.838212636884691, 49.534238133748417 ], [ 21.838358495222689, 49.534155123222007 ], [ 21.838376136967522, 49.534147434963863 ] ] ] ] } },
{ "type": "Feature", "properties": { "fid": 372, "parcel_number": "1899", "parcel_type": "ground", "land_category": "field" }, "geometry": { "type": "MultiPolygon", "coordinates": [ [ [ [ 21.838686676388065, 49.534012102135286 ], [ 21.838597651779658, 49.533913990749362 ], [ 21.83831587677545, 49.533696396387789 ], [ 21.838315788694647, 49.533696416175516 ], [ 21.838049150600959, 49.533768297729402 ], [ 21.838253864229006, 49.533926463147814 ], [ 21.838376136967522, 49.534147434963863 ], [ 21.838686676388065, 49.534012102135286 ] ] ] ] } },
{ "type": "Feature", "properties": { "fid": 373, "parcel_number": "1916", "parcel_type": "ground", "land_category": "field" }, "geometry": { "type": "MultiPolygon", "coordinates": [ [ [ [ 21.838800507787806, 49.533962494503243 ], [ 21.838551958823007, 49.533643359554219 ], [ 21.83831587677545, 49.533696396387789 ], [ 21.838597651779658, 49.533913990749362 ], [ 21.838686676388065, 49.534012102135286 ], [ 21.838800507787806, 49.533962494503243 ] ] ] ] } },
{ "type": "Feature", "properties": { "fid": 374, "parcel_number": "1846", "parcel_type": "ground", "land_category": "field" }, "geometry": { "type": "MultiPolygon", "coordinates": [ [ [ [ 21.835772671588092, 49.533886597971218 ], [ 21.835638514025131, 49.53368273468449 ], [ 21.835638514025128, 49.53368273468449 ], [ 21.835390544059077, 49.533743464011607 ], [ 21.835572046800898, 49.533919463729333 ], [ 21.835772671588092, 49.533886597971218 ] ] ] ] } },
{ "type": "Feature", "properties": { "fid": 375, "parcel_number": "1859", "parcel_type": "ground", "land_category": "field" }, "geometry": { "type": "MultiPolygon", "coordinates": [ [ [ [ 21.8362170267701, 49.533814059602172 ], [ 21.836082257880726, 49.533513016598505 ], [ 21.836001247402134, 49.533527274514604 ], [ 21.835824015313069, 49.533577164483404 ], [ 21.835843233250444, 49.533632597722345 ], [ 21.835638514025131, 49.53368273468449 ], [ 21.835772671588092, 49.533886597971218 ], [ 21.836206086209902, 49.533815597272238 ], [ 21.8362170267701, 49.533814059602172 ] ] ] ] } },
{ "type": "Feature", "properties": { "fid": 376, "parcel_number": "1799", "parcel_type": "ground", "land_category": "field" }, "geometry": { "type": "MultiPolygon", "coordinates": [ [ [ [ 21.836326133173383, 49.533472157634606 ], [ 21.836206086209902, 49.533258492440638 ], [ 21.835963420525932, 49.532891433860812 ], [ 21.835832556618563, 49.532916118264076 ], [ 21.83605035990875, 49.533208531845318 ], [ 21.836253215914315, 49.533482927832921 ], [ 21.836326133173383, 49.533472157634606 ] ] ] ] } },
{ "type": "Feature", "properties": { "fid": 377, "parcel_number": "1793", "parcel_type": "ground", "land_category": "field" }, "geometry": { "type": "MultiPolygon", "coordinates": [ [ [ [ 21.835963420525932, 49.532891433860812 ], [ 21.836206086209902, 49.533258492440638 ], [ 21.836326133173383, 49.533472157634606 ], [ 21.836401921072731, 49.533460963430151 ], [ 21.836332070467595, 49.533290366768931 ], [ 21.836067289993824, 49.532871841324692 ], [ 21.835963420525932, 49.532891433860812 ] ] ] ] } },
{ "type": "Feature", "properties": { "fid": 378, "parcel_number": "1847", "parcel_type": "ground", "land_category": "field" }, "geometry": { "type": "MultiPolygon", "coordinates": [ [ [ [ 21.836500465532716, 49.533774222949027 ], [ 21.836369253355205, 49.533465788595009 ], [ 21.836253215914315, 49.533482927832921 ], [ 21.836082257880726, 49.533513016598505 ], [ 21.8362170267701, 49.533814059602172 ], [ 21.836500465532716, 49.533774222949027 ] ] ] ] } },
{ "type": "Feature", "properties": { "fid": 379, "parcel_number": "1861", "parcel_type": "ground", "land_category": "field" }, "geometry": { "type": "MultiPolygon", "coordinates": [ [ [ [ 21.836997487099516, 49.533684181749607 ], [ 21.83684560491686, 49.533403799275931 ], [ 21.836844548803963, 49.53340400550934 ], [ 21.83663742214301, 49.533426178891297 ], [ 21.836369253355205, 49.533465788595009 ], [ 21.836500465532716, 49.533774222949027 ], [ 21.836541332454946, 49.533768479198983 ], [ 21.836997487099516, 49.533684181749607 ] ] ] ] } },
{ "type": "Feature", "properties": { "fid": 380, "parcel_number": "1820", "parcel_type": "ground", "land_category": "field" }, "geometry": { "type": "MultiPolygon", "coordinates": [ [ [ [ 21.837127174385024, 49.532975653963526 ], [ 21.836716429219873, 49.533070017726779 ], [ 21.836239027803774, 49.533143298816164 ], [ 21.836332070467595, 49.533290366768931 ], [ 21.836401921072731, 49.533460963430151 ], [ 21.83663742214301, 49.533426178891297 ], [ 21.836844548803963, 49.53340400550934 ], [ 21.837307908344904, 49.533313522552049 ], [ 21.837127174385024, 49.532975653963526 ] ] ] ] } },
{ "type": "Feature", "properties": { "fid": 381, "parcel_number": "1842", "parcel_type": "ground", "land_category": "pasture" }, "geometry": { "type": "MultiPolygon", "coordinates": [ [ [ [ 21.836486142445239, 49.532740750728607 ], [ 21.836526385170139, 49.532805320394225 ], [ 21.836882984679193, 49.532675049976483 ], [ 21.836837101644303, 49.532630381818407 ], [ 21.836814654234367, 49.532636245955132 ], [ 21.836487949294931, 49.532740185228747 ], [ 21.836486142445239, 49.532740750728607 ] ] ] ] } },
{ "type": "Feature", "properties": { "fid": 382, "parcel_number": "1825", "parcel_type": "ground", "land_category": "field" }, "geometry": { "type": "MultiPolygon", "coordinates": [ [ [ [ 21.836708485739898, 49.533071237050486 ], [ 21.836526385170139, 49.532805320394225 ], [ 21.836067289993824, 49.532871841324692 ], [ 21.836239027803774, 49.533143298816164 ], [ 21.836708485739898, 49.533071237050486 ] ] ] ] } },
{ "type": "Feature", "properties": { "fid": 383, "parcel_number": "1826", "parcel_type": "ground", "land_category": "pasture" }, "geometry": { "type": "MultiPolygon", "coordinates": [ [ [ [ 21.836526385170139, 49.532805320394225 ], [ 21.836486142445239, 49.532740750728607 ], [ 21.836067289993824, 49.532871841324692 ], [ 21.836526385170139, 49.532805320394225 ] ] ] ] } },
{ "type": "Feature", "properties": { "fid": 384, "parcel_number": "1841", "parcel_type": "ground", "land_category": "field" }, "geometry": { "type": "MultiPolygon", "coordinates": [ [ [ [ 21.836526385170139, 49.532805320394225 ], [ 21.836708485739898, 49.533071237050486 ], [ 21.836716429219873, 49.533070017726779 ], [ 21.837127174385024, 49.532975653963526 ], [ 21.837124276562566, 49.532970236701686 ], [ 21.836882984679193, 49.532675049976483 ], [ 21.836526385170139, 49.532805320394225 ] ] ] ] } },
{ "type": "Feature", "properties": { "fid": 385, "parcel_number": "1800", "parcel_type": "ground", "land_category": "field" }, "geometry": { "type": "MultiPolygon", "coordinates": [ [ [ [ 21.838058011561969, 49.533170675961941 ], [ 21.837910076678334, 49.532871841324692 ], [ 21.837734979913414, 49.532661191400955 ], [ 21.837632484246136, 49.532543393350451 ], [ 21.837614402406054, 49.532512750865145 ], [ 21.83753852988448, 49.532525377153007 ], [ 21.837222501577045, 49.532578039865392 ], [ 21.836882984679193, 49.532675049976483 ], [ 21.837124276562566, 49.532970236701686 ], [ 21.837307908344904, 49.533313522552049 ], [ 21.837327132570714, 49.533309768523807 ], [ 21.837963459838384, 49.533183656979482 ], [ 21.838058011561969, 49.533170675961941 ] ] ] ] } },
{ "type": "Feature", "properties": { "fid": 386, "parcel_number": "1801", "parcel_type": "ground", "land_category": "pasture" }, "geometry": { "type": "MultiPolygon", "coordinates": [ [ [ [ 21.837614402406054, 49.532512750865145 ], [ 21.837578778271798, 49.532452380238844 ], [ 21.837557747822117, 49.532456084023956 ], [ 21.837154171132219, 49.53254755093355 ], [ 21.836837101644303, 49.532630381818407 ], [ 21.836882984679193, 49.532675049976483 ], [ 21.837222501577045, 49.532578039865392 ], [ 21.83753852988448, 49.532525377153007 ], [ 21.837614402406054, 49.532512750865145 ] ] ] ] } },
{ "type": "Feature", "properties": { "fid": 387, "parcel_number": "1792", "parcel_type": "ground", "land_category": "field" }, "geometry": { "type": "MultiPolygon", "coordinates": [ [ [ [ 21.838610598626161, 49.533096717311565 ], [ 21.838454584910739, 49.53274850036108 ], [ 21.838270946840197, 49.532487958875521 ], [ 21.838209572909275, 49.532411437983143 ], [ 21.837788363073454, 49.532483801287377 ], [ 21.837614402406054, 49.532512750865145 ], [ 21.837632484246136, 49.532543393350451 ], [ 21.837734979913414, 49.532661191400955 ], [ 21.837910076678334, 49.532871841324692 ], [ 21.838058011561969, 49.533170675961941 ], [ 21.838296570757024, 49.533137924141265 ], [ 21.838610598626161, 49.533096717311565 ] ] ] ] } },
{ "type": "Feature", "properties": { "fid": 388, "parcel_number": "1791", "parcel_type": "ground", "land_category": "pasture" }, "geometry": { "type": "MultiPolygon", "coordinates": [ [ [ [ 21.838209572909275, 49.532411437983143 ], [ 21.838151683462897, 49.532339261539022 ], [ 21.837982677776026, 49.532381247334264 ], [ 21.837578778271798, 49.532452380238844 ], [ 21.837614402406054, 49.532512750865145 ], [ 21.837788363073454, 49.532483801287377 ], [ 21.838209572909275, 49.532411437983143 ] ] ] ] } },
{ "type": "Feature", "properties": { "fid": 389, "parcel_number": "1803", "parcel_type": "ground", "land_category": "field" }, "geometry": { "type": "MultiPolygon", "coordinates": [ [ [ [ 21.838787189433798, 49.533075315659886 ], [ 21.838687335488501, 49.532839966723465 ], [ 21.838593381126838, 49.532716625679427 ], [ 21.838396829745694, 49.532387827525305 ], [ 21.838223969659371, 49.532408964640126 ], [ 21.838209572909275, 49.532411437983143 ], [ 21.838270946840197, 49.532487958875521 ], [ 21.838454584910739, 49.53274850036108 ], [ 21.838610598626161, 49.533096717311565 ], [ 21.838687335488512, 49.53308664787783 ], [ 21.838787189433798, 49.533075315659886 ] ] ] ] } },
{ "type": "Feature", "properties": { "fid": 390, "parcel_number": "1802", "parcel_type": "ground", "land_category": "pasture" }, "geometry": { "type": "MultiPolygon", "coordinates": [ [ [ [ 21.838396829745694, 49.532387827525305 ], [ 21.838340678765864, 49.532292309757459 ], [ 21.838151683462897, 49.532339261539022 ], [ 21.838209572909275, 49.532411437983143 ], [ 21.838223969659371, 49.532408964640126 ], [ 21.838396829745694, 49.532387827525305 ] ] ] ] } },
{ "type": "Feature", "properties": { "fid": 391, "parcel_number": "1839", "parcel_type": "ground", "land_category": "field" }, "geometry": { "type": "MultiPolygon", "coordinates": [ [ [ [ 21.838396829745694, 49.532387827525305 ], [ 21.838593381126838, 49.532716625679427 ], [ 21.838687335488501, 49.532839966723465 ], [ 21.838787189433798, 49.533075315659886 ], [ 21.838952278088662, 49.533056580089536 ], [ 21.838883785517446, 49.532878770583061 ], [ 21.838723636037326, 49.532632088379593 ], [ 21.838518644702788, 49.532372932139467 ], [ 21.838396829745694, 49.532387827525305 ] ] ] ] } },
{ "type": "Feature", "properties": { "fid": 392, "parcel_number": "1840", "parcel_type": "ground", "land_category": "pasture" }, "geometry": { "type": "MultiPolygon", "coordinates": [ [ [ [ 21.838340678765864, 49.532292309757459 ], [ 21.838396829745694, 49.532387827525305 ], [ 21.838518644702788, 49.532372932139467 ], [ 21.838471022212893, 49.532262693910972 ], [ 21.838428960993948, 49.532270377953736 ], [ 21.838340678765864, 49.532292309757459 ] ] ] ] } },
{ "type": "Feature", "properties": { "fid": 393, "parcel_number": "1819", "parcel_type": "ground", "land_category": "field" }, "geometry": { "type": "MultiPolygon", "coordinates": [ [ [ [ 21.839313887782797, 49.533009602419135 ], [ 21.839208355130481, 49.532810863808542 ], [ 21.839024717059946, 49.532543393350451 ], [ 21.83885175562143, 49.532306410529998 ], [ 21.838518644702788, 49.532372932139467 ], [ 21.838723636037326, 49.532632088379593 ], [ 21.838883785517446, 49.532878770583061 ], [ 21.838952278088662, 49.533056580089536 ], [ 21.83907810022, 49.533042300795806 ], [ 21.839313887782797, 49.533009602419135 ] ] ] ] } },
{ "type": "Feature", "properties": { "fid": 394, "parcel_number": "1818", "parcel_type": "ground", "land_category": "pasture" }, "geometry": { "type": "MultiPolygon", "coordinates": [ [ [ [ 21.83885175562143, 49.532306410529998 ], [ 21.838769265662883, 49.532209667067917 ], [ 21.838717230058165, 49.532217714909891 ], [ 21.838471022212893, 49.532262693910972 ], [ 21.838518644702788, 49.532372932139467 ], [ 21.83885175562143, 49.532306410529998 ] ] ] ] } },
{ "type": "Feature", "properties": { "fid": 395, "parcel_number": "1789", "parcel_type": "ground", "land_category": "field" }, "geometry": { "type": "MultiPolygon", "coordinates": [ [ [ [ 21.83955214268115, 49.532995181977064 ], [ 21.839552142681146, 49.532995181977057 ], [ 21.839347151346587, 49.532580811585504 ], [ 21.839142160012031, 49.532364616943234 ], [ 21.839049153280428, 49.532253657320474 ], [ 21.83885175562143, 49.532306410529998 ], [ 21.839024717059946, 49.532543393350451 ], [ 21.839208355130481, 49.532810863808542 ], [ 21.839313887782797, 49.533009602419135 ], [ 21.839327933408974, 49.533007654609975 ], [ 21.839552142681146, 49.532995181977064 ], [ 21.83955214268115, 49.532995181977064 ] ] ] ] } },
{ "type": "Feature", "properties": { "fid": 396, "parcel_number": "1790", "parcel_type": "ground", "land_category": "pasture" }, "geometry": { "type": "MultiPolygon", "coordinates": [ [ [ [ 21.839049153280428, 49.532253657320474 ], [ 21.838967558236796, 49.532178999079946 ], [ 21.838769265662883, 49.532209667067917 ], [ 21.83885175562143, 49.532306410529998 ], [ 21.839049153280428, 49.532253657320474 ] ] ] ] } },
{ "type": "Feature", "properties": { "fid": 397, "parcel_number": "1804", "parcel_type": "ground", "land_category": "field" }, "geometry": { "type": "MultiPolygon", "coordinates": [ [ [ [ 21.839872441641404, 49.532930047064582 ], [ 21.83959484920916, 49.532521219568025 ], [ 21.83928653198058, 49.532194538295172 ], [ 21.839142160012042, 49.53222880187122 ], [ 21.839049153280428, 49.532253657320474 ], [ 21.839142160012031, 49.532364616943234 ], [ 21.839347151346587, 49.532580811585504 ], [ 21.839552142681146, 49.532995181977057 ], [ 21.83955214268115, 49.532995181977064 ], [ 21.839872441641404, 49.532930047064582 ] ] ] ] } },
{ "type": "Feature", "properties": { "fid": 398, "parcel_number": "1838", "parcel_type": "ground", "land_category": "pasture" }, "geometry": { "type": "MultiPolygon", "coordinates": [ [ [ [ 21.839429989114823, 49.532160554286925 ], [ 21.839391927234985, 49.532117958825687 ], [ 21.839233420151153, 49.532138263009749 ], [ 21.83928653198058, 49.532194538295172 ], [ 21.839428293749855, 49.532160894193687 ], [ 21.839429989114823, 49.532160554286925 ] ] ] ] } },
{ "type": "Feature", "properties": { "fid": 399, "parcel_number": "1827", "parcel_type": "ground", "land_category": "field" }, "geometry": { "type": "MultiPolygon", "coordinates": [ [ [ [ 21.839429989114823, 49.532160554286925 ], [ 21.839772081300488, 49.532543393350473 ], [ 21.84001587957658, 49.532856082873685 ], [ 21.840028320468715, 49.532849667691259 ], [ 21.840162846032019, 49.532795619417627 ], [ 21.840060350364741, 49.532655647969648 ], [ 21.839680262265265, 49.532262062740067 ], [ 21.839571691938023, 49.532132144033589 ], [ 21.839429989114823, 49.532160554286925 ] ] ] ] } },
{ "type": "Feature", "properties": { "fid": 400, "parcel_number": "1828", "parcel_type": "ground", "land_category": "pasture" }, "geometry": { "type": "MultiPolygon", "coordinates": [ [ [ [ 21.839391927234985, 49.532117958825687 ], [ 21.839429989114823, 49.532160554286925 ], [ 21.839571691938023, 49.532132144033589 ], [ 21.83954360137556, 49.532098529916937 ], [ 21.839391927234985, 49.532117958825687 ] ] ] ] } },
{ "type": "Feature", "properties": { "fid": 401, "parcel_number": "1876", "parcel_type": "ground", "land_category": "field" }, "geometry": { "type": "MultiPolygon", "coordinates": [ [ [ [ 21.837469188235247, 49.533600299037722 ], [ 21.837378318561871, 49.53329962414572 ], [ 21.837327132570714, 49.533309768523807 ], [ 21.83684560491686, 49.533403799275931 ], [ 21.836997487099516, 49.533684181749607 ], [ 21.837171253743406, 49.533652069646749 ], [ 21.837469188235247, 49.533600299037722 ] ] ] ] } },
{ "type": "Feature", "properties": { "fid": 402, "parcel_number": "1858", "parcel_type": "ground", "land_category": "field" }, "geometry": { "type": "MultiPolygon", "coordinates": [ [ [ [ 21.837830651290695, 49.533537489383136 ], [ 21.83768940331781, 49.533237971312374 ], [ 21.837378318561871, 49.53329962414572 ], [ 21.837469188235247, 49.533600299037722 ], [ 21.837830651290695, 49.533537489383136 ] ] ] ] } },
{ "type": "Feature", "properties": { "fid": 403, "parcel_number": "1848", "parcel_type": "ground", "land_category": "field" }, "geometry": { "type": "MultiPolygon", "coordinates": [ [ [ [ 21.838240958219917, 49.53347552573549 ], [ 21.838092797759071, 49.533165900160746 ], [ 21.837963459838384, 49.533183656979482 ], [ 21.83768940331781, 49.533237971312374 ], [ 21.837830651290695, 49.533537489383136 ], [ 21.837833204927879, 49.533537045650185 ], [ 21.838240958219917, 49.53347552573549 ] ] ] ] } },
{ "type": "Feature", "properties": { "fid": 404, "parcel_number": "1875", "parcel_type": "ground", "land_category": "field" }, "geometry": { "type": "MultiPolygon", "coordinates": [ [ [ [ 21.838562856900726, 49.533401416352405 ], [ 21.838380127935501, 49.533126959743633 ], [ 21.838296570757024, 49.533137924141265 ], [ 21.838092797759071, 49.533165900160746 ], [ 21.838240958219917, 49.53347552573549 ], [ 21.838411878382704, 49.533449738098604 ], [ 21.838562856900726, 49.533401416352405 ] ] ] ] } },
{ "type": "Feature", "properties": { "fid": 405, "parcel_number": "1874", "parcel_type": "ground", "land_category": "field" }, "geometry": { "type": "MultiPolygon", "coordinates": [ [ [ [ 21.838848069988618, 49.53331395714283 ], [ 21.838702743566326, 49.533084899246916 ], [ 21.838687335488512, 49.53308664787783 ], [ 21.838380127935501, 49.533126959743633 ], [ 21.838562856900726, 49.533401416352405 ], [ 21.838723636037336, 49.533349957848671 ], [ 21.838848069988618, 49.53331395714283 ] ] ] ] } },
{ "type": "Feature", "properties": { "fid": 406, "parcel_number": "1862/a", "parcel_type": "ground", "land_category": "field" }, "geometry": { "type": "MultiPolygon", "coordinates": [ [ [ [ 21.838974045162491, 49.53329055248691 ], [ 21.838836678868777, 49.533069699206159 ], [ 21.838702743566326, 49.533084899246916 ], [ 21.838848069988618, 49.53331395714283 ], [ 21.838900868128668, 49.533298681807686 ], [ 21.838974045162491, 49.53329055248691 ] ] ] ] } },
{ "type": "Feature", "properties": { "fid": 407, "parcel_number": "1862/b", "parcel_type": "ground", "land_category": "field" }, "geometry": { "type": "MultiPolygon", "coordinates": [ [ [ [ 21.839125494464167, 49.533273727809949 ], [ 21.83899802171441, 49.533051388739956 ], [ 21.838836678868777, 49.533069699206159 ], [ 21.838974045162491, 49.53329055248691 ], [ 21.839125494464167, 49.533273727809949 ] ] ] ] } },
{ "type": "Feature", "properties": { "fid": 408, "parcel_number": "1857", "parcel_type": "ground", "land_category": "field" }, "geometry": { "type": "MultiPolygon", "coordinates": [ [ [ [ 21.839224270191021, 49.533272042815426 ], [ 21.839066791177412, 49.533043584235685 ], [ 21.83899802171441, 49.533051388739956 ], [ 21.839125494464167, 49.533273727809949 ], [ 21.83913788935924, 49.533272350846808 ], [ 21.839224270191021, 49.533272042815426 ] ] ] ] } },
{ "type": "Feature", "properties": { "fid": 409, "parcel_number": "1873", "parcel_type": "ground", "land_category": "field" }, "geometry": { "type": "MultiPolygon", "coordinates": [ [ [ [ 21.839615962370285, 49.533170009232983 ], [ 21.839444308697846, 49.533144853361925 ], [ 21.839133223287703, 49.53313995889043 ], [ 21.839224270191021, 49.533272042815426 ], [ 21.839526518764348, 49.533270965006352 ], [ 21.839615962370285, 49.533170009232983 ] ] ] ] } },
{ "type": "Feature", "properties": { "fid": 410, "parcel_number": "2272", "parcel_type": "ground", "land_category": "road" }, "geometry": { "type": "MultiPolygon", "coordinates": [ [ [ [ 21.836897931963993, 49.534631841391175 ], [ 21.83713602085777, 49.534592346021832 ], [ 21.837410410300368, 49.534552850620585 ], [ 21.838072361484851, 49.534362302183638 ], [ 21.838395863434691, 49.534218177781518 ], [ 21.838376136967522, 49.534147434963863 ], [ 21.838358495222689, 49.534155123222007 ], [ 21.838212636884691, 49.534238133748417 ], [ 21.838080902790487, 49.534313105921115 ], [ 21.837647431530971, 49.534371309944696 ], [ 21.837352754780742, 49.534451425095277 ], [ 21.837331403223537, 49.534457230043309 ], [ 21.836968397735273, 49.534562551248456 ], [ 21.836940731281071, 49.5345656841248 ], [ 21.836500913773691, 49.534615487899941 ], [ 21.836507319752812, 49.534737438351868 ], [ 21.836897931963993, 49.534631841391175 ] ] ] ] } },
{ "type": "Feature", "properties": { "fid": 411, "parcel_number": "1948", "parcel_type": "ground", "land_category": "field" }, "geometry": { "type": "MultiPolygon", "coordinates": [ [ [ [ 21.836608595236584, 49.535145278288283 ], [ 21.836939570828825, 49.53505658781966 ], [ 21.8371829980386, 49.534998384612138 ], [ 21.837394395352359, 49.534826546166528 ], [ 21.837627145930128, 49.534696281135787 ], [ 21.837780889431045, 49.534606204049808 ], [ 21.838015775335215, 49.534550771914375 ], [ 21.838118271002486, 49.534395561600697 ], [ 21.838395863434691, 49.534218177781518 ], [ 21.838072361484851, 49.534362302183638 ], [ 21.837410410300368, 49.534552850620585 ], [ 21.83713602085777, 49.534592346021832 ], [ 21.836897931963993, 49.534631841391175 ], [ 21.836507319752812, 49.534737438351868 ], [ 21.836500913773691, 49.534615487899941 ], [ 21.836507319752812, 49.534737438351875 ], [ 21.83627243385164, 49.534749910540036 ], [ 21.83627049556776, 49.53475005774348 ], [ 21.836071713172458, 49.534765154321256 ], [ 21.836152703049908, 49.534904843597708 ], [ 21.836039530750629, 49.534953346368276 ], [ 21.836135620438696, 49.535206945784893 ], [ 21.836167650334719, 49.535323351633878 ], [ 21.836608595236584, 49.535145278288283 ] ] ] ] } },
{ "type": "Feature", "properties": { "fid": 412, "parcel_number": "58", "parcel_type": "ground", "land_category": "pasture" }, "geometry": { "type": "MultiPolygon", "coordinates": [ [ [ [ 21.837548138853261, 49.539579596520085 ], [ 21.837548138853272, 49.539579596520085 ], [ 21.837610063318888, 49.539574400288892 ], [ 21.837616469298098, 49.539635369366884 ], [ 21.837629281256511, 49.539773935170288 ], [ 21.837682664416551, 49.539902801014861 ], [ 21.837736047576584, 49.539901415362429 ], [ 21.83774031822939, 49.539945756220853 ], [ 21.837763806819808, 49.540275540093013 ], [ 21.837671987784542, 49.540293553433713 ], [ 21.837541946196151, 49.540256266711651 ], [ 21.837541732874065, 49.540257180335118 ], [ 21.837511838304444, 49.54056202070494 ], [ 21.837443507859593, 49.541020663314697 ], [ 21.837721100291777, 49.541134630485779 ], [ 21.837972001143957, 49.541454014272375 ], [ 21.838008301692795, 49.54185999585544 ], [ 21.837660243489335, 49.541810114340997 ], [ 21.837437525398311, 49.541917009373748 ], [ 21.837584439402089, 49.541908838122346 ], [ 21.838169518836121, 49.542052939845121 ], [ 21.838782357513374, 49.542220596122348 ], [ 21.839314053787355, 49.54249355593803 ], [ 21.840003764215059, 49.54283579274027 ], [ 21.84011907184075, 49.54288567320765 ], [ 21.840753263782013, 49.542616872309011 ], [ 21.84098227753859, 49.542517457169033 ], [ 21.840982277538586, 49.542517457169026 ], [ 21.840745256308029, 49.542317933490381 ], [ 21.839846283892971, 49.541769239173078 ], [ 21.839451248508684, 49.541508745774614 ], [ 21.839326469402646, 49.54102602079498 ], [ 21.839033258365554, 49.540857159796531 ], [ 21.8388261317046, 49.540735224613293 ], [ 21.838627546349258, 49.540350018285508 ], [ 21.838580569168425, 49.540266879830725 ], [ 21.83839693109789, 49.540059033074947 ], [ 21.838232510964971, 49.539697377612484 ], [ 21.838059549526449, 49.539278907032084 ], [ 21.837892994067118, 49.538915860115587 ], [ 21.83778195709424, 49.538665051319391 ], [ 21.837564153801271, 49.538486297303294 ], [ 21.837404233394807, 49.538397706000488 ], [ 21.837131750205, 49.538486297303216 ], [ 21.837362365456368, 49.538577752928028 ], [ 21.83758016874933, 49.538588838446664 ], [ 21.837706153007016, 49.538760663664156 ], [ 21.837847084549523, 49.538936645317101 ], [ 21.837793701389472, 49.539190224064704 ], [ 21.837689070395804, 49.539130640105668 ], [ 21.83764849919417, 49.539138954150822 ], [ 21.837693341048606, 49.539195766754865 ], [ 21.837685177407707, 49.539205539922207 ], [ 21.837569492117314, 49.539344033483609 ], [ 21.837420019269221, 49.539332948136263 ], [ 21.837420019269207, 49.539332948136263 ], [ 21.837454184491634, 49.539407774181981 ], [ 21.83748621438766, 49.539549111955751 ], [ 21.837548138853261, 49.539579596520085 ] ], [ [ 21.837671987784539, 49.53975453598148 ], [ 21.837706153006962, 49.539431676922533 ], [ 21.837808648674233, 49.539441376581998 ], [ 21.837834272591049, 49.539779477794262 ], [ 21.837671987784539, 49.53975453598148 ] ], [ [ 21.837516108957235, 49.539536294576536 ], [ 21.837488349714011, 49.5394268270921 ], [ 21.837568424454069, 49.53941851309591 ], [ 21.837591913044491, 49.539530059093508 ], [ 21.837516108957235, 49.539536294576536 ] ] ] ] } },
{ "type": "Feature", "properties": { "fid": 413, "parcel_number": null, "parcel_type": "ground", "land_category": null }, "geometry": { "type": "MultiPolygon", "coordinates": [ [ [ [ 21.839314248952391, 49.540978744317457 ], [ 21.83891047709745, 49.540717904250087 ], [ 21.838782357513359, 49.540490660516127 ], [ 21.838653704097709, 49.540231892355337 ], [ 21.838451381921118, 49.540004299948876 ], [ 21.838286961788199, 49.539644029741105 ], [ 21.838124676981678, 49.539193688246222 ], [ 21.838084105780045, 49.539193688246222 ], [ 21.83800082805039, 49.539017707518923 ], [ 21.837846016886278, 49.538659508569019 ], [ 21.837764874483014, 49.538577060083099 ], [ 21.837557747822068, 49.538420476861361 ], [ 21.837445643185983, 49.538353963482599 ], [ 21.8373239295811, 49.538313778272389 ], [ 21.837016442579277, 49.538223015003602 ], [ 21.836612332057815, 49.538118740963782 ], [ 21.836546136939365, 49.538140912206806 ], [ 21.837049540138501, 49.538282600069287 ], [ 21.837389057036351, 49.538389298726329 ], [ 21.837564153801271, 49.538486297303294 ], [ 21.83778195709424, 49.538665051319391 ], [ 21.837892994067118, 49.538915860115587 ], [ 21.838059549526449, 49.539278907032084 ], [ 21.838232510964971, 49.539697377612484 ], [ 21.83839693109789, 49.540059033074947 ], [ 21.838580569168425, 49.540266879830725 ], [ 21.838627546349258, 49.540350018285508 ], [ 21.8388261317046, 49.540735224613293 ], [ 21.839033258365554, 49.540857159796531 ], [ 21.839326469402646, 49.54102602079498 ], [ 21.839314248952391, 49.540978744317457 ] ] ] ] } },
{ "type": "Feature", "properties": { "fid": 414, "parcel_number": null, "parcel_type": "ground", "land_category": null }, "geometry": { "type": "MultiPolygon", "coordinates": [ [ [ [ 21.836889588435696, 49.539092961260728 ], [ 21.836906473269632, 49.539037107000155 ], [ 21.836906773323513, 49.539018706511065 ], [ 21.836908608596033, 49.538906160351715 ], [ 21.836752729768726, 49.538780063247508 ], [ 21.836733061107882, 49.538840234658402 ], [ 21.836889588435696, 49.539092961260728 ] ] ] ] } },
{ "type": "Feature", "properties": { "fid": 415, "parcel_number": "60", "parcel_type": "ground", "land_category": "pasture" }, "geometry": { "type": "MultiPolygon", "coordinates": [ [ [ [ 21.837546795142686, 49.538341296289744 ], [ 21.837475052583628, 49.538371412532477 ], [ 21.837557747822068, 49.538420476861361 ], [ 21.837764874483014, 49.538577060083099 ], [ 21.837846016886278, 49.538659508569019 ], [ 21.83800082805039, 49.539017707518923 ], [ 21.838084105780045, 49.539193688246222 ], [ 21.838124676981678, 49.539193688246222 ], [ 21.838286961788199, 49.539644029741105 ], [ 21.838451381921118, 49.540004299948876 ], [ 21.838653704097709, 49.540231892355337 ], [ 21.838559749736032, 49.539961691206976 ], [ 21.838226638817392, 49.539278560614505 ], [ 21.838079301295686, 49.538933527537459 ], [ 21.837991752913222, 49.538685490205886 ], [ 21.837801708863477, 49.538545535625211 ], [ 21.837598852855333, 49.538366781171959 ], [ 21.837546795142686, 49.538341296289744 ] ] ] ] } },
{ "type": "Feature", "properties": { "fid": 416, "parcel_number": "59", "parcel_type": "ground", "land_category": "yard" }, "geometry": { "type": "MultiPolygon", "coordinates": [ [ [ [ 21.838653704097709, 49.540231892355337 ], [ 21.838782357513359, 49.540490660516127 ], [ 21.83891047709745, 49.540717904250087 ], [ 21.839314248952391, 49.540978744317457 ], [ 21.839311384629383, 49.540967663293486 ], [ 21.839262272122145, 49.540640655355375 ], [ 21.83922597157332, 49.540539504151717 ], [ 21.839196077003702, 49.540488235653456 ], [ 21.839055145461199, 49.540398169242501 ], [ 21.838653704097709, 49.540231892355337 ] ] ] ] } },
{ "type": "Feature", "properties": { "fid": 417, "parcel_number": "181", "parcel_type": "ground", "land_category": "pasture" }, "geometry": { "type": "MultiPolygon", "coordinates": [ [ [ [ 21.8368584284256, 49.538286757164116 ], [ 21.836937116033095, 49.538250957181013 ], [ 21.836546136939365, 49.538140912206806 ], [ 21.8368584284256, 49.538286757164116 ] ] ] ] } },
{ "type": "Feature", "properties": { "fid": 418, "parcel_number": "132", "parcel_type": "ground", "land_category": "pasture" }, "geometry": { "type": "MultiPolygon", "coordinates": [ [ [ [ 21.837131750205, 49.538486297303216 ], [ 21.837404233394807, 49.538397706000488 ], [ 21.837389057036351, 49.538389298726329 ], [ 21.837049540138501, 49.538282600069287 ], [ 21.836937116033095, 49.538250957181013 ], [ 21.8368584284256, 49.538286757164116 ], [ 21.837131750205, 49.538486297303216 ] ] ] ] } },
{ "type": "Feature", "properties": { "fid": 419, "parcel_number": null, "parcel_type": "ground", "land_category": "pasture" }, "geometry": { "type": "MultiPolygon", "coordinates": [ [ [ [ 21.837475052583628, 49.538371412532477 ], [ 21.837546795142686, 49.538341296289744 ], [ 21.837477139250449, 49.538307196208912 ], [ 21.837191005512633, 49.53823652557714 ], [ 21.836612332057815, 49.538118740963782 ], [ 21.837016442579277, 49.538223015003602 ], [ 21.8373239295811, 49.538313778272389 ], [ 21.837445643185983, 49.538353963482599 ], [ 21.837475052583628, 49.538371412532477 ] ] ] ] } },
{ "type": "Feature", "properties": { "fid": 420, "parcel_number": "61", "parcel_type": "ground", "land_category": "field" }, "geometry": { "type": "MultiPolygon", "coordinates": [ [ [ [ 21.837335733977476, 49.541886089325452 ], [ 21.837539597547647, 49.541752611976428 ], [ 21.837610063318902, 49.541704115953713 ], [ 21.838003746890866, 49.541809055421851 ], [ 21.837972001143957, 49.541454014272375 ], [ 21.837721100291777, 49.541134630485779 ], [ 21.837443507859593, 49.541020663314697 ], [ 21.837347418171522, 49.541380923373097 ], [ 21.837291899685077, 49.541547196350358 ], [ 21.837219298587424, 49.541761964775283 ], [ 21.83725132848345, 49.541764735974581 ], [ 21.837335733977476, 49.541886089325452 ] ] ] ] } },
{ "type": "Feature", "properties": { "fid": 421, "parcel_number": "62", "parcel_type": "ground", "land_category": "garden" }, "geometry": { "type": "MultiPolygon", "coordinates": [ [ [ [ 21.838003746890866, 49.541809055421851 ], [ 21.837610063318902, 49.541704115953713 ], [ 21.837539597547647, 49.541752611976428 ], [ 21.837335733977476, 49.541886089325452 ], [ 21.837360230129935, 49.541921308480539 ], [ 21.837437525398311, 49.541917009373748 ], [ 21.837660243489335, 49.541810114340997 ], [ 21.838008301692795, 49.54185999585544 ], [ 21.838003746890866, 49.541809055421851 ] ] ] ] } },
{ "type": "Feature", "properties": { "fid": 422, "parcel_number": "63", "parcel_type": "ground", "land_category": "field" }, "geometry": { "type": "MultiPolygon", "coordinates": [ [ [ [ 21.837615832595805, 49.539629309535819 ], [ 21.837556680158876, 49.53963363729185 ], [ 21.83752465026285, 49.539680749710776 ], [ 21.837554544832479, 49.539780517036178 ], [ 21.837528920915659, 49.539852571088971 ], [ 21.837490485040433, 49.539895526339123 ], [ 21.837573762770088, 49.540120001548267 ], [ 21.837541946196151, 49.540256266711651 ], [ 21.837671987784542, 49.540293553433713 ], [ 21.837763806819808, 49.540275540093013 ], [ 21.83774031822939, 49.539945756220853 ], [ 21.837736047576584, 49.539901415362429 ], [ 21.837682664416551, 49.539902801014861 ], [ 21.837629281256511, 49.539773935170288 ], [ 21.837616469298098, 49.539635369366884 ], [ 21.837615832595805, 49.539629309535819 ] ] ] ] } },
{ "type": "Feature", "properties": { "fid": 423, "parcel_number": "1", "parcel_type": "build", "land_category": "building" }, "geometry": { "type": "MultiPolygon", "coordinates": [ [ [ [ 21.837556680158876, 49.53963363729185 ], [ 21.837615832595805, 49.539629309535819 ], [ 21.837610063318888, 49.539574400288892 ], [ 21.837548138853272, 49.539579596520085 ], [ 21.837548138853261, 49.539579596520085 ], [ 21.837548138853272, 49.539579596520092 ], [ 21.837556680158876, 49.53963363729185 ] ] ] ] } },
{ "type": "Feature", "properties": { "fid": 424, "parcel_number": "64", "parcel_type": "ground", "land_category": "field" }, "geometry": { "type": "MultiPolygon", "coordinates": [ [ [ [ 21.837671987784539, 49.53975453598148 ], [ 21.837834272591049, 49.539779477794262 ], [ 21.837808648674233, 49.539441376581998 ], [ 21.837706153006962, 49.539431676922533 ], [ 21.837671987784539, 49.53975453598148 ] ] ] ] } },
{ "type": "Feature", "properties": { "fid": 425, "parcel_number": "2", "parcel_type": "build", "land_category": "building" }, "geometry": { "type": "MultiPolygon", "coordinates": [ [ [ [ 21.837516108957235, 49.539536294576536 ], [ 21.837591913044491, 49.539530059093508 ], [ 21.837568424454069, 49.53941851309591 ], [ 21.837488349714011, 49.5394268270921 ], [ 21.837516108957235, 49.539536294576536 ] ] ] ] } },
{ "type": "Feature", "properties": { "fid": 426, "parcel_number": "2190", "parcel_type": "ground", "land_category": "orchard" }, "geometry": { "type": "MultiPolygon", "coordinates": [ [ [ [ 21.839306580144946, 49.539072095331065 ], [ 21.839566022302726, 49.539016668260786 ], [ 21.839627946768367, 49.539347844071258 ], [ 21.839644857876944, 49.539493911655214 ], [ 21.839870306314953, 49.539295188653121 ], [ 21.840095819891985, 49.539230744553244 ], [ 21.840112665861522, 49.539164242696238 ], [ 21.840157507715958, 49.539061702760165 ], [ 21.84015537238955, 49.538945305815247 ], [ 21.840481009665805, 49.538850386672777 ], [ 21.840542934131445, 49.538829601434493 ], [ 21.840361431387311, 49.538595420472255 ], [ 21.8399300954542, 49.53872013236699 ], [ 21.8396567736748, 49.538861472129582 ], [ 21.839430429076238, 49.538994497415075 ], [ 21.839306580144946, 49.539072095331065 ] ] ] ] } },
{ "type": "Feature", "properties": { "fid": 427, "parcel_number": "2147", "parcel_type": "ground", "land_category": "orchard" }, "geometry": { "type": "MultiPolygon", "coordinates": [ [ [ [ 21.839095182831191, 49.538625905631463 ], [ 21.839174189908043, 49.538792880825262 ], [ 21.839095182831187, 49.538809509029093 ], [ 21.839207471818646, 49.538890374644325 ], [ 21.83954360137551, 49.538812280395852 ], [ 21.839740051404462, 49.538741610494512 ], [ 21.839902336210983, 49.538686875892836 ], [ 21.839821193807719, 49.53856562813921 ], [ 21.840143228437086, 49.538369087089869 ], [ 21.84006462101749, 49.538365395476028 ], [ 21.839631149757981, 49.538361238387814 ], [ 21.839842547071733, 49.538407659186042 ], [ 21.839253196984895, 49.538587799179489 ], [ 21.83919665392138, 49.538533230329833 ], [ 21.839095182831191, 49.538625905631463 ] ] ] ] } },
{ "type": "Feature", "properties": { "fid": 428, "parcel_number": "2165", "parcel_type": "ground", "land_category": "road" }, "geometry": { "type": "MultiPolygon", "coordinates": [ [ [ [ 21.840560016742661, 49.538505350572592 ], [ 21.840413746884156, 49.538531678714286 ], [ 21.839902336210983, 49.538686875892836 ], [ 21.839633285084386, 49.538836529848247 ], [ 21.839257467637708, 49.539044381803784 ], [ 21.839097318157592, 49.539058238569389 ], [ 21.838952115962286, 49.538991726058647 ], [ 21.838784091277102, 49.538982723057877 ], [ 21.838535433552035, 49.539069413783622 ], [ 21.838573218498851, 49.539121455711154 ], [ 21.838815455072588, 49.539036067742536 ], [ 21.838935033351074, 49.539037453419503 ], [ 21.839075964893578, 49.539095651816893 ], [ 21.839306580144946, 49.539072095331065 ], [ 21.839430429076238, 49.538994497415075 ], [ 21.8396567736748, 49.538861472129582 ], [ 21.8399300954542, 49.53872013236699 ], [ 21.840361431387311, 49.538595420472255 ], [ 21.840841879827654, 49.538487336572736 ], [ 21.840809849931642, 49.538447151472205 ], [ 21.840651835777926, 49.538494265035006 ], [ 21.840560016742661, 49.538505350572592 ] ] ] ] } },
{ "type": "Feature", "properties": { "fid": 429, "parcel_number": "2191", "parcel_type": "ground", "land_category": "orchard" }, "geometry": { "type": "MultiPolygon", "coordinates": [ [ [ [ 21.839160742013014, 49.538900208444851 ], [ 21.839176389992602, 49.539051396961895 ], [ 21.839257467637708, 49.539044381803784 ], [ 21.839633285084386, 49.538836529848247 ], [ 21.839902336210983, 49.538686875892836 ], [ 21.839740051404462, 49.538741610494512 ], [ 21.83954360137551, 49.538812280395852 ], [ 21.839197678498458, 49.538892649963365 ], [ 21.839160742013014, 49.538900208444851 ] ] ] ] } },
{ "type": "Feature", "properties": { "fid": 430, "parcel_number": "2148", "parcel_type": "ground", "land_category": "orchard" }, "geometry": { "type": "MultiPolygon", "coordinates": [ [ [ [ 21.840143228437086, 49.538369087089869 ], [ 21.839821193807719, 49.53856562813921 ], [ 21.839902336210983, 49.538686875892836 ], [ 21.840413746884156, 49.538531678714286 ], [ 21.840560016742661, 49.538505350572592 ], [ 21.840389190630528, 49.538380638129752 ], [ 21.840143228437086, 49.538369087089869 ] ] ] ] } },
{ "type": "Feature", "properties": { "fid": 431, "parcel_number": "2145", "parcel_type": "ground", "land_category": "field" }, "geometry": { "type": "MultiPolygon", "coordinates": [ [ [ [ 21.83919665392138, 49.538533230329833 ], [ 21.839253196984895, 49.538587799179489 ], [ 21.839842547071733, 49.538407659186042 ], [ 21.839631149757981, 49.538361238387814 ], [ 21.839210490456871, 49.53852059318266 ], [ 21.83919665392138, 49.538533230329833 ] ] ] ] } },
{ "type": "Feature", "properties": { "fid": 432, "parcel_number": "2146", "parcel_type": "ground", "land_category": "garden" }, "geometry": { "type": "MultiPolygon", "coordinates": [ [ [ [ 21.838704169000575, 49.53880405272966 ], [ 21.838773816207748, 49.538806737662185 ], [ 21.83877274854455, 49.538853850878304 ], [ 21.838698012120499, 49.538849000990496 ], [ 21.838821861051791, 49.538969555201625 ], [ 21.839197678498458, 49.538892649963365 ], [ 21.839207471818646, 49.538890374644325 ], [ 21.839095182831187, 49.538809509029093 ], [ 21.838988416511111, 49.538833065641491 ], [ 21.838913680087057, 49.538650155176356 ], [ 21.839014040427934, 49.5386342197625 ], [ 21.839009769775132, 49.538564935294019 ], [ 21.838845349642206, 49.538576020815583 ], [ 21.838612599064433, 49.538650848020318 ], [ 21.838659576245274, 49.538736760595555 ], [ 21.83870655342611, 49.538786645247356 ], [ 21.838704169000575, 49.53880405272966 ] ] ] ] } },
{ "type": "Feature", "properties": { "fid": 433, "parcel_number": null, "parcel_type": null, "land_category": null }, "geometry": { "type": "MultiPolygon", "coordinates": [ [ [ [ 21.839176389992602, 49.539051396961895 ], [ 21.839160742013014, 49.538900208444851 ], [ 21.838821861051791, 49.538969555201625 ], [ 21.838784091277102, 49.538982723057877 ], [ 21.838952115962286, 49.538991726058647 ], [ 21.839097318157592, 49.539058238569389 ], [ 21.839176389992602, 49.539051396961895 ] ] ] ] } },
{ "type": "Feature", "properties": { "fid": 434, "parcel_number": "57", "parcel_type": "build", "land_category": "building" }, "geometry": { "type": "MultiPolygon", "coordinates": [ [ [ [ 21.839014040427934, 49.5386342197625 ], [ 21.838913680087057, 49.538650155176356 ], [ 21.838988416511111, 49.538833065641491 ], [ 21.839095182831187, 49.538809509029093 ], [ 21.839014040427934, 49.5386342197625 ] ] ] ] } },
{ "type": "Feature", "properties": { "fid": 435, "parcel_number": "57", "parcel_type": "build", "land_category": "yard" }, "geometry": { "type": "MultiPolygon", "coordinates": [ [ [ [ 21.839095182831187, 49.538809509029093 ], [ 21.839174189908043, 49.538792880825262 ], [ 21.839095182831191, 49.538625905631463 ], [ 21.839095182831187, 49.538625905631463 ], [ 21.839014040427934, 49.5386342197625 ], [ 21.839095182831187, 49.538809509029093 ] ] ] ] } },
{ "type": "Feature", "properties": { "fid": 436, "parcel_number": "56", "parcel_type": "build", "land_category": "building" }, "geometry": { "type": "MultiPolygon", "coordinates": [ [ [ [ 21.838698012120499, 49.538849000990496 ], [ 21.83877274854455, 49.538853850878304 ], [ 21.838773816207748, 49.538806737662185 ], [ 21.838704169000575, 49.53880405272966 ], [ 21.838698012120499, 49.538849000990496 ] ] ] ] } },
{ "type": "Feature", "properties": { "fid": 437, "parcel_number": "2188", "parcel_type": "ground", "land_category": "field" }, "geometry": { "type": "MultiPolygon", "coordinates": [ [ [ [ 21.840251038801501, 49.538917420267587 ], [ 21.840374362130358, 49.539174808134732 ], [ 21.840389190630539, 49.539171863899114 ], [ 21.840668918389138, 49.539099808842607 ], [ 21.840481009665805, 49.538850386672777 ], [ 21.840251038801501, 49.538917420267587 ] ] ] ] } },
{ "type": "Feature", "properties": { "fid": 438, "parcel_number": "2202", "parcel_type": "ground", "land_category": "field" }, "geometry": { "type": "MultiPolygon", "coordinates": [ [ [ [ 21.840374362130358, 49.539174808134732 ], [ 21.840251038801501, 49.538917420267587 ], [ 21.84015537238955, 49.538945305815247 ], [ 21.840157507715958, 49.539061702760165 ], [ 21.840112665861522, 49.539164242696238 ], [ 21.840095819891985, 49.539230744553244 ], [ 21.840103056892726, 49.539228676464909 ], [ 21.840374362130358, 49.539174808134732 ] ] ] ] } },
{ "type": "Feature", "properties": { "fid": 439, "parcel_number": "2196", "parcel_type": "ground", "land_category": "garden" }, "geometry": { "type": "MultiPolygon", "coordinates": [ [ [ [ 21.838933965687865, 49.539243226013816 ], [ 21.838675701636429, 49.539262607690155 ], [ 21.838703884268146, 49.539301424166055 ], [ 21.838996757835829, 49.539714038086416 ], [ 21.839301241828942, 49.539800262628532 ], [ 21.839217964099273, 49.539645068985905 ], [ 21.838978807542304, 49.539268168087588 ], [ 21.838933965687865, 49.539243226013816 ] ] ] ] } },
{ "type": "Feature", "properties": { "fid": 440, "parcel_number": "58", "parcel_type": "build", "land_category": "yard" }, "geometry": { "type": "MultiPolygon", "coordinates": [ [ [ [ 21.838837230500534, 49.539250485599815 ], [ 21.838815455072588, 49.539036067742536 ], [ 21.838573218498851, 49.539121455711154 ], [ 21.838675701636429, 49.539262607690155 ], [ 21.838837230500534, 49.539250485599815 ] ] ] ] } },
{ "type": "Feature", "properties": { "fid": 441, "parcel_number": "58", "parcel_type": "build", "land_category": "building" }, "geometry": { "type": "MultiPolygon", "coordinates": [ [ [ [ 21.838815455072588, 49.539036067742536 ], [ 21.838837230500534, 49.539250485599815 ], [ 21.838933965687865, 49.539243226013816 ], [ 21.838935033351074, 49.539037453419503 ], [ 21.838815455072588, 49.539036067742536 ] ] ] ] } },
{ "type": "Feature", "properties": { "fid": 442, "parcel_number": "2193", "parcel_type": "ground", "land_category": "garden" }, "geometry": { "type": "MultiPolygon", "coordinates": [ [ [ [ 21.838978807542304, 49.539268168087588 ], [ 21.839035393691937, 49.539249461533451 ], [ 21.839072761903971, 49.53930973818224 ], [ 21.839341813030568, 49.539323594872577 ], [ 21.839253069612045, 49.539077561232958 ], [ 21.839075964893578, 49.539095651816893 ], [ 21.838935033351074, 49.539037453419503 ], [ 21.838933965687865, 49.539243226013816 ], [ 21.838978807542304, 49.539268168087588 ] ] ] ] } },
{ "type": "Feature", "properties": { "fid": 443, "parcel_number": "59", "parcel_type": "build", "land_category": "building" }, "geometry": { "type": "MultiPolygon", "coordinates": [ [ [ [ 21.839072761903971, 49.53930973818224 ], [ 21.839035393691937, 49.539249461533451 ], [ 21.838978807542304, 49.539268168087588 ], [ 21.839016722707175, 49.539327920828136 ], [ 21.839072761903971, 49.53930973818224 ] ] ] ] } },
{ "type": "Feature", "properties": { "fid": 444, "parcel_number": "2200", "parcel_type": "ground", "land_category": "orchard" }, "geometry": { "type": "MultiPolygon", "coordinates": [ [ [ [ 21.839629901555472, 49.539364728300235 ], [ 21.839343392724054, 49.539420774586567 ], [ 21.839344482188565, 49.539487796354194 ], [ 21.839138729292014, 49.539520198188242 ], [ 21.839217964099273, 49.539645068985905 ], [ 21.839301241828942, 49.539800262628532 ], [ 21.839614067146758, 49.53952105228327 ], [ 21.839644857876944, 49.539493911655214 ], [ 21.839629901555472, 49.539364728300235 ] ] ] ] } },
{ "type": "Feature", "properties": { "fid": 445, "parcel_number": "2195", "parcel_type": "ground", "land_category": "field" }, "geometry": { "type": "MultiPolygon", "coordinates": [ [ [ [ 21.839138729292014, 49.539520198188242 ], [ 21.839344482188565, 49.539487796354194 ], [ 21.839341813030568, 49.539323594872577 ], [ 21.839072761903971, 49.53930973818224 ], [ 21.839016722707175, 49.539327920828136 ], [ 21.839138729292014, 49.539520198188242 ] ] ] ] } },
{ "type": "Feature", "properties": { "fid": 446, "parcel_number": "2194", "parcel_type": "ground", "land_category": "field" }, "geometry": { "type": "MultiPolygon", "coordinates": [ [ [ [ 21.839343392724054, 49.539420774586567 ], [ 21.839629901555472, 49.539364728300235 ], [ 21.839627946768367, 49.539347844071258 ], [ 21.839566022302726, 49.539016668260786 ], [ 21.839306580144946, 49.539072095331065 ], [ 21.839253069612045, 49.539077561232958 ], [ 21.839341813030568, 49.539323594872577 ], [ 21.839343392724054, 49.539420774586567 ] ] ] ] } },
{ "type": "Feature", "properties": { "fid": 447, "parcel_number": "2087", "parcel_type": "ground", "land_category": "orchard" }, "geometry": { "type": "MultiPolygon", "coordinates": [ [ [ [ 21.837979132945772, 49.537795558167524 ], [ 21.837883918929908, 49.537838135299978 ], [ 21.837820926801061, 49.537795178241332 ], [ 21.837557693323323, 49.537927692553666 ], [ 21.837564153801345, 49.537931324273188 ], [ 21.837874258401239, 49.538192936377442 ], [ 21.838116669507667, 49.538057077141282 ], [ 21.838379314655054, 49.537968391956653 ], [ 21.838379314655057, 49.537968391956653 ], [ 21.838439103794304, 49.537950377758854 ], [ 21.83837717932866, 49.537876935191456 ], [ 21.838195676584522, 49.537806263937505 ], [ 21.838063286347623, 49.537867235221491 ], [ 21.837979132945772, 49.537795558167524 ] ] ] ] } },
{ "type": "Feature", "properties": { "fid": 448, "parcel_number": "2142", "parcel_type": "ground", "land_category": "pasture" }, "geometry": { "type": "MultiPolygon", "coordinates": [ [ [ [ 21.839626345273565, 49.538327288820895 ], [ 21.839703217024038, 49.538209504426284 ], [ 21.83984841921934, 49.538095876858925 ], [ 21.840071798563937, 49.538330091589977 ], [ 21.840185800790781, 49.53833283160894 ], [ 21.840360897555701, 49.538109733893478 ], [ 21.840271213846837, 49.537781321117578 ], [ 21.840027786637066, 49.537863078090894 ], [ 21.84001070402585, 49.537967006249382 ], [ 21.839658375169591, 49.538033520154798 ], [ 21.83959431537755, 49.538154076377644 ], [ 21.839342346862164, 49.538082019820429 ], [ 21.839186468034846, 49.538212275827064 ], [ 21.838778482325843, 49.538266703499175 ], [ 21.838673989698478, 49.53837578819499 ], [ 21.838426291835901, 49.538626598475787 ], [ 21.838415615203893, 49.538774866931391 ], [ 21.838565088052, 49.538907892452649 ], [ 21.838479941681687, 49.538992983772758 ], [ 21.838535433552039, 49.539069413783622 ], [ 21.838784091277102, 49.538982723057877 ], [ 21.838821861051791, 49.538969555201625 ], [ 21.838698012120499, 49.538849000990496 ], [ 21.838704169000575, 49.53880405272966 ], [ 21.83870655342611, 49.538786645247356 ], [ 21.838659576245274, 49.538736760595555 ], [ 21.838612599064433, 49.538650848020318 ], [ 21.83865263643445, 49.538586413489767 ], [ 21.838661177740072, 49.53851435757003 ], [ 21.838750861448936, 49.538399345016472 ], [ 21.838913146255457, 49.538338374396361 ], [ 21.839016008005146, 49.538530500766889 ], [ 21.839041265839541, 49.538529600177284 ], [ 21.839218497930869, 49.538483872341224 ], [ 21.839626345273565, 49.538327288820895 ] ] ] ] } },
{ "type": "Feature", "properties": { "fid": 449, "parcel_number": "2144", "parcel_type": "ground", "land_category": "orchard" }, "geometry": { "type": "MultiPolygon", "coordinates": [ [ [ [ 21.839016008005146, 49.538530500766889 ], [ 21.838913146255457, 49.538338374396361 ], [ 21.838750861448936, 49.538399345016472 ], [ 21.838661177740072, 49.53851435757003 ], [ 21.83865263643445, 49.538586413489767 ], [ 21.838846951136997, 49.538536528633578 ], [ 21.839016008005146, 49.538530500766889 ] ] ] ] } },
{ "type": "Feature", "properties": { "fid": 450, "parcel_number": "2137", "parcel_type": "ground", "land_category": "orchard" }, "geometry": { "type": "MultiPolygon", "coordinates": [ [ [ [ 21.840071798563937, 49.538330091589977 ], [ 21.83984841921934, 49.538095876858925 ], [ 21.839703217024038, 49.538209504426284 ], [ 21.839626345273565, 49.538327288820895 ], [ 21.839822795302517, 49.538312046150523 ], [ 21.840070493165094, 49.538330060214996 ], [ 21.840071798563937, 49.538330091589977 ] ] ] ] } },
{ "type": "Feature", "properties": { "fid": 451, "parcel_number": "2182", "parcel_type": "ground", "land_category": "orchard" }, "geometry": { "type": "MultiPolygon", "coordinates": [ [ [ [ 21.838426291835901, 49.538626598475787 ], [ 21.838132150624158, 49.538406619914909 ], [ 21.837949900611875, 49.538395118652403 ], [ 21.83771085318023, 49.538317555067195 ], [ 21.838022715146042, 49.538418744743204 ], [ 21.838176458646959, 49.538542071397821 ], [ 21.838389991287116, 49.53886909337961 ], [ 21.838479941681687, 49.538992983772758 ], [ 21.838565088052, 49.538907892452649 ], [ 21.838415615203893, 49.538774866931391 ], [ 21.838426291835901, 49.538626598475787 ] ] ] ] } },
{ "type": "Feature", "properties": { "fid": 452, "parcel_number": "2141", "parcel_type": "ground", "land_category": "orchard" }, "geometry": { "type": "MultiPolygon", "coordinates": [ [ [ [ 21.838537870369976, 49.53851361791483 ], [ 21.838325931495024, 49.538406273491219 ], [ 21.838132150624158, 49.538406619914909 ], [ 21.838426291835901, 49.538626598475787 ], [ 21.838537870369976, 49.53851361791483 ] ] ] ] } },
{ "type": "Feature", "properties": { "fid": 453, "parcel_number": "2143", "parcel_type": "ground", "land_category": "orchard" }, "geometry": { "type": "MultiPolygon", "coordinates": [ [ [ [ 21.838493068687143, 49.538159025380111 ], [ 21.8382981722518, 49.538234447027662 ], [ 21.838434833141502, 49.538316203242921 ], [ 21.838432697815101, 49.538417359048765 ], [ 21.838571156474742, 49.538479913557445 ], [ 21.838673989698478, 49.53837578819499 ], [ 21.838778482325843, 49.538266703499175 ], [ 21.838573629357597, 49.538294032079421 ], [ 21.838493068687143, 49.538159025380111 ] ] ] ] } },
{ "type": "Feature", "properties": { "fid": 454, "parcel_number": "55", "parcel_type": "build", "land_category": "building" }, "geometry": { "type": "MultiPolygon", "coordinates": [ [ [ [ 21.838293901599002, 49.53831506612481 ], [ 21.838293901599002, 49.538406330751336 ], [ 21.838325931495024, 49.538406273491219 ], [ 21.838379314655064, 49.538404887796339 ], [ 21.838383585307866, 49.53831551039422 ], [ 21.838293901599002, 49.53831506612481 ] ] ] ] } },
{ "type": "Feature", "properties": { "fid": 455, "parcel_number": "55", "parcel_type": "build", "land_category": "yard" }, "geometry": { "type": "MultiPolygon", "coordinates": [ [ [ [ 21.838293901599002, 49.538406330751336 ], [ 21.838293901599002, 49.53831506612481 ], [ 21.838243721428565, 49.538314817545498 ], [ 21.838241899969763, 49.538406423715081 ], [ 21.838293901599002, 49.538406330751336 ] ] ] ] } },
{ "type": "Feature", "properties": { "fid": 456, "parcel_number": "2140", "parcel_type": "ground", "land_category": "orchard" }, "geometry": { "type": "MultiPolygon", "coordinates": [ [ [ [ 21.838379314655057, 49.537968391956653 ], [ 21.838379314655054, 49.537968391956653 ], [ 21.838116669507667, 49.538057077141282 ], [ 21.837874258401239, 49.538192936377442 ], [ 21.837905806025596, 49.538219550753347 ], [ 21.838132150624158, 49.538406619914909 ], [ 21.838241899969763, 49.538406423715081 ], [ 21.838243721428565, 49.538314817545498 ], [ 21.838383585307866, 49.53831551039422 ], [ 21.838379314655064, 49.538404887796339 ], [ 21.838325931495024, 49.538406273491219 ], [ 21.838537870369976, 49.53851361791483 ], [ 21.838571156474742, 49.538479913557445 ], [ 21.838432697815101, 49.538417359048765 ], [ 21.838434833141502, 49.538316203242921 ], [ 21.8382981722518, 49.538234447027662 ], [ 21.838493068687143, 49.538159025380111 ], [ 21.838379314655057, 49.537968391956653 ] ] ] ] } },
{ "type": "Feature", "properties": { "fid": 457, "parcel_number": "2069a", "parcel_type": "ground", "land_category": "orchard" }, "geometry": { "type": "MultiPolygon", "coordinates": [ [ [ [ 21.836889390658449, 49.537526695769259 ], [ 21.837132284036556, 49.537497249214852 ], [ 21.837469665608001, 49.537529120778864 ], [ 21.837681062921753, 49.537567920915691 ], [ 21.837788672134685, 49.537595854068613 ], [ 21.837785693915418, 49.537506949258272 ], [ 21.837824129790654, 49.537439048913896 ], [ 21.838022715145989, 49.537060745268235 ], [ 21.837418417774352, 49.537188232538234 ], [ 21.837094381993001, 49.537282808477457 ], [ 21.836889390658449, 49.537526695769259 ] ] ] ] } },
{ "type": "Feature", "properties": { "fid": 458, "parcel_number": "2262", "parcel_type": "ground", "land_category": "road" }, "geometry": { "type": "MultiPolygon", "coordinates": [ [ [ [ 21.836930578897888, 49.537552920491208 ], [ 21.837098118814129, 49.537536049376975 ], [ 21.837330869391899, 49.537554063727505 ], [ 21.837572161275272, 49.537588706690599 ], [ 21.837789964568216, 49.537634435364289 ], [ 21.837788672134685, 49.537595854068613 ], [ 21.837681062921753, 49.537567920915691 ], [ 21.837469665608001, 49.537529120778864 ], [ 21.837132284036556, 49.537497249214852 ], [ 21.836889390658449, 49.537526695769259 ], [ 21.836930578897888, 49.537552920491208 ] ] ] ] } },
{ "type": "Feature", "properties": { "fid": 459, "parcel_number": "2068", "parcel_type": "ground", "land_category": "orchard" }, "geometry": { "type": "MultiPolygon", "coordinates": [ [ [ [ 21.837124587343848, 49.537676446469007 ], [ 21.837581738445046, 49.53759071745575 ], [ 21.837572161275272, 49.537588706690599 ], [ 21.837330869391899, 49.537554063727505 ], [ 21.837098118814129, 49.537536049376975 ], [ 21.836930578897888, 49.537552920491208 ], [ 21.837124587343848, 49.537676446469007 ] ] ] ] } },
{ "type": "Feature", "properties": { "fid": 460, "parcel_number": "2089", "parcel_type": "ground", "land_category": "orchard" }, "geometry": { "type": "MultiPolygon", "coordinates": [ [ [ [ 21.837253953976411, 49.537756947275568 ], [ 21.837434432722375, 49.537711342582632 ], [ 21.837789964568216, 49.537634435364289 ], [ 21.837581738445046, 49.53759071745575 ], [ 21.837124587343848, 49.537676446469007 ], [ 21.837228907556302, 49.537742867578579 ], [ 21.837253953976411, 49.537756947275568 ] ] ] ] } },
{ "type": "Feature", "properties": { "fid": 461, "parcel_number": "2088", "parcel_type": "ground", "land_category": "orchard" }, "geometry": { "type": "MultiPolygon", "coordinates": [ [ [ [ 21.83740796320394, 49.537843522652288 ], [ 21.837635153404129, 49.53772034972642 ], [ 21.837901101753058, 49.537729095661092 ], [ 21.837789964568216, 49.537634435364289 ], [ 21.837434432722375, 49.537711342582632 ], [ 21.837253953976411, 49.537756947275568 ], [ 21.83740796320394, 49.537843522652288 ] ] ] ] } },
{ "type": "Feature", "properties": { "fid": 462, "parcel_number": "2104", "parcel_type": "ground", "land_category": "orchard" }, "geometry": { "type": "MultiPolygon", "coordinates": [ [ [ [ 21.837557693323323, 49.537927692553666 ], [ 21.837820926801061, 49.537795178241332 ], [ 21.837883918929908, 49.537838135299978 ], [ 21.837979132945772, 49.537795558167524 ], [ 21.837901101753058, 49.537729095661092 ], [ 21.837635153404129, 49.53772034972642 ], [ 21.83740796320394, 49.537843522652288 ], [ 21.837557693323323, 49.537927692553666 ] ] ] ] } },
{ "type": "Feature", "properties": { "fid": 463, "parcel_number": "46", "parcel_type": "ground", "land_category": "orchard" }, "geometry": { "type": "MultiPolygon", "coordinates": [ [ [ [ 21.835754616918166, 49.539837863396585 ], [ 21.835952516199665, 49.540328194454844 ], [ 21.835813042585563, 49.540351963749835 ], [ 21.835871373796429, 49.540452901927459 ], [ 21.836089177089384, 49.540836721818302 ], [ 21.836601655425753, 49.540646890696763 ], [ 21.837167516922161, 49.540479229019894 ], [ 21.837075697886895, 49.540081549849546 ], [ 21.836558948897721, 49.540221500031166 ], [ 21.836441505945633, 49.540010881783751 ], [ 21.83643509996643, 49.539890330141546 ], [ 21.836382250638046, 49.539759732193438 ], [ 21.836273348991568, 49.53962948031144 ], [ 21.835926892282863, 49.539815504834706 ], [ 21.835754616918166, 49.539837863396585 ] ] ] ] } },
{ "type": "Feature", "properties": { "fid": 464, "parcel_number": "47", "parcel_type": "ground", "land_category": "field" }, "geometry": { "type": "MultiPolygon", "coordinates": [ [ [ [ 21.837173922901389, 49.541370184890525 ], [ 21.837173922901385, 49.541370184890525 ], [ 21.837088509845323, 49.541330002160663 ], [ 21.837312098502512, 49.540972466079609 ], [ 21.837308448464675, 49.540971127348975 ], [ 21.837237982693427, 49.540962813615536 ], [ 21.837037262011677, 49.541306446751911 ], [ 21.836798105454708, 49.541330002160663 ], [ 21.83664222662739, 49.541045950886257 ], [ 21.836547369848631, 49.541059629296775 ], [ 21.836759669579472, 49.541399282708809 ], [ 21.836904871774788, 49.541560013202222 ], [ 21.837023247106018, 49.541713639511158 ], [ 21.837166085219444, 49.541748848067137 ], [ 21.83708423919251, 49.541396511488777 ], [ 21.837173922901385, 49.541370184890532 ], [ 21.837173922901389, 49.541370184890525 ] ] ] ] } },
{ "type": "Feature", "properties": { "fid": 465, "parcel_number": "73", "parcel_type": "ground", "land_category": "field" }, "geometry": { "type": "MultiPolygon", "coordinates": [ [ [ [ 21.836917433747939, 49.541687557288057 ], [ 21.836691339134628, 49.541422838072812 ], [ 21.836475825894805, 49.541077630947896 ], [ 21.83640734072322, 49.541129088015531 ], [ 21.836443641272048, 49.541235780457527 ], [ 21.836520513022506, 49.541472719982607 ], [ 21.836821594045126, 49.541663933498434 ], [ 21.836917433747939, 49.541687557288057 ] ] ] ] } },
{ "type": "Feature", "properties": { "fid": 466, "parcel_number": "109", "parcel_type": "ground", "land_category": "field" }, "geometry": { "type": "MultiPolygon", "coordinates": [ [ [ [ 21.837023247106018, 49.541713639511158 ], [ 21.836904871774788, 49.541560013202222 ], [ 21.836759669579472, 49.541399282708809 ], [ 21.836547369848631, 49.541059629296775 ], [ 21.836488483126473, 49.541068120801235 ], [ 21.836475825894805, 49.541077630947896 ], [ 21.836691339134628, 49.541422838072812 ], [ 21.836917433747939, 49.541687557288057 ], [ 21.837023247106018, 49.541713639511158 ] ] ] ] } },
{ "type": "Feature", "properties": { "fid": 467, "parcel_number": "71", "parcel_type": "ground", "land_category": "field" }, "geometry": { "type": "MultiPolygon", "coordinates": [ [ [ [ 21.837173922901389, 49.541370184890525 ], [ 21.837293987017514, 49.541540944973541 ], [ 21.837347418171522, 49.541380923373097 ], [ 21.837443507859593, 49.541020663314697 ], [ 21.837363106108782, 49.540991174226768 ], [ 21.837173922901389, 49.541370184890525 ] ] ] ] } },
{ "type": "Feature", "properties": { "fid": 468, "parcel_number": "108", "parcel_type": "ground", "land_category": "field" }, "geometry": { "type": "MultiPolygon", "coordinates": [ [ [ [ 21.837312098502512, 49.540972466079609 ], [ 21.837088509845323, 49.541330002160663 ], [ 21.837173922901385, 49.541370184890525 ], [ 21.837173922901389, 49.541370184890525 ], [ 21.837363106108782, 49.540991174226768 ], [ 21.837312098502512, 49.540972466079609 ] ] ] ] } },
{ "type": "Feature", "properties": { "fid": 469, "parcel_number": "72", "parcel_type": "ground", "land_category": "pasture" }, "geometry": { "type": "MultiPolygon", "coordinates": [ [ [ [ 21.837293987017514, 49.541540944973541 ], [ 21.837173922901389, 49.541370184890525 ], [ 21.837173922901385, 49.541370184890532 ], [ 21.83708423919251, 49.541396511488777 ], [ 21.837166085219444, 49.541748848067137 ], [ 21.837219298587424, 49.541761964775283 ], [ 21.837291899685077, 49.541547196350358 ], [ 21.837293987017514, 49.541540944973541 ] ] ] ] } },
{ "type": "Feature", "properties": { "fid": 470, "parcel_number": "130", "parcel_type": "ground", "land_category": "orchard" }, "geometry": { "type": "MultiPolygon", "coordinates": [ [ [ [ 21.837541946196151, 49.540256266711651 ], [ 21.83749849251441, 49.540247827248272 ], [ 21.837419485437547, 49.540282468301797 ], [ 21.837319125096677, 49.540350364695456 ], [ 21.837167516922161, 49.540479229019894 ], [ 21.836601655425753, 49.540646890696763 ], [ 21.836089177089384, 49.540836721818302 ], [ 21.836198078735862, 49.54093787240673 ], [ 21.83640734072322, 49.541129088015531 ], [ 21.836488483126473, 49.541068120801235 ], [ 21.83664222662739, 49.541045950886257 ], [ 21.836798105454708, 49.541330002160663 ], [ 21.837037262011677, 49.541306446751911 ], [ 21.837237982693427, 49.540962813615536 ], [ 21.837308448464675, 49.540971127348975 ], [ 21.837443507859593, 49.541020663314697 ], [ 21.837511838304444, 49.54056202070494 ], [ 21.837541732874065, 49.540257180335118 ], [ 21.837541946196151, 49.540256266711651 ] ] ] ] } },
{ "type": "Feature", "properties": { "fid": 471, "parcel_number": "68", "parcel_type": "ground", "land_category": "field" }, "geometry": { "type": "MultiPolygon", "coordinates": [ [ [ [ 21.837380833678605, 49.539877459299099 ], [ 21.837439771038355, 49.540051758422514 ], [ 21.83749849251441, 49.540247827248272 ], [ 21.837541946196151, 49.540256266711651 ], [ 21.837573762770088, 49.540120001548267 ], [ 21.837490485040433, 49.539895526339123 ], [ 21.837528920915659, 49.539852571088971 ], [ 21.837529222822379, 49.539851722132006 ], [ 21.837380833678605, 49.539877459299099 ] ] ] ] } },
{ "type": "Feature", "properties": { "fid": 472, "parcel_number": "96", "parcel_type": "ground", "land_category": "field" }, "geometry": { "type": "MultiPolygon", "coordinates": [ [ [ [ 21.835813042585563, 49.540351963749835 ], [ 21.835952516199665, 49.540328194454844 ], [ 21.835754616918166, 49.539837863396585 ], [ 21.835724036274719, 49.539841832270547 ], [ 21.835553210162598, 49.539916657537056 ], [ 21.835794502045974, 49.540319880612003 ], [ 21.835813042585563, 49.540351963749835 ] ] ] ] } },
{ "type": "Feature", "properties": { "fid": 473, "parcel_number": "100", "parcel_type": "ground", "land_category": "field" }, "geometry": { "type": "MultiPolygon", "coordinates": [ [ [ [ 21.836395131795818, 49.539791563303233 ], [ 21.836840811982725, 49.539670010854586 ], [ 21.837053276959676, 49.539622898425314 ], [ 21.837432831227613, 49.539557425929701 ], [ 21.837405071984396, 49.539521398698987 ], [ 21.836937435502453, 49.53961008106527 ], [ 21.836901777032466, 49.539619336890254 ], [ 21.836766609390331, 49.539654422188065 ], [ 21.836731766455657, 49.539663968763016 ], [ 21.836382250638046, 49.539759732193438 ], [ 21.836395131795818, 49.539791563303233 ] ] ] ] } },
{ "type": "Feature", "properties": { "fid": 474, "parcel_number": "52", "parcel_type": "ground", "land_category": "field" }, "geometry": { "type": "MultiPolygon", "coordinates": [ [ [ [ 21.83643509996643, 49.539890330141546 ], [ 21.836872841878748, 49.539791255868117 ], [ 21.837324463412674, 49.539692181393832 ], [ 21.83752465026285, 49.539680749710776 ], [ 21.837556680158876, 49.53963363729185 ], [ 21.837548138853272, 49.539579596520092 ], [ 21.837548138853261, 49.539579596520085 ], [ 21.83748621438766, 49.539549111955751 ], [ 21.837432831227613, 49.539557425929701 ], [ 21.837053276959676, 49.539622898425314 ], [ 21.836840811982725, 49.539670010854586 ], [ 21.836395131795818, 49.539791563303233 ], [ 21.83643509996643, 49.539890330141546 ] ] ] ] } },
{ "type": "Feature", "properties": { "fid": 475, "parcel_number": "105", "parcel_type": "ground", "land_category": "field" }, "geometry": { "type": "MultiPolygon", "coordinates": [ [ [ [ 21.836438477318953, 49.539953887230951 ], [ 21.836734045662638, 49.539887558835936 ], [ 21.837308448464665, 49.539762849920514 ], [ 21.837540202170189, 49.539732651183833 ], [ 21.83752465026285, 49.539680749710776 ], [ 21.837324463412674, 49.539692181393832 ], [ 21.836872841878748, 49.539791255868117 ], [ 21.83643509996643, 49.539890330141546 ], [ 21.836438477318953, 49.539953887230951 ] ] ] ] } },
{ "type": "Feature", "properties": { "fid": 476, "parcel_number": "51", "parcel_type": "ground", "land_category": "field" }, "geometry": { "type": "MultiPolygon", "coordinates": [ [ [ [ 21.836441505945633, 49.540010881783751 ], [ 21.837057547612478, 49.539861924251504 ], [ 21.837383184888719, 49.539794720006945 ], [ 21.837551641017839, 49.539770826118279 ], [ 21.837540202170189, 49.539732651183833 ], [ 21.837308448464665, 49.539762849920514 ], [ 21.836734045662638, 49.539887558835936 ], [ 21.836438477318953, 49.539953887230951 ], [ 21.836441505945633, 49.540010881783751 ] ] ] ] } },
{ "type": "Feature", "properties": { "fid": 477, "parcel_number": "106", "parcel_type": "ground", "land_category": "field" }, "geometry": { "type": "MultiPolygon", "coordinates": [ [ [ [ 21.836466320130452, 49.540055382709724 ], [ 21.836887789163551, 49.539948527523187 ], [ 21.83709918647731, 49.539899336883707 ], [ 21.837349019666291, 49.539830747036149 ], [ 21.837542174557413, 49.539815302055928 ], [ 21.837554544832479, 49.539780517036178 ], [ 21.837551641017839, 49.539770826118279 ], [ 21.837383184888719, 49.539794720006945 ], [ 21.837057547612478, 49.539861924251504 ], [ 21.836441505945633, 49.540010881783751 ], [ 21.836466320130452, 49.540055382709724 ] ] ] ] } },
{ "type": "Feature", "properties": { "fid": 478, "parcel_number": "70/b", "parcel_type": "ground", "land_category": "field" }, "geometry": { "type": "MultiPolygon", "coordinates": [ [ [ [ 21.837083765721431, 49.539955937839565 ], [ 21.836865368236339, 49.53999702528828 ], [ 21.836484795398803, 49.54008851563573 ], [ 21.836516610640597, 49.54014557202224 ], [ 21.836835473666717, 49.540072543140958 ], [ 21.837065021254883, 49.540024738275307 ], [ 21.837083765721431, 49.539955937839565 ] ] ] ] } },
{ "type": "Feature", "properties": { "fid": 479, "parcel_number": "50/b", "parcel_type": "ground", "land_category": "field" }, "geometry": { "type": "MultiPolygon", "coordinates": [ [ [ [ 21.837065021254883, 49.540024738275307 ], [ 21.836835473666717, 49.540072543140958 ], [ 21.836516610640597, 49.54014557202224 ], [ 21.836558948897721, 49.540221500031166 ], [ 21.837075697886895, 49.540081549849546 ], [ 21.837065021254883, 49.540024738275307 ] ] ] ] } },
{ "type": "Feature", "properties": { "fid": 480, "parcel_number": "70/a", "parcel_type": "ground", "land_category": "field" }, "geometry": { "type": "MultiPolygon", "coordinates": [ [ [ [ 21.836484795398803, 49.54008851563573 ], [ 21.836865368236339, 49.53999702528828 ], [ 21.837083765721431, 49.539955937839565 ], [ 21.837099186477307, 49.539899336883707 ], [ 21.836887789163551, 49.539948527523187 ], [ 21.836466320130452, 49.540055382709724 ], [ 21.836484795398803, 49.54008851563573 ] ] ] ] } },
{ "type": "Feature", "properties": { "fid": 481, "parcel_number": "49", "parcel_type": "ground", "land_category": "field" }, "geometry": { "type": "MultiPolygon", "coordinates": [ [ [ [ 21.837310061458574, 49.540358068630979 ], [ 21.83720274980778, 49.540103720202062 ], [ 21.837099186477314, 49.539899336883707 ], [ 21.83709918647731, 49.539899336883707 ], [ 21.837099186477307, 49.539899336883707 ], [ 21.837065021254883, 49.540024738275307 ], [ 21.837075697886895, 49.540081549849546 ], [ 21.837167516922161, 49.540479229019894 ], [ 21.837310061458574, 49.540358068630979 ] ] ] ] } },
{ "type": "Feature", "properties": { "fid": 482, "parcel_number": "107/a", "parcel_type": "ground", "land_category": "field" }, "geometry": { "type": "MultiPolygon", "coordinates": [ [ [ [ 21.837364866929416, 49.54031941915008 ], [ 21.837310583791069, 49.540128661836633 ], [ 21.837214100450023, 49.539867788105489 ], [ 21.837099186477314, 49.539899336883707 ], [ 21.83720274980778, 49.540103720202062 ], [ 21.837310061458574, 49.540358068630979 ], [ 21.837319125096677, 49.540350364695456 ], [ 21.837364866929416, 49.54031941915008 ] ] ] ] } },
{ "type": "Feature", "properties": { "fid": 483, "parcel_number": "107/b", "parcel_type": "ground", "land_category": "field" }, "geometry": { "type": "MultiPolygon", "coordinates": [ [ [ [ 21.837326598739075, 49.539886866009489 ], [ 21.837228966913891, 49.539907984370004 ], [ 21.837310583791069, 49.540128661836633 ], [ 21.837364866929416, 49.54031941915008 ], [ 21.837419485437547, 49.540282468301797 ], [ 21.837445089420772, 49.540271242105504 ], [ 21.837392793857525, 49.540092635027058 ], [ 21.837326598739075, 49.539886866009489 ] ] ] ] } },
{ "type": "Feature", "properties": { "fid": 484, "parcel_number": "50a", "parcel_type": "ground", "land_category": "field" }, "geometry": { "type": "MultiPolygon", "coordinates": [ [ [ [ 21.837228966913891, 49.539907984370004 ], [ 21.837326598739075, 49.539886866009489 ], [ 21.837529222822379, 49.539851722132006 ], [ 21.837542174557413, 49.539815302055928 ], [ 21.837349019666291, 49.539830747036149 ], [ 21.837214100450023, 49.539867788105489 ], [ 21.837228966913891, 49.539907984370004 ] ] ] ] } },
{ "type": "Feature", "properties": { "fid": 485, "parcel_number": "48", "parcel_type": "ground", "land_category": "field" }, "geometry": { "type": "MultiPolygon", "coordinates": [ [ [ [ 21.83749849251441, 49.540247827248272 ], [ 21.837439771038355, 49.540051758422514 ], [ 21.837380833678605, 49.539877459299099 ], [ 21.837326598739075, 49.539886866009489 ], [ 21.837392793857525, 49.540092635027058 ], [ 21.837445089420772, 49.540271242105504 ], [ 21.83749849251441, 49.540247827248272 ] ] ] ] } },
{ "type": "Feature", "properties": { "fid": 486, "parcel_number": "2296", "parcel_type": "ground", "land_category": "road" }, "geometry": { "type": "MultiPolygon", "coordinates": [ [ [ [ 21.83124091849465, 49.538845536784663 ], [ 21.831783291400647, 49.538582256420398 ], [ 21.831932764248755, 49.538519900336887 ], [ 21.832287228431408, 49.538384102368603 ], [ 21.832735646975738, 49.538281560795561 ], [ 21.833021780713548, 49.538195647420068 ], [ 21.833384786201812, 49.538050148617039 ], [ 21.833530522228788, 49.537970816944224 ], [ 21.833750191169621, 49.537828263898909 ], [ 21.833752596174552, 49.53782670318315 ], [ 21.833855091841819, 49.537747717576096 ], [ 21.83401737664834, 49.537740789007977 ], [ 21.834273615816528, 49.537735246152785 ], [ 21.834600320755968, 49.537767117561579 ], [ 21.834775417520891, 49.537812846068334 ], [ 21.834858695250556, 49.53786273166326 ], [ 21.834860830576957, 49.537955574162673 ], [ 21.834952649612223, 49.53807335916931 ], [ 21.834961190917831, 49.538168972671812 ], [ 21.835108528439541, 49.538378213162353 ], [ 21.835099987133933, 49.53847244037545 ], [ 21.835219565412419, 49.538599923962806 ], [ 21.835383985545342, 49.538791148720293 ], [ 21.835672254609552, 49.539077984453499 ], [ 21.83574218654914, 49.539234911986426 ], [ 21.835836140910814, 49.53936516492012 ], [ 21.835899903374891, 49.539345936113932 ], [ 21.835899666871303, 49.539345419151836 ], [ 21.835882147293241, 49.539313586167872 ], [ 21.835843378063391, 49.539243142675005 ], [ 21.835814253815247, 49.539190224064697 ], [ 21.835743788043995, 49.539041956869305 ], [ 21.835436301042172, 49.538762049348932 ], [ 21.835180061873984, 49.538468283296332 ], [ 21.835175791221182, 49.538383755944594 ], [ 21.835175791221179, 49.538383755944587 ], [ 21.835159647482836, 49.538357565204237 ], [ 21.835158708609971, 49.538356042026955 ], [ 21.835024183046666, 49.53816481556688 ], [ 21.835022357451905, 49.538154745581743 ], [ 21.835011371088253, 49.538094144729222 ], [ 21.834938769990607, 49.537965274115109 ], [ 21.834925958032198, 49.537832246027946 ], [ 21.834925958032208, 49.537832246027939 ], [ 21.834925958032198, 49.537832246027939 ], [ 21.834819191712121, 49.537774046125975 ], [ 21.834609929724767, 49.537715846154661 ], [ 21.834257600868511, 49.537697831863774 ], [ 21.833832670914607, 49.53771861758343 ], [ 21.833751528511343, 49.537753260429881 ], [ 21.833642626864865, 49.537841946004896 ], [ 21.833550326797258, 49.537897850497892 ], [ 21.833482477384745, 49.537938945668294 ], [ 21.833241185501375, 49.538037330844489 ], [ 21.83293529999429, 49.53809449115527 ], [ 21.832437768942722, 49.538183176111033 ], [ 21.832091846065669, 49.538325903123798 ], [ 21.831805712327867, 49.538438144462397 ], [ 21.83151744326366, 49.538558699687073 ], [ 21.83115016712259, 49.538781795352925 ], [ 21.830838409467958, 49.538838608372203 ], [ 21.830850153763166, 49.538934220377492 ], [ 21.83124091849465, 49.538845536784663 ] ] ], [ [ [ 21.835286437632213, 49.538350334700212 ], [ 21.835175791221182, 49.538383755944587 ], [ 21.835286437632213, 49.538350334700219 ], [ 21.835286437632213, 49.538350334700212 ] ] ], [ [ [ 21.835022212404063, 49.537944767236752 ], [ 21.835094791742439, 49.537926930076942 ], [ 21.834938769990607, 49.537965274115109 ], [ 21.835022212404063, 49.537944767236752 ] ] ], [ [ [ 21.833751305403759, 49.537830186001791 ], [ 21.833750191169621, 49.537828263898909 ], [ 21.833802163745897, 49.537917918878364 ], [ 21.833751305403759, 49.537830186001791 ] ] ] ] } },
{ "type": "Feature", "properties": { "fid": 487, "parcel_number": "54", "parcel_type": "ground", "land_category": "field" }, "geometry": { "type": "MultiPolygon", "coordinates": [ [ [ [ 21.834985290905955, 49.539556537329609 ], [ 21.835166716083922, 49.539471168381191 ], [ 21.835501962328962, 49.539316666527945 ], [ 21.835640758545068, 49.539263318240948 ], [ 21.83573964541311, 49.53922920966771 ], [ 21.835672254609552, 49.539077984453499 ], [ 21.835433098052576, 49.539144496846824 ], [ 21.835245189329232, 49.539223480196313 ], [ 21.834807447416917, 49.5394174738462 ], [ 21.834880582346113, 49.539538373070741 ], [ 21.834985290905955, 49.539556537329609 ] ] ] ] } },
{ "type": "Feature", "properties": { "fid": 488, "parcel_number": "53", "parcel_type": "ground", "land_category": "pasture" }, "geometry": { "type": "MultiPolygon", "coordinates": [ [ [ [ 21.835615134628242, 49.539514816798317 ], [ 21.835887621459797, 49.539762116744079 ], [ 21.835899133039653, 49.539758692951196 ], [ 21.836246657411547, 49.539586524827413 ], [ 21.836128146796273, 49.539441030165534 ], [ 21.835940238072929, 49.539434101837493 ], [ 21.835899903374894, 49.539345936113939 ], [ 21.835899666871303, 49.539345419151836 ], [ 21.835899903374891, 49.539345936113932 ], [ 21.835836140910814, 49.53936516492012 ], [ 21.83557197579934, 49.539477682117187 ], [ 21.835571975788604, 49.539477682127824 ], [ 21.835615134628242, 49.539514816798317 ] ] ] ] } },
{ "type": "Feature", "properties": { "fid": 489, "parcel_number": "125", "parcel_type": "ground", "land_category": "field" }, "geometry": { "type": "MultiPolygon", "coordinates": [ [ [ [ 21.835814589758364, 49.539335287639481 ], [ 21.835699480021109, 49.539373478925384 ], [ 21.835468864769737, 49.539480868032797 ], [ 21.835129498070295, 49.539624012868437 ], [ 21.835168851410323, 49.539681096125477 ], [ 21.835559616141811, 49.539482946529333 ], [ 21.835836140910814, 49.53936516492012 ], [ 21.835814589758364, 49.539335287639481 ] ] ] ] } },
{ "type": "Feature", "properties": { "fid": 490, "parcel_number": "97", "parcel_type": "ground", "land_category": "field" }, "geometry": { "type": "MultiPolygon", "coordinates": [ [ [ [ 21.835776078031543, 49.539281897192133 ], [ 21.835620472944246, 49.539334680222083 ], [ 21.835405872640891, 49.539423362927224 ], [ 21.835096250312674, 49.539575785950639 ], [ 21.835129498070295, 49.539624012868437 ], [ 21.835468864769737, 49.539480868032797 ], [ 21.835699480021109, 49.539373478925384 ], [ 21.835814589758364, 49.539335287639481 ], [ 21.835776078031543, 49.539281897192133 ] ] ] ] } },
{ "type": "Feature", "properties": { "fid": 491, "parcel_number": "127", "parcel_type": "ground", "land_category": "field" }, "geometry": { "type": "MultiPolygon", "coordinates": [ [ [ [ 21.83573964541311, 49.53922920966771 ], [ 21.835640758545068, 49.539263318240948 ], [ 21.835501962328962, 49.539316666527945 ], [ 21.835166716083922, 49.539471168381191 ], [ 21.834985290905955, 49.539556537329609 ], [ 21.835096250312674, 49.539575785950639 ], [ 21.835405872640891, 49.539423362927224 ], [ 21.835620472944246, 49.539334680222083 ], [ 21.835776078031543, 49.539281897192133 ], [ 21.83574218654914, 49.539234911986426 ], [ 21.83573964541311, 49.53922920966771 ] ] ] ] } },
{ "type": "Feature", "properties": { "fid": 492, "parcel_number": "76", "parcel_type": "ground", "land_category": "pasture" }, "geometry": { "type": "MultiPolygon", "coordinates": [ [ [ [ 21.835760512161567, 49.539799921799165 ], [ 21.835496872546013, 49.539564994891947 ], [ 21.835393060682481, 49.539609041819844 ], [ 21.835399466661681, 49.539736522442134 ], [ 21.835651435177066, 49.539829361381692 ], [ 21.835745389538733, 49.539804419594347 ], [ 21.835760512161567, 49.539799921799165 ] ] ] ] } },
{ "type": "Feature", "properties": { "fid": 493, "parcel_number": "126", "parcel_type": "ground", "land_category": "pasture" }, "geometry": { "type": "MultiPolygon", "coordinates": [ [ [ [ 21.835496872546013, 49.539564994891947 ], [ 21.835760512161567, 49.539799921799165 ], [ 21.835887621459797, 49.539762116744079 ], [ 21.835615134628242, 49.539514816798317 ], [ 21.835496872546013, 49.539564994891947 ] ] ] ] } },
{ "type": "Feature", "properties": { "fid": 494, "parcel_number": "922", "parcel_type": "ground", "land_category": "field" }, "geometry": { "type": "MultiPolygon", "coordinates": [ [ [ [ 21.827211557574898, 49.531911783079039 ], [ 21.827296970630954, 49.532089175268588 ], [ 21.82753612718793, 49.532054528407159 ], [ 21.827698337203785, 49.532001889375813 ], [ 21.827239316818112, 49.531561154435614 ], [ 21.827179527678876, 49.531631834720294 ], [ 21.8272158282277, 49.531737162013698 ], [ 21.827211557574898, 49.531911783079039 ] ] ] ] } },
{ "type": "Feature", "properties": { "fid": 495, "parcel_number": "876/a", "parcel_type": "ground", "land_category": "field" }, "geometry": { "type": "MultiPolygon", "coordinates": [ [ [ [ 21.828816714982977, 49.532137481965123 ], [ 21.828635820284742, 49.531940193590209 ], [ 21.828415294779592, 49.531725818795032 ], [ 21.828166048476394, 49.531827244387223 ], [ 21.828122728781967, 49.531844374392314 ], [ 21.828314453661299, 49.532027503838194 ], [ 21.828536897750137, 49.5322564670468 ], [ 21.828729774646501, 49.532175099378819 ], [ 21.828816714982977, 49.532137481965123 ] ] ] ] } },
{ "type": "Feature", "properties": { "fid": 496, "parcel_number": "925", "parcel_type": "ground", "land_category": "field" }, "geometry": { "type": "MultiPolygon", "coordinates": [ [ [ [ 21.82896258008995, 49.530984273275635 ], [ 21.829060064694691, 49.531090017786731 ], [ 21.829068223881052, 49.531087178121318 ], [ 21.829503134510251, 49.530931928019619 ], [ 21.829512371772637, 49.530807225039759 ], [ 21.829366101914069, 49.530854345967796 ], [ 21.82896258008995, 49.530984273275635 ] ] ] ] } },
{ "type": "Feature", "properties": { "fid": 497, "parcel_number": "903", "parcel_type": "ground", "land_category": "field" }, "geometry": { "type": "MultiPolygon", "coordinates": [ [ [ [ 21.82843939870266, 49.531155560806965 ], [ 21.828871606241439, 49.531577555061375 ], [ 21.828947358721674, 49.531555416160849 ], [ 21.828786360796041, 49.531352577705661 ], [ 21.828539136872724, 49.531122703624739 ], [ 21.82843939870266, 49.531155560806965 ] ] ] ] } },
{ "type": "Feature", "properties": { "fid": 498, "parcel_number": "904", "parcel_type": "ground", "land_category": "orchard" }, "geometry": { "type": "MultiPolygon", "coordinates": [ [ [ [ 21.828226829496597, 49.531227447207144 ], [ 21.828651726577068, 49.53164598503767 ], [ 21.828724055118602, 49.531620677340953 ], [ 21.828781880821783, 49.531603777597383 ], [ 21.828871606241439, 49.531577555061375 ], [ 21.82843939870266, 49.531155560806965 ], [ 21.828255732185259, 49.531216066872268 ], [ 21.828226829496597, 49.531227447207144 ] ] ] ] } },
{ "type": "Feature", "properties": { "fid": 499, "parcel_number": "962", "parcel_type": "ground", "land_category": "orchard" }, "geometry": { "type": "MultiPolygon", "coordinates": [ [ [ [ 21.8294543367386, 49.531407250241379 ], [ 21.82923303182967, 49.531172137959445 ], [ 21.829230508687569, 49.531173103993055 ], [ 21.828782891418324, 49.531349351804202 ], [ 21.828786360796041, 49.531352577705661 ], [ 21.828947358721674, 49.531555416160849 ], [ 21.8294543367386, 49.531407250241379 ] ] ] ] } },
{ "type": "Feature", "properties": { "fid": 500, "parcel_number": "899", "parcel_type": "ground", "land_category": "orchard" }, "geometry": { "type": "MultiPolygon", "coordinates": [ [ [ [ 21.829161654342325, 49.531200215162507 ], [ 21.829060064694691, 49.531090017786731 ], [ 21.828655436669237, 49.531230841657965 ], [ 21.828782891418324, 49.531349351804202 ], [ 21.829161654342325, 49.531200215162507 ] ] ] ] } },
{ "type": "Feature", "properties": { "fid": 501, "parcel_number": "924", "parcel_type": "ground", "land_category": "orchard" }, "geometry": { "type": "MultiPolygon", "coordinates": [ [ [ [ 21.829060064694691, 49.531090017786731 ], [ 21.82896258008995, 49.530984273275635 ], [ 21.828819458355273, 49.531030356090909 ], [ 21.828539136872724, 49.531122703624739 ], [ 21.828655436669237, 49.531230841657965 ], [ 21.829060064694691, 49.531090017786731 ] ] ] ] } },
{ "type": "Feature", "properties": { "fid": 502, "parcel_number": "900", "parcel_type": "ground", "land_category": "field" }, "geometry": { "type": "MultiPolygon", "coordinates": [ [ [ [ 21.829060064694691, 49.531090017786731 ], [ 21.829161654342325, 49.531200215162507 ], [ 21.829230508687569, 49.531173103993055 ], [ 21.829507835002261, 49.531066924265588 ], [ 21.829501695140632, 49.530951359499745 ], [ 21.829503134510251, 49.530931928019619 ], [ 21.829068223881052, 49.531087178121318 ], [ 21.829060064694691, 49.531090017786731 ] ] ] ] } },
{ "type": "Feature", "properties": { "fid": 503, "parcel_number": "902", "parcel_type": "ground", "land_category": "field" }, "geometry": { "type": "MultiPolygon", "coordinates": [ [ [ [ 21.82923303182967, 49.531172137959445 ], [ 21.8294543367386, 49.531407250241379 ], [ 21.829556832404563, 49.531339341423362 ], [ 21.829510236446236, 49.531112124357584 ], [ 21.829507835002261, 49.531066924265588 ], [ 21.82923303182967, 49.531172137959445 ] ] ] ] } },
{ "type": "Feature", "properties": { "fid": 504, "parcel_number": "923", "parcel_type": "ground", "land_category": "field" }, "geometry": { "type": "MultiPolygon", "coordinates": [ [ [ [ 21.828044103889308, 49.531299394790508 ], [ 21.828463613074483, 49.531708400265892 ], [ 21.82862087299992, 49.53165678067873 ], [ 21.828651726577068, 49.53164598503767 ], [ 21.828226829496597, 49.531227447207144 ], [ 21.828044103889308, 49.531299394790508 ] ] ] ] } },
{ "type": "Feature", "properties": { "fid": 505, "parcel_number": "898", "parcel_type": "ground", "land_category": "field" }, "geometry": { "type": "MultiPolygon", "coordinates": [ [ [ [ 21.827860755447841, 49.531371484708053 ], [ 21.828299239984663, 49.531773044876829 ], [ 21.828435099602984, 49.531717759634617 ], [ 21.828463613074483, 49.531708400265892 ], [ 21.828044103889308, 49.531299394790508 ], [ 21.827935433225026, 49.531342183493166 ], [ 21.827860755447841, 49.531371484708053 ] ] ] ] } },
{ "type": "Feature", "properties": { "fid": 506, "parcel_number": "905", "parcel_type": "ground", "land_category": "field" }, "geometry": { "type": "MultiPolygon", "coordinates": [ [ [ [ 21.827465661416685, 49.531526507199935 ], [ 21.827926625677868, 49.531921919887886 ], [ 21.828166048476394, 49.531827244387223 ], [ 21.828299239984663, 49.531773044876829 ], [ 21.827860755447841, 49.531371484708053 ], [ 21.827465661416685, 49.531526507199935 ] ] ] ] } },
{ "type": "Feature", "properties": { "fid": 507, "parcel_number": "897", "parcel_type": "ground", "land_category": "field" }, "geometry": { "type": "MultiPolygon", "coordinates": [ [ [ [ 21.827239316818112, 49.531561154435614 ], [ 21.827698337203785, 49.532001889375813 ], [ 21.82784361418976, 49.531954745309044 ], [ 21.827926625677868, 49.531921919887886 ], [ 21.827465661416685, 49.531526507199935 ], [ 21.827239316818112, 49.531561154435614 ] ] ] ] } },
{ "type": "Feature", "properties": { "fid": 508, "parcel_number": "921", "parcel_type": "ground", "land_category": "pasture" }, "geometry": { "type": "MultiPolygon", "coordinates": [ [ [ [ 21.827296970630954, 49.532089175268588 ], [ 21.827211557574898, 49.531911783079039 ], [ 21.827066355379589, 49.532204202672403 ], [ 21.827296970630954, 49.532089175268588 ] ] ] ] } },
{ "type": "Feature", "properties": { "fid": 509, "parcel_number": "877", "parcel_type": "ground", "land_category": "field" }, "geometry": { "type": "MultiPolygon", "coordinates": [ [ [ [ 21.827747283144411, 49.532521845354921 ], [ 21.827438969836663, 49.532285968975607 ], [ 21.827340744822187, 49.532167477084947 ], [ 21.827296970630954, 49.532089175268588 ], [ 21.827066355379589, 49.532204202672403 ], [ 21.827531856535124, 49.532619962115582 ], [ 21.827738983196081, 49.532524337756804 ], [ 21.827747283144411, 49.532521845354921 ] ] ] ] } },
{ "type": "Feature", "properties": { "fid": 510, "parcel_number": "869/b", "parcel_type": "ground", "land_category": "field" }, "geometry": { "type": "MultiPolygon", "coordinates": [ [ [ [ 21.827961376731206, 49.532454333685855 ], [ 21.827682397046438, 49.532225683663619 ], [ 21.82751200960314, 49.53205802234698 ], [ 21.827296970630954, 49.532089175268588 ], [ 21.827340744822187, 49.532167477084947 ], [ 21.827438969836663, 49.532285968975607 ], [ 21.827747283144411, 49.532521845354921 ], [ 21.827882050064986, 49.532481376027455 ], [ 21.827961376731206, 49.532454333685855 ] ] ] ] } },
{ "type": "Feature", "properties": { "fid": 511, "parcel_number": "869/a", "parcel_type": "ground", "land_category": "field" }, "geometry": { "type": "MultiPolygon", "coordinates": [ [ [ [ 21.828241281516409, 49.532358914564171 ], [ 21.828053943840313, 49.532168862956667 ], [ 21.82782956675393, 49.53195930386488 ], [ 21.82753612718793, 49.532054528407159 ], [ 21.82751200960314, 49.53205802234698 ], [ 21.827682397046438, 49.532225683663619 ], [ 21.827961376731206, 49.532454333685855 ], [ 21.828241281516409, 49.532358914564171 ] ] ] ] } },
{ "type": "Feature", "properties": { "fid": 512, "parcel_number": "876/b", "parcel_type": "ground", "land_category": "field" }, "geometry": { "type": "MultiPolygon", "coordinates": [ [ [ [ 21.828536897750137, 49.5322564670468 ], [ 21.828314453661299, 49.532027503838194 ], [ 21.828122728781967, 49.531844374392314 ], [ 21.82784361418976, 49.531954745309044 ], [ 21.82782956675393, 49.53195930386488 ], [ 21.828053943840313, 49.532168862956667 ], [ 21.828241281516409, 49.532358914564171 ], [ 21.828516242006248, 49.532265180945366 ], [ 21.828536897750137, 49.5322564670468 ] ] ] ] } },
{ "type": "Feature", "properties": { "fid": 513, "parcel_number": "870", "parcel_type": "ground", "land_category": "field" }, "geometry": { "type": "MultiPolygon", "coordinates": [ [ [ [ 21.828415294779592, 49.531725818795032 ], [ 21.828635820284742, 49.531940193590209 ], [ 21.828816714982977, 49.532137481965123 ], [ 21.828819458355365, 49.532136294960587 ], [ 21.829116955171465, 49.532033669991193 ], [ 21.828724055118602, 49.531620677340953 ], [ 21.82862087299992, 49.53165678067873 ], [ 21.828435099602984, 49.531717759634617 ], [ 21.828415294779592, 49.531725818795032 ] ] ] ] } },
{ "type": "Feature", "properties": { "fid": 514, "parcel_number": "2302", "parcel_type": "ground", "land_category": "water" }, "geometry": { "type": "MultiPolygon", "coordinates": [ [ [ [ 21.822422565830653, 49.52524459677155 ], [ 21.822426291109018, 49.525145453559986 ], [ 21.822415614477006, 49.525017934877397 ], [ 21.822067556273556, 49.524992985531028 ], [ 21.821698144806088, 49.524854377819395 ], [ 21.821407740415477, 49.524796162463332 ], [ 21.820873908815084, 49.52470190888274 ], [ 21.820705218029364, 49.524678345459201 ], [ 21.819515841223694, 49.524701908882733 ], [ 21.818749259045529, 49.524920909570021 ], [ 21.818226104077155, 49.525053972799675 ], [ 21.818029654048207, 49.525044270284752 ], [ 21.817790497491227, 49.524668642869734 ], [ 21.817327131662093, 49.524359545083392 ], [ 21.816865901159357, 49.524243113123582 ], [ 21.816648097866395, 49.524301329138147 ], [ 21.81650503099749, 49.524509242910035 ], [ 21.816575496768742, 49.52477121300381 ], [ 21.816483677733476, 49.524873782922683 ], [ 21.816265874440518, 49.524919523492812 ], [ 21.816116401592407, 49.524776757329242 ], [ 21.815834538507403, 49.524631218578058 ], [ 21.815706418923309, 49.524617357722022 ], [ 21.815512104220765, 49.52470606713279 ], [ 21.815413879206297, 49.525045656358436 ], [ 21.815339142782243, 49.525171788898653 ], [ 21.81526013570538, 49.525562659099492 ], [ 21.81502738512761, 49.525607012967427 ], [ 21.814587507888891, 49.525529393672137 ], [ 21.814006699107665, 49.525534937911601 ], [ 21.814000293128455, 49.525662455245744 ], [ 21.814892859564313, 49.525695720582554 ], [ 21.815418149859099, 49.525690176361323 ], [ 21.815495021609554, 49.525618101428101 ], [ 21.8155548107488, 49.525232775944239 ], [ 21.815640223804856, 49.524958333639958 ], [ 21.815550540095991, 49.524753193941777 ], [ 21.815693606964899, 49.524672801122605 ], [ 21.815776884694561, 49.524676959375107 ], [ 21.81622957389169, 49.525006846280583 ], [ 21.81635128749658, 49.524948631106071 ], [ 21.816539196219914, 49.524919523492805 ], [ 21.816720698964048, 49.524721314046531 ], [ 21.816631015255183, 49.524495382019424 ], [ 21.816673721783218, 49.524384494753001 ], [ 21.816844547895339, 49.524305487422247 ], [ 21.817211824036413, 49.524380336475616 ], [ 21.817576964851078, 49.52461319946444 ], [ 21.817696543129561, 49.524679731543266 ], [ 21.817805444776042, 49.524862694293169 ], [ 21.817957052950558, 49.52511911820713 ], [ 21.818234645382759, 49.525135751063218 ], [ 21.818781288941555, 49.525006846280583 ], [ 21.819178459652242, 49.524893188018261 ], [ 21.819584171668545, 49.524768440840845 ], [ 21.820775683800615, 49.524767054759302 ], [ 21.821273214852173, 49.524826656229912 ], [ 21.8219970905023, 49.525062289239493 ], [ 21.822385719907388, 49.525218915258733 ], [ 21.822422565830653, 49.52524459677155 ] ] ] ] } },
{ "type": "Feature", "properties": { "fid": 515, "parcel_number": "2303", "parcel_type": "ground", "land_category": "water" }, "geometry": { "type": "MultiPolygon", "coordinates": [ [ [ [ 21.822426291109018, 49.525145453559986 ], [ 21.822422565830653, 49.52524459677155 ], [ 21.822646229728374, 49.525400489927371 ], [ 21.8229601227094, 49.525673543693863 ], [ 21.823122407515982, 49.525840563139312 ], [ 21.82357509671311, 49.525844721292493 ], [ 21.823575096713114, 49.525844721292486 ], [ 21.823500360288996, 49.52578165593124 ], [ 21.822889656938148, 49.525386629289414 ], [ 21.822609929179549, 49.525220301327458 ], [ 21.822601387873949, 49.525131592849718 ], [ 21.822426291109018, 49.525145453559986 ] ] ] ] } }
]
}
