{
"type": "FeatureCollection",
"name": "parcels",
"crs": { "type": "name", "properties": { "name": "urn:ogc:def:crs:OGC:1.3:CRS84" } },
"features": [
{ "type": "Feature", "properties": { "fid": 13, "parcel_number": "2", "parcel_type": "build", "land_category": null }, "geometry": { "type": "MultiPolygon", "coordinates": [ [ [ [ 24.565022325347226, 49.812301249925731 ], [ 24.565013840197917, 49.812228700645285 ], [ 24.565187785758678, 49.812210905522157 ], [ 24.565194149620666, 49.812227331789892 ], [ 24.565254606309463, 49.812222540795709 ], [ 24.565263091458771, 49.812255393317713 ], [ 24.565210059275614, 49.812261553163104 ], [ 24.565215362493927, 49.812277979413665 ], [ 24.565022325347226, 49.812301249925731 ] ] ] ] } },
{ "type": "Feature", "properties": { "fid": 14, "parcel_number": "2", "parcel_type": "build", "land_category": null }, "geometry": { "type": "MultiPolygon", "coordinates": [ [ [ [ 24.565305517205303, 49.812197901389581 ], [ 24.565397793203999, 49.812182159540207 ], [ 24.565372337756081, 49.812126720812493 ], [ 24.565287486263024, 49.81214451596658 ], [ 24.565305517205303, 49.812197901389581 ] ] ] ] } },
{ "type": "Feature", "properties": { "fid": 15, "parcel_number": "4", "parcel_type": "build", "land_category": null }, "geometry": { "type": "MultiPolygon", "coordinates": [ [ [ [ 24.566969667112861, 49.811235585882436 ], [ 24.567182856489161, 49.811225319255385 ], [ 24.567176492627187, 49.811166457218221 ], [ 24.566956939388902, 49.811178777185397 ], [ 24.566969667112861, 49.811235585882436 ] ] ] ] } },
{ "type": "Feature", "properties": { "fid": 16, "parcel_number": "3", "parcel_type": "build", "land_category": "building" }, "geometry": { "type": "MultiPolygon", "coordinates": [ [ [ [ 24.567497867657124, 49.8117331724632 ], [ 24.567502110231782, 49.811779714000032 ], [ 24.567642115195323, 49.81177286965918 ], [ 24.567633630046018, 49.811729065854834 ], [ 24.567497867657124, 49.8117331724632 ] ] ] ] } },
{ "type": "Feature", "properties": { "fid": 17, "parcel_number": "3", "parcel_type": "build", "land_category": "building" }, "geometry": { "type": "MultiPolygon", "coordinates": [ [ [ [ 24.567654842919282, 49.811748230024122 ], [ 24.567787423377187, 49.811760549843214 ], [ 24.567783180802532, 49.81180093145052 ], [ 24.567889245168846, 49.811809829088276 ], [ 24.567898790961817, 49.811723590376516 ], [ 24.567655903562944, 49.811711954983004 ], [ 24.567654842919282, 49.811748230024122 ] ] ] ] } },
{ "type": "Feature", "properties": { "fid": 18, "parcel_number": "3", "parcel_type": "build", "land_category": "yard" }, "geometry": { "type": "MultiPolygon", "coordinates": [ [ [ [ 24.56790409418014, 49.811666782252281 ], [ 24.567504231519102, 49.811648302486653 ], [ 24.567487261220499, 49.811553850241012 ], [ 24.567329225314683, 49.811562747924185 ], [ 24.567379075566851, 49.81173591020189 ], [ 24.567497867657124, 49.8117331724632 ], [ 24.567633630046018, 49.811729065854834 ], [ 24.567642115195323, 49.81177286965918 ], [ 24.567783180802532, 49.81180093145052 ], [ 24.567787423377187, 49.811760549843214 ], [ 24.567654842919282, 49.811748230024122 ], [ 24.567655903562944, 49.811711954983004 ], [ 24.567898790961817, 49.811723590376516 ], [ 24.56790409418014, 49.811666782252281 ] ] ] ] } },
{ "type": "Feature", "properties": { "fid": 19, "parcel_number": "8", "parcel_type": "ground", "land_category": "garden" }, "geometry": { "type": "MultiPolygon", "coordinates": [ [ [ [ 24.567381196854178, 49.811955613227745 ], [ 24.567673934505223, 49.812023371903656 ], [ 24.568048341718338, 49.812083601758154 ], [ 24.568251985301664, 49.812103450216497 ], [ 24.568506539780838, 49.812111663369301 ], [ 24.568572299687958, 49.81207333531097 ], [ 24.568598815779534, 49.811778345131941 ], [ 24.568615786078151, 49.81164145812722 ], [ 24.56860199771053, 49.811577121101251 ], [ 24.568264713025631, 49.811599023077143 ], [ 24.56796455086895, 49.811416962601349 ], [ 24.567491503795161, 49.811392322785089 ], [ 24.567487261220499, 49.811553850241012 ], [ 24.567504231519102, 49.811648302486653 ], [ 24.56790409418014, 49.811666782252281 ], [ 24.567898790961817, 49.811723590376516 ], [ 24.567889245168846, 49.811809829088276 ], [ 24.567783180802532, 49.81180093145052 ], [ 24.567642115195323, 49.81177286965918 ], [ 24.567502110231782, 49.811779714000032 ], [ 24.567497867657124, 49.8117331724632 ], [ 24.567451296617925, 49.811734245761393 ], [ 24.567451296617921, 49.811734245761414 ], [ 24.567381196854178, 49.811955613227745 ] ] ] ] } },
{ "type": "Feature", "properties": { "fid": 20, "parcel_number": "5", "parcel_type": "build", "land_category": "building" }, "geometry": { "type": "MultiPolygon", "coordinates": [ [ [ [ 24.56796455086895, 49.811416962601349 ], [ 24.567952883788649, 49.811346465315886 ], [ 24.568050463005662, 49.81134030535403 ], [ 24.56805470558032, 49.811414224844619 ], [ 24.56796455086895, 49.811416962601349 ] ] ] ] } },
{ "type": "Feature", "properties": { "fid": 21, "parcel_number": "7", "parcel_type": "ground", "land_category": "orchard" }, "geometry": { "type": "MultiPolygon", "coordinates": [ [ [ [ 24.568687909847249, 49.811582596596139 ], [ 24.568403657345506, 49.810913212753427 ], [ 24.567917882547761, 49.810920057215839 ], [ 24.567610295885437, 49.810978919552674 ], [ 24.567508474093771, 49.811121283978324 ], [ 24.567491503795161, 49.811392322785089 ], [ 24.56796455086895, 49.811416962601349 ], [ 24.568264713025631, 49.811599023077143 ], [ 24.56860199771053, 49.811577121101251 ], [ 24.568687909847249, 49.811582596596139 ] ], [ [ 24.567952883788649, 49.811346465315886 ], [ 24.568050463005662, 49.81134030535403 ], [ 24.56805470558032, 49.811414224844619 ], [ 24.56796455086895, 49.811416962601349 ], [ 24.567952883788649, 49.811346465315886 ] ] ] ] } },
{ "type": "Feature", "properties": { "fid": 22, "parcel_number": "9", "parcel_type": "ground", "land_category": "pasture" }, "geometry": { "type": "MultiPolygon", "coordinates": [ [ [ [ 24.567370590417561, 49.811993941379285 ], [ 24.568230772428414, 49.812206114526326 ], [ 24.568233162920343, 49.81210161566235 ], [ 24.568233162919437, 49.812101615661909 ], [ 24.568048341718338, 49.812083601758154 ], [ 24.567673934505223, 49.812023371903656 ], [ 24.567381196854178, 49.811955613227745 ], [ 24.567381196854175, 49.811955613227745 ], [ 24.567370590417561, 49.811993941379285 ] ] ] ] } },
{ "type": "Feature", "properties": { "fid": 23, "parcel_number": "6", "parcel_type": "build", "land_category": "building" }, "geometry": { "type": "MultiPolygon", "coordinates": [ [ [ [ 24.568230772428414, 49.812206114526326 ], [ 24.568384565759576, 49.812208852238278 ], [ 24.568375019966613, 49.812143147108785 ], [ 24.568232182391856, 49.812144478880896 ], [ 24.568230772428414, 49.812206114526326 ] ] ] ] } },
{ "type": "Feature", "properties": { "fid": 24, "parcel_number": "6", "parcel_type": "build", "land_category": "yard" }, "geometry": { "type": "MultiPolygon", "coordinates": [ [ [ [ 24.568466235321647, 49.812212958805915 ], [ 24.568548965527373, 49.812179421826727 ], [ 24.56851502493015, 49.812132880674241 ], [ 24.568233162920343, 49.81210161566235 ], [ 24.568231578394339, 49.812170882228507 ], [ 24.568231578394695, 49.812170882228592 ], [ 24.568232182391856, 49.812144478880896 ], [ 24.568375019966613, 49.812143147108785 ], [ 24.568384565759576, 49.812208852238278 ], [ 24.568384565759573, 49.812208852238278 ], [ 24.568466235321647, 49.812212958805915 ] ] ] ] } },
{ "type": "Feature", "properties": { "fid": 25, "parcel_number": "10", "parcel_type": "ground", "land_category": "pasture" }, "geometry": { "type": "MultiPolygon", "coordinates": [ [ [ [ 24.568611543503511, 49.812076073030433 ], [ 24.568651847962705, 49.811729750289587 ], [ 24.568687909847249, 49.811582596596139 ], [ 24.56860199771053, 49.811577121101251 ], [ 24.568615786078151, 49.81164145812722 ], [ 24.568598815779534, 49.811778345131941 ], [ 24.568572299687958, 49.81207333531097 ], [ 24.568506539780838, 49.812111663369301 ], [ 24.568251985301664, 49.812103450216497 ], [ 24.568233162920343, 49.81210161566235 ], [ 24.568515024930146, 49.812132880674241 ], [ 24.568611543503511, 49.812076073030433 ] ] ] ] } },
{ "type": "Feature", "properties": { "fid": 26, "parcel_number": "25", "parcel_type": "ground", "land_category": "common_pasture" }, "geometry": { "type": "MultiPolygon", "coordinates": [ [ [ [ 24.568375019966602, 49.810745523121859 ], [ 24.568271076887616, 49.810400559767189 ], [ 24.568039856569033, 49.810452578208249 ], [ 24.567679237723546, 49.810499120976544 ], [ 24.567610295885437, 49.810978919552674 ], [ 24.567917882547761, 49.810920057215839 ], [ 24.568403657345506, 49.810913212753427 ], [ 24.568375019966602, 49.810745523121859 ] ] ] ] } },
{ "type": "Feature", "properties": { "fid": 27, "parcel_number": "26", "parcel_type": "ground", "land_category": "common_pasture" }, "geometry": { "type": "MultiPolygon", "coordinates": [ [ [ [ 24.568518206861135, 49.810651069114421 ], [ 24.56901458809552, 49.810492276454596 ], [ 24.569337023769126, 49.810403297581253 ], [ 24.569642489144126, 49.810291047076937 ], [ 24.57006674660941, 49.810181534138906 ], [ 24.57034463524916, 49.810125408662145 ], [ 24.570505853085972, 49.810104874934865 ], [ 24.57100435560767, 49.809957031841336 ], [ 24.571314063557324, 49.809851624915538 ], [ 24.571681046264786, 49.80975990701414 ], [ 24.571648166311235, 49.809749640074052 ], [ 24.571473160106805, 49.8097907078213 ], [ 24.570573734280412, 49.809951556162531 ], [ 24.569720976775201, 49.810110350596318 ], [ 24.56898489007294, 49.810259562132629 ], [ 24.56855851132033, 49.810347172361638 ], [ 24.568271076887616, 49.810400559767189 ], [ 24.568375019966602, 49.810745523121859 ], [ 24.568518206861135, 49.810651069114421 ] ] ] ] } },
{ "type": "Feature", "properties": { "fid": 28, "parcel_number": "11", "parcel_type": "ground", "land_category": "garden" }, "geometry": { "type": "MultiPolygon", "coordinates": [ [ [ [ 24.568452446954016, 49.8122458113344 ], [ 24.56845881081599, 49.812334786820458 ], [ 24.568608361572508, 49.81244703258492 ], [ 24.568748366536056, 49.812545589626872 ], [ 24.568924433384144, 49.812618138432285 ], [ 24.568839581891091, 49.812096605921411 ], [ 24.568548965527373, 49.812179421826727 ], [ 24.568466235321647, 49.812212958805915 ], [ 24.568452446954016, 49.8122458113344 ] ] ] ] } },
{ "type": "Feature", "properties": { "fid": 29, "parcel_number": "12", "parcel_type": "ground", "land_category": "garden" }, "geometry": { "type": "MultiPolygon", "coordinates": [ [ [ [ 24.569130198254797, 49.812713957442575 ], [ 24.569340205700115, 49.812775555277589 ], [ 24.569497180962269, 49.812778292957333 ], [ 24.569429299767823, 49.812349844194237 ], [ 24.56938263144664, 49.811992572517241 ], [ 24.569291416091609, 49.811999416827021 ], [ 24.569242626483099, 49.811902227537452 ], [ 24.56902413388848, 49.811973408444715 ], [ 24.568814126443172, 49.81199804796514 ], [ 24.568839581891091, 49.812096605921411 ], [ 24.568924433384144, 49.812618138432285 ], [ 24.569130198254797, 49.812713957442575 ] ] ] ] } },
{ "type": "Feature", "properties": { "fid": 30, "parcel_number": "19", "parcel_type": "ground", "land_category": "garden" }, "geometry": { "type": "MultiPolygon", "coordinates": [ [ [ [ 24.569632943351163, 49.812775555277589 ], [ 24.569772948314704, 49.812720801650357 ], [ 24.569963864174078, 49.812571597701698 ], [ 24.570116596861581, 49.812442926037164 ], [ 24.569970228036059, 49.812338893377415 ], [ 24.569862042382407, 49.812237598204383 ], [ 24.569760220590741, 49.812107556793052 ], [ 24.569698703258279, 49.812019949750535 ], [ 24.569675369097688, 49.811959719816841 ], [ 24.56938263144664, 49.811992572517241 ], [ 24.569429299767823, 49.812349844194237 ], [ 24.569497180962269, 49.812778292957333 ], [ 24.569632943351163, 49.812775555277589 ] ] ] ] } },
{ "type": "Feature", "properties": { "fid": 31, "parcel_number": "13", "parcel_type": "build", "land_category": "building" }, "geometry": { "type": "MultiPolygon", "coordinates": [ [ [ [ 24.569468543583369, 49.811891276619356 ], [ 24.569401723032581, 49.811904965266599 ], [ 24.569447937903224, 49.811985243451623 ], [ 24.56951844936216, 49.811977330250755 ], [ 24.569468543583369, 49.811891276619356 ] ] ] ] } },
{ "type": "Feature", "properties": { "fid": 32, "parcel_number": "13", "parcel_type": "build", "land_category": "building" }, "geometry": { "type": "MultiPolygon", "coordinates": [ [ [ [ 24.569411268825554, 49.811844735189794 ], [ 24.569390055952294, 49.81179682484791 ], [ 24.569544909927121, 49.811772185225024 ], [ 24.569568244087709, 49.811817357857365 ], [ 24.569411268825554, 49.811844735189794 ] ] ] ] } },
{ "type": "Feature", "properties": { "fid": 33, "parcel_number": "13", "parcel_type": "build", "land_category": "building" }, "geometry": { "type": "MultiPolygon", "coordinates": [ [ [ [ 24.569591578248296, 49.811877587968254 ], [ 24.569568244087709, 49.811817357857365 ], [ 24.569619154983545, 49.811809144654639 ], [ 24.569645671075122, 49.811869374775725 ], [ 24.569591578248296, 49.811877587968254 ] ] ] ] } },
{ "type": "Feature", "properties": { "fid": 34, "parcel_number": "13", "parcel_type": "build", "land_category": "yard" }, "geometry": { "type": "MultiPolygon", "coordinates": [ [ [ [ 24.569355054711405, 49.811801615884249 ], [ 24.569401723032581, 49.811904965266599 ], [ 24.569468543583369, 49.811891276619356 ], [ 24.56951844936216, 49.811977330250755 ], [ 24.569474594450018, 49.811982251900851 ], [ 24.569474594450021, 49.811982251900858 ], [ 24.569675369097688, 49.811959719816841 ], [ 24.569645671075122, 49.811869374775725 ], [ 24.569591578248296, 49.811877587968254 ], [ 24.569568244087709, 49.811817357857365 ], [ 24.569411268825554, 49.811844735189794 ], [ 24.569390055952294, 49.81179682484791 ], [ 24.569355054711405, 49.811801615884249 ] ] ], [ [ [ 24.569604305972263, 49.81175849654025 ], [ 24.569544909927121, 49.81177218522501 ], [ 24.56954490992711, 49.811772185225024 ], [ 24.569544909927121, 49.811772185225024 ], [ 24.569568244087709, 49.811817357857365 ], [ 24.569619154983545, 49.811809144654639 ], [ 24.569604305972263, 49.81175849654025 ] ] ] ] } },
{ "type": "Feature", "properties": { "fid": 35, "parcel_number": "7", "parcel_type": "build", "land_category": "building" }, "geometry": { "type": "MultiPolygon", "coordinates": [ [ [ [ 24.568849127684047, 49.811957666522318 ], [ 24.568833218029098, 49.811908387427806 ], [ 24.568985950716606, 49.811891276619335 ], [ 24.569001860371554, 49.811938502435979 ], [ 24.568849127684047, 49.811957666522318 ] ] ] ] } },
{ "type": "Feature", "properties": { "fid": 36, "parcel_number": "7", "parcel_type": "build", "land_category": "building" }, "geometry": { "type": "MultiPolygon", "coordinates": [ [ [ [ 24.569087772508272, 49.811892645484249 ], [ 24.569051710623718, 49.811805722486419 ], [ 24.569116409887176, 49.811795455980281 ], [ 24.569158835633708, 49.811880325698787 ], [ 24.569087772508272, 49.811892645484249 ] ] ] ] } },
{ "type": "Feature", "properties": { "fid": 37, "parcel_number": "7", "parcel_type": "build", "land_category": "yard" }, "geometry": { "type": "MultiPolygon", "coordinates": [ [ [ [ 24.568770640052971, 49.811812566822603 ], [ 24.568814126443172, 49.81199804796514 ], [ 24.56902413388848, 49.811973408444715 ], [ 24.569242626483099, 49.811902227537452 ], [ 24.56920338266756, 49.811781082868066 ], [ 24.569116409887176, 49.811795455980281 ], [ 24.569158835633708, 49.811880325698787 ], [ 24.569087772508272, 49.811892645484249 ], [ 24.569051710623718, 49.811805722486419 ], [ 24.568770640052971, 49.811812566822603 ] ], [ [ 24.569001860371554, 49.811938502435979 ], [ 24.568849127684047, 49.811957666522318 ], [ 24.568833218029098, 49.811908387427806 ], [ 24.568985950716606, 49.811891276619335 ], [ 24.569001860371554, 49.811938502435979 ] ] ] ] } },
{ "type": "Feature", "properties": { "fid": 38, "parcel_number": "18", "parcel_type": "ground", "land_category": "garden" }, "geometry": { "type": "MultiPolygon", "coordinates": [ [ [ [ 24.56952793962849, 49.81159080983732 ], [ 24.569379449515644, 49.81125543468854 ], [ 24.569247929701412, 49.811013141808587 ], [ 24.569061256416688, 49.811045995151531 ], [ 24.568944585613735, 49.811013141808587 ], [ 24.569012466808179, 49.811188359379912 ], [ 24.569124895036484, 49.811508677362696 ], [ 24.56920338266756, 49.811781082868066 ], [ 24.569242626483099, 49.811902227537452 ], [ 24.569291416091609, 49.811999416827021 ], [ 24.56938263144664, 49.811992572517241 ], [ 24.569474594450021, 49.811982251900858 ], [ 24.569474594450018, 49.811982251900851 ], [ 24.569447937903224, 49.811985243451623 ], [ 24.569401723032581, 49.811904965266599 ], [ 24.569355054711405, 49.811801615884249 ], [ 24.569390055952294, 49.81179682484791 ], [ 24.569544909927121, 49.811772185225024 ], [ 24.56954490992711, 49.811772185225024 ], [ 24.569544909927121, 49.81177218522501 ], [ 24.569604305972263, 49.81175849654025 ], [ 24.56952793962849, 49.81159080983732 ] ] ] ] } },
{ "type": "Feature", "properties": { "fid": 39, "parcel_number": "13", "parcel_type": "ground", "land_category": "garden" }, "geometry": { "type": "MultiPolygon", "coordinates": [ [ [ [ 24.568827914810786, 49.811104857335202 ], [ 24.568623210583798, 49.811126759524797 ], [ 24.568726093019119, 49.811463504442244 ], [ 24.568751548467031, 49.811586703216904 ], [ 24.568770640052971, 49.811812566822603 ], [ 24.569051710623718, 49.811805722486419 ], [ 24.569116409887176, 49.811795455980281 ], [ 24.56920338266756, 49.811781082868066 ], [ 24.569124895036484, 49.811508677362696 ], [ 24.569012466808179, 49.811188359379912 ], [ 24.568944585613735, 49.811013141808587 ], [ 24.568827914810786, 49.811104857335202 ] ] ] ] } },
{ "type": "Feature", "properties": { "fid": 40, "parcel_number": "10", "parcel_type": "build", "land_category": "building" }, "geometry": { "type": "MultiPolygon", "coordinates": [ [ [ [ 24.568849127684036, 49.810849559206574 ], [ 24.56888518956859, 49.810904314950825 ], [ 24.569047468049057, 49.810865985936346 ], [ 24.569009284877186, 49.81081807462558 ], [ 24.568849127684036, 49.810849559206574 ] ] ] ] } },
{ "type": "Feature", "properties": { "fid": 41, "parcel_number": "11", "parcel_type": "build", "land_category": "building" }, "geometry": { "type": "MultiPolygon", "coordinates": [ [ [ [ 24.568928675958787, 49.810930323907634 ], [ 24.568971101705309, 49.811009035139172 ], [ 24.569053831911045, 49.810991924012761 ], [ 24.569012466808179, 49.810914581645967 ], [ 24.568928675958787, 49.810930323907634 ] ] ] ] } },
{ "type": "Feature", "properties": { "fid": 42, "parcel_number": "12", "parcel_type": "build", "land_category": "building" }, "geometry": { "type": "MultiPolygon", "coordinates": [ [ [ [ 24.569170502713991, 49.810957017296147 ], [ 24.569251111632394, 49.810944697272504 ], [ 24.569189594299939, 49.810831079128903 ], [ 24.56911322795618, 49.810848190312164 ], [ 24.569170502713991, 49.810957017296147 ] ] ] ] } },
{ "type": "Feature", "properties": { "fid": 43, "parcel_number": "17", "parcel_type": "ground", "land_category": "pasture" }, "geometry": { "type": "MultiPolygon", "coordinates": [ [ [ [ 24.568944585613735, 49.811013141808587 ], [ 24.569061256416688, 49.811045995151531 ], [ 24.569247929701412, 49.811013141808587 ], [ 24.569302022528234, 49.810983026224655 ], [ 24.569154593059054, 49.810695558343781 ], [ 24.568803520006533, 49.810773585508841 ], [ 24.568849127684032, 49.810849559206574 ], [ 24.56888518956859, 49.810904314950825 ], [ 24.568944585613735, 49.811013141808587 ] ], [ [ 24.568849127684036, 49.810849559206574 ], [ 24.569009284877186, 49.81081807462558 ], [ 24.569047468049057, 49.810865985936346 ], [ 24.56888518956859, 49.810904314950825 ], [ 24.568849127684036, 49.810849559206574 ] ], [ [ 24.569251111632394, 49.810944697272504 ], [ 24.569170502713991, 49.810957017296147 ], [ 24.56911322795618, 49.810848190312164 ], [ 24.569189594299939, 49.810831079128903 ], [ 24.569251111632394, 49.810944697272504 ] ], [ [ 24.568971101705309, 49.811009035139172 ], [ 24.568928675958787, 49.810930323907634 ], [ 24.569012466808179, 49.810914581645967 ], [ 24.569053831911045, 49.810991924012761 ], [ 24.568971101705309, 49.811009035139172 ] ] ] ] } },
{ "type": "Feature", "properties": { "fid": 44, "parcel_number": "16", "parcel_type": "ground", "land_category": "pasture" }, "geometry": { "type": "MultiPolygon", "coordinates": [ [ [ [ 24.569098378944886, 49.810552508214478 ], [ 24.568979586854613, 49.810547032603033 ], [ 24.568718668513466, 49.810639433463066 ], [ 24.568803520006533, 49.810773585508841 ], [ 24.569154593059054, 49.810695558343781 ], [ 24.569098378944886, 49.810552508214478 ] ] ] ] } },
{ "type": "Feature", "properties": { "fid": 45, "parcel_number": "20", "parcel_type": "ground", "land_category": "garden" }, "geometry": { "type": "MultiPolygon", "coordinates": [ [ [ [ 24.570010532495242, 49.812323836000218 ], [ 24.570156901320761, 49.81225402446303 ], [ 24.570052958241774, 49.812122614237488 ], [ 24.569989319621982, 49.812010367720632 ], [ 24.569796282475274, 49.812062384431535 ], [ 24.569904468128925, 49.812211589950032 ], [ 24.570010532495242, 49.812323836000218 ] ] ] ] } },
{ "type": "Feature", "properties": { "fid": 46, "parcel_number": "28", "parcel_type": "ground", "land_category": "garden" }, "geometry": { "type": "MultiPolygon", "coordinates": [ [ [ [ 24.570347817180142, 49.812186950538333 ], [ 24.570267208261736, 49.812133565103245 ], [ 24.570173871619374, 49.811963826405588 ], [ 24.569989319621982, 49.812010367720632 ], [ 24.570052958241774, 49.812122614237488 ], [ 24.570156901320761, 49.81225402446303 ], [ 24.570347817180142, 49.812186950538333 ] ] ] ] } },
{ "type": "Feature", "properties": { "fid": 47, "parcel_number": "29", "parcel_type": "ground", "land_category": "garden" }, "geometry": { "type": "MultiPolygon", "coordinates": [ [ [ [ 24.570449638971809, 49.812158204542136 ], [ 24.570492064718341, 49.812100712498541 ], [ 24.570415698374582, 49.811955613227695 ], [ 24.570328725594209, 49.811740701244197 ], [ 24.570089020126321, 49.811781767302051 ], [ 24.570173871619374, 49.811963826405588 ], [ 24.570267208261736, 49.812133565103245 ], [ 24.570347817180142, 49.812186950538333 ], [ 24.570449638971809, 49.812158204542136 ] ] ] ] } },
{ "type": "Feature", "properties": { "fid": 48, "parcel_number": "32", "parcel_type": "ground", "land_category": "garden" }, "geometry": { "type": "MultiPolygon", "coordinates": [ [ [ [ 24.570615099383268, 49.811969301856735 ], [ 24.570540854326843, 49.811844735189766 ], [ 24.570462366695768, 49.811668151123484 ], [ 24.570309634008272, 49.811695528540277 ], [ 24.570328725594209, 49.811740701244197 ], [ 24.570415698374582, 49.811955613227695 ], [ 24.570492064718341, 49.812100712498541 ], [ 24.570615099383268, 49.811969301856735 ] ] ] ] } },
{ "type": "Feature", "properties": { "fid": 49, "parcel_number": "18", "parcel_type": "build", "land_category": "yard" }, "geometry": { "type": "MultiPolygon", "coordinates": [ [ [ [ 24.570428426098548, 49.811575752227384 ], [ 24.57026720826174, 49.811599707513679 ], [ 24.570309634008272, 49.811695528540277 ], [ 24.570462366695768, 49.811668151123484 ], [ 24.570428426098548, 49.811575752227384 ] ] ] ] } },
{ "type": "Feature", "properties": { "fid": 50, "parcel_number": "17", "parcel_type": "build", "land_category": "yard" }, "geometry": { "type": "MultiPolygon", "coordinates": [ [ [ [ 24.570058721416668, 49.811695739367416 ], [ 24.570261905043434, 49.811662675638267 ], [ 24.570278875342037, 49.811706479502682 ], [ 24.570074703799069, 49.811741118572144 ], [ 24.570089020126321, 49.811781767302051 ], [ 24.570328725594209, 49.811740701244197 ], [ 24.570309634008272, 49.811695528540277 ], [ 24.570267208261743, 49.811599707513686 ], [ 24.570267208261736, 49.811599707513679 ], [ 24.570041291161488, 49.811646249178871 ], [ 24.570058721416668, 49.811695739367416 ] ] ] ] } },
{ "type": "Feature", "properties": { "fid": 51, "parcel_number": "17", "parcel_type": "build", "land_category": "building" }, "geometry": { "type": "MultiPolygon", "coordinates": [ [ [ [ 24.570074703799069, 49.811741118572144 ], [ 24.570278875342037, 49.811706479502682 ], [ 24.570261905043434, 49.811662675638267 ], [ 24.570058721416668, 49.811695739367416 ], [ 24.570074703799069, 49.811741118572144 ] ] ] ] } },
{ "type": "Feature", "properties": { "fid": 52, "parcel_number": "102", "parcel_type": "ground", "land_category": "garden" }, "geometry": { "type": "MultiPolygon", "coordinates": [ [ [ [ 24.569008224233524, 49.813490768844083 ], [ 24.569027315819465, 49.813405901949636 ], [ 24.569260657425374, 49.813386738436748 ], [ 24.569243687126761, 49.813492137663722 ], [ 24.569156714346381, 49.813524989323916 ], [ 24.569080348002629, 49.813522251686429 ], [ 24.569008224233524, 49.813490768844083 ] ] ] ] } },
{ "type": "Feature", "properties": { "fid": 53, "parcel_number": "190", "parcel_type": "build", "land_category": "yard" }, "geometry": { "type": "MultiPolygon", "coordinates": [ [ [ [ 24.569149289840723, 49.813605749560423 ], [ 24.569310507677539, 49.813587954943635 ], [ 24.569321010295834, 49.813626358448175 ], [ 24.569442027491771, 49.813611224825827 ], [ 24.569465361652362, 49.813386054025436 ], [ 24.569260657425374, 49.813386738436748 ], [ 24.569255900026175, 49.813416285718716 ], [ 24.569380510159309, 49.813419590168486 ], [ 24.569374146297328, 49.813453126288309 ], [ 24.569312628964855, 49.813449704236319 ], [ 24.569303083171896, 49.813495559712713 ], [ 24.569243687126761, 49.813492137663722 ], [ 24.569156714346381, 49.813524989323916 ], [ 24.569149289840723, 49.813605749560423 ] ] ] ] } },
{ "type": "Feature", "properties": { "fid": 54, "parcel_number": "190", "parcel_type": "build", "land_category": "building" }, "geometry": { "type": "MultiPolygon", "coordinates": [ [ [ [ 24.569243687126761, 49.813492137663722 ], [ 24.569303083171896, 49.813495559712713 ], [ 24.569312628964855, 49.813449704236319 ], [ 24.569374146297328, 49.813453126288309 ], [ 24.569380510159309, 49.813419590168486 ], [ 24.569255900026175, 49.813416285718716 ], [ 24.569243687126761, 49.813492137663722 ] ] ] ] } },
{ "type": "Feature", "properties": { "fid": 55, "parcel_number": "190", "parcel_type": "build", "land_category": "building" }, "geometry": { "type": "MultiPolygon", "coordinates": [ [ [ [ 24.569321010295834, 49.813626358448175 ], [ 24.569310507677539, 49.813587954943635 ], [ 24.569149289840723, 49.813605749560423 ], [ 24.569168381426667, 49.813645445220494 ], [ 24.569321010295834, 49.813626358448175 ] ] ] ] } },
{ "type": "Feature", "properties": { "fid": 56, "parcel_number": "190", "parcel_type": "build", "land_category": "building" }, "geometry": { "type": "MultiPolygon", "coordinates": [ [ [ [ 24.569149289840723, 49.813605749560423 ], [ 24.569156714346381, 49.813524989323916 ], [ 24.569080348002629, 49.813522251686429 ], [ 24.569072923496975, 49.813609856009542 ], [ 24.569149289840723, 49.813605749560423 ] ] ] ] } },
{ "type": "Feature", "properties": { "fid": 57, "parcel_number": "103", "parcel_type": "ground", "land_category": "pasture" }, "geometry": { "type": "MultiPolygon", "coordinates": [ [ [ [ 24.568982371044253, 49.813642707589814 ], [ 24.569179650765598, 49.813661871001351 ], [ 24.569398143360203, 49.813674874740556 ], [ 24.569398345117737, 49.813616687459557 ], [ 24.569321010295834, 49.813626358448175 ], [ 24.569168381426667, 49.813645445220494 ], [ 24.569149289840723, 49.813605749560423 ], [ 24.569072923496975, 49.813609856009542 ], [ 24.569080348002629, 49.813522251686429 ], [ 24.569008224233521, 49.813490768844083 ], [ 24.568982371044253, 49.813642707589814 ] ] ] ] } },
{ "type": "Feature", "properties": { "fid": 58, "parcel_number": "104", "parcel_type": "ground", "land_category": "garden" }, "geometry": { "type": "MultiPolygon", "coordinates": [ [ [ [ 24.568943127228703, 49.813942477229709 ], [ 24.568945248516034, 49.814192968244441 ], [ 24.568949491090688, 49.814302472105872 ], [ 24.569210409431818, 49.814257301793042 ], [ 24.569420416877126, 49.814227188227733 ], [ 24.569405567865843, 49.814064300890607 ], [ 24.569394961429207, 49.813811071588731 ], [ 24.569398143360203, 49.813674874740556 ], [ 24.569179650765598, 49.813661871001351 ], [ 24.568982371044253, 49.813642707589814 ], [ 24.568943127228703, 49.813942477229709 ] ] ] ] } },
{ "type": "Feature", "properties": { "fid": 59, "parcel_number": "189", "parcel_type": "build", "land_category": "building" }, "geometry": { "type": "MultiPolygon", "coordinates": [ [ [ [ 24.569021614859782, 49.814413686711525 ], [ 24.569008887135826, 49.814352090961506 ], [ 24.569261320327659, 49.814319239862769 ], [ 24.569271926764291, 49.814378098065518 ], [ 24.569021614859782, 49.814413686711525 ] ] ] ] } },
{ "type": "Feature", "properties": { "fid": 60, "parcel_number": "105", "parcel_type": "ground", "land_category": "pasture" }, "geometry": { "type": "MultiPolygon", "coordinates": [ [ [ [ 24.569421488887212, 49.814387704067236 ], [ 24.569405567865847, 49.814353459756795 ], [ 24.569492108417816, 49.814342084593108 ], [ 24.569464963910988, 49.814293917125603 ], [ 24.569420416877126, 49.814227188227733 ], [ 24.569210409431818, 49.814257301793042 ], [ 24.568949491090688, 49.814302472105872 ], [ 24.568955854952669, 49.814384257640739 ], [ 24.568967522032967, 49.814447222142462 ], [ 24.569286775775577, 49.814404105155553 ], [ 24.569421488887212, 49.814387704067236 ] ], [ [ 24.569021614859782, 49.814413686711525 ], [ 24.569008887135826, 49.814352090961506 ], [ 24.569261320327659, 49.814319239862769 ], [ 24.569271926764291, 49.814378098065518 ], [ 24.569021614859782, 49.814413686711525 ] ] ] ] } },
{ "type": "Feature", "properties": { "fid": 61, "parcel_number": "188", "parcel_type": "build", "land_category": "building" }, "geometry": { "type": "MultiPolygon", "coordinates": [ [ [ [ 24.569492108417816, 49.814342084593108 ], [ 24.569405567865847, 49.814353459756795 ], [ 24.569421488887212, 49.814387704067236 ], [ 24.569511632232164, 49.814376729270919 ], [ 24.569492108417816, 49.814342084593108 ] ] ] ] } },
{ "type": "Feature", "properties": { "fid": 62, "parcel_number": "110", "parcel_type": "ground", "land_category": "garden" }, "geometry": { "type": "MultiPolygon", "coordinates": [ [ [ [ 24.569441629750401, 49.813629361637993 ], [ 24.569508450301178, 49.813626624006396 ], [ 24.56949996515187, 49.813478791670391 ], [ 24.569652697839363, 49.813469209929337 ], [ 24.569645273333723, 49.813368601533611 ], [ 24.569544512185718, 49.813386396231067 ], [ 24.569465361652362, 49.813386054025436 ], [ 24.569442027491771, 49.813611224825827 ], [ 24.569441629750401, 49.813629361637993 ] ] ] ] } },
{ "type": "Feature", "properties": { "fid": 63, "parcel_number": "183", "parcel_type": "build", "land_category": "yard" }, "geometry": { "type": "MultiPolygon", "coordinates": [ [ [ [ 24.56957135397975, 49.813561203471465 ], [ 24.569844674342399, 49.81354449498658 ], [ 24.569849589194384, 49.813607017629302 ], [ 24.569929525835452, 49.813601985315088 ], [ 24.569918466360569, 49.81351144175779 ], [ 24.569849977560708, 49.813513696568222 ], [ 24.569854220135365, 49.813432251767459 ], [ 24.569908652235402, 49.813431093837657 ], [ 24.569895585238225, 49.813324114761343 ], [ 24.569645273333723, 49.813368601533611 ], [ 24.569648114438682, 49.813407100933524 ], [ 24.569720579033806, 49.813400768866558 ], [ 24.569742852550732, 49.813501377195379 ], [ 24.569660122345006, 49.813510958930095 ], [ 24.569569967633637, 49.813518487434592 ], [ 24.56957135397975, 49.813561203471465 ] ] ] ] } },
{ "type": "Feature", "properties": { "fid": 64, "parcel_number": "183", "parcel_type": "build", "land_category": "building" }, "geometry": { "type": "MultiPolygon", "coordinates": [ [ [ [ 24.569908652235402, 49.813431093837657 ], [ 24.569854220135365, 49.813432251767459 ], [ 24.569849977560708, 49.813513696568222 ], [ 24.569918466360569, 49.81351144175779 ], [ 24.569908652235402, 49.813431093837657 ] ] ] ] } },
{ "type": "Feature", "properties": { "fid": 65, "parcel_number": "183", "parcel_type": "build", "land_category": "building" }, "geometry": { "type": "MultiPolygon", "coordinates": [ [ [ [ 24.56957335637318, 49.813622901131744 ], [ 24.569569967633637, 49.813518487434592 ], [ 24.569660122345006, 49.813510958930095 ], [ 24.569652697839363, 49.813469209929337 ], [ 24.56949996515187, 49.813478791670391 ], [ 24.569508450301178, 49.813626624006396 ], [ 24.56957335637318, 49.813622901131744 ] ] ] ] } },
{ "type": "Feature", "properties": { "fid": 66, "parcel_number": "183", "parcel_type": "build", "land_category": "building" }, "geometry": { "type": "MultiPolygon", "coordinates": [ [ [ [ 24.569652697839363, 49.813469209929337 ], [ 24.569733225287123, 49.813457891341493 ], [ 24.569720579033806, 49.813400768866558 ], [ 24.569648114438682, 49.813407100933524 ], [ 24.569652697839363, 49.813469209929337 ] ] ] ] } },
{ "type": "Feature", "properties": { "fid": 67, "parcel_number": "183", "parcel_type": "build", "land_category": "building" }, "geometry": { "type": "MultiPolygon", "coordinates": [ [ [ [ 24.569733225287123, 49.813457891341493 ], [ 24.569652697839363, 49.813469209929337 ], [ 24.569660122345006, 49.813510958930095 ], [ 24.569742852550732, 49.813501377195379 ], [ 24.569733225287123, 49.813457891341493 ] ] ] ] } },
{ "type": "Feature", "properties": { "fid": 68, "parcel_number": "183", "parcel_type": "build", "land_category": "building" }, "geometry": { "type": "MultiPolygon", "coordinates": [ [ [ [ 24.569714983385289, 49.813614777706654 ], [ 24.569705681854714, 49.813552991806418 ], [ 24.56957135397975, 49.813561203471465 ], [ 24.56957335637318, 49.813622901131744 ], [ 24.569714983385289, 49.813614777706654 ] ] ] ] } },
{ "type": "Feature", "properties": { "fid": 69, "parcel_number": "183", "parcel_type": "build", "land_category": "building" }, "geometry": { "type": "MultiPolygon", "coordinates": [ [ [ [ 24.569705681854714, 49.813552991806418 ], [ 24.569714983385289, 49.813614777706654 ], [ 24.569842553055071, 49.813607460580911 ], [ 24.569849589194384, 49.813607017629302 ], [ 24.569844674342399, 49.81354449498658 ], [ 24.569705681854714, 49.813552991806418 ] ] ] ] } },
{ "type": "Feature", "properties": { "fid": 70, "parcel_number": "108", "parcel_type": "ground", "land_category": "orchard" }, "geometry": { "type": "MultiPolygon", "coordinates": [ [ [ [ 24.569440569106739, 49.813820311059501 ], [ 24.569459660692676, 49.814195363644004 ], [ 24.569546633473053, 49.814371938489501 ], [ 24.569512692875836, 49.814087228343034 ], [ 24.569589059219581, 49.814083806335908 ], [ 24.569581634713941, 49.813790881627888 ], [ 24.56957335637318, 49.813622901131751 ], [ 24.569573356373169, 49.813622901131744 ], [ 24.569508450301178, 49.813626624006396 ], [ 24.569441629750401, 49.813629361637993 ], [ 24.569440569106739, 49.813820311059501 ] ] ] ] } },
{ "type": "Feature", "properties": { "fid": 71, "parcel_number": "109", "parcel_type": "ground", "land_category": "garden" }, "geometry": { "type": "MultiPolygon", "coordinates": [ [ [ [ 24.569793763446572, 49.814086543941634 ], [ 24.569953920639705, 49.814081753131511 ], [ 24.569909373605856, 49.813754608117762 ], [ 24.569887090088756, 49.813604656806071 ], [ 24.569887090088628, 49.813604656806021 ], [ 24.569849589194384, 49.813607017629302 ], [ 24.569842553055071, 49.813607460580911 ], [ 24.569714983385289, 49.813614777706654 ], [ 24.56957335637318, 49.813622901131744 ], [ 24.569573356373169, 49.813622901131744 ], [ 24.56957335637318, 49.813622901131751 ], [ 24.569581634713941, 49.813790881627888 ], [ 24.569589059219581, 49.814083806335908 ], [ 24.569793763446572, 49.814086543941634 ] ] ] ] } },
{ "type": "Feature", "properties": { "fid": 72, "parcel_number": "107", "parcel_type": "ground", "land_category": "pasture" }, "geometry": { "type": "MultiPolygon", "coordinates": [ [ [ [ 24.569635381501403, 49.814251243936418 ], [ 24.569631484966116, 49.814198443443374 ], [ 24.569827704043796, 49.814192968244413 ], [ 24.569824522112828, 49.814244298210298 ], [ 24.569824522112825, 49.814244298210305 ], [ 24.569824522112828, 49.814244298210305 ], [ 24.569978315443961, 49.814211104838584 ], [ 24.569965587720009, 49.814136505219025 ], [ 24.569965471392116, 49.814135959307379 ], [ 24.569804369883212, 49.814143007025315 ], [ 24.569799643501611, 49.814086368050518 ], [ 24.569793763446572, 49.814086543941634 ], [ 24.569589059219581, 49.814083806335908 ], [ 24.569609469492061, 49.814252195491555 ], [ 24.569635381501403, 49.814251243936418 ] ] ] ] } },
{ "type": "Feature", "properties": { "fid": 73, "parcel_number": "187", "parcel_type": "build", "land_category": "building" }, "geometry": { "type": "MultiPolygon", "coordinates": [ [ [ [ 24.569541611013353, 49.814329807773802 ], [ 24.569618757242154, 49.814328821435538 ], [ 24.569589059219581, 49.814083806335908 ], [ 24.569512692875836, 49.814087228343034 ], [ 24.569541611013353, 49.814329807773802 ] ] ] ] } },
{ "type": "Feature", "properties": { "fid": 74, "parcel_number": "184", "parcel_type": "build", "land_category": "building" }, "geometry": { "type": "MultiPolygon", "coordinates": [ [ [ [ 24.569799643501611, 49.814086368050518 ], [ 24.569804369883212, 49.814143007025315 ], [ 24.569965471392116, 49.814135959307379 ], [ 24.569953920639705, 49.814081753131511 ], [ 24.569799643501611, 49.814086368050518 ] ] ] ] } },
{ "type": "Feature", "properties": { "fid": 75, "parcel_number": "185", "parcel_type": "build", "land_category": "building" }, "geometry": { "type": "MultiPolygon", "coordinates": [ [ [ [ 24.569978315443961, 49.814211104838584 ], [ 24.569824522112814, 49.814244298210305 ], [ 24.56985422013538, 49.814289468535272 ], [ 24.569996120581248, 49.814257061143778 ], [ 24.569978315443961, 49.814211104838584 ] ] ] ] } },
{ "type": "Feature", "properties": { "fid": 76, "parcel_number": "106", "parcel_type": "ground", "land_category": "orchard" }, "geometry": { "type": "MultiPolygon", "coordinates": [ [ [ [ 24.569824522112828, 49.814244298210305 ], [ 24.569824522112814, 49.814244298210298 ], [ 24.569609469492061, 49.814252195491555 ], [ 24.569618757242154, 49.814328821435538 ], [ 24.569541611013353, 49.814329807773802 ], [ 24.569546633473053, 49.814371938489501 ], [ 24.569775732504304, 49.81436235692528 ], [ 24.570020741190493, 49.814320608658988 ], [ 24.569996120581248, 49.814257061143778 ], [ 24.56985422013538, 49.814289468535272 ], [ 24.569824522112814, 49.814244298210305 ], [ 24.569824522112828, 49.814244298210305 ] ] ] ] } },
{ "type": "Feature", "properties": { "fid": 77, "parcel_number": "186", "parcel_type": "build", "land_category": "building" }, "geometry": { "type": "MultiPolygon", "coordinates": [ [ [ [ 24.569824522112825, 49.814244298210305 ], [ 24.569824522112828, 49.814244298210298 ], [ 24.569827704043796, 49.814192968244413 ], [ 24.569631484966116, 49.814198443443374 ], [ 24.569635381501403, 49.814251243936418 ], [ 24.569824522112814, 49.814244298210298 ], [ 24.569824522112825, 49.814244298210305 ] ] ] ] } },
{ "type": "Feature", "properties": { "fid": 78, "parcel_number": "1395", "parcel_type": "ground", "land_category": "field" }, "geometry": { "type": "MultiPolygon", "coordinates": [ [ [ [ 24.567458756422159, 49.814710029612904 ], [ 24.567730281199928, 49.814658015747654 ], [ 24.567577548512432, 49.814036582612658 ], [ 24.567499060881357, 49.813682061015953 ], [ 24.567492697019379, 49.813572555750675 ], [ 24.567513909892639, 49.813439780284178 ], [ 24.56760512524767, 49.813259095559047 ], [ 24.567713310901315, 49.813109893269939 ], [ 24.567471484146107, 49.812983960704642 ], [ 24.567369662354452, 49.812901830594214 ], [ 24.567225414816264, 49.813075672496574 ], [ 24.567161776196475, 49.813231719026696 ], [ 24.567140563323211, 49.813360388594099 ], [ 24.567163897483802, 49.81354791703184 ], [ 24.567280568286741, 49.814018788154257 ], [ 24.567458756422159, 49.814710029612904 ] ] ] ] } },
{ "type": "Feature", "properties": { "fid": 79, "parcel_number": "1394", "parcel_type": "ground", "land_category": "field" }, "geometry": { "type": "MultiPolygon", "coordinates": [ [ [ [ 24.567812577965267, 49.814644076206768 ], [ 24.567764221797141, 49.814428059041894 ], [ 24.567717553475958, 49.814203576441805 ], [ 24.567692098028051, 49.813990043246108 ], [ 24.567662400005485, 49.813702593225599 ], [ 24.567666642580136, 49.813593088006797 ], [ 24.567681491591415, 49.813465787878471 ], [ 24.5677451302112, 49.813352175653215 ], [ 24.567852765911756, 49.813186312281033 ], [ 24.567829981704254, 49.813174228258333 ], [ 24.567713310901315, 49.813109893269939 ], [ 24.56760512524767, 49.813259095559047 ], [ 24.567513909892639, 49.813439780284178 ], [ 24.567492697019379, 49.813572555750675 ], [ 24.567499060881357, 49.813682061015953 ], [ 24.567577548512432, 49.814036582612658 ], [ 24.567730281199928, 49.814658015747654 ], [ 24.567812577965267, 49.814644076206768 ] ] ] ] } },
{ "type": "Feature", "properties": { "fid": 80, "parcel_number": "1393", "parcel_type": "ground", "land_category": "field" }, "geometry": { "type": "MultiPolygon", "coordinates": [ [ [ [ 24.567852765911756, 49.813186312281033 ], [ 24.5677451302112, 49.813352175653215 ], [ 24.567681491591415, 49.813465787878471 ], [ 24.567666642580136, 49.813593088006797 ], [ 24.567662400005485, 49.813702593225599 ], [ 24.567692098028051, 49.813990043246108 ], [ 24.567717553475958, 49.814203576441805 ], [ 24.567764221797141, 49.814428059041894 ], [ 24.567812577965267, 49.814644076206768 ], [ 24.56789998418602, 49.814629271219196 ], [ 24.567855437152172, 49.814408895933752 ], [ 24.567810890118317, 49.814125554806466 ], [ 24.567785434670402, 49.813838105590861 ], [ 24.567804526256335, 49.813630046045859 ], [ 24.567840588140889, 49.813508221291777 ], [ 24.567942409932552, 49.813311110927856 ], [ 24.567984835679077, 49.813256357906518 ], [ 24.567852765911756, 49.813186312281033 ] ] ] ] } },
{ "type": "Feature", "properties": { "fid": 81, "parcel_number": "1392", "parcel_type": "ground", "land_category": "field" }, "geometry": { "type": "MultiPolygon", "coordinates": [ [ [ [ 24.567984835679077, 49.814612845766689 ], [ 24.567957258943839, 49.814452697312646 ], [ 24.567921197059281, 49.814174831643427 ], [ 24.567908469335329, 49.813881907486362 ], [ 24.567933924783237, 49.813660159982724 ], [ 24.56796998666778, 49.813510958930081 ], [ 24.56808877875806, 49.813311110927856 ], [ 24.567984835679077, 49.813256357906518 ], [ 24.567942409932552, 49.813311110927856 ], [ 24.567840588140889, 49.813508221291777 ], [ 24.567804526256335, 49.813630046045859 ], [ 24.567785434670402, 49.813838105590861 ], [ 24.567810890118317, 49.814125554806466 ], [ 24.567855437152172, 49.814408895933752 ], [ 24.56789998418602, 49.814629271219196 ], [ 24.567984835679077, 49.814612845766689 ] ] ] ] } },
{ "type": "Feature", "properties": { "fid": 82, "parcel_number": "99", "parcel_type": "ground", "land_category": "garden" }, "geometry": { "type": "MultiPolygon", "coordinates": [ [ [ [ 24.574225662993072, 49.81155556133406 ], [ 24.574548098666664, 49.811498068574593 ], [ 24.574399608553829, 49.811261252440559 ], [ 24.57428293775088, 49.811064132925104 ], [ 24.574070809018252, 49.811175012751335 ], [ 24.574104749615476, 49.811289998969492 ], [ 24.574225662993072, 49.81155556133406 ] ] ] ] } },
{ "type": "Feature", "properties": { "fid": 83, "parcel_number": "97", "parcel_type": "ground", "land_category": "garden" }, "geometry": { "type": "MultiPolygon", "coordinates": [ [ [ [ 24.57469658877951, 49.811139421723681 ], [ 24.574588403125865, 49.811027172926586 ], [ 24.574495066483507, 49.810906710513272 ], [ 24.574335969934033, 49.810964203975203 ], [ 24.574246875866333, 49.811003901801911 ], [ 24.57428293775088, 49.811064132925104 ], [ 24.574370206431567, 49.811211576498103 ], [ 24.57469658877951, 49.811139421723681 ] ] ] ] } },
{ "type": "Feature", "properties": { "fid": 84, "parcel_number": "98", "parcel_type": "ground", "land_category": "garden" }, "geometry": { "type": "MultiPolygon", "coordinates": [ [ [ [ 24.574730529376737, 49.811487117565044 ], [ 24.57490447493749, 49.811424149212066 ], [ 24.574870534340267, 49.811358443017255 ], [ 24.574832351168393, 49.811291367851389 ], [ 24.57469658877951, 49.811139421723681 ], [ 24.574370206431567, 49.811211576498103 ], [ 24.574399608553829, 49.811261252440559 ], [ 24.574548098666664, 49.811498068574593 ], [ 24.574730529376737, 49.811487117565044 ] ] ] ] } },
{ "type": "Feature", "properties": { "fid": 85, "parcel_number": "96", "parcel_type": "ground", "land_category": "garden" }, "geometry": { "type": "MultiPolygon", "coordinates": [ [ [ [ 24.575012660591135, 49.811229083685561 ], [ 24.574909778155803, 49.811101777339033 ], [ 24.574857806616311, 49.81101416847595 ], [ 24.574841896961363, 49.810985421783187 ], [ 24.574845078892352, 49.810952568399138 ], [ 24.574705073928815, 49.811008008471788 ], [ 24.574671133331591, 49.810970363984929 ], [ 24.574570796455124, 49.811004449353135 ], [ 24.574588403125865, 49.811027172926586 ], [ 24.57469658877951, 49.811139421723681 ], [ 24.574832351168393, 49.811291367851389 ], [ 24.575012660591135, 49.811229083685561 ] ] ] ] } },
{ "type": "Feature", "properties": { "fid": 86, "parcel_number": "95", "parcel_type": "ground", "land_category": "orchard" }, "geometry": { "type": "MultiPolygon", "coordinates": [ [ [ [ 24.575135695256051, 49.811356389697224 ], [ 24.575012660591135, 49.811229083685561 ], [ 24.574832351168393, 49.811291367851389 ], [ 24.574870534340267, 49.811358443017255 ], [ 24.57490447493749, 49.811424149212066 ], [ 24.575135695256051, 49.811356389697224 ] ] ] ] } },
{ "type": "Feature", "properties": { "fid": 87, "parcel_number": "94", "parcel_type": "ground", "land_category": "garden" }, "geometry": { "type": "MultiPolygon", "coordinates": [ [ [ [ 24.5752406989787, 49.811321483243475 ], [ 24.575219486105439, 49.811260567999177 ], [ 24.575160090060294, 49.811127786189729 ], [ 24.575108118520802, 49.81108671957697 ], [ 24.575144180405346, 49.811011430696396 ], [ 24.575072056636259, 49.810982684002028 ], [ 24.575011599947459, 49.810921083885148 ], [ 24.574908717512127, 49.81095051506189 ], [ 24.574852503397988, 49.810873172628924 ], [ 24.574757045468296, 49.810870434841412 ], [ 24.574845078892352, 49.810952568399138 ], [ 24.574841896961363, 49.810985421783187 ], [ 24.574857806616311, 49.81101416847595 ], [ 24.574909778155803, 49.811101777339033 ], [ 24.575012660591135, 49.811229083685561 ], [ 24.575135695256051, 49.811356389697224 ], [ 24.5752406989787, 49.811321483243475 ] ] ] ] } },
{ "type": "Feature", "properties": { "fid": 88, "parcel_number": "43", "parcel_type": "build", "land_category": "yard" }, "geometry": { "type": "MultiPolygon", "coordinates": [ [ [ [ 24.574532002184181, 49.810954380576476 ], [ 24.574591585056851, 49.81093614169874 ], [ 24.574633606584339, 49.810983112169275 ], [ 24.574671133331591, 49.810970363984929 ], [ 24.574771894479582, 49.810934772806796 ], [ 24.574805525644386, 49.810968230950557 ], [ 24.574845078892352, 49.810952568399138 ], [ 24.574757045468296, 49.810870434841412 ], [ 24.574590338034643, 49.810893518464567 ], [ 24.574606434068134, 49.810921083885155 ], [ 24.574521035625796, 49.810940226884469 ], [ 24.574532002184181, 49.810954380576476 ] ] ] ] } },
{ "type": "Feature", "properties": { "fid": 89, "parcel_number": "43", "parcel_type": "build", "land_category": "building" }, "geometry": { "type": "MultiPolygon", "coordinates": [ [ [ [ 24.574805525644386, 49.810968230950557 ], [ 24.574771894479582, 49.810934772806796 ], [ 24.574671133331591, 49.810970363984929 ], [ 24.574705073928815, 49.811008008471788 ], [ 24.574805525644386, 49.810968230950557 ] ] ] ] } },
{ "type": "Feature", "properties": { "fid": 90, "parcel_number": "43", "parcel_type": "build", "land_category": "building" }, "geometry": { "type": "MultiPolygon", "coordinates": [ [ [ [ 24.574521035625796, 49.810940226884469 ], [ 24.574606434068134, 49.810921083885155 ], [ 24.574590338034643, 49.810893518464567 ], [ 24.574495066483507, 49.810906710513272 ], [ 24.574521035625796, 49.810940226884469 ] ] ] ] } },
{ "type": "Feature", "properties": { "fid": 91, "parcel_number": "43", "parcel_type": "build", "land_category": "building" }, "geometry": { "type": "MultiPolygon", "coordinates": [ [ [ [ 24.574633606584339, 49.810983112169275 ], [ 24.574591585056851, 49.81093614169874 ], [ 24.574532002184181, 49.810954380576476 ], [ 24.574588403125865, 49.811027172926586 ], [ 24.574570796455124, 49.811004449353135 ], [ 24.574633606584339, 49.810983112169275 ] ] ] ] } },
{ "type": "Feature", "properties": { "fid": 92, "parcel_number": "44", "parcel_type": "build", "land_category": "yard" }, "geometry": { "type": "MultiPolygon", "coordinates": [ [ [ [ 24.575258729920979, 49.810906026066881 ], [ 24.5751802422899, 49.810835528037195 ], [ 24.575255456417256, 49.810807128909843 ], [ 24.575234335116729, 49.810787616696281 ], [ 24.57501584252212, 49.810832105800131 ], [ 24.574852503397988, 49.810873172628924 ], [ 24.574884554608786, 49.810917270441571 ], [ 24.574978719993908, 49.810886177117446 ], [ 24.575011599947459, 49.810921083885148 ], [ 24.575072056636259, 49.810982684002028 ], [ 24.575079369161212, 49.810985598587919 ], [ 24.575168575209613, 49.810914923869149 ], [ 24.575220681640481, 49.81094103682085 ], [ 24.575258729920979, 49.810906026066881 ] ] ] ] } },
{ "type": "Feature", "properties": { "fid": 93, "parcel_number": "44", "parcel_type": "build", "land_category": "building" }, "geometry": { "type": "MultiPolygon", "coordinates": [ [ [ [ 24.575011599947459, 49.810921083885148 ], [ 24.574978719993908, 49.810886177117446 ], [ 24.574884554608786, 49.810917270441571 ], [ 24.574908717512127, 49.81095051506189 ], [ 24.575011599947459, 49.810921083885148 ] ] ] ] } },
{ "type": "Feature", "properties": { "fid": 94, "parcel_number": "44", "parcel_type": "build", "land_category": "building" }, "geometry": { "type": "MultiPolygon", "coordinates": [ [ [ [ 24.575220681640481, 49.81094103682085 ], [ 24.575168575209613, 49.810914923869149 ], [ 24.575079369161212, 49.810985598587919 ], [ 24.575144180405342, 49.811011430696396 ], [ 24.575220681640481, 49.81094103682085 ] ] ] ] } },
{ "type": "Feature", "properties": { "fid": 95, "parcel_number": "44", "parcel_type": "build", "land_category": "building" }, "geometry": { "type": "MultiPolygon", "coordinates": [ [ [ [ 24.575255456417256, 49.810807128909843 ], [ 24.5751802422899, 49.810835528037195 ], [ 24.575258729920979, 49.810906026066881 ], [ 24.575335096264723, 49.810880701543759 ], [ 24.575255456417256, 49.810807128909843 ] ] ] ] } },
{ "type": "Feature", "properties": { "fid": 96, "parcel_number": "92", "parcel_type": "ground", "land_category": "garden" }, "geometry": { "type": "MultiPolygon", "coordinates": [ [ [ [ 24.575341460126701, 49.810706851757089 ], [ 24.575381764585902, 49.810771189939906 ], [ 24.575528133411414, 49.810772558836483 ], [ 24.5755716198016, 49.810724647433226 ], [ 24.575580104950905, 49.810606922069525 ], [ 24.575459191573305, 49.810619242179122 ], [ 24.575408280677475, 49.810639775688202 ], [ 24.575341460126701, 49.810706851757089 ] ] ] ] } },
{ "type": "Feature", "properties": { "fid": 97, "parcel_number": "109", "parcel_type": "build", "land_category": "building" }, "geometry": { "type": "MultiPolygon", "coordinates": [ [ [ [ 24.575822992349771, 49.810602130914923 ], [ 24.57590360126817, 49.810666469236963 ], [ 24.576052091381012, 49.810593233055158 ], [ 24.575971482462609, 49.810531632442618 ], [ 24.575822992349771, 49.810602130914923 ] ] ] ] } },
{ "type": "Feature", "properties": { "fid": 98, "parcel_number": "235", "parcel_type": "ground", "land_category": "common_pasture" }, "geometry": { "type": "MultiPolygon", "coordinates": [ [ [ [ 24.576122093862779, 49.810610344322519 ], [ 24.575989513404888, 49.81068426492795 ], [ 24.575947087658356, 49.810707536206294 ], [ 24.576113608713477, 49.810902603834791 ], [ 24.576257856251669, 49.811053181817371 ], [ 24.576264220113643, 49.811081928469882 ], [ 24.576704387233857, 49.811075084030357 ], [ 24.576923940472128, 49.811025804037193 ], [ 24.577262285800668, 49.811021697368851 ], [ 24.577036368700423, 49.810946408387139 ], [ 24.576683174360589, 49.810908079405998 ], [ 24.576584534499915, 49.810891652690515 ], [ 24.576519835236461, 49.810872488182049 ], [ 24.576261038182651, 49.810731491922319 ], [ 24.576122093862779, 49.810610344322519 ] ] ] ] } },
{ "type": "Feature", "properties": { "fid": 99, "parcel_number": "236", "parcel_type": "ground", "land_category": "common_pasture" }, "geometry": { "type": "MultiPolygon", "coordinates": [ [ [ [ 24.575921632210445, 49.810467293941358 ], [ 24.575841023292043, 49.810345461225943 ], [ 24.575792233683543, 49.810237317322773 ], [ 24.575739201500383, 49.810083998969965 ], [ 24.575701018328513, 49.809770516183363 ], [ 24.575745565362361, 49.809637730286063 ], [ 24.575896176762527, 49.809577497387806 ], [ 24.576046788162703, 49.809422808010204 ], [ 24.576040424300714, 49.809361205908054 ], [ 24.575896176762527, 49.809255797684699 ], [ 24.575503738607164, 49.80958844882943 ], [ 24.57529160987453, 49.80976093370812 ], [ 24.575302216311165, 49.809799263597689 ], [ 24.575488889595885, 49.8100716787241 ], [ 24.575730716351078, 49.810418013329361 ], [ 24.575867186941121, 49.810581148701935 ], [ 24.575971482462609, 49.810531632442618 ], [ 24.575921632210445, 49.810467293941358 ] ] ] ] } },
{ "type": "Feature", "properties": { "fid": 100, "parcel_number": "90", "parcel_type": "ground", "land_category": "garden" }, "geometry": { "type": "MultiPolygon", "coordinates": [ [ [ [ 24.574780379628887, 49.809645943857291 ], [ 24.57514311976168, 49.809639099214699 ], [ 24.575098572727828, 49.809470720702144 ], [ 24.57474431774434, 49.809442657559771 ], [ 24.574740075169686, 49.809561070220731 ], [ 24.574780379628887, 49.809645943857291 ] ] ] ] } },
{ "type": "Feature", "properties": { "fid": 101, "parcel_number": "89", "parcel_type": "ground", "land_category": "garden" }, "geometry": { "type": "MultiPolygon", "coordinates": [ [ [ [ 24.574862049190958, 49.809792418976784 ], [ 24.574971295488258, 49.810027873380101 ], [ 24.575048722475668, 49.810209939081105 ], [ 24.575109179164468, 49.810345461225964 ], [ 24.575133573968721, 49.810387897375122 ], [ 24.575319186609779, 49.810331772137644 ], [ 24.575378582654913, 49.810318083045459 ], [ 24.575574801732593, 49.810302340584663 ], [ 24.575345702701348, 49.81000460177497 ], [ 24.575155847485647, 49.80974998230554 ], [ 24.57514311976168, 49.809639099214699 ], [ 24.574780379628887, 49.809645943857291 ], [ 24.574862049190958, 49.809792418976784 ] ] ] ] } },
{ "type": "Feature", "properties": { "fid": 102, "parcel_number": "91", "parcel_type": "ground", "land_category": "garden" }, "geometry": { "type": "MultiPolygon", "coordinates": [ [ [ [ 24.575537679204384, 49.810460449414933 ], [ 24.575627833915746, 49.810396110819063 ], [ 24.575574801732589, 49.810302340584663 ], [ 24.575446469465536, 49.810312636554386 ], [ 24.575446469464769, 49.810312636555025 ], [ 24.575537679204384, 49.810460449414933 ] ] ] ] } },
{ "type": "Feature", "properties": { "fid": 103, "parcel_number": "47", "parcel_type": "build", "land_category": "yard" }, "geometry": { "type": "MultiPolygon", "coordinates": [ [ [ [ 24.575464499517114, 49.810341855732851 ], [ 24.57540032584998, 49.810347514588869 ], [ 24.5753897974156, 49.810317183296398 ], [ 24.575378582654913, 49.810318083045459 ], [ 24.575319186609779, 49.810331772137644 ], [ 24.575319010044769, 49.810331825527072 ], [ 24.575342520770342, 49.810361545899781 ], [ 24.575187666795518, 49.81040911543576 ], [ 24.575160799748272, 49.810379664889801 ], [ 24.575133573968721, 49.810387897375122 ], [ 24.575098572727825, 49.810400901994029 ], [ 24.575113421739101, 49.810436493564744 ], [ 24.575179181646224, 49.810435809111709 ], [ 24.575329793046389, 49.810413222156079 ], [ 24.575333610519372, 49.81042231810617 ], [ 24.575337217552029, 49.810404666488324 ], [ 24.575471919297254, 49.810397821953018 ], [ 24.575484116699378, 49.810435809111709 ], [ 24.575343581414007, 49.810446075906249 ], [ 24.575343934015045, 49.810452674561951 ], [ 24.575493132170518, 49.810454973793064 ], [ 24.575497374745165, 49.810489880871756 ], [ 24.575537679204384, 49.810460449414933 ], [ 24.575464499517114, 49.810341855732851 ] ] ] ] } },
{ "type": "Feature", "properties": { "fid": 104, "parcel_number": "47", "parcel_type": "build", "land_category": "building" }, "geometry": { "type": "MultiPolygon", "coordinates": [ [ [ [ 24.575497374745165, 49.810489880871756 ], [ 24.575493132170518, 49.810454973793064 ], [ 24.575343934015045, 49.810452674561951 ], [ 24.575345702701334, 49.810485774157925 ], [ 24.575497374745165, 49.810489880871756 ] ] ] ] } },
{ "type": "Feature", "properties": { "fid": 105, "parcel_number": "47", "parcel_type": "build", "land_category": "building" }, "geometry": { "type": "MultiPolygon", "coordinates": [ [ [ [ 24.575343581414007, 49.810446075906249 ], [ 24.575484116699378, 49.810435809111709 ], [ 24.575471919297254, 49.810397821953018 ], [ 24.575337217552029, 49.810404666488324 ], [ 24.575333610519372, 49.81042231810617 ], [ 24.575343581414007, 49.810446075906249 ] ] ] ] } },
{ "type": "Feature", "properties": { "fid": 106, "parcel_number": "47", "parcel_type": "build", "land_category": "building" }, "geometry": { "type": "MultiPolygon", "coordinates": [ [ [ [ 24.575160799748272, 49.810379664889801 ], [ 24.575187666795518, 49.81040911543576 ], [ 24.575342520770342, 49.810361545899781 ], [ 24.575319010044769, 49.810331825527072 ], [ 24.575160799748272, 49.810379664889801 ] ] ] ] } },
{ "type": "Feature", "properties": { "fid": 107, "parcel_number": "47", "parcel_type": "build", "land_category": "building" }, "geometry": { "type": "MultiPolygon", "coordinates": [ [ [ [ 24.5753897974156, 49.810317183296398 ], [ 24.57540032584998, 49.810347514588869 ], [ 24.575464499517114, 49.810341855732851 ], [ 24.575446469464769, 49.810312636555025 ], [ 24.575446469465536, 49.810312636554386 ], [ 24.5753897974156, 49.810317183296398 ] ] ] ] } },
{ "type": "Feature", "properties": { "fid": 108, "parcel_number": "88", "parcel_type": "ground", "land_category": "garden" }, "geometry": { "type": "MultiPolygon", "coordinates": [ [ [ [ 24.575179181646224, 49.810435809111709 ], [ 24.575194030657496, 49.810499463202689 ], [ 24.575139285864061, 49.810503047180667 ], [ 24.575198273232154, 49.810654833589318 ], [ 24.575329793046386, 49.810612397674205 ], [ 24.575408280677461, 49.810597339759887 ], [ 24.575345702701334, 49.810485774157925 ], [ 24.575343934015041, 49.810452674561951 ], [ 24.575343581414007, 49.810446075906249 ], [ 24.575333610519372, 49.81042231810617 ], [ 24.575329793046389, 49.810413222156079 ], [ 24.575179181646224, 49.810435809111709 ] ] ] ] } },
{ "type": "Feature", "properties": { "fid": 109, "parcel_number": "47", "parcel_type": "build", "land_category": "building" }, "geometry": { "type": "MultiPolygon", "coordinates": [ [ [ [ 24.575139285864061, 49.810503047180667 ], [ 24.575194030657496, 49.810499463202689 ], [ 24.575179181646224, 49.810435809111709 ], [ 24.575113421739101, 49.810436493564744 ], [ 24.575139285864061, 49.810503047180667 ] ] ] ] } },
{ "type": "Feature", "properties": { "fid": 110, "parcel_number": "222", "parcel_type": "ground", "land_category": "garden" }, "geometry": { "type": "MultiPolygon", "coordinates": [ [ [ [ 24.575874963889227, 49.811366656296492 ], [ 24.575973603749897, 49.81147958874454 ], [ 24.576191035700848, 49.811475482114673 ], [ 24.576170883471246, 49.811378976212715 ], [ 24.576098759702152, 49.811294105615069 ], [ 24.575874963889227, 49.811366656296492 ] ] ] ] } },
{ "type": "Feature", "properties": { "fid": 111, "parcel_number": "223", "parcel_type": "ground", "land_category": "pasture" }, "geometry": { "type": "MultiPolygon", "coordinates": [ [ [ [ 24.576119813947596, 49.811318880892571 ], [ 24.576189975057172, 49.811300950023636 ], [ 24.576244067883998, 49.811376922893572 ], [ 24.57624232889907, 49.811454914147859 ], [ 24.57630558521646, 49.811455633398793 ], [ 24.576280129768541, 49.811268096853752 ], [ 24.576149670597971, 49.811274256824809 ], [ 24.576098759702152, 49.811294105615069 ], [ 24.576119813947596, 49.811318880892571 ] ] ] ] } },
{ "type": "Feature", "properties": { "fid": 112, "parcel_number": "110", "parcel_type": "build", "land_category": "building" }, "geometry": { "type": "MultiPolygon", "coordinates": [ [ [ [ 24.57624232889907, 49.811454914147859 ], [ 24.576244067883998, 49.811376922893572 ], [ 24.576189975057172, 49.811300950023636 ], [ 24.576119813947596, 49.811318880892571 ], [ 24.576170883471246, 49.811378976212715 ], [ 24.576186608426113, 49.811454280582645 ], [ 24.57624232889907, 49.811454914147859 ] ] ] ] } },
{ "type": "Feature", "properties": { "fid": 113, "parcel_number": "111", "parcel_type": "build", "land_category": "yard" }, "geometry": { "type": "MultiPolygon", "coordinates": [ [ [ [ 24.576301322736363, 49.811424230659654 ], [ 24.576358617399617, 49.811426202529205 ], [ 24.576358617399617, 49.811458386887217 ], [ 24.576490137213849, 49.811465215538519 ], [ 24.576596201580163, 49.811467268853917 ], [ 24.576570746132244, 49.811411144868075 ], [ 24.576569309956295, 49.811407986973094 ], [ 24.576413770870104, 49.811427571407265 ], [ 24.576399982502473, 49.811385820609253 ], [ 24.576551243132137, 49.811368261246443 ], [ 24.576513471374437, 49.811285207882499 ], [ 24.576459378547618, 49.81124824805282 ], [ 24.576280129768541, 49.811268096853752 ], [ 24.576301322736363, 49.811424230659654 ] ] ] ] } },
{ "type": "Feature", "properties": { "fid": 114, "parcel_number": "111", "parcel_type": "build", "land_category": "building" }, "geometry": { "type": "MultiPolygon", "coordinates": [ [ [ [ 24.576551243132137, 49.811368261246443 ], [ 24.576399982502473, 49.811385820609253 ], [ 24.576413770870104, 49.811427571407265 ], [ 24.576569309956295, 49.811407986973094 ], [ 24.576551243132137, 49.811368261246443 ] ] ] ] } },
{ "type": "Feature", "properties": { "fid": 115, "parcel_number": "111", "parcel_type": "build", "land_category": "building" }, "geometry": { "type": "MultiPolygon", "coordinates": [ [ [ [ 24.576358617399617, 49.811458386887217 ], [ 24.576358617399617, 49.811426202529205 ], [ 24.576301322736363, 49.811424230659654 ], [ 24.57630558521646, 49.811455633398793 ], [ 24.576358617399617, 49.811458386887217 ] ] ] ] } },
{ "type": "Feature", "properties": { "fid": 116, "parcel_number": "111", "parcel_type": "build", "land_category": "building" }, "geometry": { "type": "MultiPolygon", "coordinates": [ [ [ [ 24.576338465170011, 49.81150354407842 ], [ 24.576594080292836, 49.81151517952204 ], [ 24.576596201580163, 49.811467268853917 ], [ 24.576490137213849, 49.811465215538519 ], [ 24.576358617399617, 49.811458386887217 ], [ 24.576339646664227, 49.811457401906075 ], [ 24.576339646664135, 49.81145740190609 ], [ 24.576338465170011, 49.81150354407842 ] ] ] ] } },
{ "type": "Feature", "properties": { "fid": 117, "parcel_number": "224", "parcel_type": "ground", "land_category": "orchard" }, "geometry": { "type": "MultiPolygon", "coordinates": [ [ [ [ 24.576485894639191, 49.811561036831399 ], [ 24.576594080292836, 49.811579516630346 ], [ 24.576689538222524, 49.811597311985629 ], [ 24.576830603829716, 49.811614422898003 ], [ 24.576673163450675, 49.811571433359639 ], [ 24.576642859346173, 49.811542100337391 ], [ 24.576596201580163, 49.811467268853917 ], [ 24.576594080292836, 49.81151517952204 ], [ 24.576338465170011, 49.81150354407842 ], [ 24.576339646664135, 49.81145740190609 ], [ 24.576339646664223, 49.811457401906075 ], [ 24.57630558521646, 49.811455633398793 ], [ 24.57624232889907, 49.811454914147859 ], [ 24.576186608426116, 49.811454280582645 ], [ 24.576191035700848, 49.811475482114673 ], [ 24.576337404526356, 49.811526130525237 ], [ 24.576485894639191, 49.811561036831399 ] ] ] ] } },
{ "type": "Feature", "properties": { "fid": 118, "parcel_number": "225", "parcel_type": "ground", "land_category": "garden" }, "geometry": { "type": "MultiPolygon", "coordinates": [ [ [ [ 24.576596201580163, 49.811467268853917 ], [ 24.576642859346173, 49.811542100337391 ], [ 24.576673163450675, 49.811571433359639 ], [ 24.576830603829716, 49.811614422898003 ], [ 24.576811512243786, 49.811492593070113 ], [ 24.576795602588838, 49.811353651937061 ], [ 24.576797723876165, 49.81133106540976 ], [ 24.576742570405681, 49.811294790055982 ], [ 24.576712872383112, 49.811274941265985 ], [ 24.576644991188672, 49.811260567999177 ], [ 24.576589837718185, 49.811258514675018 ], [ 24.576542108753344, 49.81127083461876 ], [ 24.576513471374437, 49.811285207882499 ], [ 24.576551243132137, 49.811368261246443 ], [ 24.576569309956295, 49.811407986973094 ], [ 24.576570746132244, 49.811411144868075 ], [ 24.576596201580163, 49.811467268853917 ] ] ] ] } },
{ "type": "Feature", "properties": { "fid": 119, "parcel_number": "234", "parcel_type": "ground", "land_category": "common_pasture" }, "geometry": { "type": "MultiPolygon", "coordinates": [ [ [ [ 24.577536992509359, 49.811130523962667 ], [ 24.577369410810579, 49.810955306181967 ], [ 24.577874277194244, 49.810927928346437 ], [ 24.57866339607963, 49.810888230457415 ], [ 24.578147923259333, 49.810955306181967 ], [ 24.577859428182961, 49.810993635125705 ], [ 24.577536992509359, 49.811130523962667 ] ] ] ] } },
{ "type": "Feature", "properties": { "fid": 120, "parcel_number": "48", "parcel_type": "build", "land_category": "building" }, "geometry": { "type": "MultiPolygon", "coordinates": [ [ [ [ 24.574594766987776, 49.809331773764868 ], [ 24.574537492229965, 49.809233210178405 ], [ 24.574779318985158, 49.809183928309913 ], [ 24.5748387150303, 49.80927290942487 ], [ 24.574594766987776, 49.809331773764868 ] ] ] ] } },
{ "type": "Feature", "properties": { "fid": 121, "parcel_number": null, "parcel_type": "ground", "land_category": "field" }, "geometry": { "type": "MultiPolygon", "coordinates": [ [ [ [ 24.569325651783952, 49.814498821903008 ], [ 24.569390398473079, 49.814858117805137 ], [ 24.569490223758496, 49.815233093331138 ], [ 24.569686309140558, 49.815842709917163 ], [ 24.569836047068677, 49.816314294838044 ], [ 24.570067784338399, 49.81698600786342 ], [ 24.570271000097996, 49.817512789979574 ], [ 24.57054908482165, 49.818276498846195 ], [ 24.570720213882364, 49.818782564346655 ], [ 24.570973342284663, 49.819497947910975 ], [ 24.571055341626259, 49.819707270362059 ], [ 24.57111594983526, 49.819934993758395 ], [ 24.571239347209779, 49.820322210132268 ], [ 24.571325863217911, 49.820284770572023 ], [ 24.571482838480055, 49.820223182295017 ], [ 24.571605873144978, 49.820184860660881 ], [ 24.571750120683166, 49.820180754769694 ], [ 24.571966491990455, 49.820146538996383 ], [ 24.572386506881063, 49.820074001476904 ], [ 24.572611363337661, 49.820023362012066 ], [ 24.57295501188452, 49.819900184714157 ], [ 24.57316077675517, 49.819830384106162 ], [ 24.573525638175294, 49.819662041049028 ], [ 24.573775950079792, 49.819566235795683 ], [ 24.573835346124927, 49.819549812018913 ], [ 24.573856558998198, 49.819480010905451 ], [ 24.573960502077185, 49.819433476773867 ], [ 24.574058081294194, 49.819291136799464 ], [ 24.574183237246448, 49.819211754708775 ], [ 24.574242633291583, 49.819173432273551 ], [ 24.574369910531161, 49.818947603021009 ], [ 24.574594766987747, 49.818777888222371 ], [ 24.574548098666572, 49.818636914993505 ], [ 24.574364607312798, 49.818063437139351 ], [ 24.574143993430859, 49.817124506456508 ], [ 24.574016716191274, 49.816552379410716 ], [ 24.573855498354479, 49.8156900698865 ], [ 24.573723978540247, 49.814879758679027 ], [ 24.573579731002063, 49.814244640409846 ], [ 24.573528820106237, 49.814055745868181 ], [ 24.573475747893074, 49.813852903750671 ], [ 24.573212748294662, 49.813900386399105 ], [ 24.572905161632345, 49.813966089142937 ], [ 24.572623030417947, 49.814009890922591 ], [ 24.572385446237398, 49.814034529406221 ], [ 24.572228470975251, 49.814037267014754 ], [ 24.571840275394536, 49.814090650349911 ], [ 24.571454201101151, 49.814142664824971 ], [ 24.570985396602033, 49.814239849615376 ], [ 24.57050174309164, 49.814327452639503 ], [ 24.570045666316489, 49.814402736361657 ], [ 24.569328671200186, 49.81449855183866 ], [ 24.569325651783952, 49.814498821903008 ] ] ] ] } },
{ "type": "Feature", "properties": { "fid": 122, "parcel_number": "2070", "parcel_type": "ground", "land_category": "field" }, "geometry": { "type": "MultiPolygon", "coordinates": [ [ [ [ 24.569885635749429, 49.820804268208569 ], [ 24.569839901445828, 49.820589289233972 ], [ 24.569708381631592, 49.820102058454871 ], [ 24.569513223197578, 49.819510805526761 ], [ 24.569237455845155, 49.81882373865006 ], [ 24.569016841963219, 49.818246156954771 ], [ 24.568728346886832, 49.817512536141443 ], [ 24.568384698339973, 49.816666668488054 ], [ 24.568214995353873, 49.816193085643036 ], [ 24.567990138897283, 49.815568934698632 ], [ 24.567841648784437, 49.81518020504226 ], [ 24.567748312142079, 49.814816110349 ], [ 24.567716561110018, 49.814726164340286 ], [ 24.567416330675528, 49.814770256123822 ], [ 24.567611489109542, 49.815362935745014 ], [ 24.567849073290088, 49.815998039337686 ], [ 24.568078172321329, 49.816616709822796 ], [ 24.568510914935896, 49.817673358820109 ], [ 24.568901231803938, 49.818658813774455 ], [ 24.569300033821285, 49.819575816329547 ], [ 24.569503677404605, 49.820112323198856 ], [ 24.569681865540019, 49.820796634551954 ], [ 24.569885635749429, 49.820804268208569 ] ] ] ] } },
{ "type": "Feature", "properties": { "fid": 123, "parcel_number": "2071", "parcel_type": "ground", "land_category": "field" }, "geometry": { "type": "MultiPolygon", "coordinates": [ [ [ [ 24.569966526992967, 49.820807298563096 ], [ 24.569867478181063, 49.820388786150723 ], [ 24.569651106873778, 49.819649723241383 ], [ 24.569536557358155, 49.819356832224301 ], [ 24.569235334557824, 49.818604066803495 ], [ 24.569031690974501, 49.818067543210191 ], [ 24.568611676083894, 49.817032802337401 ], [ 24.568297725559596, 49.816186926298045 ], [ 24.56811105227488, 49.815661325971057 ], [ 24.567894680967601, 49.815028955511707 ], [ 24.567826640517517, 49.814709998099794 ], [ 24.567716561110018, 49.814726164340286 ], [ 24.567748312142079, 49.814816110349 ], [ 24.567841648784437, 49.81518020504226 ], [ 24.567990138897283, 49.815568934698632 ], [ 24.568214995353873, 49.816193085643036 ], [ 24.568384698339973, 49.816666668488054 ], [ 24.568728346886832, 49.817512536141443 ], [ 24.569016841963219, 49.818246156954771 ], [ 24.569237455845155, 49.81882373865006 ], [ 24.569513223197578, 49.819510805526761 ], [ 24.569708381631592, 49.820102058454871 ], [ 24.569839901445828, 49.820589289233972 ], [ 24.569885635749429, 49.820804268208569 ], [ 24.569966526992967, 49.820807298563096 ] ] ] ] } },
{ "type": "Feature", "properties": { "fid": 124, "parcel_number": "2074", "parcel_type": "ground", "land_category": "field" }, "geometry": { "type": "MultiPolygon", "coordinates": [ [ [ [ 24.570041005688054, 49.820808500333065 ], [ 24.569854750457097, 49.820046628799773 ], [ 24.569702017769604, 49.819586765508802 ], [ 24.56942625041718, 49.8189243357048 ], [ 24.569086844444975, 49.818026482486061 ], [ 24.56881956224186, 49.817336657110708 ], [ 24.568581978061314, 49.816709783459089 ], [ 24.568399547351255, 49.81621703864387 ], [ 24.568144992872103, 49.815499812223919 ], [ 24.568004987908566, 49.815045380822966 ], [ 24.567911585171913, 49.81469752316022 ], [ 24.567826640517517, 49.814709998099794 ], [ 24.567894680967601, 49.815028955511707 ], [ 24.56811105227488, 49.815661325971057 ], [ 24.568297725559596, 49.816186926298045 ], [ 24.568611676083894, 49.817032802337401 ], [ 24.569031690974501, 49.818067543210191 ], [ 24.569235334557824, 49.818604066803495 ], [ 24.569536557358155, 49.819356832224301 ], [ 24.569651106873778, 49.819649723241383 ], [ 24.569867478181063, 49.820388786150723 ], [ 24.569966526992967, 49.820807298563096 ], [ 24.5700106650756, 49.820808952067637 ], [ 24.570041005688054, 49.820808500333065 ] ] ] ] } },
{ "type": "Feature", "properties": { "fid": 125, "parcel_number": "2082", "parcel_type": "ground", "land_category": "field" }, "geometry": { "type": "MultiPolygon", "coordinates": [ [ [ [ 24.568196068091869, 49.814655744050341 ], [ 24.568289240410255, 49.815152145210305 ], [ 24.568539552314753, 49.815952870607482 ], [ 24.568751681047384, 49.816544167011543 ], [ 24.569120785042163, 49.817529644962434 ], [ 24.569362611797359, 49.818148295866038 ], [ 24.569744443516097, 49.819150165065928 ], [ 24.569905661352895, 49.819530650938951 ], [ 24.570096577212261, 49.820102742771205 ], [ 24.570274765347673, 49.820737784155973 ], [ 24.570284736259286, 49.820804871483297 ], [ 24.57028643242802, 49.820804846229422 ], [ 24.57037552649572, 49.82078021119284 ], [ 24.570358556197117, 49.820733678311726 ], [ 24.570181428705343, 49.820098636873063 ], [ 24.570049908891111, 49.819688045299344 ], [ 24.569863235606402, 49.819217229339884 ], [ 24.569642621724469, 49.818642389689664 ], [ 24.569282002878989, 49.817700732839839 ], [ 24.569001992951911, 49.816939729322399 ], [ 24.568802591943239, 49.816446986848696 ], [ 24.56856500776269, 49.815727026324119 ], [ 24.56842924537381, 49.81531366011783 ], [ 24.568278636432243, 49.814643618076175 ], [ 24.568196068091869, 49.814655744050341 ] ] ] ] } },
{ "type": "Feature", "properties": { "fid": 126, "parcel_number": "2075", "parcel_type": "ground", "land_category": "field" }, "geometry": { "type": "MultiPolygon", "coordinates": [ [ [ [ 24.570115663534789, 49.82080738876914 ], [ 24.570028696017836, 49.820421633129115 ], [ 24.569867478181035, 49.819876917856021 ], [ 24.569685047470973, 49.81935683222428 ], [ 24.56946443358904, 49.818798418269971 ], [ 24.569154725639397, 49.817999108650589 ], [ 24.568904413734892, 49.817372243580941 ], [ 24.568675314703651, 49.816772744935044 ], [ 24.568497126568246, 49.816280000760962 ], [ 24.568284997835608, 49.815683226098642 ], [ 24.568149235446729, 49.815264384440468 ], [ 24.568055898804367, 49.814974204433859 ], [ 24.567996277136597, 49.814685085313066 ], [ 24.567911585171913, 49.81469752316022 ], [ 24.568004987908566, 49.815045380822966 ], [ 24.568144992872103, 49.815499812223919 ], [ 24.568399547351255, 49.81621703864387 ], [ 24.568581978061314, 49.816709783459089 ], [ 24.56881956224186, 49.817336657110708 ], [ 24.569086844444975, 49.818026482486061 ], [ 24.56942625041718, 49.8189243357048 ], [ 24.569702017769604, 49.819586765508802 ], [ 24.569854750457097, 49.820046628799773 ], [ 24.570041005688054, 49.820808500333065 ], [ 24.570115663534789, 49.82080738876914 ] ] ] ] } },
{ "type": "Feature", "properties": { "fid": 127, "parcel_number": "2078", "parcel_type": "ground", "land_category": "field" }, "geometry": { "type": "MultiPolygon", "coordinates": [ [ [ [ 24.570197944091987, 49.82080616371239 ], [ 24.570185671279976, 49.820730941082019 ], [ 24.57001596829387, 49.820134221312053 ], [ 24.569837780158455, 49.819567604443485 ], [ 24.569706260344223, 49.81926102636659 ], [ 24.569443220715765, 49.818549319770604 ], [ 24.569222606833829, 49.817968997413715 ], [ 24.568891686010925, 49.817155986934921 ], [ 24.568717740450168, 49.816660509203338 ], [ 24.568437730523101, 49.815880326801064 ], [ 24.568301968134218, 49.815469699431752 ], [ 24.568130143860788, 49.814897552820838 ], [ 24.568081335265106, 49.814672593691157 ], [ 24.567996277136597, 49.814685085313066 ], [ 24.568055898804367, 49.814974204433859 ], [ 24.568149235446729, 49.815264384440468 ], [ 24.568284997835608, 49.815683226098642 ], [ 24.568497126568246, 49.816280000760962 ], [ 24.568675314703651, 49.816772744935044 ], [ 24.568904413734892, 49.817372243580941 ], [ 24.569154725639397, 49.817999108650589 ], [ 24.56946443358904, 49.818798418269971 ], [ 24.569685047470973, 49.81935683222428 ], [ 24.569867478181035, 49.819876917856021 ], [ 24.570028696017836, 49.820421633129115 ], [ 24.570115663534789, 49.82080738876914 ], [ 24.570197944091987, 49.82080616371239 ] ] ] ] } },
{ "type": "Feature", "properties": { "fid": 128, "parcel_number": "2079", "parcel_type": "ground", "land_category": "field" }, "geometry": { "type": "MultiPolygon", "coordinates": [ [ [ [ 24.570284736259286, 49.820804871483297 ], [ 24.570274765347673, 49.820737784155973 ], [ 24.570096577212261, 49.820102742771205 ], [ 24.569905661352895, 49.819530650938951 ], [ 24.569744443516097, 49.819150165065928 ], [ 24.569362611797359, 49.818148295866038 ], [ 24.569120785042163, 49.817529644962434 ], [ 24.568751681047384, 49.816544167011543 ], [ 24.568539552314753, 49.815952870607482 ], [ 24.568289240410255, 49.815152145210305 ], [ 24.568196068091869, 49.814655744050341 ], [ 24.568081335265106, 49.814672593691157 ], [ 24.568130143860788, 49.814897552820838 ], [ 24.568301968134218, 49.815469699431752 ], [ 24.568437730523101, 49.815880326801064 ], [ 24.568717740450168, 49.816660509203338 ], [ 24.568891686010925, 49.817155986934921 ], [ 24.569222606833829, 49.817968997413715 ], [ 24.569443220715765, 49.818549319770604 ], [ 24.569706260344223, 49.81926102636659 ], [ 24.569837780158455, 49.819567604443485 ], [ 24.57001596829387, 49.820134221312053 ], [ 24.570185671279976, 49.820730941082019 ], [ 24.570197944091987, 49.82080616371239 ], [ 24.570284736259286, 49.820804871483297 ] ] ] ] } },
{ "type": "Feature", "properties": { "fid": 129, "parcel_number": "2269", "parcel_type": "ground", "land_category": "field" }, "geometry": { "type": "MultiPolygon", "coordinates": [ [ [ [ 24.575687571904037, 49.818560665263945 ], [ 24.575637379708571, 49.818301588672483 ], [ 24.575437978699899, 49.817253165673932 ], [ 24.575157968772828, 49.815944658106574 ], [ 24.574916142017635, 49.814584101211381 ], [ 24.574805835076663, 49.814006468909987 ], [ 24.574716567184396, 49.813586452409609 ], [ 24.574580200654953, 49.813613069133432 ], [ 24.57473795388222, 49.814367832105027 ], [ 24.574882201420408, 49.815145301346405 ], [ 24.575026448958596, 49.815972033104252 ], [ 24.575217364817966, 49.817001321778854 ], [ 24.575425250975947, 49.817970366106735 ], [ 24.575571885761185, 49.818572887323143 ], [ 24.575687571904037, 49.818560665263945 ] ] ] ] } },
{ "type": "Feature", "properties": { "fid": 130, "parcel_number": "2083", "parcel_type": "ground", "land_category": "field" }, "geometry": { "type": "MultiPolygon", "coordinates": [ [ [ [ 24.570528259183213, 49.820691251234059 ], [ 24.570368101990034, 49.820250554872246 ], [ 24.570181428705315, 49.819662041049028 ], [ 24.570037181167127, 49.819311666629304 ], [ 24.56973171579213, 49.81848772928457 ], [ 24.569413522693186, 49.817628191653689 ], [ 24.569057146422374, 49.816691989983624 ], [ 24.568904413734877, 49.816229357325405 ], [ 24.568666829554331, 49.815514868612951 ], [ 24.568539552314753, 49.815054962251963 ], [ 24.568488641418924, 49.81486607087318 ], [ 24.568456094633447, 49.814617556595707 ], [ 24.568278636432243, 49.814643618076175 ], [ 24.56842924537381, 49.81531366011783 ], [ 24.56856500776269, 49.815727026324119 ], [ 24.568802591943239, 49.816446986848696 ], [ 24.569001992951911, 49.816939729322399 ], [ 24.569282002878989, 49.817700732839839 ], [ 24.569642621724469, 49.818642389689664 ], [ 24.569863235606402, 49.819217229339884 ], [ 24.570049908891111, 49.819688045299344 ], [ 24.570181428705343, 49.820098636873063 ], [ 24.570358556197117, 49.820733678311726 ], [ 24.570528259183213, 49.820691251234059 ] ] ] ] } },
{ "type": "Feature", "properties": { "fid": 131, "parcel_number": "2086", "parcel_type": "ground", "land_category": "field" }, "geometry": { "type": "MultiPolygon", "coordinates": [ [ [ [ 24.5706174369918, 49.82064966583733 ], [ 24.570469923781694, 49.820165699832401 ], [ 24.570359616840719, 49.819766057966469 ], [ 24.570253552474405, 49.819514227150123 ], [ 24.570071121764343, 49.81898592563509 ], [ 24.569867478181017, 49.818471305141728 ], [ 24.569600195977905, 49.81769662673787 ], [ 24.569273517729645, 49.816883611682748 ], [ 24.568997750377239, 49.816062370486677 ], [ 24.568819562241828, 49.815512131088006 ], [ 24.568641374106416, 49.814871545995992 ], [ 24.568619980807345, 49.814593488300808 ], [ 24.568456094633447, 49.814617556595707 ], [ 24.568488641418924, 49.81486607087318 ], [ 24.568539552314753, 49.815054962251963 ], [ 24.568666829554331, 49.815514868612951 ], [ 24.568904413734877, 49.816229357325405 ], [ 24.569057146422374, 49.816691989983624 ], [ 24.569413522693186, 49.817628191653689 ], [ 24.56973171579213, 49.81848772928457 ], [ 24.570037181167127, 49.819311666629304 ], [ 24.570181428705315, 49.819662041049028 ], [ 24.570368101990034, 49.820250554872246 ], [ 24.570528259183213, 49.820691251234059 ], [ 24.570528259183217, 49.820691251234059 ], [ 24.5706174369918, 49.82064966583733 ] ] ] ] } },
{ "type": "Feature", "properties": { "fid": 132, "parcel_number": "2244", "parcel_type": "ground", "land_category": "field" }, "geometry": { "type": "MultiPolygon", "coordinates": [ [ [ [ 24.574672181106905, 49.818631127585299 ], [ 24.574549159310159, 49.818135977673016 ], [ 24.574385820186041, 49.817563862586304 ], [ 24.574233087498548, 49.816887717853717 ], [ 24.574118537982926, 49.816280000760969 ], [ 24.573991260743352, 49.815554562707057 ], [ 24.573817315182595, 49.814610108190699 ], [ 24.573618338467806, 49.813827160068278 ], [ 24.573475747893074, 49.813852903750671 ], [ 24.573528820106237, 49.814055745868181 ], [ 24.573579731002063, 49.814244640409846 ], [ 24.573723978540247, 49.814879758679027 ], [ 24.573855498354479, 49.8156900698865 ], [ 24.574016716191274, 49.816552379410716 ], [ 24.574143993430859, 49.817124506456508 ], [ 24.574364607312798, 49.818063437139351 ], [ 24.574548098666572, 49.818636914993505 ], [ 24.574672181106905, 49.818631127585299 ] ] ] ] } },
{ "type": "Feature", "properties": { "fid": 133, "parcel_number": "2251", "parcel_type": "ground", "land_category": "field" }, "geometry": { "type": "MultiPolygon", "coordinates": [ [ [ [ 24.574806442553896, 49.818624865411557 ], [ 24.574555523172148, 49.817648722189105 ], [ 24.574385820186041, 49.816915092317885 ], [ 24.574194904326671, 49.815924126848124 ], [ 24.574029443915222, 49.815004317534324 ], [ 24.573885196377034, 49.814300761109877 ], [ 24.573752168252216, 49.813805346568948 ], [ 24.573622156748634, 49.813826470705685 ], [ 24.573618338467806, 49.813827160068278 ], [ 24.573817315182595, 49.814610108190699 ], [ 24.573991260743352, 49.815554562707057 ], [ 24.574118537982926, 49.816280000760969 ], [ 24.574233087498548, 49.816887717853717 ], [ 24.574385820186041, 49.817563862586304 ], [ 24.574549159310159, 49.818135977673016 ], [ 24.574672181106905, 49.818631127585299 ], [ 24.574806442553896, 49.818624865411557 ] ] ] ] } },
{ "type": "Feature", "properties": { "fid": 134, "parcel_number": "2252", "parcel_type": "ground", "land_category": "field" }, "geometry": { "type": "MultiPolygon", "coordinates": [ [ [ [ 24.574932903918985, 49.81862094916206 ], [ 24.57480583507666, 49.818185250426296 ], [ 24.57467007268777, 49.817678833625273 ], [ 24.574576736045408, 49.817123137739593 ], [ 24.574428245932573, 49.816438774431631 ], [ 24.574216117199935, 49.815264384440482 ], [ 24.574076112236405, 49.814514292934582 ], [ 24.573906229644503, 49.813780314830787 ], [ 24.573752168252216, 49.813805346568948 ], [ 24.573885196377034, 49.814300761109877 ], [ 24.574029443915222, 49.815004317534324 ], [ 24.574194904326671, 49.815924126848124 ], [ 24.574385820186041, 49.816915092317885 ], [ 24.574555523172148, 49.817648722189105 ], [ 24.574806442553896, 49.818624865411557 ], [ 24.574900232362737, 49.818620490901289 ], [ 24.574932903918985, 49.81862094916206 ] ] ] ] } },
{ "type": "Feature", "properties": { "fid": 135, "parcel_number": "2257", "parcel_type": "ground", "land_category": "field" }, "geometry": { "type": "MultiPolygon", "coordinates": [ [ [ [ 24.575047739141787, 49.81862255987437 ], [ 24.574916142017624, 49.818122290788175 ], [ 24.574729468732915, 49.817246322107138 ], [ 24.574500369701671, 49.816041839278185 ], [ 24.574364607312781, 49.815390311071752 ], [ 24.574182176602719, 49.814284335545871 ], [ 24.574050947558053, 49.813742394164549 ], [ 24.573917015686998, 49.813778562325581 ], [ 24.573906229644503, 49.813780314830787 ], [ 24.574076112236405, 49.814514292934582 ], [ 24.574216117199935, 49.815264384440482 ], [ 24.574428245932573, 49.816438774431631 ], [ 24.574576736045408, 49.817123137739593 ], [ 24.57467007268777, 49.817678833625273 ], [ 24.57480583507666, 49.818185250426296 ], [ 24.574932903918985, 49.81862094916206 ], [ 24.575047739141787, 49.81862255987437 ] ] ] ] } },
{ "type": "Feature", "properties": { "fid": 136, "parcel_number": "2258", "parcel_type": "ground", "land_category": "field" }, "geometry": { "type": "MultiPolygon", "coordinates": [ [ [ [ 24.575298241361221, 49.81860179742398 ], [ 24.575183424220739, 49.818171563555424 ], [ 24.575060389555819, 49.817566599995182 ], [ 24.574882201420408, 49.81658522899351 ], [ 24.574636132090554, 49.815331454100111 ], [ 24.574487641977715, 49.814474597987193 ], [ 24.574394305335357, 49.814036582612637 ], [ 24.574306366808841, 49.81367341846429 ], [ 24.574050947558053, 49.813742394164549 ], [ 24.574182176602719, 49.814284335545871 ], [ 24.574364607312781, 49.815390311071752 ], [ 24.574500369701671, 49.816041839278185 ], [ 24.574729468732915, 49.817246322107138 ], [ 24.574916142017624, 49.818122290788175 ], [ 24.575047739141787, 49.81862255987437 ], [ 24.575095390796754, 49.818623228250374 ], [ 24.575298241361221, 49.81860179742398 ] ] ] ] } },
{ "type": "Feature", "properties": { "fid": 137, "parcel_number": "2263", "parcel_type": "ground", "land_category": "field" }, "geometry": { "type": "MultiPolygon", "coordinates": [ [ [ [ 24.575433356679277, 49.818587522702956 ], [ 24.575365854930812, 49.818301588672504 ], [ 24.575179181646092, 49.817469421885669 ], [ 24.574954325189506, 49.816264944609991 ], [ 24.574725226158264, 49.815046749598658 ], [ 24.574585221194727, 49.814304867500027 ], [ 24.574443587251075, 49.813639734043477 ], [ 24.574398547910071, 49.813648525054774 ], [ 24.574306366808841, 49.81367341846429 ], [ 24.574394305335357, 49.814036582612637 ], [ 24.574487641977715, 49.814474597987193 ], [ 24.574636132090554, 49.815331454100111 ], [ 24.574882201420408, 49.81658522899351 ], [ 24.575060389555819, 49.817566599995182 ], [ 24.575183424220739, 49.818171563555424 ], [ 24.575298241361221, 49.81860179742398 ], [ 24.575433356679277, 49.818587522702956 ] ] ] ] } },
{ "type": "Feature", "properties": { "fid": 138, "parcel_number": "2264", "parcel_type": "ground", "land_category": "field" }, "geometry": { "type": "MultiPolygon", "coordinates": [ [ [ [ 24.575571885761185, 49.818572887323143 ], [ 24.575425250975947, 49.817970366106735 ], [ 24.575217364817966, 49.817001321778854 ], [ 24.575026448958596, 49.815972033104252 ], [ 24.574882201420408, 49.815145301346405 ], [ 24.57473795388222, 49.814367832105027 ], [ 24.574580200654953, 49.813613069133432 ], [ 24.574443587251075, 49.813639734043477 ], [ 24.574585221194727, 49.814304867500027 ], [ 24.574725226158264, 49.815046749598658 ], [ 24.574954325189506, 49.816264944609991 ], [ 24.575179181646092, 49.817469421885669 ], [ 24.575365854930812, 49.818301588672504 ], [ 24.575433356679277, 49.818587522702956 ], [ 24.575571885761185, 49.818572887323143 ] ] ] ] } },
{ "type": "Feature", "properties": { "fid": 139, "parcel_number": "2270", "parcel_type": "ground", "land_category": "field" }, "geometry": { "type": "MultiPolygon", "coordinates": [ [ [ [ 24.574716567184396, 49.813586452409609 ], [ 24.574805835076663, 49.814006468909987 ], [ 24.574916142017635, 49.814584101211381 ], [ 24.575157968772828, 49.815944658106574 ], [ 24.575437978699899, 49.817253165673932 ], [ 24.575637379708571, 49.818301588672483 ], [ 24.575687571904037, 49.818560665263945 ], [ 24.575820871062351, 49.818546582417341 ], [ 24.575736019569298, 49.818133240296362 ], [ 24.57552176954934, 49.817075232623061 ], [ 24.575292670518103, 49.81587348304015 ], [ 24.575190848726443, 49.815298603666207 ], [ 24.57508902693478, 49.814718242323352 ], [ 24.574961749695202, 49.814031107395365 ], [ 24.574868413052837, 49.813556814348424 ], [ 24.574716567184396, 49.813586452409609 ] ] ] ] } },
{ "type": "Feature", "properties": { "fid": 140, "parcel_number": "406", "parcel_type": "ground", "land_category": "pasture" }, "geometry": { "type": "MultiPolygon", "coordinates": [ [ [ [ 24.57722516327231, 49.808476864866741 ], [ 24.57708940088342, 49.808274258142823 ], [ 24.5771763736638, 49.80826193743632 ], [ 24.57722516327231, 49.808476864866741 ] ] ] ] } },
{ "type": "Feature", "properties": { "fid": 141, "parcel_number": "50", "parcel_type": "build", "land_category": "yard" }, "geometry": { "type": "MultiPolygon", "coordinates": [ [ [ [ 24.578209652440375, 49.808216083325036 ], [ 24.57803761631828, 49.80821949942321 ], [ 24.578033612199249, 49.80817963118281 ], [ 24.577846700458913, 49.808186644161715 ], [ 24.577616756189371, 49.808211506006003 ], [ 24.577626086576977, 49.808254408114131 ], [ 24.577549714024137, 49.808262918071883 ], [ 24.57759040038902, 49.808392182368948 ], [ 24.577809577930704, 49.808368716788557 ], [ 24.577807456643374, 49.808315327141884 ], [ 24.577864731401181, 49.808311904726608 ], [ 24.57786105386991, 49.808293907316511 ], [ 24.577695028415082, 49.80830437541222 ], [ 24.577688664553108, 49.808256461565755 ], [ 24.577852003677226, 49.80824961672667 ], [ 24.578173945952642, 49.808251918828653 ], [ 24.57817549999449, 49.80824961672667 ], [ 24.578209440591714, 49.808220868391963 ], [ 24.578209652440375, 49.808216083325036 ] ] ] ] } },
{ "type": "Feature", "properties": { "fid": 142, "parcel_number": "50", "parcel_type": "build", "land_category": "building" }, "geometry": { "type": "MultiPolygon", "coordinates": [ [ [ [ 24.577547680406958, 49.808396756054584 ], [ 24.57755896800338, 49.808445097979522 ], [ 24.577685482622112, 49.808433058079387 ], [ 24.577878029145232, 49.808411130012736 ], [ 24.577864731401185, 49.808311904726608 ], [ 24.577807456643374, 49.808315327141884 ], [ 24.577809577930704, 49.808368716788557 ], [ 24.577547680406958, 49.808396756054584 ] ] ] ] } },
{ "type": "Feature", "properties": { "fid": 143, "parcel_number": "407", "parcel_type": "ground", "land_category": "garden" }, "geometry": { "type": "MultiPolygon", "coordinates": [ [ [ [ 24.578173945952642, 49.808251918828653 ], [ 24.577852003677226, 49.80824961672667 ], [ 24.577864731401181, 49.808311904726608 ], [ 24.577864731401185, 49.808311904726608 ], [ 24.577878029145232, 49.808411130012736 ], [ 24.578082163352128, 49.808387882288379 ], [ 24.578173945952642, 49.808251918828653 ] ] ] ] } },
{ "type": "Feature", "properties": { "fid": 144, "parcel_number": "50", "parcel_type": "build", "land_category": "building" }, "geometry": { "type": "MultiPolygon", "coordinates": [ [ [ [ 24.577852003677226, 49.80824961672667 ], [ 24.577688664553108, 49.808256461565755 ], [ 24.577695028415082, 49.80830437541222 ], [ 24.57786105386991, 49.808293907316511 ], [ 24.577852003677226, 49.80824961672667 ] ] ] ] } },
{ "type": "Feature", "properties": { "fid": 145, "parcel_number": "50", "parcel_type": "build", "land_category": "building" }, "geometry": { "type": "MultiPolygon", "coordinates": [ [ [ [ 24.577318481398382, 49.808467984146638 ], [ 24.577293044466749, 49.808357765070966 ], [ 24.57724849743289, 49.808363240930078 ], [ 24.5772368303526, 49.80830437541222 ], [ 24.57739910883306, 49.808285894362761 ], [ 24.577383519127451, 49.808237340158165 ], [ 24.5771763736638, 49.80826193743632 ], [ 24.57722516327231, 49.808476864866741 ], [ 24.577318481398382, 49.808467984146638 ] ] ] ] } },
{ "type": "Feature", "properties": { "fid": 146, "parcel_number": "50", "parcel_type": "build", "land_category": "building" }, "geometry": { "type": "MultiPolygon", "coordinates": [ [ [ [ 24.577463083403956, 49.808228121287911 ], [ 24.577478657107797, 49.80827083572467 ], [ 24.577626086576977, 49.808254408114131 ], [ 24.577616756189371, 49.808211506006003 ], [ 24.577463083403956, 49.808228121287911 ] ] ] ] } },
{ "type": "Feature", "properties": { "fid": 147, "parcel_number": "50", "parcel_type": "build", "land_category": "building" }, "geometry": { "type": "MultiPolygon", "coordinates": [ [ [ [ 24.57755896800338, 49.808445097979522 ], [ 24.577547680406958, 49.808396756054584 ], [ 24.577349258580892, 49.808417999487077 ], [ 24.577357317809312, 49.808464288237708 ], [ 24.57755896800338, 49.808445097979522 ] ] ] ] } },
{ "type": "Feature", "properties": { "fid": 148, "parcel_number": "404", "parcel_type": "ground", "land_category": "pasture" }, "geometry": { "type": "MultiPolygon", "coordinates": [ [ [ [ 24.57759040038902, 49.808392182368948 ], [ 24.577549714024137, 49.808262918071883 ], [ 24.577478657107797, 49.80827083572467 ], [ 24.577463083403956, 49.808228121287911 ], [ 24.577441534579592, 49.808230451172093 ], [ 24.577383519127451, 49.808237340158165 ], [ 24.57739910883306, 49.808285894362761 ], [ 24.5772368303526, 49.80830437541222 ], [ 24.57724849743289, 49.808363240930078 ], [ 24.577293044466749, 49.808357765070966 ], [ 24.577318481398382, 49.808467984146638 ], [ 24.577357317809312, 49.808464288237708 ], [ 24.577349258580892, 49.808417999487077 ], [ 24.57759040038902, 49.808392182368948 ] ] ] ] } },
{ "type": "Feature", "properties": { "fid": 149, "parcel_number": "50", "parcel_type": "build", "land_category": "building" }, "geometry": { "type": "MultiPolygon", "coordinates": [ [ [ [ 24.578033612199249, 49.80817963118281 ], [ 24.57803761631828, 49.80821949942321 ], [ 24.578209652440375, 49.808216083325036 ], [ 24.578211561879041, 49.80817295446284 ], [ 24.578033612199249, 49.80817963118281 ] ] ] ] } },
{ "type": "Feature", "properties": { "fid": 150, "parcel_number": "405", "parcel_type": "ground", "land_category": "garden" }, "geometry": { "type": "MultiPolygon", "coordinates": [ [ [ [ 24.577229367888446, 49.808491304157606 ], [ 24.577301529616047, 49.808483025193048 ], [ 24.57733017694239, 49.80856852931575 ], [ 24.577614419496687, 49.808529569855267 ], [ 24.577690036285944, 49.808432539487605 ], [ 24.577685482622112, 49.808433058079387 ], [ 24.57755896800338, 49.808445097979522 ], [ 24.577357317809312, 49.808464288237708 ], [ 24.577318481398382, 49.808467984146638 ], [ 24.57722516327231, 49.808476864866741 ], [ 24.577229367888446, 49.808491304157606 ] ] ] ] } },
{ "type": "Feature", "properties": { "fid": 151, "parcel_number": "49", "parcel_type": "build", "land_category": "building" }, "geometry": { "type": "MultiPolygon", "coordinates": [ [ [ [ 24.57733017694239, 49.80856852931575 ], [ 24.577301529616047, 49.808483025193048 ], [ 24.577229367888446, 49.808491304157606 ], [ 24.577254861294875, 49.808578852389999 ], [ 24.57733017694239, 49.80856852931575 ] ] ] ] } },
{ "type": "Feature", "properties": { "fid": 152, "parcel_number": "398", "parcel_type": "ground", "land_category": "garden" }, "geometry": { "type": "MultiPolygon", "coordinates": [ [ [ [ 24.577942904582496, 49.807535010201306 ], [ 24.578576166415051, 49.807535010201306 ], [ 24.578604000034407, 49.807391950731059 ], [ 24.577940567423106, 49.807417961575268 ], [ 24.577942904582496, 49.807535010201306 ] ] ] ] } },
{ "type": "Feature", "properties": { "fid": 154, "parcel_number": "51", "parcel_type": "build", "land_category": "building" }, "geometry": { "type": "MultiPolygon", "coordinates": [ [ [ [ 24.578082900134351, 49.807940481514656 ], [ 24.578224289603003, 49.807950496313502 ], [ 24.578226410890331, 49.807909427004901 ], [ 24.578092200744312, 49.807900467056989 ], [ 24.578082900134351, 49.807940481514656 ] ] ] ] } },
{ "type": "Feature", "properties": { "fid": 155, "parcel_number": "402", "parcel_type": "ground", "land_category": "orchard" }, "geometry": { "type": "MultiPolygon", "coordinates": [ [ [ [ 24.578101254938073, 49.807861512767495 ], [ 24.577923066802661, 49.807858774809652 ], [ 24.577905817745592, 49.807976770963563 ], [ 24.578075799490154, 49.807971030954732 ], [ 24.578101254938073, 49.807861512767495 ] ] ] ] } },
{ "type": "Feature", "properties": { "fid": 157, "parcel_number": "401", "parcel_type": "ground", "land_category": "garden" }, "geometry": { "type": "MultiPolygon", "coordinates": [ [ [ [ 24.578266715349521, 49.807877940511375 ], [ 24.578292938570758, 49.807756013137308 ], [ 24.577935794526624, 49.807752678823476 ], [ 24.577933673239301, 49.807727352650467 ], [ 24.577702452920725, 49.807765684150411 ], [ 24.57771093807003, 49.807983351735288 ], [ 24.577905817745592, 49.807976770963563 ], [ 24.577923066802661, 49.807858774809652 ], [ 24.578101254938073, 49.807861512767495 ], [ 24.578266715349521, 49.807877940511375 ] ] ] ] } },
{ "type": "Feature", "properties": { "fid": 158, "parcel_number": "52", "parcel_type": "build", "land_category": "building" }, "geometry": { "type": "MultiPolygon", "coordinates": [ [ [ [ 24.57802055603446, 49.807753470160954 ], [ 24.578014282157692, 49.80759729912085 ], [ 24.578128831673315, 49.807596614627649 ], [ 24.578127771029649, 49.807552122549815 ], [ 24.577966553192855, 49.807553491537455 ], [ 24.57796954482766, 49.807752993917894 ], [ 24.57802055603446, 49.807753470160954 ] ] ] ] } },
{ "type": "Feature", "properties": { "fid": 159, "parcel_number": "52", "parcel_type": "build", "land_category": "yard" }, "geometry": { "type": "MultiPolygon", "coordinates": [ [ [ [ 24.578502178242751, 49.807686283152535 ], [ 24.578173378707174, 49.807619202897662 ], [ 24.578128831673311, 49.807596614627649 ], [ 24.578014282157692, 49.80759729912085 ], [ 24.57802055603446, 49.807753470160954 ], [ 24.578465330577433, 49.8077576225973 ], [ 24.578502178242751, 49.807686283152535 ] ], [ [ 24.578069170467266, 49.807713833944582 ], [ 24.578069170467266, 49.807656336621669 ], [ 24.578259025682968, 49.807660443575564 ], [ 24.578253722464648, 49.807715202927625 ], [ 24.578069170467266, 49.807713833944582 ] ] ] ] } },
{ "type": "Feature", "properties": { "fid": 160, "parcel_number": "399", "parcel_type": "ground", "land_category": "garden" }, "geometry": { "type": "MultiPolygon", "coordinates": [ [ [ [ 24.578576166415051, 49.807535010201306 ], [ 24.577942904582496, 49.807535010201306 ], [ 24.577933673239301, 49.807727352650467 ], [ 24.577935794526624, 49.807752678823476 ], [ 24.57796954482766, 49.807752993917894 ], [ 24.577966553192855, 49.807553491537455 ], [ 24.578127771029649, 49.807552122549815 ], [ 24.578128831673315, 49.807596614627649 ], [ 24.578128831673311, 49.807596614627649 ], [ 24.578173378707174, 49.807619202897662 ], [ 24.578502178242751, 49.807686283152535 ], [ 24.578544603989275, 49.807697235022054 ], [ 24.578576166415051, 49.807535010201306 ] ] ] ] } },
{ "type": "Feature", "properties": { "fid": 161, "parcel_number": "52", "parcel_type": "build", "land_category": "building" }, "geometry": { "type": "MultiPolygon", "coordinates": [ [ [ [ 24.578069170467266, 49.807713833944582 ], [ 24.578069170467266, 49.807656336621669 ], [ 24.578259025682968, 49.807660443575564 ], [ 24.578253722464648, 49.807715202927625 ], [ 24.578069170467266, 49.807713833944582 ] ] ] ] } },
{ "type": "Feature", "properties": { "fid": 162, "parcel_number": "51", "parcel_type": "build", "land_category": "yard" }, "geometry": { "type": "MultiPolygon", "coordinates": [ [ [ [ 24.578224289603003, 49.807950496313502 ], [ 24.578082900134351, 49.807940481514656 ], [ 24.578075799490154, 49.807971030954732 ], [ 24.578292170797443, 49.807981982759827 ], [ 24.578377022290496, 49.807929961663561 ], [ 24.578386242187428, 49.807906161339574 ], [ 24.578266715349525, 49.807877940511375 ], [ 24.578101254938073, 49.807861512767495 ], [ 24.578092200744312, 49.807900467056989 ], [ 24.578226410890331, 49.807909427004901 ], [ 24.578224289603003, 49.807950496313502 ] ] ] ] } },
{ "type": "Feature", "properties": { "fid": 163, "parcel_number": "400", "parcel_type": "ground", "land_category": "orchard" }, "geometry": { "type": "MultiPolygon", "coordinates": [ [ [ [ 24.578292938570758, 49.807756013137308 ], [ 24.578266715349521, 49.807877940511375 ], [ 24.578266715349525, 49.807877940511375 ], [ 24.578386242187428, 49.807906161339574 ], [ 24.578391871301779, 49.807891630293689 ], [ 24.578463995070877, 49.807760208223698 ], [ 24.578465330577433, 49.8077576225973 ], [ 24.578292938570758, 49.807756013137308 ] ] ] ] } },
{ "type": "Feature", "properties": { "fid": 164, "parcel_number": "396", "parcel_type": "ground", "land_category": "garden" }, "geometry": { "type": "MultiPolygon", "coordinates": [ [ [ [ 24.57847293996987, 49.807194141791761 ], [ 24.578476457633922, 49.807297661303586 ], [ 24.578614074439674, 49.807294920178904 ], [ 24.578624947746757, 49.807190195089696 ], [ 24.578510398231138, 49.807192933085382 ], [ 24.57847293996987, 49.807194141791761 ] ] ] ] } },
{ "type": "Feature", "properties": { "fid": 165, "parcel_number": "53", "parcel_type": "build", "land_category": "building" }, "geometry": { "type": "MultiPolygon", "coordinates": [ [ [ [ 24.578120865971691, 49.807206014125427 ], [ 24.578123263294088, 49.807264805416388 ], [ 24.578417061588777, 49.807253168950979 ], [ 24.578416358139485, 49.807195967579112 ], [ 24.578128566512401, 49.807205254063973 ], [ 24.578120865971691, 49.807206014125427 ] ] ] ] } },
{ "type": "Feature", "properties": { "fid": 166, "parcel_number": "53", "parcel_type": "build", "land_category": "building" }, "geometry": { "type": "MultiPolygon", "coordinates": [ [ [ [ 24.57796946996293, 49.807396228831401 ], [ 24.57796946996293, 49.807337362137552 ], [ 24.578369332623932, 49.807325041192563 ], [ 24.57836402940562, 49.80738185441276 ], [ 24.57796946996293, 49.807396228831401 ] ] ] ] } },
{ "type": "Feature", "properties": { "fid": 167, "parcel_number": "397", "parcel_type": "ground", "land_category": "pasture" }, "geometry": { "type": "MultiPolygon", "coordinates": [ [ [ [ 24.578181755808114, 49.80733082098611 ], [ 24.578178233602397, 49.807262628208072 ], [ 24.578123263294088, 49.807264805416388 ], [ 24.578120865971691, 49.807206014125427 ], [ 24.57794825708967, 49.807223051027542 ], [ 24.577941377773456, 49.807397421564893 ], [ 24.57796946996293, 49.807396228831401 ], [ 24.57796946996293, 49.807337362137552 ], [ 24.578181755808114, 49.80733082098611 ] ] ] ] } },
{ "type": "Feature", "properties": { "fid": 168, "parcel_number": "53", "parcel_type": "build", "land_category": "building" }, "geometry": { "type": "MultiPolygon", "coordinates": [ [ [ [ 24.577940567423113, 49.807417961575254 ], [ 24.577940567423159, 49.807417961575254 ], [ 24.577940567423209, 49.807417961575268 ], [ 24.578026925372441, 49.807414575786545 ], [ 24.578604000034407, 49.807391950731059 ], [ 24.578614074439674, 49.807294920178904 ], [ 24.578476457633922, 49.807297661303586 ], [ 24.57847293996987, 49.807194141791761 ], [ 24.578416358139485, 49.807195967579112 ], [ 24.578417061588777, 49.807253168950979 ], [ 24.578178233602397, 49.807262628208072 ], [ 24.578181755808114, 49.80733082098611 ], [ 24.578369332623932, 49.807325041192563 ], [ 24.57836402940562, 49.80738185441276 ], [ 24.57796946996293, 49.807396228831401 ], [ 24.577941377773456, 49.807397421564893 ], [ 24.577940567423106, 49.807417961575254 ], [ 24.577940567423113, 49.807417961575254 ] ] ] ] } },
{ "type": "Feature", "properties": { "fid": 169, "parcel_number": "395", "parcel_type": "ground", "land_category": "common_pasture" }, "geometry": { "type": "MultiPolygon", "coordinates": [ [ [ [ 24.578655706413002, 49.807050557105043 ], [ 24.57869070765388, 49.806826724789317 ], [ 24.578662070274969, 49.806731578629083 ], [ 24.578562369770641, 49.806732947639908 ], [ 24.578615401953797, 49.806782916508553 ], [ 24.578641918045371, 49.8068335698296 ], [ 24.578609038091813, 49.806932822805003 ], [ 24.578589946505879, 49.807051926106851 ], [ 24.578540096253704, 49.807126536646649 ], [ 24.578536956457878, 49.807192298282956 ], [ 24.578624947746757, 49.807190195089696 ], [ 24.578655706413002, 49.807050557105043 ] ] ] ] } },
{ "type": "Feature", "properties": { "fid": 170, "parcel_number": "393", "parcel_type": "ground", "land_category": "pasture" }, "geometry": { "type": "MultiPolygon", "coordinates": [ [ [ [ 24.578331219098956, 49.806691826510814 ], [ 24.578327967521087, 49.806606313974662 ], [ 24.577910285227023, 49.806632318526987 ], [ 24.577925983572754, 49.806758958838252 ], [ 24.578104897687496, 49.80674665218168 ], [ 24.578099929133511, 49.806702829392805 ], [ 24.578235691522394, 49.806693246310246 ], [ 24.578242082014597, 49.806737215920023 ], [ 24.578264328901298, 49.806735685661458 ], [ 24.57826606225802, 49.806735669737577 ], [ 24.578260086326647, 49.806693246310246 ], [ 24.578331219098956, 49.806691826510814 ] ] ] ] } },
{ "type": "Feature", "properties": { "fid": 171, "parcel_number": "54", "parcel_type": "build", "land_category": "building" }, "geometry": { "type": "MultiPolygon", "coordinates": [ [ [ [ 24.578242082014597, 49.806737215920023 ], [ 24.578235691522394, 49.806693246310246 ], [ 24.578099929133511, 49.806702829392805 ], [ 24.578104897687496, 49.80674665218168 ], [ 24.578242082014597, 49.806737215920023 ] ] ] ] } },
{ "type": "Feature", "properties": { "fid": 172, "parcel_number": "55", "parcel_type": "build", "land_category": "building" }, "geometry": { "type": "MultiPolygon", "coordinates": [ [ [ [ 24.578363650863174, 49.806734773217229 ], [ 24.578362968761969, 49.806691192792314 ], [ 24.578260086326647, 49.806693246310246 ], [ 24.57826606225802, 49.806735669737577 ], [ 24.578363650863174, 49.806734773217229 ] ] ] ] } },
{ "type": "Feature", "properties": { "fid": 173, "parcel_number": "394", "parcel_type": "ground", "land_category": "garden" }, "geometry": { "type": "MultiPolygon", "coordinates": [ [ [ [ 24.578627849930744, 49.806588947876556 ], [ 24.578524186598766, 49.806591254814073 ], [ 24.578525139340091, 49.806733289665893 ], [ 24.578562369770641, 49.806732947639908 ], [ 24.578662070274966, 49.806731578629083 ], [ 24.578627849930744, 49.806588947876556 ] ] ] ] } },
{ "type": "Feature", "properties": { "fid": 174, "parcel_number": "55", "parcel_type": "build", "land_category": "building" }, "geometry": { "type": "MultiPolygon", "coordinates": [ [ [ [ 24.578524451711164, 49.80663077781935 ], [ 24.578461608622639, 49.806631640734224 ], [ 24.578462669266305, 49.80669598433402 ], [ 24.578383120991571, 49.806695299828085 ], [ 24.578383120991571, 49.806734594350381 ], [ 24.578525139340091, 49.806733289665893 ], [ 24.578524451711164, 49.80663077781935 ] ] ] ] } },
{ "type": "Feature", "properties": { "fid": 175, "parcel_number": "55", "parcel_type": "build", "land_category": "building" }, "geometry": { "type": "MultiPolygon", "coordinates": [ [ [ [ 24.578461608622639, 49.806631640734224 ], [ 24.578524451711164, 49.80663077781935 ], [ 24.578524186598766, 49.806591254814073 ], [ 24.578402212577508, 49.806596730873011 ], [ 24.578404333864835, 49.806637116788579 ], [ 24.578461608622639, 49.806631640734224 ] ] ] ] } },
{ "type": "Feature", "properties": { "fid": 176, "parcel_number": "392", "parcel_type": "ground", "land_category": "garden" }, "geometry": { "type": "MultiPolygon", "coordinates": [ [ [ [ 24.577910285227023, 49.806632318526987 ], [ 24.578327967521087, 49.806606313974662 ], [ 24.578322098849622, 49.806529482520439 ], [ 24.577900528124836, 49.806553606892059 ], [ 24.577910285227023, 49.806632318526987 ] ] ] ] } },
{ "type": "Feature", "properties": { "fid": 177, "parcel_number": "55", "parcel_type": "build", "land_category": "yard" }, "geometry": { "type": "MultiPolygon", "coordinates": [ [ [ [ 24.578327967521087, 49.806606313974662 ], [ 24.578331219098956, 49.806691826510814 ], [ 24.578362968761969, 49.806691192792314 ], [ 24.578363650863174, 49.806734773217229 ], [ 24.578383120991571, 49.806734594350381 ], [ 24.578383120991571, 49.806695299828085 ], [ 24.578462669266305, 49.80669598433402 ], [ 24.578461608622639, 49.806631640734224 ], [ 24.578404333864835, 49.806637116788579 ], [ 24.578402212577508, 49.806596730873011 ], [ 24.578524186598766, 49.806591254814073 ], [ 24.578627849930744, 49.806588947876556 ], [ 24.57861115937915, 49.806519381482993 ], [ 24.57833114945208, 49.806528964599991 ], [ 24.578322098849622, 49.806529482520439 ], [ 24.578327967521087, 49.806606313974662 ] ] ] ] } },
{ "type": "Feature", "properties": { "fid": 178, "parcel_number": "57", "parcel_type": "build", "land_category": "yard" }, "geometry": { "type": "MultiPolygon", "coordinates": [ [ [ [ 24.578505859960579, 49.806349255228206 ], [ 24.578382060347884, 49.80635099211802 ], [ 24.578382060347884, 49.806307867918143 ], [ 24.57850191308183, 49.806301707315015 ], [ 24.578548973672614, 49.806258450670306 ], [ 24.578541020982108, 49.806236300049001 ], [ 24.578375696485917, 49.80624831538848 ], [ 24.577880621624836, 49.80627700595096 ], [ 24.57788780040087, 49.806387271177059 ], [ 24.57788808197428, 49.806390950995578 ], [ 24.577973306367159, 49.806389736451841 ], [ 24.577966288031938, 49.80632292716691 ], [ 24.578150840029327, 49.806316082054416 ], [ 24.578157203891301, 49.806345516031278 ], [ 24.578267510832276, 49.806344147009497 ], [ 24.578266110098859, 49.806381210811068 ], [ 24.578505095012822, 49.806363313310939 ], [ 24.578506997178952, 49.806362955259026 ], [ 24.578505859960579, 49.806349255228206 ] ], [ [ 24.578267510832276, 49.806344147009497 ], [ 24.578265389544946, 49.806309236940947 ], [ 24.578331149452058, 49.806307183406716 ], [ 24.578331149452058, 49.806344831520391 ], [ 24.578267510832276, 49.806344147009497 ] ] ] ] } },
{ "type": "Feature", "properties": { "fid": 179, "parcel_number": "56", "parcel_type": "build", "land_category": "yard" }, "geometry": { "type": "MultiPolygon", "coordinates": [ [ [ [ 24.578535623064695, 49.806507964531846 ], [ 24.578386302922542, 49.806513220906808 ], [ 24.578386302922542, 49.806474888415046 ], [ 24.578532671748064, 49.806468727833192 ], [ 24.578602221478096, 49.806454782848235 ], [ 24.578581461356571, 49.806348938585572 ], [ 24.578505095012822, 49.806363313310939 ], [ 24.578194326419514, 49.806386586666761 ], [ 24.578193282328751, 49.80638660154623 ], [ 24.57818690191387, 49.806446823535765 ], [ 24.578184319766958, 49.806537366924161 ], [ 24.578322098849622, 49.806529482520439 ], [ 24.57833114945208, 49.806528964599991 ], [ 24.578536673575741, 49.806521930700356 ], [ 24.578535623064695, 49.806507964531846 ] ] ] ] } },
{ "type": "Feature", "properties": { "fid": 180, "parcel_number": "390", "parcel_type": "ground", "land_category": "garden" }, "geometry": { "type": "MultiPolygon", "coordinates": [ [ [ [ 24.577880621624836, 49.80627700595096 ], [ 24.578375696485917, 49.80624831538848 ], [ 24.578541020982108, 49.806236300049001 ], [ 24.57852100466777, 49.806180548627694 ], [ 24.578320543015433, 49.806201084019776 ], [ 24.577877193964234, 49.80622435745358 ], [ 24.577880621624836, 49.80627700595096 ] ] ] ] } },
{ "type": "Feature", "properties": { "fid": 181, "parcel_number": "57", "parcel_type": "build", "land_category": "building" }, "geometry": { "type": "MultiPolygon", "coordinates": [ [ [ [ 24.578266110098859, 49.806381210811068 ], [ 24.578267510832276, 49.806344147009497 ], [ 24.578157203891301, 49.806345516031278 ], [ 24.578150840029327, 49.806316082054416 ], [ 24.577966288031938, 49.80632292716691 ], [ 24.577973306367159, 49.806389736451841 ], [ 24.578194326419514, 49.806386586666761 ], [ 24.578266110098859, 49.806381210811068 ] ] ] ] } },
{ "type": "Feature", "properties": { "fid": 182, "parcel_number": null, "parcel_type": null, "land_category": null }, "geometry": { "type": "MultiPolygon", "coordinates": [ [ [ [ 24.578548973672614, 49.806258450670306 ], [ 24.57850191308183, 49.806301707315015 ], [ 24.578506997178952, 49.806362955259026 ], [ 24.578581461356571, 49.806348938585572 ], [ 24.578548973672614, 49.806258450670306 ] ] ] ] } },
{ "type": "Feature", "properties": { "fid": 183, "parcel_number": "56", "parcel_type": "build", "land_category": "building" }, "geometry": { "type": "MultiPolygon", "coordinates": [ [ [ [ 24.578184319766958, 49.806537366924161 ], [ 24.57818690191387, 49.806446823535765 ], [ 24.578135991018041, 49.806446139026292 ], [ 24.578128566512401, 49.806495423682257 ], [ 24.577984318974202, 49.806499530734662 ], [ 24.577983258330548, 49.806427657267399 ], [ 24.577923862285413, 49.806428341777114 ], [ 24.577930596063531, 49.8065518862552 ], [ 24.578184319766958, 49.806537366924161 ] ] ] ] } },
{ "type": "Feature", "properties": { "fid": 184, "parcel_number": "391", "parcel_type": "ground", "land_category": "garden" }, "geometry": { "type": "MultiPolygon", "coordinates": [ [ [ [ 24.577983258330548, 49.806427657267399 ], [ 24.578189924195375, 49.806418297521631 ], [ 24.578193282328751, 49.80638660154623 ], [ 24.57788808197428, 49.806390950995578 ], [ 24.577900528124836, 49.806553606892059 ], [ 24.577930596063531, 49.8065518862552 ], [ 24.577923862285413, 49.806428341777114 ], [ 24.577983258330548, 49.806427657267399 ] ] ] ] } },
{ "type": "Feature", "properties": { "fid": 185, "parcel_number": null, "parcel_type": null, "land_category": null }, "geometry": { "type": "MultiPolygon", "coordinates": [ [ [ [ 24.578189924195375, 49.806418297521631 ], [ 24.577983258330548, 49.806427657267399 ], [ 24.577984318974202, 49.806499530734662 ], [ 24.578128566512401, 49.806495423682257 ], [ 24.578135991018041, 49.806446139026292 ], [ 24.57818690191387, 49.806446823535765 ], [ 24.578189924195375, 49.806418297521631 ] ] ] ] } },
{ "type": "Feature", "properties": { "fid": 186, "parcel_number": null, "parcel_type": null, "land_category": null }, "geometry": { "type": "MultiPolygon", "coordinates": [ [ [ [ 24.578602221478096, 49.806454782848235 ], [ 24.578532671748064, 49.806468727833192 ], [ 24.578536673575741, 49.806521930700356 ], [ 24.57861115937915, 49.806519381482993 ], [ 24.578602674229835, 49.806457091176426 ], [ 24.578602221478096, 49.806454782848235 ] ] ] ] } },
{ "type": "Feature", "properties": { "fid": 187, "parcel_number": "56", "parcel_type": "build", "land_category": "building" }, "geometry": { "type": "MultiPolygon", "coordinates": [ [ [ [ 24.578532671748064, 49.806468727833192 ], [ 24.578386302922542, 49.806474888415046 ], [ 24.578386302922542, 49.806513220906808 ], [ 24.578535623064695, 49.806507964531846 ], [ 24.578532671748064, 49.806468727833192 ] ] ] ] } },
{ "type": "Feature", "properties": { "fid": 188, "parcel_number": "57", "parcel_type": "build", "land_category": "building" }, "geometry": { "type": "MultiPolygon", "coordinates": [ [ [ [ 24.57850191308183, 49.806301707315015 ], [ 24.578382060347884, 49.806307867918143 ], [ 24.578382060347884, 49.80635099211802 ], [ 24.578505859960579, 49.806349255228206 ], [ 24.57850191308183, 49.806301707315015 ] ] ] ] } },
{ "type": "Feature", "properties": { "fid": 189, "parcel_number": "57", "parcel_type": "build", "land_category": "building" }, "geometry": { "type": "MultiPolygon", "coordinates": [ [ [ [ 24.578267510832276, 49.806344147009497 ], [ 24.578265389544946, 49.806309236940947 ], [ 24.578331149452058, 49.806307183406716 ], [ 24.578331149452058, 49.806344831520391 ], [ 24.578267510832276, 49.806344147009497 ] ] ] ] } },
{ "type": "Feature", "properties": { "fid": 190, "parcel_number": "379", "parcel_type": "ground", "land_category": "garden" }, "geometry": { "type": "MultiPolygon", "coordinates": [ [ [ [ 24.577614154335777, 49.805506982938645 ], [ 24.578021441502422, 49.805498768665075 ], [ 24.578186901913881, 49.805490554390119 ], [ 24.578169931615268, 49.805331744800313 ], [ 24.578057503386969, 49.805177041854094 ], [ 24.577945075158677, 49.805142815471783 ], [ 24.577643852358339, 49.805156506027615 ], [ 24.577614154335777, 49.805506982938645 ] ] ] ] } },
{ "type": "Feature", "properties": { "fid": 191, "parcel_number": "380", "parcel_type": "ground", "land_category": "garden" }, "geometry": { "type": "MultiPolygon", "coordinates": [ [ [ [ 24.578295087567518, 49.805653470583145 ], [ 24.577833650467468, 49.805681409481103 ], [ 24.577841132079694, 49.805787636448052 ], [ 24.57816568904062, 49.805754779535924 ], [ 24.578358726187307, 49.805739720110395 ], [ 24.578295087567518, 49.805653470583145 ] ] ] ] } },
{ "type": "Feature", "properties": { "fid": 192, "parcel_number": "382", "parcel_type": "ground", "land_category": "pasture" }, "geometry": { "type": "MultiPolygon", "coordinates": [ [ [ [ 24.577711150244003, 49.805789564901929 ], [ 24.577706430334462, 49.805747934343088 ], [ 24.577838044016996, 49.80574379088052 ], [ 24.577829791200525, 49.805626614042652 ], [ 24.57775415929931, 49.805632934958759 ], [ 24.57774543936252, 49.80559401004259 ], [ 24.577603547899145, 49.805608292197988 ], [ 24.577624760772405, 49.805716446443576 ], [ 24.577656580082301, 49.805790374523049 ], [ 24.577711150244003, 49.805789564901929 ] ], [ [ 24.577654458794971, 49.805695226325838 ], [ 24.577645973645666, 49.805624720706561 ], [ 24.577714915483771, 49.805618560016505 ], [ 24.57772764320773, 49.805689065644764 ], [ 24.577654458794971, 49.805695226325838 ] ] ] ] } },
{ "type": "Feature", "properties": { "fid": 193, "parcel_number": "380", "parcel_type": "ground", "land_category": "garden" }, "geometry": { "type": "MultiPolygon", "coordinates": [ [ [ [ 24.577826917272301, 49.805585808843297 ], [ 24.578270006376851, 49.805552035548956 ], [ 24.578242055384358, 49.805487816298154 ], [ 24.578186901913881, 49.805490554390119 ], [ 24.578021441502422, 49.805498768665075 ], [ 24.577821071628573, 49.805502809776833 ], [ 24.577826917272301, 49.805585808843297 ] ] ] ] } },
{ "type": "Feature", "properties": { "fid": 194, "parcel_number": "381", "parcel_type": "ground", "land_category": "pasture" }, "geometry": { "type": "MultiPolygon", "coordinates": [ [ [ [ 24.577603547899145, 49.805608292197988 ], [ 24.577826917272301, 49.805585808843297 ], [ 24.577821071628573, 49.805502809776833 ], [ 24.577614154335777, 49.805506982938645 ], [ 24.577603547899145, 49.805608292197988 ] ] ] ] } },
{ "type": "Feature", "properties": { "fid": 195, "parcel_number": "64", "parcel_type": "build", "land_category": "yard" }, "geometry": { "type": "MultiPolygon", "coordinates": [ [ [ [ 24.577896161954996, 49.805580530850619 ], [ 24.577901588768487, 49.805620613579926 ], [ 24.577829791200525, 49.805626614042652 ], [ 24.577833650467468, 49.805681409481103 ], [ 24.578078208533487, 49.805666602082972 ], [ 24.578071291754586, 49.805616506452949 ], [ 24.578291845651268, 49.80560221272394 ], [ 24.578270006376851, 49.805552035548956 ], [ 24.577896161954996, 49.805580530850619 ] ] ] ] } },
{ "type": "Feature", "properties": { "fid": 196, "parcel_number": "64", "parcel_type": "build", "land_category": "building" }, "geometry": { "type": "MultiPolygon", "coordinates": [ [ [ [ 24.578291845651268, 49.80560221272394 ], [ 24.578071291754586, 49.805616506452949 ], [ 24.578078208533487, 49.805666602082972 ], [ 24.578295087567518, 49.805653470583145 ], [ 24.578295087567518, 49.805609661240581 ], [ 24.578291845651268, 49.80560221272394 ] ] ] ] } },
{ "type": "Feature", "properties": { "fid": 197, "parcel_number": "65", "parcel_type": "build", "land_category": "building" }, "geometry": { "type": "MultiPolygon", "coordinates": [ [ [ [ 24.577838044016996, 49.80574379088052 ], [ 24.577706430334462, 49.805747934343088 ], [ 24.577711150244003, 49.805789564901929 ], [ 24.577841132079694, 49.805787636448052 ], [ 24.577838044016996, 49.80574379088052 ] ] ] ] } },
{ "type": "Feature", "properties": { "fid": 198, "parcel_number": "66", "parcel_type": "build", "land_category": "building" }, "geometry": { "type": "MultiPolygon", "coordinates": [ [ [ [ 24.577654458794971, 49.805695226325838 ], [ 24.577645973645666, 49.805624720706561 ], [ 24.577714915483771, 49.805618560016505 ], [ 24.57772764320773, 49.805689065644764 ], [ 24.577654458794971, 49.805695226325838 ] ] ] ] } },
{ "type": "Feature", "properties": { "fid": 199, "parcel_number": "382", "parcel_type": "ground", "land_category": "garden" }, "geometry": { "type": "MultiPolygon", "coordinates": [ [ [ [ 24.57791028916143, 49.805780635248169 ], [ 24.577916434302079, 49.80586303891814 ], [ 24.578121142006761, 49.805841713400703 ], [ 24.578375696485921, 49.805816386227868 ], [ 24.578358726187307, 49.805739720110395 ], [ 24.57816568904062, 49.805754779535924 ], [ 24.57791028916143, 49.805780635248169 ] ] ] ] } },
{ "type": "Feature", "properties": { "fid": 200, "parcel_number": "", "parcel_type": "ground", "land_category": "pasture" }, "geometry": { "type": "MultiPolygon", "coordinates": [ [ [ [ 24.577916434302079, 49.80586303891814 ], [ 24.57791028916143, 49.805780635248169 ], [ 24.577841132079694, 49.805787636448052 ], [ 24.577851738516316, 49.805869778630793 ], [ 24.577916434302079, 49.80586303891814 ] ] ] ] } },
{ "type": "Feature", "properties": { "fid": 201, "parcel_number": "64", "parcel_type": "build", "land_category": "building" }, "geometry": { "type": "MultiPolygon", "coordinates": [ [ [ [ 24.57775415929931, 49.805632934958759 ], [ 24.577829791200525, 49.805626614042652 ], [ 24.577901588768487, 49.805620613579926 ], [ 24.577896161954996, 49.805580530850619 ], [ 24.577826917272301, 49.805585808843297 ], [ 24.57774543936252, 49.80559401004259 ], [ 24.57775415929931, 49.805632934958759 ] ] ] ] } },
{ "type": "Feature", "properties": { "fid": 203, "parcel_number": "388", "parcel_type": "ground", "land_category": "garden" }, "geometry": { "type": "MultiPolygon", "coordinates": [ [ [ [ 24.578468179100437, 49.806069924043214 ], [ 24.578393727428185, 49.806134686220602 ], [ 24.578398450015776, 49.806193103187638 ], [ 24.57852100466777, 49.806180548627694 ], [ 24.578491306645194, 49.806099776001005 ], [ 24.578468179100437, 49.806069924043214 ] ] ] ] } },
{ "type": "Feature", "properties": { "fid": 204, "parcel_number": "58", "parcel_type": "build", "land_category": "yard" }, "geometry": { "type": "MultiPolygon", "coordinates": [ [ [ [ 24.578263612763987, 49.806139484669991 ], [ 24.578393727428185, 49.806134686220602 ], [ 24.578468179100437, 49.806069924043214 ], [ 24.578451002186, 49.806047752881938 ], [ 24.578419182876104, 49.806007366474667 ], [ 24.578419084424141, 49.806007148627572 ], [ 24.578238873453373, 49.80601421163081 ], [ 24.578263612763987, 49.806139484669991 ] ] ] ] } },
{ "type": "Feature", "properties": { "fid": 205, "parcel_number": "58", "parcel_type": "build", "land_category": "building" }, "geometry": { "type": "MultiPolygon", "coordinates": [ [ [ [ 24.578266450188611, 49.806153852604965 ], [ 24.578268125212784, 49.806186673194219 ], [ 24.578397140309299, 49.806176902518274 ], [ 24.578393727428185, 49.806134686220602 ], [ 24.578263612763987, 49.806139484669991 ], [ 24.578266450188611, 49.806153852604965 ] ] ] ] } },
{ "type": "Feature", "properties": { "fid": 207, "parcel_number": null, "parcel_type": "build", "land_category": "building" }, "geometry": { "type": "MultiPolygon", "coordinates": [ [ [ [ 24.578268125212784, 49.806186673194219 ], [ 24.578266450188611, 49.806153852604965 ], [ 24.578211296718127, 49.806154537118552 ], [ 24.578213418005454, 49.806190816324822 ], [ 24.578268125212784, 49.806186673194219 ] ] ] ] } },
{ "type": "Feature", "properties": { "fid": 208, "parcel_number": "389", "parcel_type": "ground", "land_category": "pasture" }, "geometry": { "type": "MultiPolygon", "coordinates": [ [ [ [ 24.578238873453373, 49.80601421163081 ], [ 24.578113717501115, 49.806018318724021 ], [ 24.578009774422121, 49.806030640001616 ], [ 24.577903710055807, 49.806036116123977 ], [ 24.57787202874265, 49.806038071866219 ], [ 24.577880375895219, 49.806107305658337 ], [ 24.577877193964234, 49.80622435745358 ], [ 24.578268998772774, 49.806203789815065 ], [ 24.578320543015433, 49.806201084019776 ], [ 24.578398450015776, 49.806193103187638 ], [ 24.578397140309299, 49.806176902518274 ], [ 24.578268125212784, 49.806186673194219 ], [ 24.578213418005454, 49.806190816324822 ], [ 24.578211296718127, 49.806154537118552 ], [ 24.578266450188611, 49.806153852604965 ], [ 24.578253363491811, 49.80608758518521 ], [ 24.578238873453373, 49.80601421163081 ] ], [ [ 24.57796946996293, 49.80613126365116 ], [ 24.577972651893916, 49.8062024530456 ], [ 24.577900528124825, 49.806203822071396 ], [ 24.577906891986803, 49.806132632678967 ], [ 24.57796946996293, 49.80613126365116 ] ], [ [ 24.578002349916478, 49.806072395418994 ], [ 24.577998107341831, 49.806113466286199 ], [ 24.577911134561447, 49.806114835314503 ], [ 24.577910073917785, 49.806073079933732 ], [ 24.578002349916478, 49.806072395418994 ] ], [ [ 24.578131218121563, 49.806079240565936 ], [ 24.578130157477897, 49.806042276760884 ], [ 24.578226676051244, 49.806036800639205 ], [ 24.578228797338571, 49.806070341874715 ], [ 24.578131218121563, 49.806079240565936 ] ] ] ] } },
{ "type": "Feature", "properties": { "fid": 209, "parcel_number": "387", "parcel_type": "ground", "land_category": "garden" }, "geometry": { "type": "MultiPolygon", "coordinates": [ [ [ [ 24.578389484853538, 49.805941652926371 ], [ 24.578322664302753, 49.805951236157739 ], [ 24.578328635567843, 49.80601069358692 ], [ 24.578419084424141, 49.806007148627572 ], [ 24.578389484853538, 49.805941652926371 ] ] ] ] } },
{ "type": "Feature", "properties": { "fid": 211, "parcel_number": "63", "parcel_type": "build", "land_category": "yard" }, "geometry": { "type": "MultiPolygon", "coordinates": [ [ [ [ 24.578381246677555, 49.805891143855234 ], [ 24.578082958834884, 49.805911534186926 ], [ 24.578104171708148, 49.805975878743887 ], [ 24.578104171708162, 49.805975878743894 ], [ 24.578170992258922, 49.805976563259996 ], [ 24.578166749684272, 49.805958765838163 ], [ 24.57832266430275, 49.805951236157739 ], [ 24.578322664302753, 49.805951236157739 ], [ 24.578389484853538, 49.805941652926371 ], [ 24.578381246677555, 49.805891143855234 ] ] ] ] } },
{ "type": "Feature", "properties": { "fid": 212, "parcel_number": "385", "parcel_type": "ground", "land_category": "garden" }, "geometry": { "type": "MultiPolygon", "coordinates": [ [ [ [ 24.578125196951639, 49.805841309949585 ], [ 24.578131031146338, 49.805908248064476 ], [ 24.578381246677555, 49.805891143855234 ], [ 24.578380999704233, 49.805889629637399 ], [ 24.578375696485921, 49.805816386227868 ], [ 24.578125196951639, 49.805841309949585 ] ] ] ] } },
{ "type": "Feature", "properties": { "fid": 215, "parcel_number": "59", "parcel_type": "build", "land_category": "building" }, "geometry": { "type": "MultiPolygon", "coordinates": [ [ [ [ 24.577900528124825, 49.806203822071396 ], [ 24.577972651893916, 49.8062024530456 ], [ 24.57796946996293, 49.80613126365116 ], [ 24.577906891986803, 49.806132632678967 ], [ 24.577900528124825, 49.806203822071396 ] ] ] ] } },
{ "type": "Feature", "properties": { "fid": 216, "parcel_number": null, "parcel_type": "build", "land_category": "building" }, "geometry": { "type": "MultiPolygon", "coordinates": [ [ [ [ 24.577911134561447, 49.806114835314503 ], [ 24.577910073917785, 49.806073079933732 ], [ 24.578002349916478, 49.806072395418994 ], [ 24.577998107341831, 49.806113466286199 ], [ 24.577911134561447, 49.806114835314503 ] ] ] ] } },
{ "type": "Feature", "properties": { "fid": 217, "parcel_number": "61", "parcel_type": "build", "land_category": "building" }, "geometry": { "type": "MultiPolygon", "coordinates": [ [ [ [ 24.577903710055807, 49.806036116123977 ], [ 24.577901588768476, 49.805988884548199 ], [ 24.578008713778456, 49.805984777452501 ], [ 24.578009774422121, 49.806030640001616 ], [ 24.577903710055807, 49.806036116123977 ] ] ] ] } },
{ "type": "Feature", "properties": { "fid": 218, "parcel_number": "62", "parcel_type": "build", "land_category": "building" }, "geometry": { "type": "MultiPolygon", "coordinates": [ [ [ [ 24.577881436538881, 49.805975878743894 ], [ 24.577883557826208, 49.805914956771915 ], [ 24.577979015755886, 49.805914956771915 ], [ 24.577970530606581, 49.805973825195537 ], [ 24.577881436538881, 49.805975878743894 ] ] ] ] } },
{ "type": "Feature", "properties": { "fid": 220, "parcel_number": "386", "parcel_type": "ground", "land_category": "pasture" }, "geometry": { "type": "MultiPolygon", "coordinates": [ [ [ [ 24.578009774422121, 49.806030640001616 ], [ 24.578113717501115, 49.806018318724021 ], [ 24.578104171708148, 49.805975878743894 ], [ 24.578104171708162, 49.805975878743894 ], [ 24.578104171708148, 49.805975878743887 ], [ 24.578082958834884, 49.805911534186926 ], [ 24.578131031146338, 49.805908248064476 ], [ 24.578125196951639, 49.805841309949585 ], [ 24.578121142006761, 49.805841713400703 ], [ 24.577916434302079, 49.80586303891814 ], [ 24.577851738516316, 49.805869778630793 ], [ 24.57787202874265, 49.806038071866219 ], [ 24.577903710055807, 49.806036116123977 ], [ 24.577901588768476, 49.805988884548199 ], [ 24.578008713778456, 49.805984777452501 ], [ 24.578009774422121, 49.806030640001616 ] ], [ [ 24.577881436538881, 49.805975878743894 ], [ 24.577883557826208, 49.805914956771915 ], [ 24.577979015755886, 49.805914956771915 ], [ 24.577970530606581, 49.805973825195537 ], [ 24.577881436538881, 49.805975878743894 ] ] ] ] } },
{ "type": "Feature", "properties": { "fid": 221, "parcel_number": "63", "parcel_type": "build", "land_category": "building" }, "geometry": { "type": "MultiPolygon", "coordinates": [ [ [ [ 24.578322664302753, 49.805951236157739 ], [ 24.57832266430275, 49.805951236157739 ], [ 24.578166749684272, 49.805958765838163 ], [ 24.578170992258922, 49.805976563259996 ], [ 24.578149094642658, 49.805976338938727 ], [ 24.578104171708148, 49.805975878743894 ], [ 24.578113717501115, 49.806018318724021 ], [ 24.578238873453373, 49.80601421163081 ], [ 24.578328635567843, 49.80601069358692 ], [ 24.57832764207544, 49.80600080113156 ], [ 24.578322664302753, 49.805951236157739 ] ] ] ] } },
{ "type": "Feature", "properties": { "fid": 222, "parcel_number": "", "parcel_type": "build", "land_category": "building" }, "geometry": { "type": "MultiPolygon", "coordinates": [ [ [ [ 24.578131218121563, 49.806079240565936 ], [ 24.578130157477897, 49.806042276760884 ], [ 24.578226676051244, 49.806036800639205 ], [ 24.578228797338571, 49.806070341874715 ], [ 24.578131218121563, 49.806079240565936 ] ] ] ] } },
{ "type": "Feature", "properties": { "fid": 223, "parcel_number": "455", "parcel_type": "ground", "land_category": "field" }, "geometry": { "type": "MultiPolygon", "coordinates": [ [ [ [ 24.577643852358335, 49.805156506027615 ], [ 24.577640140105519, 49.805092160381548 ], [ 24.577559531187113, 49.805082576980126 ], [ 24.577319825719247, 49.805057933939217 ], [ 24.576838293496174, 49.805049719589455 ], [ 24.576532828121188, 49.805045612414048 ], [ 24.575887956773986, 49.805003171581156 ], [ 24.575779771120342, 49.80550287580202 ], [ 24.576424642467543, 49.805520673391477 ], [ 24.577027088068213, 49.805520673391477 ], [ 24.577614154335777, 49.805506982938645 ], [ 24.577643852358339, 49.805156506027622 ], [ 24.577643852358335, 49.805156506027615 ] ] ] ] } },
{ "type": "Feature", "properties": { "fid": 224, "parcel_number": "453", "parcel_type": "ground", "land_category": "field" }, "geometry": { "type": "MultiPolygon", "coordinates": [ [ [ [ 24.577603547899145, 49.805608292197988 ], [ 24.576961328161094, 49.805606923155366 ], [ 24.575660979030072, 49.805619244537645 ], [ 24.575658857742745, 49.805720553562075 ], [ 24.577391949488337, 49.805702756046109 ], [ 24.577620209421813, 49.805693241314735 ], [ 24.577620209424559, 49.80569324130834 ], [ 24.577603547899145, 49.805608292197988 ] ] ] ] } },
{ "type": "Feature", "properties": { "fid": 225, "parcel_number": "454", "parcel_type": "ground", "land_category": "field" }, "geometry": { "type": "MultiPolygon", "coordinates": [ [ [ [ 24.575660979030072, 49.805619244537645 ], [ 24.576961328161094, 49.805606923155366 ], [ 24.577603547899145, 49.805608292197988 ], [ 24.577614154335777, 49.805506982938645 ], [ 24.577027088068213, 49.805520673391477 ], [ 24.576424642467543, 49.805520673391477 ], [ 24.575779771120342, 49.80550287580202 ], [ 24.575779771120342, 49.805502875802013 ], [ 24.575692798339968, 49.805496030573579 ], [ 24.575660979030072, 49.805619244537645 ] ] ] ] } },
{ "type": "Feature", "properties": { "fid": 226, "parcel_number": "452", "parcel_type": "ground", "land_category": "field" }, "geometry": { "type": "MultiPolygon", "coordinates": [ [ [ [ 24.573581794567076, 49.80561781101833 ], [ 24.575048987636436, 49.805611030283146 ], [ 24.575566581744059, 49.805615137410577 ], [ 24.575660979030072, 49.805619244537645 ], [ 24.575692798339968, 49.805496030573579 ], [ 24.575382029746656, 49.805489185344157 ], [ 24.574720188100855, 49.805475494882415 ], [ 24.573551358784059, 49.805472756789584 ], [ 24.573581794567076, 49.80561781101833 ] ] ] ] } },
{ "type": "Feature", "properties": { "fid": 227, "parcel_number": "451", "parcel_type": "ground", "land_category": "field" }, "geometry": { "type": "MultiPolygon", "coordinates": [ [ [ [ 24.575660979030072, 49.805619244537645 ], [ 24.575566581744059, 49.805615137410577 ], [ 24.575048987636436, 49.805611030283146 ], [ 24.573581794567076, 49.80561781101833 ], [ 24.573606512254543, 49.805735612993544 ], [ 24.573808034550545, 49.805734243954511 ], [ 24.575658857742745, 49.805720553562075 ], [ 24.575660979030072, 49.805619244537645 ] ] ] ] } },
{ "type": "Feature", "properties": { "fid": 228, "parcel_number": "431", "parcel_type": "ground", "land_category": "field" }, "geometry": { "type": "MultiPolygon", "coordinates": [ [ [ [ 24.578628450364977, 49.806874224028142 ], [ 24.578401682255596, 49.806882854090993 ], [ 24.577937120331136, 49.806893806142291 ], [ 24.577341038592451, 49.80693898332769 ], [ 24.576475553363316, 49.807000588512572 ], [ 24.575083988877253, 49.807103263646482 ], [ 24.57439881307085, 49.807160761626335 ], [ 24.573835741799279, 49.807195426621718 ], [ 24.573841975147776, 49.80722099753207 ], [ 24.573855189029022, 49.807257003486335 ], [ 24.574258808107317, 49.807237425493234 ], [ 24.574719127457122, 49.807207307559999 ], [ 24.575669464179313, 49.807137488642717 ], [ 24.576624043476151, 49.807070407627336 ], [ 24.577502256429245, 49.807022492559412 ], [ 24.578598902705764, 49.806996052682528 ], [ 24.578609038091813, 49.806932822805003 ], [ 24.578628450364977, 49.806874224028142 ] ] ] ] } },
{ "type": "Feature", "properties": { "fid": 229, "parcel_number": "407", "parcel_type": "ground", "land_category": "field" }, "geometry": { "type": "MultiPolygon", "coordinates": [ [ [ [ 24.577254861294875, 49.808578852389999 ], [ 24.576715258831246, 49.808649524826158 ], [ 24.575722496362538, 49.808809692483663 ], [ 24.575277026024011, 49.808858974733191 ], [ 24.574318077176411, 49.808965102405757 ], [ 24.574372296979345, 49.809007505654023 ], [ 24.57445078461042, 49.809054049811891 ], [ 24.574567455413362, 49.80905678770214 ], [ 24.575108383681574, 49.809008874600465 ], [ 24.575755376316099, 49.808933582487725 ], [ 24.576079933277025, 49.808867872911833 ], [ 24.576720562049573, 49.808763832567521 ], [ 24.577202094272646, 49.808670743648868 ], [ 24.577289067053016, 49.808655685130503 ], [ 24.577254861294875, 49.808578852389999 ] ] ] ] } },
{ "type": "Feature", "properties": { "fid": 230, "parcel_number": "408", "parcel_type": "ground", "land_category": "field" }, "geometry": { "type": "MultiPolygon", "coordinates": [ [ [ [ 24.57724015661179, 49.808528354273335 ], [ 24.577156486595118, 49.808538639214319 ], [ 24.576624043476219, 49.808612562983761 ], [ 24.575849773602108, 49.808726186335193 ], [ 24.575272783449361, 49.8088001098182 ], [ 24.574712763595212, 49.808867188436565 ], [ 24.574244501692814, 49.808907561698518 ], [ 24.574318077176411, 49.808965102405757 ], [ 24.575277026024011, 49.808858974733191 ], [ 24.575722496362538, 49.808809692483663 ], [ 24.576715258831246, 49.808649524826158 ], [ 24.577254861294875, 49.808578852389999 ], [ 24.57724015661179, 49.808528354273335 ] ] ] ] } },
{ "type": "Feature", "properties": { "fid": 231, "parcel_number": "409", "parcel_type": "ground", "land_category": "field" }, "geometry": { "type": "MultiPolygon", "coordinates": [ [ [ [ 24.57722516327231, 49.808476864866741 ], [ 24.576142511253142, 49.808633097344135 ], [ 24.575504003767922, 49.808715234698482 ], [ 24.574765795778365, 49.808802847722816 ], [ 24.574186061868847, 49.80886185803967 ], [ 24.574244501692814, 49.808907561698518 ], [ 24.574712763595212, 49.808867188436565 ], [ 24.575272783449361, 49.8088001098182 ], [ 24.575849773602108, 49.808726186335193 ], [ 24.576624043476219, 49.808612562983761 ], [ 24.577156486595118, 49.808538639214319 ], [ 24.57724015661179, 49.808528354273335 ], [ 24.577229367888446, 49.808491304157606 ], [ 24.57722516327231, 49.808476864866741 ] ] ] ] } },
{ "type": "Feature", "properties": { "fid": 232, "parcel_number": "410", "parcel_type": "ground", "land_category": "field" }, "geometry": { "type": "MultiPolygon", "coordinates": [ [ [ [ 24.577152514065435, 49.808368445900925 ], [ 24.577082241538697, 49.808378470659889 ], [ 24.576539191983162, 49.808453763636109 ], [ 24.575442486435453, 49.808601611321336 ], [ 24.574523969023161, 49.808709758879189 ], [ 24.574091525840462, 49.808751619892412 ], [ 24.574121985074843, 49.808811745911768 ], [ 24.574186061868847, 49.80886185803967 ], [ 24.574765795778365, 49.808802847722816 ], [ 24.575504003767922, 49.808715234698482 ], [ 24.576142511253142, 49.808633097344135 ], [ 24.57722516327231, 49.808476864866741 ], [ 24.577152514065435, 49.808368445900925 ] ] ] ] } },
{ "type": "Feature", "properties": { "fid": 233, "parcel_number": "411", "parcel_type": "ground", "land_category": "field" }, "geometry": { "type": "MultiPolygon", "coordinates": [ [ [ [ 24.577122252084195, 49.808323284049187 ], [ 24.576722683336879, 49.808374363766923 ], [ 24.575642948087793, 49.808516735853537 ], [ 24.574841101478448, 49.808609825068388 ], [ 24.574177138545316, 49.808674166038713 ], [ 24.57406188236223, 49.80868414379659 ], [ 24.574085923190289, 49.80874056035465 ], [ 24.574091525840462, 49.808751619892412 ], [ 24.574523969023161, 49.808709758879189 ], [ 24.575442486435453, 49.808601611321336 ], [ 24.576539191983162, 49.808453763636109 ], [ 24.577082241538697, 49.808378470659889 ], [ 24.577152514065435, 49.808368445900925 ], [ 24.577122252084195, 49.808323284049187 ] ] ] ] } },
{ "type": "Feature", "properties": { "fid": 234, "parcel_number": "412", "parcel_type": "ground", "land_category": "field" }, "geometry": { "type": "MultiPolygon", "coordinates": [ [ [ [ 24.57708940088342, 49.808274258142823 ], [ 24.576909356621599, 49.80829770170066 ], [ 24.575980232772679, 49.808407218900996 ], [ 24.575369302022704, 49.808492094560826 ], [ 24.574616245021858, 49.808571494236901 ], [ 24.574036858753409, 49.808612769236092 ], [ 24.574039254869117, 49.80863104390852 ], [ 24.57406188236223, 49.80868414379659 ], [ 24.574177138545316, 49.808674166038713 ], [ 24.574841101478448, 49.808609825068388 ], [ 24.575642948087793, 49.808516735853537 ], [ 24.576722683336879, 49.808374363766923 ], [ 24.577122252084195, 49.808323284049187 ], [ 24.57708940088342, 49.808274258142823 ] ] ] ] } },
{ "type": "Feature", "properties": { "fid": 235, "parcel_number": "413", "parcel_type": "ground", "land_category": "field" }, "geometry": { "type": "MultiPolygon", "coordinates": [ [ [ [ 24.578245930592278, 49.808081062712191 ], [ 24.578068640145425, 49.808086880392423 ], [ 24.577833177252206, 49.808093725254516 ], [ 24.57733467473053, 49.808133425435557 ], [ 24.576889204392003, 49.808184077343412 ], [ 24.576057659760089, 49.808292225834123 ], [ 24.575363998804388, 49.808378470659889 ], [ 24.574623669527504, 49.808463346370132 ], [ 24.574021307152954, 49.80849416043803 ], [ 24.574036858753409, 49.808612769236092 ], [ 24.574616245021858, 49.808571494236901 ], [ 24.575369302022704, 49.808492094560826 ], [ 24.575980232772679, 49.808407218900996 ], [ 24.576909356621599, 49.80829770170066 ], [ 24.57708940088342, 49.808274258142823 ], [ 24.5771763736638, 49.80826193743632 ], [ 24.577383519127451, 49.808237340158165 ], [ 24.577441534579592, 49.808230451172093 ], [ 24.577463083403956, 49.808228121287911 ], [ 24.577616756189371, 49.808211506006003 ], [ 24.577846700458913, 49.808186644161715 ], [ 24.578033612199249, 49.80817963118281 ], [ 24.578188616687818, 49.808173815372655 ], [ 24.578185310948385, 49.808147115145651 ], [ 24.57823728248788, 49.80809920114352 ], [ 24.578245930592278, 49.808081062712191 ] ] ] ] } },
{ "type": "Feature", "properties": { "fid": 236, "parcel_number": "414", "parcel_type": "ground", "land_category": "field" }, "geometry": { "type": "MultiPolygon", "coordinates": [ [ [ [ 24.578266978161164, 49.808036917791469 ], [ 24.578019850536926, 49.808040335304511 ], [ 24.577394070775664, 49.808067714773408 ], [ 24.576812838048255, 49.808127949550446 ], [ 24.575845531027461, 49.80825389475114 ], [ 24.575249449288766, 49.808326449989735 ], [ 24.574852768558742, 49.808368887909069 ], [ 24.574526090310489, 49.808396267192109 ], [ 24.574190926912934, 49.808418170607403 ], [ 24.574013280844245, 49.80843061249 ], [ 24.574015920708529, 49.808453079155072 ], [ 24.574021307152954, 49.80849416043803 ], [ 24.574623669527504, 49.808463346370132 ], [ 24.575363998804388, 49.808378470659889 ], [ 24.576057659760089, 49.808292225834123 ], [ 24.576889204392003, 49.808184077343412 ], [ 24.57733467473053, 49.808133425435557 ], [ 24.577833177252206, 49.808093725254516 ], [ 24.578068640145425, 49.808086880392423 ], [ 24.578245930592278, 49.808081062712191 ], [ 24.578266978161164, 49.808036917791469 ] ] ] ] } },
{ "type": "Feature", "properties": { "fid": 237, "parcel_number": "415", "parcel_type": "ground", "land_category": "field" }, "geometry": { "type": "MultiPolygon", "coordinates": [ [ [ [ 24.57771093807003, 49.807983351735288 ], [ 24.577644382680166, 49.807986945295632 ], [ 24.577111939561256, 49.808029383512626 ], [ 24.576537070695831, 49.808096463199071 ], [ 24.575520974066531, 49.808230622293088 ], [ 24.574975803223666, 49.808292225834123 ], [ 24.574466694265357, 49.808333294817935 ], [ 24.574004571399726, 49.80835649043231 ], [ 24.574013280844245, 49.80843061249 ], [ 24.574190926912934, 49.808418170607403 ], [ 24.574526090310489, 49.808396267192109 ], [ 24.574852768558742, 49.808368887909069 ], [ 24.575249449288766, 49.808326449989735 ], [ 24.575845531027461, 49.80825389475114 ], [ 24.576812838048255, 49.808127949550446 ], [ 24.577394070775664, 49.808067714773408 ], [ 24.578019850536926, 49.808040335304511 ], [ 24.578266978161164, 49.808036917791469 ], [ 24.578271223085093, 49.8080280145385 ], [ 24.578292170797443, 49.807981982759827 ], [ 24.578075799490154, 49.807971030954732 ], [ 24.577905817745592, 49.807976770963563 ], [ 24.57771093807003, 49.807983351735288 ] ] ] ] } },
{ "type": "Feature", "properties": { "fid": 238, "parcel_number": "416", "parcel_type": "ground", "land_category": "field" }, "geometry": { "type": "MultiPolygon", "coordinates": [ [ [ [ 24.577708897307836, 49.807931000531816 ], [ 24.57756589504908, 49.80794040011164 ], [ 24.577137395009171, 49.807967779637053 ], [ 24.576647377636792, 49.808029383512626 ], [ 24.575887956773983, 49.808127949550453 ], [ 24.575092474026615, 49.808225146418984 ], [ 24.574591850217601, 49.808273060296436 ], [ 24.573998241458348, 49.808302619226289 ], [ 24.574004571399726, 49.80835649043231 ], [ 24.574466694265357, 49.808333294817935 ], [ 24.574975803223666, 49.808292225834123 ], [ 24.575520974066531, 49.808230622293088 ], [ 24.576537070695831, 49.808096463199071 ], [ 24.577111939561256, 49.808029383512626 ], [ 24.577644382680166, 49.807986945295632 ], [ 24.57771093807003, 49.807983351735288 ], [ 24.577708897307836, 49.807931000531816 ] ] ] ] } },
{ "type": "Feature", "properties": { "fid": 239, "parcel_number": "417", "parcel_type": "ground", "land_category": "field" }, "geometry": { "type": "MultiPolygon", "coordinates": [ [ [ [ 24.577707384949228, 49.807892204344071 ], [ 24.577387706913672, 49.807910282615801 ], [ 24.576687682095987, 49.807982838369433 ], [ 24.575919776083868, 49.8080745596382 ], [ 24.575317330483198, 49.808143008232996 ], [ 24.574799736375581, 49.808192291161305 ], [ 24.574506998724548, 49.808221039512993 ], [ 24.574301233853898, 49.808233360229899 ], [ 24.573992253983683, 49.808251662596199 ], [ 24.573998241458348, 49.808302619226289 ], [ 24.574591850217601, 49.808273060296436 ], [ 24.575092474026615, 49.808225146418984 ], [ 24.575887956773983, 49.808127949550453 ], [ 24.576647377636792, 49.808029383512626 ], [ 24.577137395009171, 49.807967779637053 ], [ 24.57756589504908, 49.80794040011164 ], [ 24.577708897307836, 49.807931000531816 ], [ 24.577707384949228, 49.807892204344071 ] ] ] ] } },
{ "type": "Feature", "properties": { "fid": 240, "parcel_number": "418", "parcel_type": "ground", "land_category": "field" }, "geometry": { "type": "MultiPolygon", "coordinates": [ [ [ [ 24.577704829382419, 49.807826646976075 ], [ 24.577464073257417, 49.80783635777383 ], [ 24.576952843011771, 49.807888378970674 ], [ 24.576204028585593, 49.807967779637067 ], [ 24.575296117609938, 49.8080745596382 ], [ 24.574791251226277, 49.808129318521772 ], [ 24.574409419507539, 49.808159435881336 ], [ 24.573981812645716, 49.80816280119366 ], [ 24.573992253983683, 49.808251662596199 ], [ 24.574301233853898, 49.808233360229899 ], [ 24.574506998724548, 49.808221039512993 ], [ 24.574799736375581, 49.808192291161305 ], [ 24.575317330483198, 49.808143008232996 ], [ 24.575919776083868, 49.8080745596382 ], [ 24.576687682095987, 49.807982838369433 ], [ 24.577387706913672, 49.807910282615801 ], [ 24.577707384949228, 49.807892204344071 ], [ 24.577704829382419, 49.807826646976075 ] ] ] ] } },
{ "type": "Feature", "properties": { "fid": 241, "parcel_number": "419", "parcel_type": "ground", "land_category": "field" }, "geometry": { "type": "MultiPolygon", "coordinates": [ [ [ [ 24.577702452920725, 49.807765684150411 ], [ 24.577103454411947, 49.807818561035745 ], [ 24.57656464743107, 49.80787468918745 ], [ 24.575949474106434, 49.807952720899991 ], [ 24.575402181976251, 49.808010217870859 ], [ 24.575020350257514, 49.808052656067431 ], [ 24.57463851853878, 49.808088249364914 ], [ 24.574301233853895, 49.808112890863207 ], [ 24.573977086073317, 49.80812257552008 ], [ 24.573981812645716, 49.80816280119366 ], [ 24.574409419507539, 49.808159435881336 ], [ 24.574791251226277, 49.808129318521772 ], [ 24.575296117609938, 49.8080745596382 ], [ 24.576204028585593, 49.807967779637067 ], [ 24.576952843011771, 49.807888378970674 ], [ 24.577464073257417, 49.80783635777383 ], [ 24.577704829382419, 49.807826646976075 ], [ 24.577702452920725, 49.807765684150411 ] ] ] ] } },
{ "type": "Feature", "properties": { "fid": 242, "parcel_number": "420", "parcel_type": "ground", "land_category": "field" }, "geometry": { "type": "MultiPolygon", "coordinates": [ [ [ [ 24.577938192071798, 49.807633199146323 ], [ 24.577782266356362, 49.807650176190108 ], [ 24.57713739500916, 49.807693983686001 ], [ 24.576216756309549, 49.80780076429113 ], [ 24.575226115128167, 49.80790069977229 ], [ 24.57437972148497, 49.807970517588757 ], [ 24.573960554572071, 49.807981883552102 ], [ 24.573977086073317, 49.80812257552008 ], [ 24.574301233853895, 49.808112890863207 ], [ 24.57463851853878, 49.808088249364914 ], [ 24.575020350257514, 49.808052656067431 ], [ 24.575402181976251, 49.808010217870859 ], [ 24.575949474106434, 49.807952720899991 ], [ 24.57656464743107, 49.80787468918745 ], [ 24.577103454411947, 49.807818561035745 ], [ 24.577702452920725, 49.807765684150411 ], [ 24.577933673239301, 49.807727352650467 ], [ 24.577938192071798, 49.807633199146323 ] ] ] ] } },
{ "type": "Feature", "properties": { "fid": 243, "parcel_number": "421", "parcel_type": "ground", "land_category": "field" }, "geometry": { "type": "MultiPolygon", "coordinates": [ [ [ [ 24.577942904582496, 49.807535010201306 ], [ 24.577396192062974, 49.807561192092038 ], [ 24.57677253358904, 49.807620058513706 ], [ 24.576206149872913, 49.807685769783539 ], [ 24.575389454252285, 49.807765170782282 ], [ 24.574893073017929, 49.807810347154444 ], [ 24.574413662082186, 49.807839095732966 ], [ 24.573946425763008, 49.807862290529847 ], [ 24.573948039514086, 49.807875373676758 ], [ 24.573960554572071, 49.807981883552102 ], [ 24.57437972148497, 49.807970517588757 ], [ 24.575226115128167, 49.80790069977229 ], [ 24.576216756309549, 49.80780076429113 ], [ 24.57713739500916, 49.807693983686001 ], [ 24.577782266356362, 49.807650176190108 ], [ 24.577938192071798, 49.807633199146323 ], [ 24.577942904582496, 49.807535010201306 ] ] ] ] } },
{ "type": "Feature", "properties": { "fid": 244, "parcel_number": "422", "parcel_type": "ground", "land_category": "field" }, "geometry": { "type": "MultiPolygon", "coordinates": [ [ [ [ 24.577941688787909, 49.807474121292131 ], [ 24.577612563370256, 49.807483159748351 ], [ 24.577254065812113, 49.807498218631487 ], [ 24.576674954372031, 49.807566668041254 ], [ 24.575612189421552, 49.80766797299011 ], [ 24.574693672009253, 49.807746005035888 ], [ 24.573936083039946, 49.807778439081403 ], [ 24.573946425763008, 49.807862290529847 ], [ 24.574413662082186, 49.807839095732966 ], [ 24.574893073017929, 49.807810347154444 ], [ 24.575389454252285, 49.807765170782282 ], [ 24.576206149872913, 49.807685769783539 ], [ 24.57677253358904, 49.807620058513706 ], [ 24.577396192062974, 49.807561192092038 ], [ 24.577942904582496, 49.807535010201306 ], [ 24.577941688787909, 49.807474121292131 ] ] ] ] } },
{ "type": "Feature", "properties": { "fid": 245, "parcel_number": "423", "parcel_type": "ground", "land_category": "field" }, "geometry": { "type": "MultiPolygon", "coordinates": [ [ [ [ 24.577940567423106, 49.807417961575254 ], [ 24.577582865347701, 49.807429769124916 ], [ 24.577207397490945, 49.80745577994881 ], [ 24.576462825639403, 49.807524229418604 ], [ 24.5756567364554, 49.807606368654596 ], [ 24.575181568094315, 49.80764470025035 ], [ 24.574574879918988, 49.807678924863765 ], [ 24.574108196707197, 49.807703566570453 ], [ 24.573927910873891, 49.80771218496664 ], [ 24.573936083039946, 49.807778439081403 ], [ 24.574693672009253, 49.807746005035888 ], [ 24.575612189421552, 49.80766797299011 ], [ 24.576674954372031, 49.807566668041254 ], [ 24.577254065812113, 49.807498218631487 ], [ 24.577612563370256, 49.807483159748351 ], [ 24.577941688787909, 49.807474121292131 ], [ 24.577940567423106, 49.807417961575254 ] ] ] ] } },
{ "type": "Feature", "properties": { "fid": 246, "parcel_number": "53", "parcel_type": "build", "land_category": "building" }, "geometry": { "type": "MultiPolygon", "coordinates": [ [ [ [ 24.577940567423209, 49.807417961575268 ], [ 24.577940567423159, 49.807417961575254 ], [ 24.577940567423113, 49.807417961575254 ], [ 24.577940567423163, 49.807417961575268 ], [ 24.577940567423209, 49.807417961575268 ] ] ] ] } },
{ "type": "Feature", "properties": { "fid": 247, "parcel_number": "450", "parcel_type": "ground", "land_category": "field" }, "geometry": { "type": "MultiPolygon", "coordinates": [ [ [ [ 24.573622461050757, 49.805868441890844 ], [ 24.574250322958058, 49.805863617971895 ], [ 24.575501882480577, 49.805830761111324 ], [ 24.576965570735737, 49.805803380377156 ], [ 24.577538318313838, 49.805792428079151 ], [ 24.577656580082301, 49.805790374523049 ], [ 24.577624760772405, 49.805716446443576 ], [ 24.577620209421813, 49.805693241314735 ], [ 24.577391949488337, 49.805702756046109 ], [ 24.575658857742745, 49.805720553562075 ], [ 24.573808034550545, 49.805734243954511 ], [ 24.573606512254543, 49.805735612993544 ], [ 24.573622461050757, 49.805868441890844 ] ] ] ] } },
{ "type": "Feature", "properties": { "fid": 248, "parcel_number": "449", "parcel_type": "ground", "land_category": "field" }, "geometry": { "type": "MultiPolygon", "coordinates": [ [ [ [ 24.573636154021251, 49.805982483235873 ], [ 24.574371236335661, 49.805969033582294 ], [ 24.574812464099534, 49.80596355745233 ], [ 24.576017355300877, 49.805922486457945 ], [ 24.577438617809495, 49.80588278446357 ], [ 24.577851738516316, 49.805869778630786 ], [ 24.577841132079694, 49.805787636448052 ], [ 24.577711150244003, 49.805789564901929 ], [ 24.577656580082301, 49.805790374523049 ], [ 24.577538318313838, 49.805792428079151 ], [ 24.576965570735737, 49.805803380377156 ], [ 24.575501882480577, 49.805830761111324 ], [ 24.574250322958058, 49.805863617971895 ], [ 24.573622461050757, 49.805868441890844 ], [ 24.573636154021251, 49.805982483235873 ] ] ] ] } },
{ "type": "Feature", "properties": { "fid": 249, "parcel_number": "448", "parcel_type": "ground", "land_category": "field" }, "geometry": { "type": "MultiPolygon", "coordinates": [ [ [ [ 24.573643455809066, 49.806043295877195 ], [ 24.574125167005811, 49.806029270970889 ], [ 24.575648251306095, 49.805992307127681 ], [ 24.576706773681927, 49.805951236157675 ], [ 24.577489528705332, 49.805932069693078 ], [ 24.577857806629421, 49.805920109446006 ], [ 24.577851738516316, 49.805869778630793 ], [ 24.577851738516316, 49.805869778630786 ], [ 24.577438617809495, 49.80588278446357 ], [ 24.576017355300877, 49.805922486457945 ], [ 24.574812464099534, 49.80596355745233 ], [ 24.574371236335661, 49.805969033582294 ], [ 24.573636154021251, 49.805982483235873 ], [ 24.573643455809066, 49.806043295877195 ] ] ] ] } },
{ "type": "Feature", "properties": { "fid": 250, "parcel_number": "447", "parcel_type": "ground", "land_category": "field" }, "geometry": { "type": "MultiPolygon", "coordinates": [ [ [ [ 24.573651059288405, 49.80610662114406 ], [ 24.574094408339576, 49.806105936629756 ], [ 24.574832616329132, 49.806075817992536 ], [ 24.575808408499242, 49.806055282547327 ], [ 24.57657419322403, 49.80601421163076 ], [ 24.577419526223558, 49.805990938095903 ], [ 24.57786478572185, 49.805977996141941 ], [ 24.577857806629421, 49.805920109446006 ], [ 24.577489528705332, 49.805932069693078 ], [ 24.576706773681927, 49.805951236157675 ], [ 24.575648251306095, 49.805992307127681 ], [ 24.574125167005811, 49.806029270970889 ], [ 24.573643455809066, 49.806043295877195 ], [ 24.573651059288405, 49.80610662114406 ] ] ] ] } },
{ "type": "Feature", "properties": { "fid": 251, "parcel_number": "446", "parcel_type": "ground", "land_category": "field" }, "geometry": { "type": "MultiPolygon", "coordinates": [ [ [ [ 24.573654483557682, 49.806201648425926 ], [ 24.573945918226745, 49.806190816324758 ], [ 24.574898376236252, 49.806145638441109 ], [ 24.575942049600794, 49.806104567601196 ], [ 24.57678207938201, 49.806078556051233 ], [ 24.577586047278686, 49.806040223215277 ], [ 24.57787202874265, 49.806038071866212 ], [ 24.57786478572185, 49.805977996141941 ], [ 24.577419526223558, 49.805990938095903 ], [ 24.57657419322403, 49.80601421163076 ], [ 24.575808408499242, 49.806055282547327 ], [ 24.574832616329132, 49.806075817992536 ], [ 24.574094408339576, 49.806105936629756 ], [ 24.573651059288405, 49.80610662114406 ], [ 24.573654483557682, 49.806201648425926 ] ] ] ] } },
{ "type": "Feature", "properties": { "fid": 252, "parcel_number": "445", "parcel_type": "ground", "land_category": "field" }, "geometry": { "type": "MultiPolygon", "coordinates": [ [ [ [ 24.573657340524257, 49.806280932426588 ], [ 24.574306537072218, 49.806250368925141 ], [ 24.5750956559576, 49.806221619403075 ], [ 24.576071448127696, 49.806184655706744 ], [ 24.57710663634294, 49.806138108789739 ], [ 24.577564834405422, 49.806114835314425 ], [ 24.577880375895219, 49.806107305658337 ], [ 24.57787202874265, 49.806038071866219 ], [ 24.57787202874265, 49.806038071866212 ], [ 24.577586047278686, 49.806040223215277 ], [ 24.57678207938201, 49.806078556051233 ], [ 24.575942049600794, 49.806104567601196 ], [ 24.574898376236252, 49.806145638441109 ], [ 24.573945918226745, 49.806190816324758 ], [ 24.573654483557682, 49.806201648425926 ], [ 24.573657340524257, 49.806280932426588 ] ] ] ] } },
{ "type": "Feature", "properties": { "fid": 253, "parcel_number": "444", "parcel_type": "ground", "land_category": "field" }, "geometry": { "type": "MultiPolygon", "coordinates": [ [ [ [ 24.57365954443771, 49.806342093476736 ], [ 24.574595032148569, 49.806305814383784 ], [ 24.575679009972312, 49.806264743679776 ], [ 24.576989965539976, 49.806207244635623 ], [ 24.577787569574664, 49.80617028092832 ], [ 24.577878720801575, 49.806168190635084 ], [ 24.577880375895219, 49.806107305658337 ], [ 24.577564834405422, 49.806114835314425 ], [ 24.57710663634294, 49.806138108789739 ], [ 24.576071448127696, 49.806184655706744 ], [ 24.5750956559576, 49.806221619403075 ], [ 24.574306537072218, 49.806250368925141 ], [ 24.573657340524257, 49.806280932426588 ], [ 24.57365954443771, 49.806342093476736 ] ] ] ] } },
{ "type": "Feature", "properties": { "fid": 254, "parcel_number": "443", "parcel_type": "ground", "land_category": "field" }, "geometry": { "type": "MultiPolygon", "coordinates": [ [ [ [ 24.573671907934635, 49.806401657612525 ], [ 24.573971373674638, 49.806385902156379 ], [ 24.57515293071539, 49.806340724454799 ], [ 24.57684147542713, 49.806275011359055 ], [ 24.577877193964234, 49.80622435745358 ], [ 24.577878720801575, 49.806168190635084 ], [ 24.577787569574664, 49.80617028092832 ], [ 24.576989965539976, 49.806207244635623 ], [ 24.575679009972312, 49.806264743679776 ], [ 24.574595032148569, 49.806305814383784 ], [ 24.57365954443771, 49.806342093476736 ], [ 24.573671907934635, 49.806401657612525 ] ] ] ] } },
{ "type": "Feature", "properties": { "fid": 255, "parcel_number": "442", "parcel_type": "ground", "land_category": "field" }, "geometry": { "type": "MultiPolygon", "coordinates": [ [ [ [ 24.573687025209974, 49.80647448874165 ], [ 24.574143197948064, 49.806446139026242 ], [ 24.574915346534841, 49.806414651580894 ], [ 24.575946292175427, 49.806362628800223 ], [ 24.576790564531297, 49.806324296189224 ], [ 24.57761150272658, 49.806288701594688 ], [ 24.577880621624836, 49.80627700595096 ], [ 24.577877193964234, 49.80622435745358 ], [ 24.57684147542713, 49.806275011359055 ], [ 24.57515293071539, 49.806340724454799 ], [ 24.573971373674638, 49.806385902156379 ], [ 24.573671907934635, 49.806401657612525 ], [ 24.573687025209974, 49.80647448874165 ] ] ] ] } },
{ "type": "Feature", "properties": { "fid": 256, "parcel_number": "440", "parcel_type": "ground", "land_category": "field" }, "geometry": { "type": "MultiPolygon", "coordinates": [ [ [ [ 24.57788434261915, 49.806334160053957 ], [ 24.577797115367634, 49.806336617388915 ], [ 24.577275278685367, 49.806359890757584 ], [ 24.576354639985748, 49.806400961380866 ], [ 24.575287632460618, 49.806450246082825 ], [ 24.574303355141211, 49.806500899751953 ], [ 24.57369753227448, 49.806525109065397 ], [ 24.573710580760228, 49.806587973300452 ], [ 24.574388206634261, 49.806567981556576 ], [ 24.575096716601248, 49.806524173041645 ], [ 24.575862501326039, 49.806494054664633 ], [ 24.576619800901533, 49.806452984120341 ], [ 24.577368615327721, 49.806413282561067 ], [ 24.57788808197428, 49.806390950995564 ], [ 24.57788780040087, 49.806387271177059 ], [ 24.57788434261915, 49.806334160053957 ] ] ] ] } },
{ "type": "Feature", "properties": { "fid": 257, "parcel_number": "441", "parcel_type": "ground", "land_category": "field" }, "geometry": { "type": "MultiPolygon", "coordinates": [ [ [ [ 24.57369753227448, 49.806525109065397 ], [ 24.574303355141211, 49.806500899751953 ], [ 24.575287632460618, 49.806450246082825 ], [ 24.576354639985748, 49.806400961380866 ], [ 24.577275278685367, 49.806359890757584 ], [ 24.577797115367634, 49.806336617388915 ], [ 24.57788434261915, 49.806334160053957 ], [ 24.577880621624836, 49.80627700595096 ], [ 24.57761150272658, 49.806288701594688 ], [ 24.576790564531297, 49.806324296189224 ], [ 24.575946292175427, 49.806362628800223 ], [ 24.574915346534841, 49.806414651580894 ], [ 24.574143197948064, 49.806446139026242 ], [ 24.573687025209974, 49.80647448874165 ], [ 24.57369753227448, 49.806525109065397 ] ] ] ] } },
{ "type": "Feature", "properties": { "fid": 258, "parcel_number": "424", "parcel_type": "ground", "land_category": "field" }, "geometry": { "type": "MultiPolygon", "coordinates": [ [ [ [ 24.577942669649456, 49.807364676336071 ], [ 24.577841662401486, 49.807366110996895 ], [ 24.577428011372852, 49.807378431931433 ], [ 24.577084362825989, 49.807409918749876 ], [ 24.576131904816481, 49.807498903126024 ], [ 24.575213387404187, 49.807576935444345 ], [ 24.574432753668102, 49.80762758793454 ], [ 24.573918947408234, 49.807639515557049 ], [ 24.573927910873891, 49.80771218496664 ], [ 24.574108196707197, 49.807703566570453 ], [ 24.574574879918988, 49.807678924863765 ], [ 24.575181568094315, 49.80764470025035 ], [ 24.5756567364554, 49.807606368654596 ], [ 24.576462825639403, 49.807524229418604 ], [ 24.577207397490945, 49.80745577994881 ], [ 24.577582865347701, 49.807429769124916 ], [ 24.577940567423106, 49.807417961575254 ], [ 24.577941377773456, 49.807397421564893 ], [ 24.577942669649456, 49.807364676336071 ] ] ] ] } },
{ "type": "Feature", "properties": { "fid": 259, "parcel_number": "425", "parcel_type": "ground", "land_category": "field" }, "geometry": { "type": "MultiPolygon", "coordinates": [ [ [ [ 24.577945534445689, 49.807292062161032 ], [ 24.577093908618959, 49.807353790059238 ], [ 24.576160542195385, 49.807429084629312 ], [ 24.575339604000106, 49.807493427169135 ], [ 24.5747753415713, 49.807542710758803 ], [ 24.574401995001871, 49.807567352534832 ], [ 24.573911193041663, 49.807576648826966 ], [ 24.573918947408234, 49.807639515557049 ], [ 24.574432753668102, 49.80762758793454 ], [ 24.575213387404187, 49.807576935444345 ], [ 24.576131904816481, 49.807498903126024 ], [ 24.577084362825989, 49.807409918749876 ], [ 24.577428011372852, 49.807378431931433 ], [ 24.577841662401486, 49.807366110996895 ], [ 24.577942669649456, 49.807364676336071 ], [ 24.577945534445689, 49.807292062161032 ] ] ] ] } },
{ "type": "Feature", "properties": { "fid": 260, "parcel_number": "426", "parcel_type": "ground", "land_category": "field" }, "geometry": { "type": "MultiPolygon", "coordinates": [ [ [ [ 24.57794825708967, 49.807223051027542 ], [ 24.577619987875877, 49.807248377464333 ], [ 24.576809656117234, 49.807304506277205 ], [ 24.575829621372478, 49.80739349084714 ], [ 24.57522081190983, 49.807444143529267 ], [ 24.574438056886425, 49.807501641104231 ], [ 24.573902841251464, 49.807508938403338 ], [ 24.573911193041663, 49.807576648826966 ], [ 24.574401995001871, 49.807567352534832 ], [ 24.5747753415713, 49.807542710758803 ], [ 24.575339604000106, 49.807493427169135 ], [ 24.576160542195385, 49.807429084629312 ], [ 24.577093908618959, 49.807353790059238 ], [ 24.577945534445689, 49.807292062161032 ], [ 24.57794825708967, 49.807223051027542 ] ] ] ] } },
{ "type": "Feature", "properties": { "fid": 261, "parcel_number": "439", "parcel_type": "ground", "land_category": "field" }, "geometry": { "type": "MultiPolygon", "coordinates": [ [ [ [ 24.573715375050522, 49.806655484324494 ], [ 24.574725491319125, 49.80661179003183 ], [ 24.575866743900683, 49.806546077304041 ], [ 24.576814959335543, 49.806505006803874 ], [ 24.577722870311202, 49.806458460194897 ], [ 24.577892514516346, 49.806448878937331 ], [ 24.57788808197428, 49.806390950995578 ], [ 24.57788808197428, 49.806390950995564 ], [ 24.577368615327721, 49.806413282561067 ], [ 24.576619800901533, 49.806452984120341 ], [ 24.575862501326039, 49.806494054664633 ], [ 24.575096716601248, 49.806524173041645 ], [ 24.574388206634261, 49.806567981556576 ], [ 24.573710580760228, 49.806587973300452 ], [ 24.573715375050522, 49.806655484324494 ] ] ] ] } },
{ "type": "Feature", "properties": { "fid": 262, "parcel_number": "438", "parcel_type": "ground", "land_category": "field" }, "geometry": { "type": "MultiPolygon", "coordinates": [ [ [ [ 24.57372093586843, 49.806724461109695 ], [ 24.574027587788766, 49.806714465990403 ], [ 24.574973681936296, 49.806672026620596 ], [ 24.57596008054303, 49.806617266088452 ], [ 24.577048300941421, 49.806557029431524 ], [ 24.577897525037464, 49.806514360279792 ], [ 24.577892514516346, 49.806448878937331 ], [ 24.577722870311202, 49.806458460194897 ], [ 24.576814959335543, 49.806505006803874 ], [ 24.575866743900683, 49.806546077304041 ], [ 24.574725491319125, 49.80661179003183 ], [ 24.573715375050522, 49.806655484324494 ], [ 24.573720001126464, 49.806720626540994 ], [ 24.57372093586843, 49.806724461109695 ] ] ] ] } },
{ "type": "Feature", "properties": { "fid": 263, "parcel_number": "437", "parcel_type": "ground", "land_category": "field" }, "geometry": { "type": "MultiPolygon", "coordinates": [ [ [ [ 24.573734695430641, 49.806780906619203 ], [ 24.574481543276587, 49.806748691261518 ], [ 24.575279147311285, 49.806710358956245 ], [ 24.576293122653254, 49.806647384388782 ], [ 24.577082241538648, 49.806606313974576 ], [ 24.577640140105458, 49.806576195648681 ], [ 24.577902646393689, 49.806570695203874 ], [ 24.577900528124836, 49.806553606892059 ], [ 24.577897525037464, 49.806514360279792 ], [ 24.577048300941421, 49.806557029431524 ], [ 24.57596008054303, 49.806617266088452 ], [ 24.574973681936296, 49.806672026620596 ], [ 24.574027587788766, 49.806714465990403 ], [ 24.57372093586843, 49.806724461109695 ], [ 24.573734695430641, 49.806780906619203 ] ] ] ] } },
{ "type": "Feature", "properties": { "fid": 264, "parcel_number": "436", "parcel_type": "ground", "land_category": "field" }, "geometry": { "type": "MultiPolygon", "coordinates": [ [ [ [ 24.573752243546242, 49.806852893816966 ], [ 24.575131717842098, 49.806782916508439 ], [ 24.575852955533041, 49.80675142928218 ], [ 24.576684500164962, 49.806706251921732 ], [ 24.577910285227023, 49.806632318526987 ], [ 24.577902646393689, 49.806570695203874 ], [ 24.577640140105458, 49.806576195648681 ], [ 24.577082241538648, 49.806606313974576 ], [ 24.576293122653254, 49.806647384388782 ], [ 24.575279147311285, 49.806710358956245 ], [ 24.574481543276587, 49.806748691261518 ], [ 24.573734695430641, 49.806780906619203 ], [ 24.573752243546242, 49.806852893816966 ] ] ] ] } },
{ "type": "Feature", "properties": { "fid": 265, "parcel_number": "435", "parcel_type": "ground", "land_category": "field" }, "geometry": { "type": "MultiPolygon", "coordinates": [ [ [ [ 24.573770757692525, 49.806928843938366 ], [ 24.574395631139868, 49.806886961110543 ], [ 24.575473245101634, 49.806840414868809 ], [ 24.576746017497424, 49.806756905323006 ], [ 24.577728173529504, 49.806715835001683 ], [ 24.577918631581237, 49.806699649541486 ], [ 24.577910285227023, 49.806632318526987 ], [ 24.576684500164962, 49.806706251921732 ], [ 24.575852955533041, 49.80675142928218 ], [ 24.575131717842098, 49.806782916508439 ], [ 24.573752243546242, 49.806852893816966 ], [ 24.573770757692525, 49.806928843938366 ] ] ] ] } },
{ "type": "Feature", "properties": { "fid": 266, "parcel_number": "434", "parcel_type": "ground", "land_category": "field" }, "geometry": { "type": "MultiPolygon", "coordinates": [ [ [ [ 24.573784566990842, 49.806985493479061 ], [ 24.574206836567832, 49.806969101427889 ], [ 24.574609881159834, 49.806947197356877 ], [ 24.575755376316032, 49.806881485084411 ], [ 24.576987844252621, 49.806808927679945 ], [ 24.577925983572754, 49.806758958838252 ], [ 24.577918631581237, 49.806699649541486 ], [ 24.577728173529504, 49.806715835001683 ], [ 24.576746017497424, 49.806756905323006 ], [ 24.575473245101634, 49.806840414868809 ], [ 24.574395631139868, 49.806886961110543 ], [ 24.573770757692525, 49.806928843938366 ], [ 24.573784566990842, 49.806985493479061 ] ] ] ] } },
{ "type": "Feature", "properties": { "fid": 267, "parcel_number": "433", "parcel_type": "ground", "land_category": "field" }, "geometry": { "type": "MultiPolygon", "coordinates": [ [ [ [ 24.573810272035026, 49.807090942641892 ], [ 24.573945918226702, 49.807090942641892 ], [ 24.574652306906358, 49.807052610607641 ], [ 24.575452032228373, 49.806993743495916 ], [ 24.576128722885471, 49.806944459347314 ], [ 24.576756623934049, 49.806903389185152 ], [ 24.577503317072917, 49.806862318988138 ], [ 24.577927574538176, 49.806839045861025 ], [ 24.578266980510382, 49.806823986772827 ], [ 24.578635857286475, 49.806821992050814 ], [ 24.578615401953797, 49.806782916508553 ], [ 24.578562369770641, 49.806732947639908 ], [ 24.578525139340091, 49.806733289665893 ], [ 24.578383120991571, 49.806734594350381 ], [ 24.578363650863174, 49.806734773217229 ], [ 24.57826606225802, 49.806735669737577 ], [ 24.578264328901298, 49.806735685661458 ], [ 24.578242082014597, 49.806737215920023 ], [ 24.578104897687496, 49.80674665218168 ], [ 24.577925983572754, 49.806758958838252 ], [ 24.576987844252621, 49.806808927679945 ], [ 24.575755376316032, 49.806881485084411 ], [ 24.574609881159834, 49.806947197356877 ], [ 24.574206836567832, 49.806969101427889 ], [ 24.573784566990842, 49.806985493479061 ], [ 24.573810272035026, 49.807090942641892 ] ] ] ] } },
{ "type": "Feature", "properties": { "fid": 268, "parcel_number": "427", "parcel_type": "ground", "land_category": "field" }, "geometry": { "type": "MultiPolygon", "coordinates": [ [ [ [ 24.57853905294709, 49.807148388252635 ], [ 24.578265919866723, 49.807147071637324 ], [ 24.577949848055102, 49.807159392627597 ], [ 24.577680444564656, 49.807178558606253 ], [ 24.577016481631524, 49.807230580510058 ], [ 24.576284637503949, 49.807296292308621 ], [ 24.575215508691489, 49.807381169916432 ], [ 24.574413662082144, 49.807438667566174 ], [ 24.57387909767592, 49.80744961949172 ], [ 24.573902841251464, 49.807508938403338 ], [ 24.574438056886425, 49.807501641104231 ], [ 24.57522081190983, 49.807444143529267 ], [ 24.575829621372478, 49.80739349084714 ], [ 24.576809656117234, 49.807304506277205 ], [ 24.577619987875877, 49.807248377464333 ], [ 24.57794825708967, 49.807223051027542 ], [ 24.578120865971691, 49.807206014125427 ], [ 24.578128566512401, 49.807205254063973 ], [ 24.578416358139485, 49.807195967579112 ], [ 24.57847293996987, 49.807194141791761 ], [ 24.578510398231138, 49.807192933085382 ], [ 24.578536956457878, 49.807192298282956 ], [ 24.57853905294709, 49.807148388252635 ] ] ] ] } },
{ "type": "Feature", "properties": { "fid": 269, "parcel_number": "428", "parcel_type": "ground", "land_category": "field" }, "geometry": { "type": "MultiPolygon", "coordinates": [ [ [ [ 24.578555891601567, 49.807102895867338 ], [ 24.577930756469168, 49.807112846647861 ], [ 24.577167093031701, 49.807160761626335 ], [ 24.575779771120288, 49.807266174412014 ], [ 24.574744582905051, 49.80734557609901 ], [ 24.574280020980584, 49.80737843193139 ], [ 24.573879594248133, 49.807391294419766 ], [ 24.57387909767592, 49.80744961949172 ], [ 24.574413662082144, 49.807438667566174 ], [ 24.575215508691489, 49.807381169916432 ], [ 24.576284637503949, 49.807296292308621 ], [ 24.577016481631524, 49.807230580510058 ], [ 24.577680444564656, 49.807178558606253 ], [ 24.577949848055102, 49.807159392627597 ], [ 24.578265919866723, 49.807147071637324 ], [ 24.57853905294709, 49.807148388252635 ], [ 24.578540096253704, 49.807126536646649 ], [ 24.578555891601567, 49.807102895867338 ] ] ] ] } },
{ "type": "Feature", "properties": { "fid": 270, "parcel_number": "429", "parcel_type": "ground", "land_category": "field" }, "geometry": { "type": "MultiPolygon", "coordinates": [ [ [ [ 24.578589946505879, 49.807051926106851 ], [ 24.578425016416187, 49.807058086614383 ], [ 24.577964697066381, 49.807067669624715 ], [ 24.57735376631641, 49.807096418644328 ], [ 24.576927387563821, 49.807115584647896 ], [ 24.576227362746135, 49.807173082613133 ], [ 24.575476427032626, 49.807226473519677 ], [ 24.574509120011825, 49.807293554318797 ], [ 24.573880158319646, 49.807325041192549 ], [ 24.573879594248133, 49.807391294419766 ], [ 24.574280020980584, 49.80737843193139 ], [ 24.574744582905051, 49.80734557609901 ], [ 24.575779771120288, 49.807266174412014 ], [ 24.577167093031701, 49.807160761626335 ], [ 24.577930756469168, 49.807112846647861 ], [ 24.578555891601567, 49.807102895867338 ], [ 24.578589946505879, 49.807051926106851 ] ] ] ] } },
{ "type": "Feature", "properties": { "fid": 271, "parcel_number": "430", "parcel_type": "ground", "land_category": "field" }, "geometry": { "type": "MultiPolygon", "coordinates": [ [ [ [ 24.578598902705764, 49.806996052682528 ], [ 24.577502256429245, 49.807022492559412 ], [ 24.576624043476151, 49.807070407627336 ], [ 24.575669464179313, 49.807137488642717 ], [ 24.574719127457122, 49.807207307559999 ], [ 24.574258808107317, 49.807237425493234 ], [ 24.573855189029022, 49.807257003486335 ], [ 24.573880158319646, 49.807325041192549 ], [ 24.574509120011825, 49.807293554318797 ], [ 24.575476427032626, 49.807226473519677 ], [ 24.576227362746135, 49.807173082613133 ], [ 24.576927387563821, 49.807115584647896 ], [ 24.57735376631641, 49.807096418644328 ], [ 24.577964697066381, 49.807067669624715 ], [ 24.578425016416187, 49.807058086614383 ], [ 24.578589946505879, 49.807051926106851 ], [ 24.578598902705764, 49.806996052682528 ] ] ] ] } },
{ "type": "Feature", "properties": { "fid": 272, "parcel_number": "432", "parcel_type": "ground", "land_category": "field" }, "geometry": { "type": "MultiPolygon", "coordinates": [ [ [ [ 24.573835741799279, 49.807195426621718 ], [ 24.57439881307085, 49.807160761626335 ], [ 24.575083988877253, 49.807103263646482 ], [ 24.576475553363316, 49.807000588512572 ], [ 24.577341038592451, 49.80693898332769 ], [ 24.577937120331136, 49.806893806142291 ], [ 24.578401682255596, 49.806882854090993 ], [ 24.578628450364977, 49.806874224028142 ], [ 24.578641918045371, 49.8068335698296 ], [ 24.578635857286475, 49.806821992050814 ], [ 24.578266980510382, 49.806823986772827 ], [ 24.577927574538176, 49.806839045861025 ], [ 24.577503317072917, 49.806862318988138 ], [ 24.576756623934049, 49.806903389185152 ], [ 24.576128722885471, 49.806944459347314 ], [ 24.575452032228373, 49.806993743495916 ], [ 24.574652306906358, 49.807052610607641 ], [ 24.573945918226702, 49.807090942641892 ], [ 24.573810272035026, 49.807090942641892 ], [ 24.573835741799279, 49.807195426621718 ] ] ] ] } },
{ "type": "Feature", "properties": { "fid": 273, "parcel_number": "67", "parcel_type": "build", "land_category": "yard" }, "geometry": { "type": "MultiPolygon", "coordinates": [ [ [ [ 24.57715854735714, 49.803845288458042 ], [ 24.577118303423177, 49.803841510466171 ], [ 24.577127849216147, 49.803805914046045 ], [ 24.57716669928546, 49.803807679827997 ], [ 24.577168996239749, 49.803797082911466 ], [ 24.577117242779522, 49.803792907655236 ], [ 24.577132091790808, 49.803734036579492 ], [ 24.577180320514145, 49.803736006655335 ], [ 24.577176638824657, 49.803695017338676 ], [ 24.577013299700528, 49.803690225499906 ], [ 24.576964510092029, 49.803868892309978 ], [ 24.577152244020404, 49.803874368676865 ], [ 24.57715854735714, 49.803845288458042 ] ] ] ] } },
{ "type": "Feature", "properties": { "fid": 274, "parcel_number": "67", "parcel_type": "build", "land_category": "yard" }, "geometry": { "type": "MultiPolygon", "coordinates": [ [ [ [ 24.577180320514145, 49.803736006655335 ], [ 24.577132091790808, 49.803734036579492 ], [ 24.577117242779522, 49.803792907655236 ], [ 24.577168996239749, 49.803797082911466 ], [ 24.577180881399308, 49.803742251152499 ], [ 24.577180320514145, 49.803736006655335 ] ] ] ] } },
{ "type": "Feature", "properties": { "fid": 275, "parcel_number": "67", "parcel_type": "build", "land_category": "yard" }, "geometry": { "type": "MultiPolygon", "coordinates": [ [ [ [ 24.57716669928546, 49.803807679827997 ], [ 24.577127849216147, 49.803805914046045 ], [ 24.577118303423177, 49.803841510466171 ], [ 24.57715854735714, 49.803845288458042 ], [ 24.57716669928546, 49.803807679827997 ] ] ] ] } },
{ "type": "Feature", "properties": { "fid": 276, "parcel_number": "67", "parcel_type": "build", "land_category": "building" }, "geometry": { "type": "MultiPolygon", "coordinates": [ [ [ [ 24.576928448207475, 49.803838087734597 ], [ 24.57691572048352, 49.803914756863669 ], [ 24.577094969262596, 49.803931185946951 ], [ 24.57710658579904, 49.803873036785703 ], [ 24.577106585798965, 49.803873036785639 ], [ 24.576964510092029, 49.803868892309978 ], [ 24.576971782988362, 49.803842259073356 ], [ 24.576928448207475, 49.803838087734597 ] ] ] ] } },
{ "type": "Feature", "properties": { "fid": 277, "parcel_number": "377", "parcel_type": "ground", "land_category": "field" }, "geometry": { "type": "MultiPolygon", "coordinates": [ [ [ [ 24.577158607882215, 49.803513611683236 ], [ 24.576775715519982, 49.803407506173599 ], [ 24.576311153595523, 49.803344527309456 ], [ 24.57628145557295, 49.803428042742013 ], [ 24.576211453091183, 49.803692279145174 ], [ 24.576200846654547, 49.803759364841802 ], [ 24.576107510012189, 49.804141340812265 ], [ 24.575997203071228, 49.804697185765299 ], [ 24.575939823509753, 49.805006585079795 ], [ 24.576532828121188, 49.805045612414048 ], [ 24.576838293496174, 49.805049719589455 ], [ 24.577045170721014, 49.805053248661451 ], [ 24.577021784849833, 49.804872426200674 ], [ 24.577011178413201, 49.804772484467591 ], [ 24.577042997723094, 49.804538373572818 ], [ 24.577115121492195, 49.80410711369769 ], [ 24.577152244020404, 49.803874368676865 ], [ 24.577106585798965, 49.803873036785639 ], [ 24.57710658579904, 49.803873036785703 ], [ 24.577094969262596, 49.803931185946951 ], [ 24.57691572048352, 49.803914756863669 ], [ 24.576928448207475, 49.803838087734597 ], [ 24.576971782988362, 49.803842259073356 ], [ 24.576964510092029, 49.803868892309978 ], [ 24.577013299700528, 49.803690225499906 ], [ 24.577176638824657, 49.803695017338676 ], [ 24.577158607882382, 49.803513611683293 ], [ 24.577158607882215, 49.803513611683236 ] ] ] ] } },
{ "type": "Feature", "properties": { "fid": 278, "parcel_number": "378", "parcel_type": "ground", "land_category": "pasture" }, "geometry": { "type": "MultiPolygon", "coordinates": [ [ [ [ 24.575939823509753, 49.805006585079795 ], [ 24.575997203071228, 49.804697185765299 ], [ 24.576107510012189, 49.804141340812265 ], [ 24.576200846654547, 49.803759364841802 ], [ 24.576211453091183, 49.803692279145174 ], [ 24.57628145557295, 49.803428042742013 ], [ 24.576311153595523, 49.803344527309456 ], [ 24.576775715519982, 49.803407506173599 ], [ 24.577158607882215, 49.803513611683236 ], [ 24.576800110324239, 49.803383546832762 ], [ 24.576596466740906, 49.803357533820716 ], [ 24.576265545918005, 49.803317829722751 ], [ 24.576216756309496, 49.803479384124941 ], [ 24.576161602839008, 49.803677903626642 ], [ 24.576068266196646, 49.80414339443837 ], [ 24.575943110244403, 49.804743049534274 ], [ 24.575887956773986, 49.805003171581156 ], [ 24.575939823509753, 49.805006585079795 ] ] ] ] } },
{ "type": "Feature", "properties": { "fid": 279, "parcel_number": "237", "parcel_type": "ground", "land_category": "common_pasture" }, "geometry": { "type": "MultiPolygon", "coordinates": [ [ [ [ 24.575627546471932, 49.809375014621295 ], [ 24.575818284071858, 49.809220865270539 ], [ 24.575770154023274, 49.809210511938339 ], [ 24.575622198688748, 49.809212812679029 ], [ 24.575283505754278, 49.809289887428577 ], [ 24.574959073574952, 49.809384217552079 ], [ 24.57474431774434, 49.809442657559771 ], [ 24.575098572727828, 49.809470720702144 ], [ 24.57514311976168, 49.809639099214699 ], [ 24.575155847485647, 49.80974998230554 ], [ 24.575627546471932, 49.809375014621295 ] ] ] ] } },
{ "type": "Feature", "properties": { "fid": 280, "parcel_number": "238", "parcel_type": "ground", "land_category": "common_pasture" }, "geometry": { "type": "MultiPolygon", "coordinates": [ [ [ [ 24.576315627907217, 49.809325548838345 ], [ 24.576472496213704, 49.809406074505674 ], [ 24.576734537589314, 49.809445186924329 ], [ 24.577809442007652, 49.809173700072598 ], [ 24.577720312288054, 49.808771068463315 ], [ 24.576315627907217, 49.809325548838345 ] ] ] ] } },
{ "type": "Feature", "properties": { "fid": 281, "parcel_number": "242", "parcel_type": "ground", "land_category": "pasture" }, "geometry": { "type": "MultiPolygon", "coordinates": [ [ [ [ 24.57781657238522, 49.809224316380764 ], [ 24.578247960228065, 49.809212812679 ], [ 24.578611609484025, 49.809278383742395 ], [ 24.578581305379355, 49.809164497101762 ], [ 24.578590218351319, 49.808991941075085 ], [ 24.578062570411301, 49.808995392201652 ], [ 24.577771865007676, 49.809003950991823 ], [ 24.577809442007652, 49.809173700072598 ], [ 24.57781657238522, 49.809224316380764 ] ] ] ] } },
{ "type": "Feature", "properties": { "fid": 282, "parcel_number": "244", "parcel_type": "ground", "land_category": "field" }, "geometry": { "type": "MultiPolygon", "coordinates": [ [ [ [ 24.578581305379355, 49.809164497101747 ], [ 24.579372777289379, 49.8092289178607 ], [ 24.579706122440673, 49.809261128208 ], [ 24.580242683352637, 49.809238120819252 ], [ 24.580684766761841, 49.809215113419576 ], [ 24.580838069879547, 49.809203593956177 ], [ 24.580838069879551, 49.809103527375953 ], [ 24.580837172108694, 49.80903168611605 ], [ 24.580440551330145, 49.809011497455678 ], [ 24.579757817678033, 49.809004595204627 ], [ 24.579240865304378, 49.808991941075085 ], [ 24.578770260384911, 49.808994241826149 ], [ 24.578590218351319, 49.808991941075085 ], [ 24.578581305379355, 49.809164497101747 ] ] ] ] } },
{ "type": "Feature", "properties": { "fid": 283, "parcel_number": "245", "parcel_type": "ground", "land_category": "pasture" }, "geometry": { "type": "MultiPolygon", "coordinates": [ [ [ [ 24.581064543670188, 49.808881248578537 ], [ 24.581059111584157, 49.809046008696292 ], [ 24.580837172108694, 49.809031686116057 ], [ 24.580838069879551, 49.809103527375953 ], [ 24.580838069879547, 49.809281834848541 ], [ 24.580838069879551, 49.809281834848541 ], [ 24.581256979561658, 49.809112730358343 ], [ 24.581531499098009, 49.808963181677505 ], [ 24.581066241961718, 49.808881504895183 ], [ 24.581064543670188, 49.808881248578537 ] ] ] ] } },
{ "type": "Feature", "properties": { "fid": 284, "parcel_number": "246", "parcel_type": "ground", "land_category": "field" }, "geometry": { "type": "MultiPolygon", "coordinates": [ [ [ [ 24.580837172108694, 49.80903168611605 ], [ 24.580837172108708, 49.809031686116057 ], [ 24.581059111584157, 49.809046008696292 ], [ 24.581064543670188, 49.808881248578537 ], [ 24.580845200257119, 49.808848143916265 ], [ 24.580836287285166, 49.808960880924964 ], [ 24.580837172108694, 49.80903168611605 ] ] ] ] } },
{ "type": "Feature", "properties": { "fid": 285, "parcel_number": "247", "parcel_type": "ground", "land_category": "field" }, "geometry": { "type": "MultiPolygon", "coordinates": [ [ [ [ 24.578590218351319, 49.808991941075085 ], [ 24.578770260384911, 49.808994241826149 ], [ 24.579240865304378, 49.808991941075085 ], [ 24.579757817678033, 49.809004595204627 ], [ 24.580440551330145, 49.809011497455678 ], [ 24.580837172108694, 49.80903168611605 ], [ 24.580836287285166, 49.808960880924964 ], [ 24.580845200257119, 49.808848143916265 ], [ 24.580470855434818, 49.808823985951683 ], [ 24.579444081065063, 49.808821685192527 ], [ 24.578590218351323, 49.80879177531348 ], [ 24.578590218351319, 49.808991941075085 ] ] ] ] } },
{ "type": "Feature", "properties": { "fid": 286, "parcel_number": null, "parcel_type": "ground", "land_category": "field" }, "geometry": { "type": "MultiPolygon", "coordinates": [ [ [ [ 24.580837172108708, 49.809031686116057 ], [ 24.580837172108694, 49.80903168611605 ], [ 24.580837172108694, 49.809031686116057 ], [ 24.580837172108708, 49.809031686116057 ] ] ] ] } },
{ "type": "Feature", "properties": { "fid": 287, "parcel_number": "245", "parcel_type": "ground", "land_category": "pasture" }, "geometry": { "type": "MultiPolygon", "coordinates": [ [ [ [ 24.580838069879547, 49.809203593956177 ], [ 24.580684766761841, 49.809215113419576 ], [ 24.580242683352637, 49.809238120819252 ], [ 24.579706122440673, 49.809261128208 ], [ 24.579372777289379, 49.8092289178607 ], [ 24.578581305379355, 49.809164497101747 ], [ 24.578581305379355, 49.809164497101762 ], [ 24.578611609484025, 49.809278383742395 ], [ 24.57928543016417, 49.809384217552058 ], [ 24.579818425887364, 49.80947279567139 ], [ 24.58030507415636, 49.809431382544858 ], [ 24.580838069879547, 49.809281834848541 ], [ 24.580838069879547, 49.809203593956177 ] ] ] ] } },
{ "type": "Feature", "properties": { "fid": 288, "parcel_number": "108", "parcel_type": "build", "land_category": "yard" }, "geometry": { "type": "MultiPolygon", "coordinates": [ [ [ [ 24.578051348020072, 49.808867824363531 ], [ 24.57819448239632, 49.80887230186881 ], [ 24.57839413296821, 49.808941324523907 ], [ 24.578511784198081, 49.808942474900668 ], [ 24.578222994468991, 49.808757098681298 ], [ 24.577800529035695, 49.808718150917066 ], [ 24.577773790119817, 49.808741158552976 ], [ 24.578048309656182, 49.808807880635257 ], [ 24.578051348020072, 49.808867824363531 ] ] ] ] } },
{ "type": "Feature", "properties": { "fid": 289, "parcel_number": "239", "parcel_type": "ground", "land_category": "garden" }, "geometry": { "type": "MultiPolygon", "coordinates": [ [ [ [ 24.578057821142732, 49.808995532027033 ], [ 24.578048309656182, 49.808807880635257 ], [ 24.577773790119817, 49.808741158552976 ], [ 24.577720312288054, 49.808771068463315 ], [ 24.577771865007676, 49.809003950991823 ], [ 24.578057821142732, 49.808995532027033 ] ] ] ] } },
{ "type": "Feature", "properties": { "fid": 290, "parcel_number": "108", "parcel_type": "build", "land_category": "building" }, "geometry": { "type": "MultiPolygon", "coordinates": [ [ [ [ 24.578511784198081, 49.808992454080382 ], [ 24.578511784198081, 49.808942474900668 ], [ 24.57839413296821, 49.808941324523907 ], [ 24.578390301522766, 49.808993248648235 ], [ 24.578511784198081, 49.808992454080382 ] ] ] ] } },
{ "type": "Feature", "properties": { "fid": 291, "parcel_number": "240", "parcel_type": "ground", "land_category": "pasture" }, "geometry": { "type": "MultiPolygon", "coordinates": [ [ [ [ 24.578222994468991, 49.808757098681298 ], [ 24.578511784198081, 49.808942474900668 ], [ 24.578511784198081, 49.808992454080382 ], [ 24.578590218351319, 49.808991941075085 ], [ 24.578590218351323, 49.80879177531348 ], [ 24.578224786500979, 49.808757263891593 ], [ 24.578222994468991, 49.808757098681298 ] ] ] ] } },
{ "type": "Feature", "properties": { "fid": 292, "parcel_number": "241", "parcel_type": "ground", "land_category": "pasture" }, "geometry": { "type": "MultiPolygon", "coordinates": [ [ [ [ 24.578178476655093, 49.80887180117994 ], [ 24.578176656452406, 49.808926369623656 ], [ 24.578072374680474, 49.808924644057953 ], [ 24.578071666864822, 49.808868459974185 ], [ 24.578051348020072, 49.808867824363531 ], [ 24.578057821142732, 49.808995532027033 ], [ 24.578062570411301, 49.808995392201652 ], [ 24.578390301522766, 49.808993248648235 ], [ 24.57839413296821, 49.808941324523907 ], [ 24.57819448239632, 49.80887230186881 ], [ 24.578178476655093, 49.80887180117994 ] ] ] ] } },
{ "type": "Feature", "properties": { "fid": 293, "parcel_number": "108", "parcel_type": "build", "land_category": "building" }, "geometry": { "type": "MultiPolygon", "coordinates": [ [ [ [ 24.578071666864822, 49.808868459974185 ], [ 24.578072374680474, 49.808924644057953 ], [ 24.578176656452406, 49.808926369623656 ], [ 24.578178476655093, 49.80887180117994 ], [ 24.578071666864822, 49.808868459974185 ] ] ] ] } },
{ "type": "Feature", "properties": { "fid": 294, "parcel_number": "499", "parcel_type": "ground", "land_category": "wetland" }, "geometry": { "type": "MultiPolygon", "coordinates": [ [ [ [ 24.574455490659226, 49.802756503944586 ], [ 24.574418056176995, 49.802738095561082 ], [ 24.574387752072337, 49.802685171419583 ], [ 24.574377056505984, 49.802543656583083 ], [ 24.574628402315241, 49.802436657285746 ], [ 24.574822705103962, 49.802346915757248 ], [ 24.574724662412407, 49.802598881934344 ], [ 24.574455490659226, 49.802756503944586 ] ] ] ] } },
{ "type": "Feature", "properties": { "fid": 295, "parcel_number": "498", "parcel_type": "ground", "land_category": "common_pasture" }, "geometry": { "type": "MultiPolygon", "coordinates": [ [ [ [ 24.574580272266658, 49.802810578530611 ], [ 24.574847661425451, 49.80286350253504 ], [ 24.575405613470132, 49.802965898814129 ], [ 24.57586552282325, 49.80311776705399 ], [ 24.576136477170824, 49.803258129700552 ], [ 24.576624908034209, 49.803327160361036 ], [ 24.576819210822936, 49.803352471578563 ], [ 24.577243468288206, 49.803498586075555 ], [ 24.577325467630242, 49.803533101246678 ], [ 24.577437771076934, 49.803219012282575 ], [ 24.576416344490358, 49.802898018158935 ], [ 24.576230954673591, 49.802838191061873 ], [ 24.575705089327972, 49.802587376658018 ], [ 24.575407396064517, 49.802440108879672 ], [ 24.575006312326334, 49.802238765489065 ], [ 24.574822705103958, 49.802346915757248 ], [ 24.574724662412407, 49.802598881934344 ], [ 24.574455490659226, 49.802756503944586 ], [ 24.574580272266658, 49.802810578530611 ] ] ] ] } },
{ "type": "Feature", "properties": { "fid": 296, "parcel_number": "14", "parcel_type": "build", "land_category": "yard" }, "geometry": { "type": "MultiPolygon", "coordinates": [ [ [ [ 24.569743797765405, 49.811985398507247 ], [ 24.569798908458669, 49.811975348146071 ], [ 24.569830995157723, 49.812028262131278 ], [ 24.569781229737988, 49.812040304688772 ], [ 24.56979628247527, 49.812062384431535 ], [ 24.569989319621982, 49.812010367720632 ], [ 24.569927805723836, 49.811926182857391 ], [ 24.569789995486705, 49.811960394183231 ], [ 24.569761473976438, 49.811916682573084 ], [ 24.569907299385612, 49.811887353128675 ], [ 24.569884472989486, 49.811833860466677 ], [ 24.569688387606359, 49.811832710158647 ], [ 24.569740082843733, 49.811979949364456 ], [ 24.569743797765405, 49.811985398507247 ] ] ] ] } },
{ "type": "Feature", "properties": { "fid": 297, "parcel_number": "16", "parcel_type": "build", "land_category": "yard" }, "geometry": { "type": "MultiPolygon", "coordinates": [ [ [ [ 24.569927805723836, 49.811926182857384 ], [ 24.570105514694085, 49.811893676446637 ], [ 24.570130471015577, 49.811932786855117 ], [ 24.569952617850511, 49.811960139520899 ], [ 24.569989319621982, 49.812010367720632 ], [ 24.570173871619374, 49.811963826405588 ], [ 24.570089020126321, 49.811781767302051 ], [ 24.569884472989486, 49.811833860466677 ], [ 24.569918342282925, 49.81191323165482 ], [ 24.569927805723836, 49.811926182857384 ] ] ] ] } },
{ "type": "Feature", "properties": { "fid": 298, "parcel_number": "16", "parcel_type": "build", "land_category": "building" }, "geometry": { "type": "MultiPolygon", "coordinates": [ [ [ [ 24.569952617850511, 49.811960139520899 ], [ 24.570130471015577, 49.811932786855117 ], [ 24.570105514694085, 49.811893676446637 ], [ 24.569927805723836, 49.811926182857384 ], [ 24.569952617850511, 49.811960139520899 ] ] ] ] } },
{ "type": "Feature", "properties": { "fid": 299, "parcel_number": "14", "parcel_type": "build", "land_category": "building" }, "geometry": { "type": "MultiPolygon", "coordinates": [ [ [ [ 24.569907299385612, 49.811887353128675 ], [ 24.569761473976438, 49.811916682573084 ], [ 24.569789995486705, 49.811960394183231 ], [ 24.569927805723836, 49.811926182857391 ], [ 24.569918342282925, 49.81191323165482 ], [ 24.569907299385612, 49.811887353128675 ] ] ] ] } },
{ "type": "Feature", "properties": { "fid": 300, "parcel_number": "14", "parcel_type": "build", "land_category": "building" }, "geometry": { "type": "MultiPolygon", "coordinates": [ [ [ [ 24.569781229737988, 49.812040304688772 ], [ 24.569830995157723, 49.812028262131278 ], [ 24.569798908458669, 49.811975348146071 ], [ 24.569743797765405, 49.811985398507247 ], [ 24.569781229737988, 49.812040304688772 ] ] ] ] } },
{ "type": "Feature", "properties": { "fid": 301, "parcel_number": "19", "parcel_type": "build", "land_category": "yard" }, "geometry": { "type": "MultiPolygon", "coordinates": [ [ [ [ 24.570659010252804, 49.811546857765251 ], [ 24.570632271336923, 49.811489917147199 ], [ 24.570677292740957, 49.811482271747629 ], [ 24.570628706148135, 49.811377761188467 ], [ 24.570429055576231, 49.811432401303399 ], [ 24.570465040585333, 49.811538769733126 ], [ 24.570528880862188, 49.811531903670016 ], [ 24.570550271994893, 49.811591144866284 ], [ 24.570659010252804, 49.811546857765251 ] ], [ [ 24.570478076922015, 49.811467485976245 ], [ 24.570596619449081, 49.811430100668225 ], [ 24.570628706148135, 49.811467485976245 ], [ 24.57051640270144, 49.811506596729124 ], [ 24.570478076922015, 49.811467485976245 ] ] ] ] } },
{ "type": "Feature", "properties": { "fid": 302, "parcel_number": "19", "parcel_type": "build", "land_category": "building" }, "geometry": { "type": "MultiPolygon", "coordinates": [ [ [ [ 24.570550271994893, 49.811591144866284 ], [ 24.570528880862188, 49.811531903670016 ], [ 24.570465040585333, 49.811538769733126 ], [ 24.570484316002386, 49.811595746121213 ], [ 24.570550271994893, 49.811591144866284 ] ] ] ] } },
{ "type": "Feature", "properties": { "fid": 303, "parcel_number": "19", "parcel_type": "build", "land_category": "building" }, "geometry": { "type": "MultiPolygon", "coordinates": [ [ [ [ 24.570677292740957, 49.811482271747629 ], [ 24.570632271336923, 49.811489917147199 ], [ 24.570659010252804, 49.811546857765251 ], [ 24.570703575112596, 49.811538805560694 ], [ 24.570677292740957, 49.811482271747629 ] ] ] ] } },
{ "type": "Feature", "properties": { "fid": 304, "parcel_number": "19", "parcel_type": "build", "land_category": "building" }, "geometry": { "type": "MultiPolygon", "coordinates": [ [ [ [ 24.570478076922015, 49.811467485976245 ], [ 24.57051640270144, 49.811506596729124 ], [ 24.570628706148135, 49.811467485976245 ], [ 24.570596619449081, 49.811430100668225 ], [ 24.570478076922015, 49.811467485976245 ] ] ] ] } },
{ "type": "Feature", "properties": { "fid": 305, "parcel_number": "37", "parcel_type": "ground", "land_category": "garden" }, "geometry": { "type": "MultiPolygon", "coordinates": [ [ [ [ 24.570761509430341, 49.811523276305287 ], [ 24.57071783586774, 49.811407094310461 ], [ 24.570646761070414, 49.811416597622831 ], [ 24.570677292740957, 49.811482271747629 ], [ 24.570703575112596, 49.811538805560694 ], [ 24.570761509430341, 49.811523276305287 ] ] ] ] } },
{ "type": "Feature", "properties": { "fid": 306, "parcel_number": "34", "parcel_type": "build", "land_category": "yard" }, "geometry": { "type": "MultiPolygon", "coordinates": [ [ [ [ 24.570958027887965, 49.811462348011432 ], [ 24.570922834222809, 49.811435852255954 ], [ 24.570973638162982, 49.81140881978768 ], [ 24.571008390390816, 49.811433381375508 ], [ 24.571019094319979, 49.811427224874109 ], [ 24.570919269034029, 49.811319094891147 ], [ 24.570870247688251, 49.811254101753242 ], [ 24.570853313041528, 49.811209239182347 ], [ 24.570730314028477, 49.811291487197209 ], [ 24.570628706148135, 49.811377761188467 ], [ 24.570646761070414, 49.811416597622831 ], [ 24.57071783586774, 49.811407094310461 ], [ 24.570761509430341, 49.811523276305287 ], [ 24.570814095964906, 49.811545132292949 ], [ 24.570958027887965, 49.811462348011432 ] ], [ [ 24.570784683157438, 49.811400767560158 ], [ 24.570771313699499, 49.811356480284914 ], [ 24.570883617146194, 49.811339225491373 ], [ 24.570892530118151, 49.811390414694259 ], [ 24.570784683157438, 49.811400767560158 ] ] ] ] } },
{ "type": "Feature", "properties": { "fid": 307, "parcel_number": "34", "parcel_type": "build", "land_category": "building" }, "geometry": { "type": "MultiPolygon", "coordinates": [ [ [ [ 24.570784683157438, 49.811400767560158 ], [ 24.570771313699499, 49.811356480284914 ], [ 24.570883617146194, 49.811339225491373 ], [ 24.570892530118151, 49.811390414694259 ], [ 24.570784683157438, 49.811400767560158 ] ] ] ] } },
{ "type": "Feature", "properties": { "fid": 308, "parcel_number": "34", "parcel_type": "build", "land_category": "building" }, "geometry": { "type": "MultiPolygon", "coordinates": [ [ [ [ 24.571008390390816, 49.811433381375508 ], [ 24.570973638162982, 49.81140881978768 ], [ 24.570922834222809, 49.811435852255954 ], [ 24.570958027887965, 49.811462348011432 ], [ 24.571008390390816, 49.811433381375508 ] ] ] ] } },
{ "type": "Feature", "properties": { "fid": 309, "parcel_number": "35", "parcel_type": "ground", "land_category": "garden" }, "geometry": { "type": "MultiPolygon", "coordinates": [ [ [ [ 24.570509272323868, 49.811691222062251 ], [ 24.5705930542603, 49.811840762314276 ], [ 24.570642075606074, 49.811932786855103 ], [ 24.570727640136891, 49.811910355889403 ], [ 24.570816769856485, 49.811858592082736 ], [ 24.570867573796658, 49.81182695861807 ], [ 24.570757052944359, 49.811638307708542 ], [ 24.570703575112596, 49.811538805560694 ], [ 24.570659010252804, 49.811546857765251 ], [ 24.570550271994893, 49.811591144866284 ], [ 24.570484316002386, 49.811595746121213 ], [ 24.570509272323868, 49.811691222062251 ] ] ] ] } },
{ "type": "Feature", "properties": { "fid": 310, "parcel_number": "38", "parcel_type": "ground", "land_category": "garden" }, "geometry": { "type": "MultiPolygon", "coordinates": [ [ [ [ 24.570907682170485, 49.811772318948577 ], [ 24.570926399411604, 49.811741260582629 ], [ 24.570844400069568, 49.811584818140041 ], [ 24.570814095964906, 49.811545132292949 ], [ 24.570761509430341, 49.811523276305287 ], [ 24.570703575112596, 49.811538805560694 ], [ 24.570757052944359, 49.811638307708542 ], [ 24.570867573796658, 49.81182695861807 ], [ 24.570907682170485, 49.811772318948577 ] ] ] ] } },
{ "type": "Feature", "properties": { "fid": 311, "parcel_number": "39", "parcel_type": "ground", "land_category": "garden" }, "geometry": { "type": "MultiPolygon", "coordinates": [ [ [ [ 24.570967399082615, 49.811705600952706 ], [ 24.57109663717603, 49.811639458021197 ], [ 24.570958027887965, 49.811462348011432 ], [ 24.570814095964906, 49.811545132292949 ], [ 24.570844400069568, 49.811584818140041 ], [ 24.570926399411604, 49.811741260582629 ], [ 24.570967399082615, 49.811705600952706 ] ] ] ] } },
{ "type": "Feature", "properties": { "fid": 312, "parcel_number": "43", "parcel_type": "ground", "land_category": "garden" }, "geometry": { "type": "MultiPolygon", "coordinates": [ [ [ [ 24.571019094319979, 49.811427224874109 ], [ 24.571060985288195, 49.811464610184323 ], [ 24.571160707116043, 49.811619903185196 ], [ 24.571228549161045, 49.811599197062108 ], [ 24.571194679867602, 49.811545132292927 ], [ 24.571117137011544, 49.811379486666716 ], [ 24.571006103367957, 49.811413153174662 ], [ 24.571019094319979, 49.811427224874109 ] ] ] ] } },
{ "type": "Feature", "properties": { "fid": 313, "parcel_number": "42", "parcel_type": "ground", "land_category": "garden" }, "geometry": { "type": "MultiPolygon", "coordinates": [ [ [ [ 24.571160707116043, 49.811619903185196 ], [ 24.571060985288195, 49.811464610184323 ], [ 24.571019094319979, 49.811427224874109 ], [ 24.571008390390816, 49.811433381375508 ], [ 24.570958027887965, 49.811462348011432 ], [ 24.57109663717603, 49.811639458021197 ], [ 24.571160707116043, 49.811619903185196 ] ] ] ] } },
{ "type": "Feature", "properties": { "fid": 314, "parcel_number": "105", "parcel_type": "build", "land_category": "yard" }, "geometry": { "type": "MultiPolygon", "coordinates": [ [ [ [ 24.578282275170118, 49.808709523050744 ], [ 24.578596903080296, 49.808726778781782 ], [ 24.57882969120562, 49.808735229094744 ], [ 24.578849140186769, 49.808634748145174 ], [ 24.578694141236053, 49.808629320300149 ], [ 24.578687815394296, 49.808675586761773 ], [ 24.578425774018676, 49.808655455053675 ], [ 24.578301883708431, 49.808646827176212 ], [ 24.578310616045641, 49.808607379722012 ], [ 24.578177102100991, 49.808594484686658 ], [ 24.578053386166797, 49.808577093959684 ], [ 24.578036277144022, 49.808611740458701 ], [ 24.577977451529087, 49.808601386996202 ], [ 24.577997060067396, 49.808569176209865 ], [ 24.577831278788942, 49.808635898529225 ], [ 24.577956060396378, 49.808643951216723 ], [ 24.577947147424418, 49.808689966548137 ], [ 24.57822166696079, 49.808710098241875 ], [ 24.578216293273851, 49.808756480887396 ], [ 24.578222994468991, 49.808757098681298 ], [ 24.578224786500979, 49.808757263891593 ], [ 24.578273930642251, 49.808761905069396 ], [ 24.578282275170118, 49.808709523050744 ] ], [ [ 24.578741293226056, 49.808646827176226 ], [ 24.578815270893315, 49.808649127943696 ], [ 24.578805466624168, 49.808722752445078 ], [ 24.578730597659693, 49.808719301299092 ], [ 24.578741293226056, 49.808646827176226 ] ] ], [ [ [ 24.577899017375834, 49.808699169609177 ], [ 24.577945136657114, 49.808703807951076 ], [ 24.577947147424418, 49.808689966548137 ], [ 24.577815748771183, 49.808677439709527 ], [ 24.577800529035695, 49.808718150917066 ], [ 24.577895853363383, 49.808726939019351 ], [ 24.577899017375834, 49.808699169609177 ] ] ] ] } },
{ "type": "Feature", "properties": { "fid": 315, "parcel_number": null, "parcel_type": null, "land_category": null }, "geometry": { "type": "MultiPolygon", "coordinates": [ [ [ [ 24.577997060067396, 49.808569176209865 ], [ 24.577977451529087, 49.808601386996202 ], [ 24.578036277144022, 49.808611740458701 ], [ 24.578053386166797, 49.808577093959684 ], [ 24.5779970600674, 49.808569176209865 ], [ 24.577997060067396, 49.808569176209865 ] ] ] ] } },
{ "type": "Feature", "properties": { "fid": 316, "parcel_number": "107", "parcel_type": "build", "land_category": "building" }, "geometry": { "type": "MultiPolygon", "coordinates": [ [ [ [ 24.577815748771183, 49.808677439709527 ], [ 24.577947147424418, 49.808689966548137 ], [ 24.577956060396378, 49.808643951216723 ], [ 24.577831278788942, 49.808635898529225 ], [ 24.577815748771183, 49.808677439709527 ] ] ] ] } },
{ "type": "Feature", "properties": { "fid": 317, "parcel_number": "106", "parcel_type": "build", "land_category": "building" }, "geometry": { "type": "MultiPolygon", "coordinates": [ [ [ [ 24.578060942670909, 49.808698311641102 ], [ 24.578050964847513, 49.808741238995246 ], [ 24.578216293273851, 49.808756480887396 ], [ 24.57822166696079, 49.808710098241875 ], [ 24.578060942670909, 49.808698311641102 ] ] ] ] } },
{ "type": "Feature", "properties": { "fid": 319, "parcel_number": null, "parcel_type": null, "land_category": null }, "geometry": { "type": "MultiPolygon", "coordinates": [ [ [ [ 24.577987973898985, 49.808692960528433 ], [ 24.57798088645049, 49.808734778355699 ], [ 24.578050964847513, 49.808741238995246 ], [ 24.578060942670909, 49.808698311641102 ], [ 24.577987973898985, 49.808692960528433 ] ] ] ] } },
{ "type": "Feature", "properties": { "fid": 320, "parcel_number": null, "parcel_type": "build", "land_category": "building" }, "geometry": { "type": "MultiPolygon", "coordinates": [ [ [ [ 24.577945136657114, 49.808703807951076 ], [ 24.577899017375834, 49.808699169609177 ], [ 24.577895853363383, 49.808726939019351 ], [ 24.577941169450575, 49.808731116781935 ], [ 24.577945136657114, 49.808703807951076 ] ] ] ] } },
{ "type": "Feature", "properties": { "fid": 321, "parcel_number": "102", "parcel_type": "build", "land_category": "building" }, "geometry": { "type": "MultiPolygon", "coordinates": [ [ [ [ 24.578310616045641, 49.808607379722012 ], [ 24.578301883708431, 49.808646827176212 ], [ 24.578425774018676, 49.808655455053675 ], [ 24.578429991157581, 49.80861890920152 ], [ 24.578310616045641, 49.808607379722012 ] ] ] ] } },
{ "type": "Feature", "properties": { "fid": 322, "parcel_number": "103", "parcel_type": "build", "land_category": "building" }, "geometry": { "type": "MultiPolygon", "coordinates": [ [ [ [ 24.578506065703323, 49.808622358760452 ], [ 24.578500098309203, 49.80866116512491 ], [ 24.578687815394296, 49.808675586761773 ], [ 24.578694141236053, 49.808629320300149 ], [ 24.578619185510203, 49.808626695456162 ], [ 24.578506065703323, 49.808622358760452 ] ] ] ] } },
{ "type": "Feature", "properties": { "fid": 323, "parcel_number": null, "parcel_type": null, "land_category": null }, "geometry": { "type": "MultiPolygon", "coordinates": [ [ [ [ 24.578500098309203, 49.80866116512491 ], [ 24.578506065703323, 49.808622358760452 ], [ 24.578439143476615, 49.808619793150221 ], [ 24.578429991157581, 49.80861890920152 ], [ 24.578425774018676, 49.808655455053675 ], [ 24.578500098309203, 49.80866116512491 ] ] ] ] } },
{ "type": "Feature", "properties": { "fid": 324, "parcel_number": "104", "parcel_type": "build", "land_category": null }, "geometry": { "type": "MultiPolygon", "coordinates": [ [ [ [ 24.578730597659693, 49.808719301299092 ], [ 24.578741293226056, 49.808646827176226 ], [ 24.578815270893315, 49.808649127943696 ], [ 24.578805466624168, 49.808722752445078 ], [ 24.578730597659693, 49.808719301299092 ] ] ] ] } },
{ "type": "Feature", "properties": { "fid": 325, "parcel_number": "248", "parcel_type": "ground", "land_category": "garden" }, "geometry": { "type": "MultiPolygon", "coordinates": [ [ [ [ 24.578590218351323, 49.80879177531348 ], [ 24.578596903080292, 49.808726778781782 ], [ 24.578282275170118, 49.808709523050744 ], [ 24.578273930642251, 49.808761905069396 ], [ 24.578590218351323, 49.80879177531348 ] ] ] ] } },
{ "type": "Feature", "properties": { "fid": 326, "parcel_number": "249", "parcel_type": "ground", "land_category": "garden" }, "geometry": { "type": "MultiPolygon", "coordinates": [ [ [ [ 24.578596903080292, 49.808726778781782 ], [ 24.578590218351323, 49.80879177531348 ], [ 24.578817207162526, 49.808799726483826 ], [ 24.57882969120562, 49.808735229094744 ], [ 24.578596903080296, 49.808726778781782 ], [ 24.578596903080292, 49.808726778781782 ] ] ] ] } },
{ "type": "Feature", "properties": { "fid": 327, "parcel_number": "258", "parcel_type": "ground", "land_category": "garden" }, "geometry": { "type": "MultiPolygon", "coordinates": [ [ [ [ 24.578130093853286, 49.808526721633115 ], [ 24.578414187155129, 49.808558247545356 ], [ 24.578853900149923, 49.808576147435552 ], [ 24.578860727050323, 49.808492100312684 ], [ 24.578302775005628, 49.808487498762695 ], [ 24.578218993069211, 49.808435731295241 ], [ 24.578151254482307, 49.808508205734178 ], [ 24.578130093853286, 49.808526721633115 ] ] ] ] } },
{ "type": "Feature", "properties": { "fid": 328, "parcel_number": "254", "parcel_type": "ground", "land_category": "garden" }, "geometry": { "type": "MultiPolygon", "coordinates": [ [ [ [ 24.578853900149923, 49.808576147435552 ], [ 24.578414187155129, 49.808558247545356 ], [ 24.578130093853286, 49.808526721633115 ], [ 24.578069877255675, 49.808579412109133 ], [ 24.578177102100991, 49.808594484686658 ], [ 24.578310616045641, 49.808607379722012 ], [ 24.578429991157581, 49.80861890920152 ], [ 24.578439143476615, 49.808619793150221 ], [ 24.578506065703323, 49.808622358760452 ], [ 24.578619185510203, 49.808626695456162 ], [ 24.578694141236053, 49.808629320300149 ], [ 24.578849140186769, 49.808634748145174 ], [ 24.578853900149923, 49.808576147435552 ] ] ] ] } },
{ "type": "Feature", "properties": { "fid": 329, "parcel_number": null, "parcel_type": "ground", "land_category": "garden" }, "geometry": { "type": "MultiPolygon", "coordinates": [ [ [ [ 24.578500098309203, 49.80866116512491 ], [ 24.578425774018676, 49.808655455053675 ], [ 24.578565001981481, 49.808666151443511 ], [ 24.578500098309203, 49.80866116512491 ] ] ] ] } },
{ "type": "Feature", "properties": { "fid": 330, "parcel_number": null, "parcel_type": "build", "land_category": "building" }, "geometry": { "type": "MultiPolygon", "coordinates": [ [ [ [ 24.57798088645049, 49.808734778355699 ], [ 24.577987973898985, 49.808692960528433 ], [ 24.577947147424418, 49.808689966548137 ], [ 24.577941169450575, 49.808731116781935 ], [ 24.57798088645049, 49.808734778355699 ] ] ] ] } },
{ "type": "Feature", "properties": { "fid": 331, "parcel_number": "260", "parcel_type": "ground", "land_category": "garden" }, "geometry": { "type": "MultiPolygon", "coordinates": [ [ [ [ 24.578827749054064, 49.808436306489611 ], [ 24.578767140844743, 49.808435156100835 ], [ 24.578774271222308, 49.808389140527197 ], [ 24.578592446594321, 49.808354628818243 ], [ 24.578300101114042, 49.80830746277622 ], [ 24.578218993069211, 49.808435731295241 ], [ 24.578302775005628, 49.808487498762695 ], [ 24.578816958122502, 49.808491739340965 ], [ 24.578827749054064, 49.808436306489611 ] ] ] ] } },
{ "type": "Feature", "properties": { "fid": 332, "parcel_number": "100", "parcel_type": "build", "land_category": "yard" }, "geometry": { "type": "MultiPolygon", "coordinates": [ [ [ [ 24.57892400915123, 49.808450111152858 ], [ 24.579069290594173, 49.808450686347065 ], [ 24.579068623221648, 49.808491170765464 ], [ 24.579084986453413, 49.808491097602037 ], [ 24.579086225240903, 49.808440332850139 ], [ 24.579249078185704, 49.808442908741242 ], [ 24.579250312564334, 49.808418692074028 ], [ 24.579202985173573, 49.808418475460435 ], [ 24.57920565906516, 49.808344275300747 ], [ 24.579016704059615, 49.808344850496226 ], [ 24.579016704059615, 49.808313853496934 ], [ 24.578941835095144, 49.808313332564843 ], [ 24.578941835095144, 49.808350027255187 ], [ 24.578846466295179, 49.808348876864351 ], [ 24.578847063099776, 49.808312673149111 ], [ 24.578594229188717, 49.80831091395158 ], [ 24.578369622295327, 49.808279853364425 ], [ 24.578344141683282, 49.808314568134364 ], [ 24.578592446594321, 49.808354628818243 ], [ 24.578774271222308, 49.808389140527197 ], [ 24.578907074504507, 49.80838914052719 ], [ 24.57890440061292, 49.808438032072736 ], [ 24.578827749054064, 49.808436306489611 ], [ 24.578816958122502, 49.808491739340965 ], [ 24.578860727050323, 49.808492100312684 ], [ 24.578921907010248, 49.808491826764303 ], [ 24.57892400915123, 49.808450111152858 ] ] ] ] } },
{ "type": "Feature", "properties": { "fid": 333, "parcel_number": "100", "parcel_type": "build", "land_category": "building" }, "geometry": { "type": "MultiPolygon", "coordinates": [ [ [ [ 24.578827749054064, 49.808436306489611 ], [ 24.57890440061292, 49.808438032072736 ], [ 24.578907074504507, 49.80838914052719 ], [ 24.578774271222308, 49.808389140527197 ], [ 24.578767140844743, 49.808435156100835 ], [ 24.578827749054064, 49.808436306489611 ] ] ] ] } },
{ "type": "Feature", "properties": { "fid": 334, "parcel_number": "100", "parcel_type": "build", "land_category": "building" }, "geometry": { "type": "MultiPolygon", "coordinates": [ [ [ [ 24.578847063099776, 49.808312673149111 ], [ 24.578846466295179, 49.808348876864351 ], [ 24.578941835095144, 49.808350027255187 ], [ 24.578941835095144, 49.808313332564843 ], [ 24.578847063099776, 49.808312673149111 ] ] ] ] } },
{ "type": "Feature", "properties": { "fid": 335, "parcel_number": "100", "parcel_type": "build", "land_category": "building" }, "geometry": { "type": "MultiPolygon", "coordinates": [ [ [ [ 24.579016704059615, 49.808313853496934 ], [ 24.579016704059615, 49.808344850496226 ], [ 24.57920565906516, 49.808344275300747 ], [ 24.579202985173573, 49.808418475460435 ], [ 24.579250312564334, 49.808418692074028 ], [ 24.579255571708138, 49.808315515518359 ], [ 24.579016704059615, 49.808313853496934 ] ] ] ] } },
{ "type": "Feature", "properties": { "fid": 336, "parcel_number": "100", "parcel_type": "build", "land_category": "building" }, "geometry": { "type": "MultiPolygon", "coordinates": [ [ [ [ 24.579249078185704, 49.808442908741242 ], [ 24.579086225240903, 49.808440332850139 ], [ 24.579084986453413, 49.808491097602037 ], [ 24.579246658736182, 49.808490374731484 ], [ 24.579249078185704, 49.808442908741242 ] ] ] ] } },
{ "type": "Feature", "properties": { "fid": 337, "parcel_number": "100", "parcel_type": "build", "land_category": "building" }, "geometry": { "type": "MultiPolygon", "coordinates": [ [ [ [ 24.579068623221648, 49.808491170765464 ], [ 24.579069290594173, 49.808450686347065 ], [ 24.57892400915123, 49.808450111152858 ], [ 24.578921907010248, 49.808491826764303 ], [ 24.579068623221648, 49.808491170765464 ] ] ] ] } },
{ "type": "Feature", "properties": { "fid": 338, "parcel_number": "262", "parcel_type": "ground", "land_category": "pasture" }, "geometry": { "type": "MultiPolygon", "coordinates": [ [ [ [ 24.579023980046287, 49.808172100710614 ], [ 24.579022051842781, 49.80823556323346 ], [ 24.579023834437177, 49.808286755718825 ], [ 24.57859636212569, 49.808291643144912 ], [ 24.578594229188717, 49.80831091395158 ], [ 24.578847063099776, 49.808312673149111 ], [ 24.578941835095144, 49.808313332564843 ], [ 24.579016704059615, 49.808313853496934 ], [ 24.579255571708138, 49.808315515518359 ], [ 24.579323310295017, 49.808298834836712 ], [ 24.57926626727448, 49.808297109248613 ], [ 24.579272506354858, 49.808237288823726 ], [ 24.579333778738395, 49.808239299433943 ], [ 24.579345480301679, 49.808172751117461 ], [ 24.579023980046287, 49.808172100710614 ] ] ] ] } },
{ "type": "Feature", "properties": { "fid": 339, "parcel_number": "275", "parcel_type": "ground", "land_category": "garden" }, "geometry": { "type": "MultiPolygon", "coordinates": [ [ [ [ 24.578640621769459, 49.807941632605917 ], [ 24.579187918651233, 49.807947888174262 ], [ 24.579184267932444, 49.807754696346016 ], [ 24.578804575326952, 49.807754696346016 ], [ 24.578685141502696, 49.807775403630984 ], [ 24.578640621769459, 49.807941632605917 ] ] ] ] } },
{ "type": "Feature", "properties": { "fid": 340, "parcel_number": null, "parcel_type": null, "land_category": null }, "geometry": { "type": "MultiPolygon", "coordinates": [ [ [ [ 24.578420017343685, 49.808326809659647 ], [ 24.578592446594321, 49.808354628818243 ], [ 24.578420017343682, 49.80832680965964 ], [ 24.578420017343685, 49.808326809659647 ] ] ] ] } },
{ "type": "Feature", "properties": { "fid": 341, "parcel_number": "97", "parcel_type": "build", "land_category": "yard" }, "geometry": { "type": "MultiPolygon", "coordinates": [ [ [ [ 24.578672663341948, 49.808004333579994 ], [ 24.578792988463409, 49.808003183180965 ], [ 24.578791205869013, 49.808059552702119 ], [ 24.578721684687732, 49.808060703099834 ], [ 24.578720033021472, 49.808095664690512 ], [ 24.578812993533777, 49.808097529728109 ], [ 24.578811705704524, 49.808052650315297 ], [ 24.578858053158722, 49.808052101501595 ], [ 24.578858053158722, 49.807966370397011 ], [ 24.578787640680233, 49.807966370397011 ], [ 24.57878805604096, 49.807943317770203 ], [ 24.578640621769459, 49.807941632605917 ], [ 24.578635228859717, 49.807961768797064 ], [ 24.578667315558775, 49.80796176879705 ], [ 24.578672663341948, 49.808004333579994 ] ] ] ] } },
{ "type": "Feature", "properties": { "fid": 342, "parcel_number": "269", "parcel_type": "ground", "land_category": "garden" }, "geometry": { "type": "MultiPolygon", "coordinates": [ [ [ [ 24.579189813720006, 49.808048173028176 ], [ 24.578811705704524, 49.808052650315297 ], [ 24.578813965496504, 49.808131401544934 ], [ 24.579191398310019, 49.808132027704303 ], [ 24.579189813720006, 49.808048173028176 ] ] ] ] } },
{ "type": "Feature", "properties": { "fid": 343, "parcel_number": "270", "parcel_type": "ground", "land_category": "pasture" }, "geometry": { "type": "MultiPolygon", "coordinates": [ [ [ [ 24.579142540866471, 49.807947369509087 ], [ 24.579141485667037, 49.807988227990869 ], [ 24.579023834437173, 49.807984776792487 ], [ 24.579025111968981, 49.807946027304297 ], [ 24.578858053158722, 49.807944117832783 ], [ 24.578858053158722, 49.808052101501595 ], [ 24.579189813720006, 49.808048173028176 ], [ 24.579187918651233, 49.807947888174262 ], [ 24.579142540866471, 49.807947369509087 ] ] ] ] } },
{ "type": "Feature", "properties": { "fid": 344, "parcel_number": "96", "parcel_type": "build", "land_category": "building" }, "geometry": { "type": "MultiPolygon", "coordinates": [ [ [ [ 24.579025111968981, 49.807946027304297 ], [ 24.579023834437173, 49.807984776792487 ], [ 24.579141485667037, 49.807988227990869 ], [ 24.579142540866471, 49.807947369509087 ], [ 24.579025111968981, 49.807946027304297 ] ] ] ] } },
{ "type": "Feature", "properties": { "fid": 345, "parcel_number": "97", "parcel_type": "build", "land_category": "building" }, "geometry": { "type": "MultiPolygon", "coordinates": [ [ [ [ 24.57878805604096, 49.807943317770203 ], [ 24.578787640680233, 49.807966370397011 ], [ 24.578858053158722, 49.807966370397011 ], [ 24.578858053158722, 49.807944117832783 ], [ 24.57878805604096, 49.807943317770203 ] ] ] ] } },
{ "type": "Feature", "properties": { "fid": 346, "parcel_number": "", "parcel_type": "ground", "land_category": "garden" }, "geometry": { "type": "MultiPolygon", "coordinates": [ [ [ [ 24.578718352223635, 49.80813124292294 ], [ 24.578721684687732, 49.808060703099834 ], [ 24.578663750369994, 49.808060703099834 ], [ 24.578672663341948, 49.808004333579994 ], [ 24.578667315558775, 49.80796176879705 ], [ 24.578635228859717, 49.807961768797064 ], [ 24.578579968433562, 49.807959467996909 ], [ 24.578547881734515, 49.80805034951949 ], [ 24.57854023538945, 49.808130947427898 ], [ 24.578718352223635, 49.80813124292294 ] ] ] ] } },
{ "type": "Feature", "properties": { "fid": 347, "parcel_number": "97", "parcel_type": "build", "land_category": "building" }, "geometry": { "type": "MultiPolygon", "coordinates": [ [ [ [ 24.578812993533777, 49.808097529728109 ], [ 24.578720033021472, 49.808095664690512 ], [ 24.578718352223635, 49.80813124292294 ], [ 24.578813965496504, 49.808131401544934 ], [ 24.578812993533777, 49.808097529728109 ] ] ] ] } },
{ "type": "Feature", "properties": { "fid": 348, "parcel_number": "97", "parcel_type": "build", "land_category": "building" }, "geometry": { "type": "MultiPolygon", "coordinates": [ [ [ [ 24.578721684687732, 49.808060703099834 ], [ 24.578791205869013, 49.808059552702119 ], [ 24.578792988463409, 49.808003183180965 ], [ 24.578672663341948, 49.808004333579994 ], [ 24.578663750369994, 49.808060703099834 ], [ 24.578721684687732, 49.808060703099834 ] ] ] ] } },
{ "type": "Feature", "properties": { "fid": 349, "parcel_number": "98", "parcel_type": "build", "land_category": "building" }, "geometry": { "type": "MultiPolygon", "coordinates": [ [ [ [ 24.578833988134431, 49.808131434762402 ], [ 24.578833988134431, 49.808171716349989 ], [ 24.579345480301679, 49.808172751117461 ], [ 24.57935183180529, 49.808136629288086 ], [ 24.579191398310019, 49.808132027704303 ], [ 24.578833988134431, 49.808131434762402 ] ] ] ] } },
{ "type": "Feature", "properties": { "fid": 350, "parcel_number": "99", "parcel_type": "build", "land_category": "building" }, "geometry": { "type": "MultiPolygon", "coordinates": [ [ [ [ 24.579333778738395, 49.808239299433943 ], [ 24.579272506354858, 49.808237288823726 ], [ 24.57926626727448, 49.808297109248613 ], [ 24.579323310295017, 49.808298834836712 ], [ 24.579333778738395, 49.808239299433943 ] ] ] ] } },
{ "type": "Feature", "properties": { "fid": 351, "parcel_number": "261", "parcel_type": "ground", "land_category": "garden" }, "geometry": { "type": "MultiPolygon", "coordinates": [ [ [ [ 24.578594229188717, 49.80831091395158 ], [ 24.578609381241041, 49.80817401714004 ], [ 24.578537186168152, 49.808163088386308 ], [ 24.578442708665385, 49.808148133245616 ], [ 24.578369622295327, 49.808279853364425 ], [ 24.578594229188717, 49.80831091395158 ] ] ] ] } },
{ "type": "Feature", "properties": { "fid": 352, "parcel_number": "98", "parcel_type": "build", "land_category": "building" }, "geometry": { "type": "MultiPolygon", "coordinates": [ [ [ [ 24.57859636212569, 49.808291643144912 ], [ 24.579023834437177, 49.808286755718825 ], [ 24.579022051842781, 49.80823556323346 ], [ 24.578601485555151, 49.808245353629658 ], [ 24.57859636212569, 49.808291643144912 ] ] ] ] } },
{ "type": "Feature", "properties": { "fid": 353, "parcel_number": "95", "parcel_type": "build", "land_category": "yard" }, "geometry": { "type": "MultiPolygon", "coordinates": [ [ [ [ 24.578813402384881, 49.807675893541649 ], [ 24.57887320521106, 49.807675893541649 ], [ 24.578875936856029, 49.807713354759059 ], [ 24.579036981038101, 49.807716447932954 ], [ 24.57903720389513, 49.807698901672978 ], [ 24.579339569652507, 49.807702737216154 ], [ 24.579346484022128, 49.80760456826507 ], [ 24.579167157855043, 49.80760692208063 ], [ 24.579166441988548, 49.807651734992007 ], [ 24.578816229048417, 49.807650658744812 ], [ 24.578813402384881, 49.807675893541649 ] ] ] ] } },
{ "type": "Feature", "properties": { "fid": 354, "parcel_number": "281", "parcel_type": "ground", "land_category": "garden" }, "geometry": { "type": "MultiPolygon", "coordinates": [ [ [ [ 24.57893079225995, 49.807354606793083 ], [ 24.579049682055864, 49.807449838069893 ], [ 24.579045225569885, 49.807505633029997 ], [ 24.579348233057129, 49.807495720447513 ], [ 24.579341136238956, 49.807345725652773 ], [ 24.57893079225995, 49.807354606793083 ] ] ] ] } },
{ "type": "Feature", "properties": { "fid": 355, "parcel_number": "94", "parcel_type": "build", "land_category": "yard" }, "geometry": { "type": "MultiPolygon", "coordinates": [ [ [ [ 24.578741249328317, 49.807538989367934 ], [ 24.57903809519232, 49.80754474698432 ], [ 24.579034607932851, 49.807608661916333 ], [ 24.579346484022128, 49.80760456826507 ], [ 24.579348266616524, 49.807496429742045 ], [ 24.579348233057129, 49.807495720447513 ], [ 24.579045225569885, 49.807505633029997 ], [ 24.57874499446115, 49.807494477248838 ], [ 24.578741249328317, 49.807538989367934 ] ], [ [ 24.579173572366113, 49.807586736929508 ], [ 24.579177137554897, 49.807541295754334 ], [ 24.579312614728678, 49.807538994934212 ], [ 24.579310832134293, 49.807585011316036 ], [ 24.579173572366113, 49.807586736929508 ] ] ] ] } },
{ "type": "Feature", "properties": { "fid": 356, "parcel_number": "93", "parcel_type": "build", "land_category": "yard" }, "geometry": { "type": "MultiPolygon", "coordinates": [ [ [ [ 24.578812684666595, 49.807496992434963 ], [ 24.578814379596125, 49.807467094249994 ], [ 24.578882118183017, 49.807468244661784 ], [ 24.578879697990118, 49.807499482469971 ], [ 24.57892111028638, 49.807501021239609 ], [ 24.578920443962438, 49.807453289306416 ], [ 24.579049682055864, 49.807449838069893 ], [ 24.57893079225995, 49.807354606793083 ], [ 24.57875644527838, 49.807358380212669 ], [ 24.57874499446115, 49.807494477248838 ], [ 24.578812684666595, 49.807496992434963 ] ] ] ] } },
{ "type": "Feature", "properties": { "fid": 357, "parcel_number": "93", "parcel_type": "build", "land_category": "building" }, "geometry": { "type": "MultiPolygon", "coordinates": [ [ [ [ 24.579049682055864, 49.807449838069893 ], [ 24.578920443962438, 49.807453289306416 ], [ 24.57892111028638, 49.807501021239609 ], [ 24.579045225569885, 49.807505633029997 ], [ 24.579049682055864, 49.807449838069893 ] ] ] ] } },
{ "type": "Feature", "properties": { "fid": 358, "parcel_number": "93", "parcel_type": "build", "land_category": "building" }, "geometry": { "type": "MultiPolygon", "coordinates": [ [ [ [ 24.578879697990118, 49.807499482469971 ], [ 24.578882118183017, 49.807468244661784 ], [ 24.578814379596125, 49.807467094249994 ], [ 24.578812684666595, 49.807496992434963 ], [ 24.578879697990118, 49.807499482469971 ] ] ] ] } },
{ "type": "Feature", "properties": { "fid": 359, "parcel_number": "280", "parcel_type": "ground", "land_category": "garden" }, "geometry": { "type": "MultiPolygon", "coordinates": [ [ [ [ 24.579034607932851, 49.807608661916333 ], [ 24.57903809519232, 49.80754474698432 ], [ 24.578741249328317, 49.807538989367934 ], [ 24.578735054145675, 49.807612621124136 ], [ 24.578820618676492, 49.807611470715791 ], [ 24.579034607932851, 49.807608661916333 ] ] ] ] } },
{ "type": "Feature", "properties": { "fid": 360, "parcel_number": "94", "parcel_type": "build", "land_category": "building" }, "geometry": { "type": "MultiPolygon", "coordinates": [ [ [ [ 24.579173572366113, 49.807586736929508 ], [ 24.579177137554897, 49.807541295754334 ], [ 24.579312614728678, 49.807538994934212 ], [ 24.579310832134293, 49.807585011316036 ], [ 24.579173572366113, 49.807586736929508 ] ] ] ] } },
{ "type": "Feature", "properties": { "fid": 361, "parcel_number": "95", "parcel_type": "build", "land_category": "building" }, "geometry": { "type": "MultiPolygon", "coordinates": [ [ [ [ 24.578816229048417, 49.807650658744812 ], [ 24.579166441988548, 49.807651734992007 ], [ 24.579167157855043, 49.80760692208063 ], [ 24.578820618676492, 49.807611470715791 ], [ 24.578816229048417, 49.807650658744812 ] ] ] ] } },
{ "type": "Feature", "properties": { "fid": 362, "parcel_number": "95", "parcel_type": "build", "land_category": "building" }, "geometry": { "type": "MultiPolygon", "coordinates": [ [ [ [ 24.579184905738405, 49.807700775287245 ], [ 24.57918426793244, 49.807754696346016 ], [ 24.579184267932444, 49.807754696346016 ], [ 24.579335788455779, 49.807756421953414 ], [ 24.579339569652507, 49.807702737216154 ], [ 24.579184905738405, 49.807700775287245 ] ] ] ] } },
{ "type": "Feature", "properties": { "fid": 363, "parcel_number": "95", "parcel_type": "build", "land_category": "building" }, "geometry": { "type": "MultiPolygon", "coordinates": [ [ [ [ 24.57918426793244, 49.807754696346016 ], [ 24.579184905738405, 49.807700775287245 ], [ 24.57903720389513, 49.807698901672978 ], [ 24.579036495240693, 49.807754696346016 ], [ 24.57918426793244, 49.807754696346016 ] ] ] ] } },
{ "type": "Feature", "properties": { "fid": 364, "parcel_number": "95", "parcel_type": "build", "land_category": "building" }, "geometry": { "type": "MultiPolygon", "coordinates": [ [ [ [ 24.579036981038101, 49.807716447932954 ], [ 24.578809349445031, 49.80771207581536 ], [ 24.578804575326949, 49.807754696346016 ], [ 24.578804575326952, 49.807754696346016 ], [ 24.579036495240693, 49.807754696346016 ], [ 24.579036981038101, 49.807716447932954 ] ] ] ] } },
{ "type": "Feature", "properties": { "fid": 365, "parcel_number": "95", "parcel_type": "build", "land_category": "building" }, "geometry": { "type": "MultiPolygon", "coordinates": [ [ [ [ 24.578875936856029, 49.807713354759059 ], [ 24.57887320521106, 49.807675893541649 ], [ 24.578813402384881, 49.807675893541649 ], [ 24.578809349445031, 49.80771207581536 ], [ 24.578875936856029, 49.807713354759059 ] ] ] ] } },
{ "type": "Feature", "properties": { "fid": 366, "parcel_number": "98", "parcel_type": "build", "land_category": "yard" }, "geometry": { "type": "MultiPolygon", "coordinates": [ [ [ [ 24.579022051842781, 49.80823556323346 ], [ 24.579023980046287, 49.808172100710614 ], [ 24.578833988134431, 49.808171716349989 ], [ 24.578833988134431, 49.808131434762402 ], [ 24.57854023538945, 49.808130947427898 ], [ 24.578537186168155, 49.808163088386308 ], [ 24.578537186168152, 49.808163088386308 ], [ 24.578609381241041, 49.80817401714004 ], [ 24.578601485555151, 49.808245353629658 ], [ 24.579022051842781, 49.80823556323346 ] ] ] ] } },
{ "type": "Feature", "properties": { "fid": 367, "parcel_number": "311", "parcel_type": "ground", "land_category": "field" }, "geometry": { "type": "MultiPolygon", "coordinates": [ [ [ [ 24.578845346051374, 49.806426560077739 ], [ 24.57884735759237, 49.806444942572455 ], [ 24.578861511623373, 49.806514213305263 ], [ 24.579096920807253, 49.806501313908235 ], [ 24.579699437711742, 49.806459898239353 ], [ 24.580597865285299, 49.806416181661582 ], [ 24.581285946720602, 49.806389721608468 ], [ 24.581793986122321, 49.806365562416907 ], [ 24.581961549995164, 49.806341403213281 ], [ 24.581905817914116, 49.806234806967893 ], [ 24.58183855098212, 49.80624476627824 ], [ 24.581232468888849, 49.806287332571024 ], [ 24.580414258062923, 49.806336801458833 ], [ 24.579756480732282, 49.806386270296123 ], [ 24.579310832134293, 49.806408128603451 ], [ 24.578849140186765, 49.806426535591449 ], [ 24.578845346051374, 49.806426560077739 ] ] ] ] } },
{ "type": "Feature", "properties": { "fid": 370, "parcel_number": "276", "parcel_type": "ground", "land_category": "field" }, "geometry": { "type": "MultiPolygon", "coordinates": [ [ [ [ 24.582197622768987, 49.807885440077087 ], [ 24.582220026181997, 49.807848454259961 ], [ 24.582255424218321, 49.807759615473351 ], [ 24.582075636036254, 49.807736865065742 ], [ 24.581287729314997, 49.807674743134804 ], [ 24.580779689913282, 49.807643682139442 ], [ 24.580412475468535, 49.807625275614264 ], [ 24.579891957906074, 49.80761377153248 ], [ 24.579449874496856, 49.807608019490566 ], [ 24.579346484022128, 49.80760456826507 ], [ 24.579339569652507, 49.807702737216154 ], [ 24.579335788455779, 49.807756421953414 ], [ 24.579842045263096, 49.807752970738527 ], [ 24.580590734907727, 49.807772527619683 ], [ 24.581072035393561, 49.80780473893617 ], [ 24.581670987109266, 49.807848454259968 ], [ 24.582187939482942, 49.807884116731707 ], [ 24.582197622768987, 49.807885440077087 ] ] ] ] } },
{ "type": "Feature", "properties": { "fid": 371, "parcel_number": "274", "parcel_type": "ground", "land_category": "field" }, "geometry": { "type": "MultiPolygon", "coordinates": [ [ [ [ 24.582062850692374, 49.808072658940873 ], [ 24.582143374623143, 49.80797499839575 ], [ 24.582197622768987, 49.807885440077087 ], [ 24.582187939482942, 49.807884116731707 ], [ 24.581670987109266, 49.807848454259968 ], [ 24.581072035393561, 49.80780473893617 ], [ 24.580590734907727, 49.807772527619683 ], [ 24.579842045263096, 49.807752970738527 ], [ 24.579335788455779, 49.807756421953414 ], [ 24.579184267932444, 49.807754696346016 ], [ 24.579186062458383, 49.807849660686109 ], [ 24.579187918651233, 49.807947888174255 ], [ 24.579284984515606, 49.807951990395658 ], [ 24.579817980238811, 49.807962343997055 ], [ 24.580520322429248, 49.807972697596242 ], [ 24.581274359857055, 49.807995705586464 ], [ 24.581584531281262, 49.808014111970799 ], [ 24.582056918795139, 49.808071631876679 ], [ 24.582062850692374, 49.808072658940873 ] ] ] ] } },
{ "type": "Feature", "properties": { "fid": 372, "parcel_number": "277", "parcel_type": "ground", "land_category": "pasture" }, "geometry": { "type": "MultiPolygon", "coordinates": [ [ [ [ 24.582255424218321, 49.807759615473351 ], [ 24.582220026181997, 49.807848454259961 ], [ 24.582197622768987, 49.807885440077087 ], [ 24.582412082320744, 49.807914748728692 ], [ 24.582434828806235, 49.807848454259968 ], [ 24.582442553709448, 49.807784098590922 ], [ 24.582348372978224, 49.807771377215147 ], [ 24.582255424218321, 49.807759615473351 ] ] ] ] } },
{ "type": "Feature", "properties": { "fid": 373, "parcel_number": "273", "parcel_type": "ground", "land_category": "pasture" }, "geometry": { "type": "MultiPolygon", "coordinates": [ [ [ [ 24.582197622768987, 49.807885440077087 ], [ 24.582143374623143, 49.80797499839575 ], [ 24.582062850692374, 49.808072658940873 ], [ 24.582349264275418, 49.808122249337323 ], [ 24.582377942004552, 49.808015560905226 ], [ 24.582379568380087, 49.808009510375385 ], [ 24.582412082320744, 49.807914748728692 ], [ 24.582197622768987, 49.807885440077087 ] ] ] ] } },
{ "type": "Feature", "properties": { "fid": 374, "parcel_number": "282", "parcel_type": "ground", "land_category": "field" }, "geometry": { "type": "MultiPolygon", "coordinates": [ [ [ [ 24.58221401496575, 49.807444620437714 ], [ 24.582214014965746, 49.807444620437714 ], [ 24.58221401496575, 49.807444620437707 ], [ 24.581840333576512, 49.807421652962496 ], [ 24.58109164393187, 49.807389441391088 ], [ 24.580474866272251, 49.807359530627025 ], [ 24.579720828844444, 49.807338823164166 ], [ 24.579341136238956, 49.807345725652773 ], [ 24.579348233057129, 49.807495720447513 ], [ 24.580282346077915, 49.807517137137502 ], [ 24.580879515199229, 49.807534393293608 ], [ 24.581535509935481, 49.807582710497975 ], [ 24.581872420275559, 49.807608019490551 ], [ 24.582183411093414, 49.807636207666384 ], [ 24.582189722077334, 49.807602267447947 ], [ 24.582198868115157, 49.807542914871448 ], [ 24.581915202540973, 49.807513685905541 ], [ 24.581412510922426, 49.807480323983903 ], [ 24.580899123737534, 49.807452714100336 ], [ 24.580353649853592, 49.807430856264681 ], [ 24.58035721504238, 49.80739634387249 ], [ 24.580877732604833, 49.80742510420103 ], [ 24.581492727670067, 49.807452714100336 ], [ 24.581859942114818, 49.807475722337742 ], [ 24.582204436071418, 49.807506782006435 ], [ 24.58221401496575, 49.807444620437714 ] ] ] ] } },
{ "type": "Feature", "properties": { "fid": 375, "parcel_number": "279", "parcel_type": "ground", "land_category": "field" }, "geometry": { "type": "MultiPolygon", "coordinates": [ [ [ [ 24.582162647125283, 49.807747875454297 ], [ 24.582183411093414, 49.807636207666384 ], [ 24.581872420275559, 49.807608019490551 ], [ 24.581535509935481, 49.807582710497975 ], [ 24.580879515199229, 49.807534393293608 ], [ 24.580282346077915, 49.807517137137502 ], [ 24.579348233057129, 49.807495720447513 ], [ 24.579348266616524, 49.807496429742045 ], [ 24.579346484022128, 49.80760456826507 ], [ 24.579449874496856, 49.807608019490566 ], [ 24.579891957906074, 49.80761377153248 ], [ 24.580412475468535, 49.807625275614264 ], [ 24.580779689913282, 49.807643682139442 ], [ 24.581287729314997, 49.807674743134804 ], [ 24.582075636036254, 49.807736865065742 ], [ 24.582162647125283, 49.807747875454297 ] ] ] ] } },
{ "type": "Feature", "properties": { "fid": 376, "parcel_number": "286", "parcel_type": "ground", "land_category": "field" }, "geometry": { "type": "MultiPolygon", "coordinates": [ [ [ [ 24.582198868115157, 49.807542914871448 ], [ 24.582204436071418, 49.807506782006435 ], [ 24.581859942114818, 49.807475722337742 ], [ 24.581492727670067, 49.807452714100336 ], [ 24.580877732604833, 49.80742510420103 ], [ 24.58035721504238, 49.80739634387249 ], [ 24.580353649853592, 49.807430856264681 ], [ 24.580899123737534, 49.807452714100336 ], [ 24.581412510922426, 49.807480323983903 ], [ 24.581915202540973, 49.807513685905541 ], [ 24.582198868115157, 49.807542914871448 ] ] ] ] } },
{ "type": "Feature", "properties": { "fid": 377, "parcel_number": "283", "parcel_type": "ground", "land_category": "pasture" }, "geometry": { "type": "MultiPolygon", "coordinates": [ [ [ [ 24.582198868115157, 49.807542914871448 ], [ 24.582189722077334, 49.807602267447947 ], [ 24.582183411093414, 49.807636207666384 ], [ 24.582189722077334, 49.807636779693318 ], [ 24.582456963179315, 49.80766726197448 ], [ 24.5824693643373, 49.807579697937982 ], [ 24.58233946000626, 49.80755740149219 ], [ 24.582198868115157, 49.807542914871448 ] ] ] ] } },
{ "type": "Feature", "properties": { "fid": 378, "parcel_number": "284", "parcel_type": "ground", "land_category": "pasture" }, "geometry": { "type": "MultiPolygon", "coordinates": [ [ [ [ 24.58221401496575, 49.807444620437707 ], [ 24.582204436071418, 49.807506782006435 ], [ 24.582344807789436, 49.807519437958653 ], [ 24.58247570059995, 49.807534957863339 ], [ 24.582484741449218, 49.807471120691126 ], [ 24.582252112881051, 49.807446962039272 ], [ 24.58221401496575, 49.807444620437707 ] ] ] ] } },
{ "type": "Feature", "properties": { "fid": 379, "parcel_number": "278", "parcel_type": "ground", "land_category": "pasture" }, "geometry": { "type": "MultiPolygon", "coordinates": [ [ [ [ 24.582183411093414, 49.807636207666384 ], [ 24.582162647125283, 49.807747875454297 ], [ 24.582348372978224, 49.807771377215147 ], [ 24.582442553709448, 49.807784098590922 ], [ 24.582454437344552, 49.807685096795488 ], [ 24.582456963179315, 49.80766726197448 ], [ 24.582189722077334, 49.807636779693318 ], [ 24.582183411093414, 49.807636207666384 ] ] ] ] } },
{ "type": "Feature", "properties": { "fid": 380, "parcel_number": "285", "parcel_type": "ground", "land_category": "pasture" }, "geometry": { "type": "MultiPolygon", "coordinates": [ [ [ [ 24.582204436071418, 49.807506782006435 ], [ 24.582198868115157, 49.807542914871448 ], [ 24.58233946000626, 49.80755740149219 ], [ 24.5824693643373, 49.807579697937982 ], [ 24.58247570059995, 49.807534957863339 ], [ 24.582344807789436, 49.807519437958653 ], [ 24.582204436071418, 49.807506782006435 ] ] ] ] } },
{ "type": "Feature", "properties": { "fid": 381, "parcel_number": "287", "parcel_type": "ground", "land_category": "field" }, "geometry": { "type": "MultiPolygon", "coordinates": [ [ [ [ 24.578816521682832, 49.807266670957858 ], [ 24.578803747212586, 49.807357356449344 ], [ 24.57893079225995, 49.807354606793083 ], [ 24.579341136238956, 49.807345725652773 ], [ 24.579720828844444, 49.807338823164166 ], [ 24.580474866272251, 49.807359530627025 ], [ 24.58109164393187, 49.807389441391088 ], [ 24.581840333576512, 49.807421652962496 ], [ 24.582214014965746, 49.807444620437714 ], [ 24.58223794759796, 49.807364122902676 ], [ 24.58208098381942, 49.807356079383844 ], [ 24.581170078085123, 49.807318115692439 ], [ 24.580624604201176, 49.807284753636004 ], [ 24.579840262668696, 49.807252541973504 ], [ 24.579399961853877, 49.807254842807261 ], [ 24.578816521682832, 49.807266670957858 ] ] ] ] } },
{ "type": "Feature", "properties": { "fid": 382, "parcel_number": "290", "parcel_type": "ground", "land_category": "field" }, "geometry": { "type": "MultiPolygon", "coordinates": [ [ [ [ 24.578824432639475, 49.807197110392323 ], [ 24.578820618676492, 49.807237586551487 ], [ 24.578816521682832, 49.807266670957858 ], [ 24.579399961853877, 49.807254842807261 ], [ 24.579840262668696, 49.807252541973504 ], [ 24.580624604201176, 49.807284753636004 ], [ 24.581170078085123, 49.807318115692439 ], [ 24.58208098381942, 49.807356079383844 ], [ 24.58223794759796, 49.807364122902676 ], [ 24.58224854769227, 49.8073284694294 ], [ 24.58227371762267, 49.807244930468521 ], [ 24.581785073150357, 49.807236436134211 ], [ 24.581004296806668, 49.807220330289582 ], [ 24.580401779902175, 49.807197321930779 ], [ 24.579884827528502, 49.807181216073118 ], [ 24.57941065742024, 49.807175463979803 ], [ 24.578900835424133, 49.807195021094309 ], [ 24.578824432639475, 49.807197110392323 ] ] ] ] } },
{ "type": "Feature", "properties": { "fid": 383, "parcel_number": "291", "parcel_type": "ground", "land_category": "field" }, "geometry": { "type": "MultiPolygon", "coordinates": [ [ [ [ 24.578831909151781, 49.807117764970428 ], [ 24.578824432639475, 49.807197110392323 ], [ 24.578900835424133, 49.807195021094309 ], [ 24.57941065742024, 49.807175463979803 ], [ 24.579884827528502, 49.807181216073118 ], [ 24.580401779902175, 49.807197321930779 ], [ 24.581004296806668, 49.807220330289582 ], [ 24.581785073150357, 49.807236436134211 ], [ 24.58227371762267, 49.807244930468521 ], [ 24.582285982174501, 49.807204224439566 ], [ 24.5822982493656, 49.807140890140211 ], [ 24.582075636036254, 49.807134048887718 ], [ 24.581485597292506, 49.807131748048207 ], [ 24.580665603872191, 49.807111040487897 ], [ 24.580177173008785, 49.807099536283921 ], [ 24.5795978298314, 49.807091483339484 ], [ 24.578831909151781, 49.807117764970428 ] ] ] ] } },
{ "type": "Feature", "properties": { "fid": 384, "parcel_number": "294", "parcel_type": "ground", "land_category": "field" }, "geometry": { "type": "MultiPolygon", "coordinates": [ [ [ [ 24.578836884696674, 49.807048499309467 ], [ 24.578836662026021, 49.807067324498149 ], [ 24.578831909151781, 49.807117764970428 ], [ 24.5795978298314, 49.807091483339484 ], [ 24.580177173008785, 49.807099536283921 ], [ 24.580665603872191, 49.807111040487897 ], [ 24.581485597292506, 49.807131748048207 ], [ 24.582075636036254, 49.807134048887718 ], [ 24.5822982493656, 49.807140890140211 ], [ 24.582316286279166, 49.807047767332065 ], [ 24.581781507961573, 49.807037413535049 ], [ 24.581182556245871, 49.80703051100248 ], [ 24.580556865614277, 49.807022458046568 ], [ 24.580025652485471, 49.807013254666742 ], [ 24.579560395349166, 49.807008652976172 ], [ 24.579136137883872, 49.80702936058028 ], [ 24.578836884696674, 49.807048499309467 ] ] ] ] } },
{ "type": "Feature", "properties": { "fid": 385, "parcel_number": "295", "parcel_type": "ground", "land_category": "field" }, "geometry": { "type": "MultiPolygon", "coordinates": [ [ [ [ 24.578837869413658, 49.806965248631165 ], [ 24.578836884696674, 49.807048499309467 ], [ 24.579136137883872, 49.80702936058028 ], [ 24.579560395349166, 49.807008652976172 ], [ 24.580025652485471, 49.807013254666742 ], [ 24.580556865614277, 49.807022458046568 ], [ 24.581182556245871, 49.80703051100248 ], [ 24.581781507961573, 49.807037413535049 ], [ 24.582316286279166, 49.807047767332065 ], [ 24.58235021127669, 49.806948031000871 ], [ 24.582298460335249, 49.806948830958959 ], [ 24.581605031116762, 49.806944229262278 ], [ 24.580952601569305, 49.806947680534833 ], [ 24.580180738197576, 49.806937326716408 ], [ 24.579672698795861, 49.806930424169586 ], [ 24.579177137554883, 49.806944229262285 ], [ 24.578837869413658, 49.806965248631165 ] ] ] ] } },
{ "type": "Feature", "properties": { "fid": 386, "parcel_number": "298", "parcel_type": "ground", "land_category": "field" }, "geometry": { "type": "MultiPolygon", "coordinates": [ [ [ [ 24.578843733373951, 49.806890678889353 ], [ 24.578838444620406, 49.806916619072929 ], [ 24.578837869413658, 49.806965248631165 ], [ 24.579177137554883, 49.806944229262285 ], [ 24.579672698795861, 49.806930424169586 ], [ 24.580180738197576, 49.806937326716408 ], [ 24.580952601569305, 49.806947680534833 ], [ 24.581605031116762, 49.806944229262278 ], [ 24.582298460335249, 49.806948830958959 ], [ 24.58235021127669, 49.806948031000871 ], [ 24.582371398561065, 49.806842838997454 ], [ 24.582318068873555, 49.806841841397699 ], [ 24.581715551969069, 49.806860248220787 ], [ 24.58125920780472, 49.806866000351562 ], [ 24.58060499566287, 49.80686254907318 ], [ 24.580191433763929, 49.806870602055696 ], [ 24.579817088941617, 49.80686254907318 ], [ 24.579498004545453, 49.806869451629709 ], [ 24.579109398968001, 49.806882106314106 ], [ 24.578843733373951, 49.806890678889353 ] ] ] ] } },
{ "type": "Feature", "properties": { "fid": 387, "parcel_number": "299", "parcel_type": "ground", "land_category": "field" }, "geometry": { "type": "MultiPolygon", "coordinates": [ [ [ [ 24.578858356492027, 49.806805339905921 ], [ 24.57885627056433, 49.806829186702757 ], [ 24.578843733373951, 49.806890678889353 ], [ 24.579109398968001, 49.806882106314106 ], [ 24.579498004545453, 49.806869451629709 ], [ 24.579817088941617, 49.80686254907318 ], [ 24.580191433763929, 49.806870602055696 ], [ 24.58060499566287, 49.80686254907318 ], [ 24.58125920780472, 49.806866000351562 ], [ 24.581715551969069, 49.806860248220787 ], [ 24.582318068873555, 49.806841841397699 ], [ 24.582371398561065, 49.806842838997454 ], [ 24.582368030778895, 49.806734152622127 ], [ 24.582302025524026, 49.806737152458311 ], [ 24.581886681030703, 49.806756709749912 ], [ 24.581209295161752, 49.806772815748822 ], [ 24.580676299438551, 49.806785470458479 ], [ 24.57985630601824, 49.806783169602411 ], [ 24.579223485009084, 49.806799275592525 ], [ 24.578858356492027, 49.806805339905921 ] ] ] ] } },
{ "type": "Feature", "properties": { "fid": 388, "parcel_number": "302", "parcel_type": "ground", "land_category": "field" }, "geometry": { "type": "MultiPolygon", "coordinates": [ [ [ [ 24.578864896987003, 49.80673056748936 ], [ 24.578858356492027, 49.806805339905921 ], [ 24.579223485009084, 49.806799275592525 ], [ 24.57985630601824, 49.806783169602411 ], [ 24.580676299438551, 49.806785470458479 ], [ 24.581209295161752, 49.806772815748822 ], [ 24.581886681030703, 49.806756709749912 ], [ 24.582302025524026, 49.806737152458311 ], [ 24.582368030778895, 49.806734152622127 ], [ 24.582330547034303, 49.806693436130921 ], [ 24.582298728390619, 49.806662073937645 ], [ 24.582228939153961, 49.806666976229351 ], [ 24.581695943430763, 49.806673878813761 ], [ 24.581057774638431, 49.806691135270484 ], [ 24.580464170705902, 49.806694586561093 ], [ 24.579911566444384, 49.806710692580666 ], [ 24.579571090915518, 49.806716444729204 ], [ 24.579191398310027, 49.806727949024264 ], [ 24.578864896987003, 49.80673056748936 ] ] ] ] } },
{ "type": "Feature", "properties": { "fid": 389, "parcel_number": "304", "parcel_type": "ground", "land_category": "field" }, "geometry": { "type": "MultiPolygon", "coordinates": [ [ [ [ 24.578868748725075, 49.806659474011866 ], [ 24.578868748725075, 49.806686533549296 ], [ 24.578864896987003, 49.80673056748936 ], [ 24.579191398310027, 49.806727949024264 ], [ 24.579571090915518, 49.806716444729204 ], [ 24.579911566444384, 49.806710692580666 ], [ 24.580464170705902, 49.806694586561093 ], [ 24.581057774638431, 49.806691135270484 ], [ 24.581695943430763, 49.806673878813761 ], [ 24.582228939153961, 49.806666976229351 ], [ 24.582298728390619, 49.806662073937645 ], [ 24.582232504342752, 49.806596799898657 ], [ 24.582209364004118, 49.806567717728207 ], [ 24.582207548021266, 49.806568039077987 ], [ 24.581565814040147, 49.806582994706865 ], [ 24.581093426526277, 49.806595649466161 ], [ 24.58023243343494, 49.806620958974783 ], [ 24.579925827199528, 49.806622109406696 ], [ 24.579198528687598, 49.806649719764017 ], [ 24.578868748725075, 49.806659474011866 ] ] ] ] } },
{ "type": "Feature", "properties": { "fid": 390, "parcel_number": "307", "parcel_type": "ground", "land_category": "field" }, "geometry": { "type": "MultiPolygon", "coordinates": [ [ [ [ 24.578868748725075, 49.806573163734193 ], [ 24.578868748725075, 49.806659474011866 ], [ 24.579198528687598, 49.806649719764017 ], [ 24.579925827199528, 49.806622109406696 ], [ 24.58023243343494, 49.806620958974783 ], [ 24.581093426526277, 49.806595649466161 ], [ 24.581565814040147, 49.806582994706865 ], [ 24.582207548021266, 49.806568039077987 ], [ 24.582209364004118, 49.806567717728207 ], [ 24.582164765755849, 49.806511667819926 ], [ 24.582138026839971, 49.806449544316614 ], [ 24.582122139484461, 49.806429037788391 ], [ 24.582114853112884, 49.806429986900923 ], [ 24.581688813053201, 49.8064668008533 ], [ 24.581294859692569, 49.806480606078239 ], [ 24.580706603543213, 49.806512818254411 ], [ 24.580104086638727, 49.806533526070638 ], [ 24.579613873180925, 49.806554233878003 ], [ 24.579161094205368, 49.806564587778361 ], [ 24.578868748725075, 49.806573163734193 ] ] ] ] } },
{ "type": "Feature", "properties": { "fid": 391, "parcel_number": "315", "parcel_type": "ground", "land_category": "field" }, "geometry": { "type": "MultiPolygon", "coordinates": [ [ [ [ 24.578832580082235, 49.806277605752008 ], [ 24.578837248302509, 49.806352558689682 ], [ 24.579171789771717, 49.806333350142722 ], [ 24.579758263326678, 49.806290783890404 ], [ 24.580546170047935, 49.806241314955578 ], [ 24.581225338511278, 49.806199899064261 ], [ 24.581663856731709, 49.80616998756517 ], [ 24.581848362746257, 49.806135195885254 ], [ 24.581769629291152, 49.806038053895492 ], [ 24.58171644326627, 49.806046890047419 ], [ 24.581208403864554, 49.806103261846751 ], [ 24.58078949418244, 49.806121668950667 ], [ 24.57976271981266, 49.806201049506171 ], [ 24.579071073188569, 49.806256270685388 ], [ 24.578832580082235, 49.806277605752008 ] ] ] ] } },
{ "type": "Feature", "properties": { "fid": 392, "parcel_number": "312", "parcel_type": "ground", "land_category": "field" }, "geometry": { "type": "MultiPolygon", "coordinates": [ [ [ [ 24.578837248302509, 49.806352558689682 ], [ 24.578845346051374, 49.806426560077739 ], [ 24.578849140186765, 49.806426535591449 ], [ 24.579310832134293, 49.806408128603451 ], [ 24.579756480732282, 49.806386270296123 ], [ 24.580414258062923, 49.806336801458833 ], [ 24.581232468888849, 49.806287332571024 ], [ 24.58183855098212, 49.80624476627824 ], [ 24.581905817914116, 49.806234806967893 ], [ 24.581863507303602, 49.806153881365688 ], [ 24.581848362746257, 49.806135195885254 ], [ 24.581663856731709, 49.80616998756517 ], [ 24.581225338511278, 49.806199899064261 ], [ 24.580546170047935, 49.806241314955578 ], [ 24.579758263326678, 49.806290783890404 ], [ 24.579171789771717, 49.806333350142722 ], [ 24.578837248302509, 49.806352558689682 ] ] ] ] } },
{ "type": "Feature", "properties": { "fid": 393, "parcel_number": "308", "parcel_type": "ground", "land_category": "field" }, "geometry": { "type": "MultiPolygon", "coordinates": [ [ [ [ 24.578861511623373, 49.806514213305263 ], [ 24.578868748725075, 49.806549632143785 ], [ 24.578868748725075, 49.806573163734193 ], [ 24.579161094205368, 49.806564587778361 ], [ 24.579613873180925, 49.806554233878003 ], [ 24.580104086638727, 49.806533526070638 ], [ 24.580706603543213, 49.806512818254411 ], [ 24.581294859692569, 49.806480606078239 ], [ 24.581688813053201, 49.8064668008533 ], [ 24.582114853112884, 49.806429986900923 ], [ 24.582122139484461, 49.806429037788391 ], [ 24.582051868132101, 49.806338335376061 ], [ 24.581961549995164, 49.806341403213281 ], [ 24.581793986122321, 49.806365562416907 ], [ 24.581285946720602, 49.806389721608468 ], [ 24.580597865285299, 49.806416181661582 ], [ 24.579699437711742, 49.806459898239353 ], [ 24.579096920807253, 49.806501313908235 ], [ 24.578861511623373, 49.806514213305263 ] ] ] ] } },
{ "type": "Feature", "properties": { "fid": 394, "parcel_number": "310", "parcel_type": "ground", "land_category": "pasture" }, "geometry": { "type": "MultiPolygon", "coordinates": [ [ [ [ 24.581905817914116, 49.806234806967893 ], [ 24.581961549995164, 49.806341403213281 ], [ 24.582207342224958, 49.806333054385718 ], [ 24.582078525608321, 49.806209236461328 ], [ 24.581905817914116, 49.806234806967893 ] ] ] ] } },
{ "type": "Feature", "properties": { "fid": 395, "parcel_number": "314", "parcel_type": "ground", "land_category": "pasture" }, "geometry": { "type": "MultiPolygon", "coordinates": [ [ [ [ 24.581769629291152, 49.806038053895492 ], [ 24.581848362746257, 49.806135195885254 ], [ 24.581983747552105, 49.806109666826806 ], [ 24.581896485299861, 49.806016978453798 ], [ 24.581769629291152, 49.806038053895492 ] ] ] ] } },
{ "type": "Feature", "properties": { "fid": 396, "parcel_number": "313", "parcel_type": "ground", "land_category": "pasture" }, "geometry": { "type": "MultiPolygon", "coordinates": [ [ [ [ 24.581848362746257, 49.806135195885254 ], [ 24.581863507303602, 49.806153881365688 ], [ 24.581905817914116, 49.806234806967893 ], [ 24.582078525608321, 49.806209236461328 ], [ 24.582067614361492, 49.806198748622336 ], [ 24.581983747552105, 49.806109666826806 ], [ 24.581848362746257, 49.806135195885254 ] ] ] ] } },
{ "type": "Feature", "properties": { "fid": 397, "parcel_number": "288", "parcel_type": "ground", "land_category": "pasture" }, "geometry": { "type": "MultiPolygon", "coordinates": [ [ [ [ 24.58223794759796, 49.807364122902676 ], [ 24.582214014965746, 49.807444620437714 ], [ 24.582252112881051, 49.807446962039272 ], [ 24.582484741449218, 49.807471120691126 ], [ 24.582440176589419, 49.807374486011383 ], [ 24.58223794759796, 49.807364122902676 ] ] ] ] } },
{ "type": "Feature", "properties": { "fid": 398, "parcel_number": "289", "parcel_type": "ground", "land_category": "pasture" }, "geometry": { "type": "MultiPolygon", "coordinates": [ [ [ [ 24.58227371762267, 49.807244930468521 ], [ 24.58224854769227, 49.8073284694294 ], [ 24.58223794759796, 49.807364122902676 ], [ 24.582440176589419, 49.807374486011383 ], [ 24.582461080780924, 49.807256067282246 ], [ 24.582314503684778, 49.807245639471624 ], [ 24.58227371762267, 49.807244930468521 ] ] ] ] } },
{ "type": "Feature", "properties": { "fid": 399, "parcel_number": "292", "parcel_type": "ground", "land_category": "pasture" }, "geometry": { "type": "MultiPolygon", "coordinates": [ [ [ [ 24.5822982493656, 49.807140890140211 ], [ 24.582285982174501, 49.807204224439566 ], [ 24.58227371762267, 49.807244930468521 ], [ 24.582314503684778, 49.807245639471624 ], [ 24.582461080780924, 49.807256067282246 ], [ 24.582472263288466, 49.807192720257717 ], [ 24.582477801683002, 49.807155190366096 ], [ 24.582300242929641, 49.807140951405522 ], [ 24.5822982493656, 49.807140890140211 ] ] ] ] } },
{ "type": "Feature", "properties": { "fid": 400, "parcel_number": "293", "parcel_type": "ground", "land_category": "pasture" }, "geometry": { "type": "MultiPolygon", "coordinates": [ [ [ [ 24.582316286279166, 49.807047767332065 ], [ 24.5822982493656, 49.807140890140211 ], [ 24.582300242929641, 49.807140951405522 ], [ 24.582477801683002, 49.807155190366096 ], [ 24.582491887794209, 49.807059738475935 ], [ 24.582316286279166, 49.807047767332065 ] ] ] ] } },
{ "type": "Feature", "properties": { "fid": 401, "parcel_number": "293", "parcel_type": "ground", "land_category": "pasture" }, "geometry": { "type": "MultiPolygon", "coordinates": [ [ [ [ 24.58235021127669, 49.806948031000871 ], [ 24.582316286279166, 49.807047767332065 ], [ 24.582491887794209, 49.807059738475935 ], [ 24.582500784798743, 49.806999449593718 ], [ 24.582500280143933, 49.806945711259395 ], [ 24.58235021127669, 49.806948031000871 ] ] ] ] } },
{ "type": "Feature", "properties": { "fid": 402, "parcel_number": "297", "parcel_type": "ground", "land_category": "pasture" }, "geometry": { "type": "MultiPolygon", "coordinates": [ [ [ [ 24.582371398561065, 49.806842838997454 ], [ 24.58235021127669, 49.806948031000871 ], [ 24.582500280143933, 49.806945711259395 ], [ 24.582499336548992, 49.806845232240462 ], [ 24.582371398561065, 49.806842838997454 ] ] ] ] } },
{ "type": "Feature", "properties": { "fid": 403, "parcel_number": "300", "parcel_type": "ground", "land_category": "pasture" }, "geometry": { "type": "MultiPolygon", "coordinates": [ [ [ [ 24.582368030778895, 49.806734152622127 ], [ 24.582371398561065, 49.806842838997454 ], [ 24.582499336548992, 49.806845232240462 ], [ 24.582499002204347, 49.806809629440473 ], [ 24.582474117699263, 49.806729331136204 ], [ 24.582368030778895, 49.806734152622127 ] ] ] ] } },
{ "type": "Feature", "properties": { "fid": 404, "parcel_number": "301", "parcel_type": "ground", "land_category": "pasture" }, "geometry": { "type": "MultiPolygon", "coordinates": [ [ [ [ 24.582298728390619, 49.806662073937645 ], [ 24.582330547034303, 49.806693436130921 ], [ 24.582368030778895, 49.806734152622127 ], [ 24.582474117699263, 49.806729331136204 ], [ 24.58245265475016, 49.806660073643975 ], [ 24.582446352331495, 49.806651704206509 ], [ 24.582298728390619, 49.806662073937645 ] ] ] ] } },
{ "type": "Feature", "properties": { "fid": 405, "parcel_number": "305", "parcel_type": "ground", "land_category": "pasture" }, "geometry": { "type": "MultiPolygon", "coordinates": [ [ [ [ 24.582209364004118, 49.806567717728207 ], [ 24.582232504342752, 49.806596799898657 ], [ 24.582298728390619, 49.806662073937645 ], [ 24.582446352331495, 49.806651704206509 ], [ 24.582362678547938, 49.806540587738994 ], [ 24.582209364004118, 49.806567717728207 ] ] ] ] } },
{ "type": "Feature", "properties": { "fid": 406, "parcel_number": "306", "parcel_type": "ground", "land_category": "pasture" }, "geometry": { "type": "MultiPolygon", "coordinates": [ [ [ [ 24.582122139484461, 49.806429037788391 ], [ 24.582138026839971, 49.806449544316614 ], [ 24.582164765755849, 49.806511667819926 ], [ 24.582209364004118, 49.806567717728207 ], [ 24.582362678547938, 49.806540587738994 ], [ 24.582359959841771, 49.806536977372488 ], [ 24.582270339916324, 49.806409733408188 ], [ 24.582122139484461, 49.806429037788391 ] ] ] ] } },
{ "type": "Feature", "properties": { "fid": 407, "parcel_number": "309", "parcel_type": "ground", "land_category": "pasture" }, "geometry": { "type": "MultiPolygon", "coordinates": [ [ [ [ 24.582051868132101, 49.806338335376061 ], [ 24.582122139484461, 49.806429037788391 ], [ 24.582270339916324, 49.806409733408188 ], [ 24.582235178234338, 49.806359810226652 ], [ 24.582207342224958, 49.806333054385718 ], [ 24.582051868132101, 49.806338335376061 ] ] ] ] } },
{ "type": "Feature", "properties": { "fid": 408, "parcel_number": "282", "parcel_type": "ground", "land_category": "field" }, "geometry": { "type": "MultiPolygon", "coordinates": [ [ [ [ 24.58221401496575, 49.807444620437707 ], [ 24.582214014965746, 49.807444620437714 ], [ 24.58221401496575, 49.807444620437714 ], [ 24.58221401496575, 49.807444620437707 ] ] ] ] } },
{ "type": "Feature", "properties": { "fid": 423, "parcel_number": null, "parcel_type": "ground", "land_category": "common_pasture" }, "geometry": { "type": "MultiPolygon", "coordinates": [ [ [ [ 24.578791205869035, 49.806847593530698 ], [ 24.578787668688165, 49.806892488001068 ], [ 24.578781661595666, 49.80696873098838 ], [ 24.578775065242205, 49.807052452970943 ], [ 24.578769751342808, 49.807119897839584 ], [ 24.578764466953157, 49.807186968165759 ], [ 24.57876391487537, 49.807198765301173 ], [ 24.578760684077665, 49.807267802960141 ], [ 24.57875644527838, 49.807358380212669 ], [ 24.578803747212586, 49.807357356449344 ], [ 24.578816521682832, 49.807266670957858 ], [ 24.578820618676492, 49.807237586551487 ], [ 24.578824432639475, 49.807197110392323 ], [ 24.578831909151781, 49.807117764970428 ], [ 24.578836662026021, 49.807067324498149 ], [ 24.578836884696674, 49.807048499309467 ], [ 24.578837869413658, 49.806965248631165 ], [ 24.578838444620406, 49.806916619072929 ], [ 24.578843733373951, 49.806890678889353 ], [ 24.57885627056433, 49.806829186702757 ], [ 24.578858356492027, 49.806805339905921 ], [ 24.578864896987003, 49.80673056748936 ], [ 24.578868748725075, 49.806686533549296 ], [ 24.578868748725075, 49.806659474011866 ], [ 24.578868748725075, 49.806573163734193 ], [ 24.578868748725075, 49.806549632143785 ], [ 24.578861511623373, 49.806514213305263 ], [ 24.57884735759237, 49.806444942572455 ], [ 24.578845346051374, 49.806426560077739 ], [ 24.578837248302509, 49.806352558689682 ], [ 24.578832580082235, 49.806277605752008 ], [ 24.578710989121394, 49.806288483010853 ], [ 24.578720759775834, 49.806359247172111 ], [ 24.578727032470923, 49.806404677292434 ], [ 24.57873459248432, 49.806427274850257 ], [ 24.578760901764365, 49.80650591564703 ], [ 24.578762754288949, 49.806519624776669 ], [ 24.57877037899048, 49.806576049410751 ], [ 24.578781998947502, 49.806662039901028 ], [ 24.578787640680254, 49.806703790001507 ], [ 24.578788319774972, 49.80673118162089 ], [ 24.578790186383763, 49.806806472123434 ], [ 24.578791205869035, 49.806847593530698 ] ] ] ] } },
{ "type": "Feature", "properties": { "fid": 424, "parcel_number": "271", "parcel_type": "ground", "land_category": "field" }, "geometry": { "type": "MultiPolygon", "coordinates": [ [ [ [ 24.579189813720006, 49.808048173028176 ], [ 24.579595751312503, 49.808040763240292 ], [ 24.580132312221611, 49.808052267220546 ], [ 24.580659960158805, 49.808064921595673 ], [ 24.58104321795102, 49.808070673583266 ], [ 24.581369432723001, 49.808091380732932 ], [ 24.581945210708525, 49.808147750151086 ], [ 24.582008620969809, 49.808159654656485 ], [ 24.582062850692374, 49.808072658940873 ], [ 24.582056918795139, 49.808071631876679 ], [ 24.581584531281262, 49.808014111970799 ], [ 24.581274359857055, 49.807995705586464 ], [ 24.580520322429248, 49.807972697596242 ], [ 24.579817980238811, 49.807962343997055 ], [ 24.579284984515606, 49.807951990395658 ], [ 24.579187918651233, 49.807947888174262 ], [ 24.579189813720006, 49.808048173028176 ] ] ] ] } },
{ "type": "Feature", "properties": { "fid": 425, "parcel_number": "272", "parcel_type": "ground", "land_category": "pasture" }, "geometry": { "type": "MultiPolygon", "coordinates": [ [ [ [ 24.582008620969809, 49.808159654656485 ], [ 24.58214129609059, 49.808184562796903 ], [ 24.582294207403315, 49.80821529951838 ], [ 24.582305294773775, 49.8082041195036 ], [ 24.582349264275418, 49.808122249337323 ], [ 24.582062850692374, 49.808072658940873 ], [ 24.582008620969809, 49.808159654656485 ] ] ] ] } },
{ "type": "Feature", "properties": { "fid": 426, "parcel_number": "250", "parcel_type": "ground", "land_category": "field" }, "geometry": { "type": "MultiPolygon", "coordinates": [ [ [ [ 24.581431978586469, 49.808752077715354 ], [ 24.581324867863451, 49.808726395688723 ], [ 24.581016479035299, 49.808678079626205 ], [ 24.580718785773424, 49.808661974261312 ], [ 24.580043182502489, 49.808645868891077 ], [ 24.579200015359604, 49.808644718507274 ], [ 24.578849140186769, 49.808634748145174 ], [ 24.57882969120562, 49.808735229094744 ], [ 24.578817207162526, 49.808799726483826 ], [ 24.579444081065063, 49.808821685192527 ], [ 24.580470855434818, 49.808823985951683 ], [ 24.580845200257119, 49.808848143916265 ], [ 24.581064543670188, 49.808881248578537 ], [ 24.581066241961718, 49.808881504895183 ], [ 24.581239835846105, 49.808911979634424 ], [ 24.581389041261215, 49.808786215508817 ], [ 24.581431978586469, 49.808752077715354 ] ] ] ] } },
{ "type": "Feature", "properties": { "fid": 427, "parcel_number": "251", "parcel_type": "ground", "land_category": "pasture" }, "geometry": { "type": "MultiPolygon", "coordinates": [ [ [ [ 24.581714900860604, 49.808819914222973 ], [ 24.581431978586469, 49.808752077715354 ], [ 24.581389041261215, 49.808786215508817 ], [ 24.581239835846105, 49.808911979634424 ], [ 24.581531499098009, 49.808963181677505 ], [ 24.581714900860604, 49.808819914222973 ] ] ] ] } },
{ "type": "Feature", "properties": { "fid": 428, "parcel_number": "253", "parcel_type": "ground", "land_category": "field" }, "geometry": { "type": "MultiPolygon", "coordinates": [ [ [ [ 24.58151618411047, 49.808685129185839 ], [ 24.581376563100537, 49.808656222343977 ], [ 24.581098478376884, 49.808607906211428 ], [ 24.580750872472308, 49.80859180082318 ], [ 24.58000396542608, 49.808569943502015 ], [ 24.579276666918052, 49.808590650438106 ], [ 24.578853900149923, 49.808576147435545 ], [ 24.578853900149923, 49.808576147435552 ], [ 24.578849140186769, 49.808634748145174 ], [ 24.579200015359604, 49.808644718507274 ], [ 24.580043182502489, 49.808645868891077 ], [ 24.580718785773424, 49.808661974261312 ], [ 24.581016479035299, 49.808678079626205 ], [ 24.581324867863451, 49.808726395688723 ], [ 24.581431978586469, 49.808752077715354 ], [ 24.58151618411047, 49.808685129185839 ] ] ] ] } },
{ "type": "Feature", "properties": { "fid": 429, "parcel_number": "252", "parcel_type": "ground", "land_category": "pasture" }, "geometry": { "type": "MultiPolygon", "coordinates": [ [ [ [ 24.581807021951882, 49.808745343644205 ], [ 24.58151618411047, 49.808685129185839 ], [ 24.581431978586469, 49.808752077715354 ], [ 24.581714900860604, 49.808819914222973 ], [ 24.58172416900511, 49.808812674251811 ], [ 24.581807021951882, 49.808745343644205 ] ] ] ] } },
{ "type": "Feature", "properties": { "fid": 430, "parcel_number": "256", "parcel_type": "ground", "land_category": "field" }, "geometry": { "type": "MultiPolygon", "coordinates": [ [ [ [ 24.581611865559012, 49.80860905659609 ], [ 24.581274955220746, 49.808558439644791 ], [ 24.581105608754417, 49.808534281535735 ], [ 24.580611830110485, 49.808504371479245 ], [ 24.58015013816544, 49.808489416444068 ], [ 24.579699141786683, 49.808485965281456 ], [ 24.579246658736182, 49.808490374731484 ], [ 24.579084986453413, 49.808491097602037 ], [ 24.579068623221648, 49.808491170765464 ], [ 24.578921907010248, 49.808491826764303 ], [ 24.578860727050323, 49.808492100312684 ], [ 24.578853900149923, 49.808576147435545 ], [ 24.579276666918052, 49.808590650438106 ], [ 24.58000396542608, 49.808569943502015 ], [ 24.580750872472308, 49.80859180082318 ], [ 24.581098478376884, 49.808607906211428 ], [ 24.581376563100537, 49.808656222343977 ], [ 24.58151618411047, 49.808685129185839 ], [ 24.581611865559012, 49.80860905659609 ] ] ] ] } },
{ "type": "Feature", "properties": { "fid": 431, "parcel_number": "257", "parcel_type": "ground", "land_category": "pasture" }, "geometry": { "type": "MultiPolygon", "coordinates": [ [ [ [ 24.581887609884092, 49.808679853705058 ], [ 24.581611865559012, 49.80860905659609 ], [ 24.58151618411047, 49.808685129185839 ], [ 24.581807021951882, 49.808745343644205 ], [ 24.581887609884092, 49.808679853705058 ] ] ] ] } },
{ "type": "Feature", "properties": { "fid": 432, "parcel_number": "259", "parcel_type": "ground", "land_category": "field" }, "geometry": { "type": "MultiPolygon", "coordinates": [ [ [ [ 24.581780338214209, 49.808430522254902 ], [ 24.58166890857925, 49.808413490809606 ], [ 24.581285650787031, 49.808372076776962 ], [ 24.580741959500401, 49.808331813100146 ], [ 24.579950487594608, 49.808318008403255 ], [ 24.579255571708138, 49.808315515518359 ], [ 24.579250312564334, 49.808418692074028 ], [ 24.579249078185704, 49.808442908741242 ], [ 24.579246658736182, 49.808490374731484 ], [ 24.579699141786683, 49.808485965281456 ], [ 24.58015013816544, 49.808489416444068 ], [ 24.580611830110485, 49.808504371479245 ], [ 24.581105608754417, 49.808534281535735 ], [ 24.581274955220746, 49.808558439644791 ], [ 24.581611865559012, 49.80860905659609 ], [ 24.581780338214209, 49.808430522254902 ] ] ] ] } },
{ "type": "Feature", "properties": { "fid": 433, "parcel_number": "258", "parcel_type": "ground", "land_category": "pasture" }, "geometry": { "type": "MultiPolygon", "coordinates": [ [ [ [ 24.582110168453532, 49.808480935106729 ], [ 24.581780338214209, 49.808430522254902 ], [ 24.581611865559012, 49.80860905659609 ], [ 24.581887609884092, 49.808679853705058 ], [ 24.581916689198412, 49.808656222343977 ], [ 24.582077122692827, 49.808520476896568 ], [ 24.582110168453532, 49.808480935106729 ] ] ] ] } },
{ "type": "Feature", "properties": { "fid": 434, "parcel_number": "263", "parcel_type": "ground", "land_category": "field" }, "geometry": { "type": "MultiPolygon", "coordinates": [ [ [ [ 24.581832907262438, 49.808334113882587 ], [ 24.581544126972485, 49.808299602134596 ], [ 24.581266042248831, 49.808265090361999 ], [ 24.580889914834138, 49.808244383286635 ], [ 24.580230354912644, 49.808228277777431 ], [ 24.579487013055171, 49.808221375414703 ], [ 24.579337116098785, 49.808220319439464 ], [ 24.579333778738395, 49.808239299433943 ], [ 24.579323310295017, 49.808298834836712 ], [ 24.579255571708138, 49.808315515518359 ], [ 24.579950487594608, 49.808318008403255 ], [ 24.580741959500401, 49.808331813100146 ], [ 24.581285650787031, 49.808372076776962 ], [ 24.58166890857925, 49.808413490809606 ], [ 24.581780338214209, 49.808430522254902 ], [ 24.581781212025348, 49.80842959625717 ], [ 24.581832907262438, 49.808334113882587 ] ] ] ] } },
{ "type": "Feature", "properties": { "fid": 435, "parcel_number": "264", "parcel_type": "ground", "land_category": "pasture" }, "geometry": { "type": "MultiPolygon", "coordinates": [ [ [ [ 24.582172787834416, 49.808395481718165 ], [ 24.581832907262438, 49.808334113882587 ], [ 24.581781212025348, 49.80842959625717 ], [ 24.581780338214209, 49.808430522254902 ], [ 24.582110168453532, 49.808480935106729 ], [ 24.582162687223189, 49.808418092366608 ], [ 24.582172787834416, 49.808395481718165 ] ] ] ] } },
{ "type": "Feature", "properties": { "fid": 436, "parcel_number": "266", "parcel_type": "ground", "land_category": "field" }, "geometry": { "type": "MultiPolygon", "coordinates": [ [ [ [ 24.581941151310442, 49.808243037095082 ], [ 24.581854298395026, 49.808229428171124 ], [ 24.581383693478067, 49.808188013981002 ], [ 24.580681351291393, 49.808147750151086 ], [ 24.580003965426076, 49.808131644609745 ], [ 24.57935183180529, 49.808136629288086 ], [ 24.579345480301679, 49.808172751117461 ], [ 24.579337116098785, 49.808220319439464 ], [ 24.579487013055171, 49.808221375414703 ], [ 24.580230354912644, 49.808228277777431 ], [ 24.580889914834138, 49.808244383286635 ], [ 24.581266042248831, 49.808265090361999 ], [ 24.581544126972485, 49.808299602134596 ], [ 24.581832907262438, 49.808334113882587 ], [ 24.581941151310442, 49.808243037095082 ] ] ] ] } },
{ "type": "Feature", "properties": { "fid": 437, "parcel_number": "265", "parcel_type": "ground", "land_category": "pasture" }, "geometry": { "type": "MultiPolygon", "coordinates": [ [ [ [ 24.582222916008309, 49.808287186613015 ], [ 24.581941151310442, 49.808243037095082 ], [ 24.581832907262438, 49.808334113882587 ], [ 24.582172787834416, 49.808395481718165 ], [ 24.582219730243423, 49.808290398997649 ], [ 24.582222916008309, 49.808287186613015 ] ] ] ] } },
{ "type": "Feature", "properties": { "fid": 438, "parcel_number": "268", "parcel_type": "ground", "land_category": "field" }, "geometry": { "type": "MultiPolygon", "coordinates": [ [ [ [ 24.582008620969809, 49.808159654656485 ], [ 24.581945210708525, 49.808147750151086 ], [ 24.581369432723001, 49.808091380732932 ], [ 24.58104321795102, 49.808070673583266 ], [ 24.580659960158805, 49.808064921595673 ], [ 24.580132312221611, 49.808052267220546 ], [ 24.579595751312503, 49.808040763240292 ], [ 24.579189813720006, 49.808048173028176 ], [ 24.579191398310019, 49.808132027704303 ], [ 24.57935183180529, 49.808136629288086 ], [ 24.580003965426076, 49.808131644609745 ], [ 24.580681351291393, 49.808147750151086 ], [ 24.581383693478067, 49.808188013981002 ], [ 24.581854298395026, 49.808229428171124 ], [ 24.581941151310442, 49.808243037095082 ], [ 24.581973732218643, 49.808215623445022 ], [ 24.582008620969809, 49.808159654656485 ] ] ] ] } },
{ "type": "Feature", "properties": { "fid": 439, "parcel_number": "267", "parcel_type": "ground", "land_category": "pasture" }, "geometry": { "type": "MultiPolygon", "coordinates": [ [ [ [ 24.582294207403315, 49.80821529951838 ], [ 24.58214129609059, 49.808184562796903 ], [ 24.582008620969809, 49.808159654656485 ], [ 24.581973732218643, 49.808215623445022 ], [ 24.581941151310442, 49.808243037095082 ], [ 24.582222916008309, 49.808287186613015 ], [ 24.582294207403315, 49.80821529951838 ] ] ] ] } },
{ "type": "Feature", "properties": { "fid": 440, "parcel_number": "214", "parcel_type": "ground", "land_category": "orchard" }, "geometry": { "type": "MultiPolygon", "coordinates": [ [ [ [ 24.578537077982492, 49.811460300509658 ], [ 24.578481629823486, 49.811422815675847 ], [ 24.578618889590938, 49.811342293364184 ], [ 24.57868484558308, 49.811382554536756 ], [ 24.57890232209774, 49.811374502304922 ], [ 24.578797149029175, 49.811236463836529 ], [ 24.578631367751612, 49.811197352865591 ], [ 24.578444195341458, 49.811221509645492 ], [ 24.578413891236959, 49.81131008440201 ], [ 24.578362195999865, 49.811392907404297 ], [ 24.578296240007717, 49.811468828365243 ], [ 24.578298022602098, 49.811543598892179 ], [ 24.578381804538076, 49.811632173059238 ], [ 24.578458456096513, 49.811599964289975 ], [ 24.578378239349313, 49.811527494480742 ], [ 24.578537077982492, 49.811460300509658 ] ] ] ] } },
{ "type": "Feature", "properties": { "fid": 441, "parcel_number": "219", "parcel_type": "ground", "land_category": "common_pasture" }, "geometry": { "type": "MultiPolygon", "coordinates": [ [ [ [ 24.578296240007717, 49.811468828365243 ], [ 24.578362195999865, 49.811392907404297 ], [ 24.578413891236959, 49.81131008440201 ], [ 24.578444195341458, 49.811221509645492 ], [ 24.578285544441425, 49.811261770918549 ], [ 24.578296240007717, 49.811468828365243 ] ] ] ] } },
{ "type": "Feature", "properties": { "fid": 442, "parcel_number": "114", "parcel_type": "build", "land_category": "yard" }, "geometry": { "type": "MultiPolygon", "coordinates": [ [ [ [ 24.578502875021268, 49.811553250624122 ], [ 24.57863671553476, 49.811497011115868 ], [ 24.578647411101056, 49.811510814906121 ], [ 24.578780214382547, 49.81145272392893 ], [ 24.57881140978424, 49.811484932796176 ], [ 24.578544020626875, 49.811593637564911 ], [ 24.578533325060576, 49.811581559269328 ], [ 24.578472716851579, 49.81161204258094 ], [ 24.578458456096513, 49.811599964289982 ], [ 24.578458456096499, 49.811599964289982 ], [ 24.578381804538076, 49.811632173059238 ], [ 24.57847449944596, 49.811637924622922 ], [ 24.578709801904438, 49.811544749207059 ], [ 24.578905887286506, 49.811446972343241 ], [ 24.57890232209774, 49.811374502304922 ], [ 24.57868484558308, 49.811382554536756 ], [ 24.578538672843727, 49.81145962583085 ], [ 24.578444857229524, 49.811499312924234 ], [ 24.578502875021268, 49.811553250624122 ] ] ] ] } },
{ "type": "Feature", "properties": { "fid": 443, "parcel_number": "114", "parcel_type": "build", "land_category": "building" }, "geometry": { "type": "MultiPolygon", "coordinates": [ [ [ [ 24.57868484558308, 49.811382554536756 ], [ 24.578618889590938, 49.811342293364184 ], [ 24.578481629823486, 49.811422815675847 ], [ 24.578537077982492, 49.811460300509658 ], [ 24.578538672843727, 49.81145962583085 ], [ 24.57868484558308, 49.811382554536756 ] ] ] ] } },
{ "type": "Feature", "properties": { "fid": 444, "parcel_number": "114", "parcel_type": "build", "land_category": "building" }, "geometry": { "type": "MultiPolygon", "coordinates": [ [ [ [ 24.578458456096499, 49.811599964289982 ], [ 24.578458456096513, 49.811599964289982 ], [ 24.578472716851579, 49.81161204258094 ], [ 24.578533325060576, 49.811581559269328 ], [ 24.578444857229524, 49.811499312924234 ], [ 24.578378239349313, 49.811527494480742 ], [ 24.578458456096513, 49.811599964289975 ], [ 24.578458456096499, 49.811599964289982 ] ] ] ] } },
{ "type": "Feature", "properties": { "fid": 445, "parcel_number": "114", "parcel_type": "build", "land_category": "building" }, "geometry": { "type": "MultiPolygon", "coordinates": [ [ [ [ 24.578533325060576, 49.811581559269328 ], [ 24.578544020626875, 49.811593637564911 ], [ 24.57881140978424, 49.811484932796176 ], [ 24.578780214382547, 49.81145272392893 ], [ 24.578647411101056, 49.811510814906121 ], [ 24.57863671553476, 49.811497011115868 ], [ 24.578502875021268, 49.811553250624122 ], [ 24.578533325060576, 49.811581559269328 ] ] ] ] } },
{ "type": "Feature", "properties": { "fid": 446, "parcel_number": "215", "parcel_type": "ground", "land_category": "garden" }, "geometry": { "type": "MultiPolygon", "coordinates": [ [ [ [ 24.578996799600006, 49.811376802942725 ], [ 24.579157233094424, 49.81134344368386 ], [ 24.57908949450789, 49.811264071561716 ], [ 24.579002147383157, 49.811234163192054 ], [ 24.578797149029175, 49.811236463836529 ], [ 24.57890232209774, 49.811374502304922 ], [ 24.578996799600006, 49.811376802942725 ] ] ] ] } },
{ "type": "Feature", "properties": { "fid": 447, "parcel_number": "216", "parcel_type": "ground", "land_category": "common_pasture" }, "geometry": { "type": "MultiPolygon", "coordinates": [ [ [ [ 24.579513751970914, 49.811254868988385 ], [ 24.580080616984528, 49.811116830178804 ], [ 24.580260659017156, 49.811080019763075 ], [ 24.580280267555359, 49.810997196225365 ], [ 24.580027139153056, 49.81100409819225 ], [ 24.579572577585534, 49.811027104741456 ], [ 24.579114450829255, 49.811143287647816 ], [ 24.578954017334841, 49.81118354898593 ], [ 24.578631367751612, 49.811197352865591 ], [ 24.578797149029175, 49.811236463836529 ], [ 24.579002147383157, 49.811234163192054 ], [ 24.57908949450789, 49.811264071561716 ], [ 24.579157233094424, 49.81134344368386 ], [ 24.579513751970914, 49.811254868988385 ] ] ] ] } },
{ "type": "Feature", "properties": { "fid": 448, "parcel_number": "217", "parcel_type": "ground", "land_category": "common_pasture" }, "geometry": { "type": "MultiPolygon", "coordinates": [ [ [ [ 24.579695576597906, 49.811328489525863 ], [ 24.579968313538416, 49.811354946879163 ], [ 24.580159051137333, 49.811399809314729 ], [ 24.580437135860993, 49.811504488169383 ], [ 24.580399701378962, 49.81135379655975 ], [ 24.580330180198047, 49.811167444454696 ], [ 24.58032126722614, 49.811153640566523 ], [ 24.579907705329415, 49.811257169631872 ], [ 24.579695576597906, 49.811328489525863 ] ] ] ] } },
{ "type": "Feature", "properties": { "fid": 449, "parcel_number": "212", "parcel_type": "ground", "land_category": "garden" }, "geometry": { "type": "MultiPolygon", "coordinates": [ [ [ [ 24.579464765657733, 49.811386001335315 ], [ 24.579521773645613, 49.811587310839023 ], [ 24.579357774962428, 49.811604565544016 ], [ 24.579345296801751, 49.811553951725251 ], [ 24.579286471187132, 49.811549350466372 ], [ 24.5791438974505, 49.811575023002725 ], [ 24.579206393582783, 49.811719324785571 ], [ 24.579270427837688, 49.811700041467155 ], [ 24.57951820845685, 49.811618369303581 ], [ 24.579644772657996, 49.811595363035444 ], [ 24.579619816336645, 49.811367600390831 ], [ 24.579464765657733, 49.811386001335315 ] ] ] ] } },
{ "type": "Feature", "properties": { "fid": 450, "parcel_number": "117", "parcel_type": "build", "land_category": "yard" }, "geometry": { "type": "MultiPolygon", "coordinates": [ [ [ [ 24.579100190074172, 49.811674734614307 ], [ 24.579059190403377, 49.811570631285015 ], [ 24.579117124720803, 49.81156372939892 ], [ 24.579153820790236, 49.811670037812348 ], [ 24.579183906619257, 49.81166740299426 ], [ 24.579129765084861, 49.811542391653958 ], [ 24.578919256744356, 49.811572356756372 ], [ 24.578908561178061, 49.811528644796013 ], [ 24.578843327179374, 49.811558419824948 ], [ 24.578885387451088, 49.811596513349116 ], [ 24.578794992665657, 49.811634048728287 ], [ 24.578845279077481, 49.811693714755179 ], [ 24.57905473391742, 49.811649427748215 ], [ 24.579072559861238, 49.811689688665304 ], [ 24.579100190074172, 49.811674734614307 ] ] ], [ [ [ 24.578871126696033, 49.811770210399025 ], [ 24.578849735563438, 49.811765609160673 ], [ 24.578849735563438, 49.81176560916068 ], [ 24.57871226745301, 49.811763117354836 ], [ 24.578721388767907, 49.811796667510841 ], [ 24.578871126696033, 49.811770210399025 ] ] ] ] } },
{ "type": "Feature", "properties": { "fid": 451, "parcel_number": "213", "parcel_type": "ground", "land_category": "pasture" }, "geometry": { "type": "MultiPolygon", "coordinates": [ [ [ [ 24.579300731942183, 49.811410162178589 ], [ 24.579352427179284, 49.811492985009636 ], [ 24.57927221043207, 49.811509089432541 ], [ 24.579286471187132, 49.811549350466372 ], [ 24.579345296801751, 49.811553951725251 ], [ 24.579507642524995, 49.811537410307814 ], [ 24.579464765657733, 49.811386001335315 ], [ 24.579464730625372, 49.811386005492849 ], [ 24.579300731942187, 49.811410162178589 ], [ 24.579300731942183, 49.811410162178589 ] ] ] ] } },
{ "type": "Feature", "properties": { "fid": 452, "parcel_number": "116", "parcel_type": "build", "land_category": "building" }, "geometry": { "type": "MultiPolygon", "coordinates": [ [ [ [ 24.579507642524995, 49.811537410307814 ], [ 24.579345296801751, 49.811553951725251 ], [ 24.579357774962428, 49.811604565544016 ], [ 24.579521773645613, 49.811587310839023 ], [ 24.579507642524995, 49.811537410307814 ] ] ] ] } },
{ "type": "Feature", "properties": { "fid": 453, "parcel_number": "115", "parcel_type": "build", "land_category": "building" }, "geometry": { "type": "MultiPolygon", "coordinates": [ [ [ [ 24.579286471187132, 49.811549350466372 ], [ 24.57927221043207, 49.811509089432541 ], [ 24.579179515524185, 49.811528644796013 ], [ 24.579135844283208, 49.811444101027533 ], [ 24.579093950993833, 49.811452723928902 ], [ 24.579115342126418, 49.811509089432541 ], [ 24.5791438974505, 49.811575023002725 ], [ 24.579286471187132, 49.811549350466372 ] ] ] ] } },
{ "type": "Feature", "properties": { "fid": 454, "parcel_number": "115", "parcel_type": "build", "land_category": "yard" }, "geometry": { "type": "MultiPolygon", "coordinates": [ [ [ [ 24.579302410337849, 49.811503026458517 ], [ 24.579250185199211, 49.811420566221472 ], [ 24.579135844283208, 49.811444101027533 ], [ 24.579179515524185, 49.811528644796013 ], [ 24.57927221043207, 49.811509089432541 ], [ 24.579302410337849, 49.811503026458517 ] ] ] ] } },
{ "type": "Feature", "properties": { "fid": 455, "parcel_number": "115", "parcel_type": "build", "land_category": "building" }, "geometry": { "type": "MultiPolygon", "coordinates": [ [ [ [ 24.579250185199211, 49.811420566221472 ], [ 24.579302410337849, 49.811503026458517 ], [ 24.579352427179284, 49.811492985009636 ], [ 24.579300731942183, 49.811410162178589 ], [ 24.579250185199211, 49.811420566221472 ] ] ] ] } },
{ "type": "Feature", "properties": { "fid": 456, "parcel_number": "117", "parcel_type": "build", "land_category": "building" }, "geometry": { "type": "MultiPolygon", "coordinates": [ [ [ [ 24.578908561178061, 49.811528644796013 ], [ 24.578919256744356, 49.811572356756372 ], [ 24.579129765084861, 49.811542391653958 ], [ 24.579115342126418, 49.811509089432541 ], [ 24.578908561178061, 49.811528644796013 ] ] ] ] } },
{ "type": "Feature", "properties": { "fid": 457, "parcel_number": "118", "parcel_type": "build", "land_category": "building" }, "geometry": { "type": "MultiPolygon", "coordinates": [ [ [ [ 24.57871226745301, 49.811763117354836 ], [ 24.578849735563438, 49.81176560916068 ], [ 24.578856865940974, 49.811727648927878 ], [ 24.578707493618655, 49.811722029770195 ], [ 24.578703562824085, 49.811731099859372 ], [ 24.57871226745301, 49.811763117354836 ] ] ] ] } },
{ "type": "Feature", "properties": { "fid": 458, "parcel_number": "210", "parcel_type": "ground", "land_category": "garden" }, "geometry": { "type": "MultiPolygon", "coordinates": [ [ [ [ 24.578856865940974, 49.811727648927878 ], [ 24.578845279077481, 49.811693714755179 ], [ 24.578762388438705, 49.811595363035444 ], [ 24.578707493618655, 49.811722029770195 ], [ 24.578856865940974, 49.811727648927878 ] ] ] ] } },
{ "type": "Feature", "properties": { "fid": 459, "parcel_number": "117", "parcel_type": "build", "land_category": "building" }, "geometry": { "type": "MultiPolygon", "coordinates": [ [ [ [ 24.578845279077481, 49.811693714755179 ], [ 24.578856865940974, 49.811727648927878 ], [ 24.579072559861238, 49.811689688665304 ], [ 24.57905473391742, 49.811649427748215 ], [ 24.578845279077481, 49.811693714755179 ] ] ] ] } },
{ "type": "Feature", "properties": { "fid": 461, "parcel_number": "117", "parcel_type": "build", "land_category": "building" }, "geometry": { "type": "MultiPolygon", "coordinates": [ [ [ [ 24.578794992665657, 49.811634048728287 ], [ 24.578885387451088, 49.811596513349116 ], [ 24.578843327179374, 49.811558419824948 ], [ 24.578762388438705, 49.811595363035444 ], [ 24.578794992665657, 49.811634048728287 ] ] ] ] } },
{ "type": "Feature", "properties": { "fid": 462, "parcel_number": "212", "parcel_type": "ground", "land_category": "garden" }, "geometry": { "type": "MultiPolygon", "coordinates": [ [ [ [ 24.579183906619257, 49.81166740299426 ], [ 24.579100190074172, 49.811674734614307 ], [ 24.579072559861238, 49.811689688665304 ], [ 24.578856865940974, 49.811727648927878 ], [ 24.578849735563438, 49.811765609160673 ], [ 24.578871126696033, 49.811770210399025 ], [ 24.578972734575824, 49.811767909779917 ], [ 24.579136733259013, 49.811740302342137 ], [ 24.579206393582783, 49.811719324785571 ], [ 24.579183906619257, 49.81166740299426 ] ] ] ] } },
{ "type": "Feature", "properties": { "fid": 463, "parcel_number": "117", "parcel_type": "build", "land_category": "building" }, "geometry": { "type": "MultiPolygon", "coordinates": [ [ [ [ 24.579153820790236, 49.811670037812348 ], [ 24.579117124720803, 49.81156372939892 ], [ 24.579059190403377, 49.811570631285015 ], [ 24.579100190074172, 49.811674734614307 ], [ 24.579153820790236, 49.811670037812348 ] ] ] ] } },
{ "type": "Feature", "properties": { "fid": 464, "parcel_number": "2087", "parcel_type": "ground", "land_category": "field" }, "geometry": { "type": "MultiPolygon", "coordinates": [ [ [ [ 24.570679894361998, 49.820620540715737 ], [ 24.570581171520544, 49.820298428877777 ], [ 24.570417172837363, 49.819688868424649 ], [ 24.570306651985661, 49.819412838523569 ], [ 24.570046393205828, 49.818736558610794 ], [ 24.569875264145118, 49.818271898226463 ], [ 24.569586483855169, 49.81749668755446 ], [ 24.569376137718038, 49.816942300792661 ], [ 24.569169356769677, 49.816362603277781 ], [ 24.569044575162913, 49.815957731053331 ], [ 24.568852054969607, 49.815355017262711 ], [ 24.568730838551598, 49.814897225817802 ], [ 24.568680818770058, 49.814584553648217 ], [ 24.568619980807345, 49.814593488300808 ], [ 24.568641374106416, 49.814871545995992 ], [ 24.568819562241828, 49.815512131088006 ], [ 24.568997750377239, 49.816062370486677 ], [ 24.569273517729645, 49.816883611682748 ], [ 24.569600195977905, 49.81769662673787 ], [ 24.569867478181017, 49.818471305141728 ], [ 24.570071121764343, 49.81898592563509 ], [ 24.570253552474405, 49.819514227150123 ], [ 24.570359616840719, 49.819766057966469 ], [ 24.570469923781694, 49.820165699832401 ], [ 24.5706174369918, 49.82064966583733 ], [ 24.570679894361998, 49.820620540715737 ] ] ] ] } },
{ "type": "Feature", "properties": { "fid": 465, "parcel_number": "2090", "parcel_type": "ground", "land_category": "field" }, "geometry": { "type": "MultiPolygon", "coordinates": [ [ [ [ 24.570730180657101, 49.820597091210018 ], [ 24.570656040484611, 49.820326031433524 ], [ 24.570513432934014, 49.819790078993833 ], [ 24.570392216516012, 49.81944734234731 ], [ 24.570089175471001, 49.818630745252271 ], [ 24.569953698297937, 49.818248895121236 ], [ 24.5697041350844, 49.817607104076316 ], [ 24.569586483855154, 49.817298857322676 ], [ 24.569297703565208, 49.81653053224062 ], [ 24.569190747902258, 49.816167068819581 ], [ 24.568980401765131, 49.815532151483886 ], [ 24.568887706857247, 49.815216990147412 ], [ 24.568823533459483, 49.814959338478808 ], [ 24.568787881571833, 49.814793704538921 ], [ 24.568753802334765, 49.814573835294638 ], [ 24.568680818770058, 49.814584553648217 ], [ 24.568730838551598, 49.814897225817802 ], [ 24.568852054969607, 49.815355017262711 ], [ 24.569044575162913, 49.815957731053331 ], [ 24.569169356769677, 49.816362603277781 ], [ 24.569376137718038, 49.816942300792661 ], [ 24.569586483855169, 49.81749668755446 ], [ 24.569875264145118, 49.818271898226463 ], [ 24.570046393205828, 49.818736558610794 ], [ 24.570306651985661, 49.819412838523569 ], [ 24.570417172837363, 49.819688868424649 ], [ 24.570581171520544, 49.820298428877777 ], [ 24.570679894361998, 49.820620540715737 ], [ 24.570730180657101, 49.820597091210018 ] ] ] ] } },
{ "type": "Feature", "properties": { "fid": 466, "parcel_number": "2091", "parcel_type": "ground", "land_category": "field" }, "geometry": { "type": "MultiPolygon", "coordinates": [ [ [ [ 24.570875399718201, 49.820506648961491 ], [ 24.570784387280142, 49.82019261893484 ], [ 24.57062751897449, 49.819672766723663 ], [ 24.570556215199193, 49.819516349921003 ], [ 24.570392216516012, 49.819106903543357 ], [ 24.570114131792351, 49.818322505019509 ], [ 24.569761178104635, 49.817360966901141 ], [ 24.569632831309097, 49.81702741452564 ], [ 24.569372572529261, 49.816279788780164 ], [ 24.569229964978675, 49.815897920096639 ], [ 24.569037444785376, 49.815260698776534 ], [ 24.56895544544378, 49.814917930047002 ], [ 24.568906356835143, 49.81455009439955 ], [ 24.568753802334765, 49.814573835294638 ], [ 24.568787881571833, 49.814793704538921 ], [ 24.568823533459483, 49.814959338478808 ], [ 24.568887706857247, 49.815216990147412 ], [ 24.568980401765131, 49.815532151483886 ], [ 24.569190747902258, 49.816167068819581 ], [ 24.569297703565208, 49.81653053224062 ], [ 24.569586483855154, 49.817298857322676 ], [ 24.5697041350844, 49.817607104076316 ], [ 24.569953698297937, 49.818248895121236 ], [ 24.570089175471001, 49.818630745252271 ], [ 24.570392216516012, 49.81944734234731 ], [ 24.570513432934014, 49.819790078993833 ], [ 24.570656040484611, 49.820326031433524 ], [ 24.570730180657101, 49.820597091210018 ], [ 24.570742509203171, 49.820591342162274 ], [ 24.570875399718201, 49.820506648961491 ] ] ] ] } },
{ "type": "Feature", "properties": { "fid": 467, "parcel_number": "2094", "parcel_type": "ground", "land_category": "field" }, "geometry": { "type": "MultiPolygon", "coordinates": [ [ [ [ 24.570930475106096, 49.820473312527653 ], [ 24.570852125866676, 49.820243223719018 ], [ 24.570720213882378, 49.81973717349544 ], [ 24.570613258219431, 49.819472645135761 ], [ 24.570410042459834, 49.81893208268616 ], [ 24.570249608965415, 49.818476625381322 ], [ 24.570021436884467, 49.817880843950142 ], [ 24.569893090088932, 49.817542694469175 ], [ 24.569632831309097, 49.816854886532653 ], [ 24.569515180079858, 49.816475322782885 ], [ 24.569386833284327, 49.816100356882508 ], [ 24.569247790922493, 49.815654074662007 ], [ 24.569151530825845, 49.815389523980031 ], [ 24.569069531484249, 49.815053657552376 ], [ 24.568991097331427, 49.814662577267782 ], [ 24.568974434791365, 49.81453949994193 ], [ 24.568906356835143, 49.81455009439955 ], [ 24.56895544544378, 49.814917930047002 ], [ 24.569037444785376, 49.815260698776534 ], [ 24.569229964978675, 49.815897920096639 ], [ 24.569372572529261, 49.816279788780164 ], [ 24.569632831309097, 49.81702741452564 ], [ 24.569761178104635, 49.817360966901141 ], [ 24.570114131792351, 49.818322505019509 ], [ 24.570392216516012, 49.819106903543357 ], [ 24.570556215199193, 49.819516349921003 ], [ 24.57062751897449, 49.819672766723663 ], [ 24.570784387280142, 49.82019261893484 ], [ 24.570875399718201, 49.820506648961491 ], [ 24.570916454763928, 49.820480483909655 ], [ 24.570930475106096, 49.820473312527653 ] ] ] ] } },
{ "type": "Feature", "properties": { "fid": 468, "parcel_number": "2095", "parcel_type": "ground", "land_category": "field" }, "geometry": { "type": "MultiPolygon", "coordinates": [ [ [ [ 24.570984045865377, 49.820445911172229 ], [ 24.570877082188026, 49.820084508536766 ], [ 24.570738039826196, 49.819603759373059 ], [ 24.570648910107074, 49.819378334675193 ], [ 24.570474215857597, 49.818941283799653 ], [ 24.57015691405752, 49.818030365076034 ], [ 24.569996480563105, 49.817614005100566 ], [ 24.569657787630444, 49.816705361774531 ], [ 24.569486658569737, 49.816203875366192 ], [ 24.56927631243261, 49.815513747958619 ], [ 24.569176487147196, 49.815134173689238 ], [ 24.569098052994374, 49.814825911182744 ], [ 24.569036012145073, 49.814529917121916 ], [ 24.568974434791365, 49.81453949994193 ], [ 24.568991097331427, 49.814662577267782 ], [ 24.569069531484249, 49.815053657552376 ], [ 24.569151530825845, 49.815389523980031 ], [ 24.569247790922493, 49.815654074662007 ], [ 24.569386833284327, 49.816100356882508 ], [ 24.569515180079858, 49.816475322782885 ], [ 24.569632831309097, 49.816854886532653 ], [ 24.569893090088932, 49.817542694469175 ], [ 24.570021436884467, 49.817880843950142 ], [ 24.570249608965415, 49.818476625381322 ], [ 24.570410042459834, 49.81893208268616 ], [ 24.570613258219431, 49.819472645135761 ], [ 24.570720213882378, 49.81973717349544 ], [ 24.570852125866676, 49.820243223719018 ], [ 24.570930475106096, 49.820473312527653 ], [ 24.570984045865377, 49.820445911172229 ] ] ] ] } },
{ "type": "Feature", "properties": { "fid": 469, "parcel_number": "2098", "parcel_type": "ground", "land_category": "field" }, "geometry": { "type": "MultiPolygon", "coordinates": [ [ [ [ 24.571048733449452, 49.820412823579176 ], [ 24.570951951152079, 49.820100610100724 ], [ 24.570784387280138, 49.819539352423703 ], [ 24.570627518974483, 49.81912300543263 ], [ 24.570402912082297, 49.818508829574029 ], [ 24.570221087455295, 49.818000460887824 ], [ 24.570021436884467, 49.81747598442854 ], [ 24.569843177446224, 49.816999810088085 ], [ 24.569746917349573, 49.816751369441626 ], [ 24.569557962345026, 49.816201574957844 ], [ 24.56941535479444, 49.815752993241134 ], [ 24.569283442810139, 49.815320510520785 ], [ 24.56920500865731, 49.815021451060112 ], [ 24.56917292195843, 49.814798305489347 ], [ 24.569113512378422, 49.814517856341311 ], [ 24.569036012145073, 49.814529917121916 ], [ 24.569098052994374, 49.814825911182744 ], [ 24.569176487147196, 49.815134173689238 ], [ 24.56927631243261, 49.815513747958619 ], [ 24.569486658569737, 49.816203875366192 ], [ 24.569657787630444, 49.816705361774531 ], [ 24.569996480563105, 49.817614005100566 ], [ 24.57015691405752, 49.818030365076034 ], [ 24.570474215857597, 49.818941283799653 ], [ 24.570648910107074, 49.819378334675193 ], [ 24.570738039826196, 49.819603759373059 ], [ 24.570877082188026, 49.820084508536766 ], [ 24.570984045865377, 49.820445911172229 ], [ 24.571048733449452, 49.820412823579176 ] ] ] ] } },
{ "type": "Feature", "properties": { "fid": 470, "parcel_number": "2099", "parcel_type": "ground", "land_category": "field" }, "geometry": { "type": "MultiPolygon", "coordinates": [ [ [ [ 24.571111886775892, 49.82038052075638 ], [ 24.571083863136376, 49.820286927808219 ], [ 24.570962646718378, 49.819898190049763 ], [ 24.570862821432961, 49.819541652673372 ], [ 24.570716648693608, 49.819148308390695 ], [ 24.570509867745233, 49.818630745252264 ], [ 24.570292391230584, 49.818018863467373 ], [ 24.570142653302465, 49.817602503392926 ], [ 24.569900220466454, 49.816923897803669 ], [ 24.569714830650675, 49.816397109276593 ], [ 24.569586483855144, 49.816031344436993 ], [ 24.569369007340491, 49.815389523980002 ], [ 24.569308399131494, 49.815150276900525 ], [ 24.569247790922493, 49.814878822051064 ], [ 24.569183114717784, 49.814511570784681 ], [ 24.569114421180231, 49.814517714911297 ], [ 24.569113512378422, 49.814517856341311 ], [ 24.56917292195843, 49.814798305489347 ], [ 24.56920500865731, 49.815021451060112 ], [ 24.569283442810139, 49.815320510520785 ], [ 24.56941535479444, 49.815752993241134 ], [ 24.569557962345026, 49.816201574957844 ], [ 24.569746917349573, 49.816751369441626 ], [ 24.569843177446224, 49.816999810088085 ], [ 24.570021436884467, 49.81747598442854 ], [ 24.570221087455295, 49.818000460887824 ], [ 24.570402912082297, 49.818508829574029 ], [ 24.570627518974483, 49.81912300543263 ], [ 24.570784387280138, 49.819539352423703 ], [ 24.570951951152079, 49.820100610100724 ], [ 24.571048733449452, 49.820412823579176 ], [ 24.571111886775892, 49.82038052075638 ] ] ] ] } },
{ "type": "Feature", "properties": { "fid": 471, "parcel_number": "2102", "parcel_type": "ground", "land_category": "field" }, "geometry": { "type": "MultiPolygon", "coordinates": [ [ [ [ 24.571171458581752, 49.820351588745936 ], [ 24.571105254268971, 49.82015581542219 ], [ 24.570987603039725, 49.81970266987836 ], [ 24.570898473320607, 49.819465744376586 ], [ 24.570695257561006, 49.818941283799653 ], [ 24.570552650010413, 49.818485826581423 ], [ 24.570320912740701, 49.81786934230594 ], [ 24.570178305190105, 49.817464482688102 ], [ 24.569971524241744, 49.816940000419415 ], [ 24.569832481879921, 49.81655583655435 ], [ 24.569600744610206, 49.815868014590571 ], [ 24.569497354136026, 49.815483842215144 ], [ 24.569344051019129, 49.81501915059556 ], [ 24.569304833942716, 49.814800605964393 ], [ 24.569251711577412, 49.814505435305186 ], [ 24.569183114717784, 49.814511570784681 ], [ 24.569247790922493, 49.814878822051064 ], [ 24.569308399131494, 49.815150276900525 ], [ 24.569369007340491, 49.815389523980002 ], [ 24.569586483855144, 49.816031344436993 ], [ 24.569714830650675, 49.816397109276593 ], [ 24.569900220466454, 49.816923897803669 ], [ 24.570142653302465, 49.817602503392926 ], [ 24.570292391230584, 49.818018863467373 ], [ 24.570509867745233, 49.818630745252264 ], [ 24.570716648693608, 49.819148308390695 ], [ 24.570862821432961, 49.819541652673372 ], [ 24.570962646718378, 49.819898190049763 ], [ 24.571083863136376, 49.820286927808219 ], [ 24.571111886775892, 49.82038052075638 ], [ 24.571151917657154, 49.820360045026334 ], [ 24.571171458581752, 49.820351588745936 ] ] ] ] } },
{ "type": "Feature", "properties": { "fid": 472, "parcel_number": "2103", "parcel_type": "ground", "land_category": "field" }, "geometry": { "type": "MultiPolygon", "coordinates": [ [ [ [ 24.571239347209779, 49.820322210132268 ], [ 24.57111594983526, 49.819934993758395 ], [ 24.571055341626259, 49.819707270362059 ], [ 24.570973342284663, 49.819497947910975 ], [ 24.570720213882364, 49.818782564346655 ], [ 24.57054908482165, 49.818276498846195 ], [ 24.570271000097996, 49.817512789979574 ], [ 24.570067784338399, 49.81698600786342 ], [ 24.569836047068677, 49.816314294838044 ], [ 24.569686309140558, 49.815842709917163 ], [ 24.569490223758496, 49.815233093331138 ], [ 24.569390398473079, 49.814858117805137 ], [ 24.569325651783952, 49.814498821903008 ], [ 24.569251711577412, 49.814505435305186 ], [ 24.569304833942716, 49.814800605964393 ], [ 24.569344051019129, 49.81501915059556 ], [ 24.569497354136026, 49.815483842215144 ], [ 24.569600744610206, 49.815868014590571 ], [ 24.569832481879921, 49.81655583655435 ], [ 24.569971524241744, 49.816940000419415 ], [ 24.570178305190105, 49.817464482688102 ], [ 24.570320912740701, 49.81786934230594 ], [ 24.570552650010413, 49.818485826581423 ], [ 24.570695257561006, 49.818941283799653 ], [ 24.570898473320607, 49.819465744376586 ], [ 24.570987603039725, 49.81970266987836 ], [ 24.571105254268971, 49.82015581542219 ], [ 24.571171458581752, 49.820351588745936 ], [ 24.571239347209779, 49.820322210132268 ] ] ] ] } },
{ "type": "Feature", "properties": { "fid": 473, "parcel_number": "114", "parcel_type": "ground", "land_category": "garden" }, "geometry": { "type": "MultiPolygon", "coordinates": [ [ [ [ 24.570030615343708, 49.814167175476648 ], [ 24.570349299932861, 49.814122906331185 ], [ 24.570324477929457, 49.81404029300554 ], [ 24.570417172837338, 49.814034541727366 ], [ 24.570464411588478, 49.813997158402465 ], [ 24.570667609890254, 49.813985648043285 ], [ 24.570650692701445, 49.813945971956933 ], [ 24.57060612784187, 49.813768256798767 ], [ 24.570530367580623, 49.813536478443616 ], [ 24.57039489040756, 49.813550856785767 ], [ 24.570332499604177, 49.813556032987911 ], [ 24.570324188151023, 49.813532930011355 ], [ 24.570270108800795, 49.813539929246112 ], [ 24.569919857580107, 49.813522831626422 ], [ 24.569929525835452, 49.813601985315088 ], [ 24.569980437213669, 49.813844749163657 ], [ 24.570018762992888, 49.814119660574768 ], [ 24.570030615343708, 49.814167175476648 ] ] ] ] } },
{ "type": "Feature", "properties": { "fid": 474, "parcel_number": "118", "parcel_type": "ground", "land_category": "garden" }, "geometry": { "type": "MultiPolygon", "coordinates": [ [ [ [ 24.570806408809762, 49.8140265718365 ], [ 24.571137678346279, 49.813984729722215 ], [ 24.571075841461656, 49.813817142910565 ], [ 24.571002755091971, 49.813565235123669 ], [ 24.570948385963312, 49.813407648307162 ], [ 24.570855691055428, 49.813420301282179 ], [ 24.570871734404871, 49.813469762880032 ], [ 24.57061701063142, 49.813495981028609 ], [ 24.570617010631292, 49.813495981029611 ], [ 24.570804887115525, 49.81402188891294 ], [ 24.570806408809762, 49.8140265718365 ] ] ] ] } },
{ "type": "Feature", "properties": { "fid": 475, "parcel_number": "117", "parcel_type": "ground", "land_category": "pasture" }, "geometry": { "type": "MultiPolygon", "coordinates": [ [ [ [ 24.570833349375977, 49.814109479827714 ], [ 24.571043754762769, 49.814072500150786 ], [ 24.571065030893486, 49.814127786553357 ], [ 24.571152493020101, 49.814112759052179 ], [ 24.571147145236957, 49.814010386351498 ], [ 24.571137678346279, 49.813984729722215 ], [ 24.570806408809762, 49.8140265718365 ], [ 24.570833349375977, 49.814109479827714 ] ] ] ] } },
{ "type": "Feature", "properties": { "fid": 476, "parcel_number": "179", "parcel_type": "build", "land_category": "building" }, "geometry": { "type": "MultiPolygon", "coordinates": [ [ [ [ 24.571065030893486, 49.814127786553357 ], [ 24.571043754762769, 49.814072500150786 ], [ 24.570833349375977, 49.814109479827714 ], [ 24.570851234569471, 49.814164520447612 ], [ 24.571065030893486, 49.814127786553357 ] ] ] ] } },
{ "type": "Feature", "properties": { "fid": 477, "parcel_number": "119", "parcel_type": "ground", "land_category": "garden" }, "geometry": { "type": "MultiPolygon", "coordinates": [ [ [ [ 24.570586483982087, 49.813399853312283 ], [ 24.570928299815591, 49.813342842420795 ], [ 24.570926994830728, 49.813338632021569 ], [ 24.57087351699926, 49.813161489771389 ], [ 24.570786169874523, 49.812992398836791 ], [ 24.570609693030661, 49.813051063105519 ], [ 24.570483823345089, 49.813097827057156 ], [ 24.570549976118841, 49.813275367006653 ], [ 24.570583845412109, 49.813391544516016 ], [ 24.570586483982087, 49.813399853312283 ] ] ] ] } },
{ "type": "Feature", "properties": { "fid": 478, "parcel_number": "112", "parcel_type": "ground", "land_category": "garden" }, "geometry": { "type": "MultiPolygon", "coordinates": [ [ [ [ 24.570413978541975, 49.813316525087913 ], [ 24.570556481611955, 49.8132976819685 ], [ 24.570549976118841, 49.813275367006653 ], [ 24.570483823345089, 49.813097827057156 ], [ 24.5704332161868, 49.813116628968764 ], [ 24.570370825383414, 49.813166090876983 ], [ 24.570370667560443, 49.813166211477331 ], [ 24.570413978541975, 49.813316525087913 ] ] ] ] } },
{ "type": "Feature", "properties": { "fid": 479, "parcel_number": "182", "parcel_type": "build", "land_category": "building" }, "geometry": { "type": "MultiPolygon", "coordinates": [ [ [ [ 24.570556481611955, 49.8132976819685 ], [ 24.570413978541975, 49.813316525087913 ], [ 24.570426977106454, 49.813361637461036 ], [ 24.570569329060934, 49.813341750931272 ], [ 24.570556481611955, 49.8132976819685 ] ] ] ] } },
{ "type": "Feature", "properties": { "fid": 480, "parcel_number": "178", "parcel_type": "build", "land_category": "building" }, "geometry": { "type": "MultiPolygon", "coordinates": [ [ [ [ 24.570855691055428, 49.813420301282179 ], [ 24.570678322914375, 49.813445607222299 ], [ 24.570687696971845, 49.813488705442317 ], [ 24.570871734404871, 49.813469762880032 ], [ 24.570855691055428, 49.813420301282179 ] ] ] ] } },
{ "type": "Feature", "properties": { "fid": 481, "parcel_number": "178", "parcel_type": "build", "land_category": "yard" }, "geometry": { "type": "MultiPolygon", "coordinates": [ [ [ [ 24.570928299815591, 49.813342842420795 ], [ 24.570586483982087, 49.813399853312283 ], [ 24.570617010631292, 49.813495981029611 ], [ 24.570687696971845, 49.813488705442317 ], [ 24.570678322914375, 49.813445607222299 ], [ 24.570855691055428, 49.813420301282179 ], [ 24.570948385963312, 49.813407648307162 ], [ 24.570928299815591, 49.813342842420795 ] ] ] ] } },
{ "type": "Feature", "properties": { "fid": 482, "parcel_number": null, "parcel_type": null, "land_category": null }, "geometry": { "type": "MultiPolygon", "coordinates": [ [ [ [ 24.570728244522151, 49.813935053700888 ], [ 24.570650692701445, 49.813945971956933 ], [ 24.570697040155395, 49.814054671198022 ], [ 24.570766162696625, 49.814045113470364 ], [ 24.570762996147547, 49.814034541727345 ], [ 24.570728244522151, 49.813935053700888 ] ] ] ] } },
{ "type": "Feature", "properties": { "fid": 483, "parcel_number": "111", "parcel_type": "ground", "land_category": "orchard" }, "geometry": { "type": "MultiPolygon", "coordinates": [ [ [ [ 24.570208609294596, 49.813476664494338 ], [ 24.570208609294593, 49.813476664494338 ], [ 24.570171174812572, 49.813343808246408 ], [ 24.570291499933379, 49.813331155251383 ], [ 24.570285260853048, 49.813308724933911 ], [ 24.570336130786195, 49.813303410350727 ], [ 24.570303086796883, 49.813217853284932 ], [ 24.569895585238225, 49.813324114761343 ], [ 24.569908652235402, 49.813431093837657 ], [ 24.569918466360569, 49.81351144175779 ], [ 24.569919857580107, 49.813522831626422 ], [ 24.570270108800795, 49.813539929246112 ], [ 24.570257630640125, 49.813489317451307 ], [ 24.570208609294596, 49.813476664494338 ] ] ] ] } },
{ "type": "Feature", "properties": { "fid": 484, "parcel_number": "182", "parcel_type": "build", "land_category": "building" }, "geometry": { "type": "MultiPolygon", "coordinates": [ [ [ [ 24.570519844546272, 49.813507607128649 ], [ 24.570505411259276, 49.813455959648522 ], [ 24.570257630640125, 49.813489317451307 ], [ 24.570270108800795, 49.813539929246112 ], [ 24.570519844546272, 49.813507607128649 ] ] ] ] } },
{ "type": "Feature", "properties": { "fid": 485, "parcel_number": "182", "parcel_type": "build", "land_category": "yard" }, "geometry": { "type": "MultiPolygon", "coordinates": [ [ [ [ 24.570303086796883, 49.813217853284932 ], [ 24.570374390572166, 49.813402472089159 ], [ 24.570317347551924, 49.813412249389373 ], [ 24.570298630310912, 49.813356461238115 ], [ 24.570241587290678, 49.813363938004386 ], [ 24.5702799130699, 49.8134651618033 ], [ 24.570208609294596, 49.813476664494338 ], [ 24.570257630640125, 49.813489317451307 ], [ 24.570505411259276, 49.813455959648522 ], [ 24.570519844546272, 49.813507607128649 ], [ 24.570581171520541, 49.813499669868158 ], [ 24.570581171520562, 49.813499669868172 ], [ 24.570617010631292, 49.813495981029611 ], [ 24.570583845412109, 49.813391544516016 ], [ 24.570569329060934, 49.813341750931272 ], [ 24.570426977106454, 49.813361637461036 ], [ 24.570370667560443, 49.813166211477331 ], [ 24.570303086796883, 49.813217853284932 ] ] ] ] } },
{ "type": "Feature", "properties": { "fid": 486, "parcel_number": "182", "parcel_type": "build", "land_category": "building" }, "geometry": { "type": "MultiPolygon", "coordinates": [ [ [ [ 24.570336130786195, 49.813303410350727 ], [ 24.570285260853048, 49.813308724933911 ], [ 24.570291499933379, 49.813331155251383 ], [ 24.570171174812572, 49.813343808246408 ], [ 24.570208609294593, 49.813476664494338 ], [ 24.570208609294596, 49.813476664494338 ], [ 24.5702799130699, 49.8134651618033 ], [ 24.570241587290678, 49.813363938004386 ], [ 24.570298630310912, 49.813356461238115 ], [ 24.570317347551924, 49.813412249389373 ], [ 24.570374390572166, 49.813402472089159 ], [ 24.570336130786195, 49.813303410350727 ] ] ] ] } },
{ "type": "Feature", "properties": { "fid": 487, "parcel_number": "182", "parcel_type": "build", "land_category": "building" }, "geometry": { "type": "MultiPolygon", "coordinates": [ [ [ [ 24.570324188151023, 49.813532930011355 ], [ 24.570332499604177, 49.813556032987911 ], [ 24.57039489040756, 49.813550856785767 ], [ 24.570386414121231, 49.813524876398063 ], [ 24.570324188151023, 49.813532930011355 ] ] ] ] } },
{ "type": "Feature", "properties": { "fid": 488, "parcel_number": "113", "parcel_type": "ground", "land_category": "pasture" }, "geometry": { "type": "MultiPolygon", "coordinates": [ [ [ [ 24.57039489040756, 49.813550856785767 ], [ 24.570530367580623, 49.813536478443616 ], [ 24.57060612784187, 49.813768256798767 ], [ 24.570650692701445, 49.813945971956933 ], [ 24.570728244522151, 49.813935053700888 ], [ 24.570636431946397, 49.813672209823487 ], [ 24.570581171520541, 49.813499669868172 ], [ 24.570581171520562, 49.813499669868172 ], [ 24.570581171520541, 49.813499669868158 ], [ 24.570386414121231, 49.813524876398063 ], [ 24.57039489040756, 49.813550856785767 ] ] ] ] } },
{ "type": "Feature", "properties": { "fid": 489, "parcel_number": "116", "parcel_type": "ground", "land_category": "pasture" }, "geometry": { "type": "MultiPolygon", "coordinates": [ [ [ [ 24.570417172837335, 49.814034541727366 ], [ 24.570452824724988, 49.81417142196284 ], [ 24.570527693689051, 49.814161069689632 ], [ 24.570540174760161, 49.814213418354079 ], [ 24.570803995818341, 49.814171421962818 ], [ 24.570766162696625, 49.814045113470364 ], [ 24.570697040155395, 49.814054671198022 ], [ 24.570667609890254, 49.813985648043285 ], [ 24.570464411588478, 49.813997158402465 ], [ 24.570417172837338, 49.814034541727366 ], [ 24.570417172837335, 49.814034541727366 ] ] ] ] } },
{ "type": "Feature", "properties": { "fid": 490, "parcel_number": "181", "parcel_type": "build", "land_category": "building" }, "geometry": { "type": "MultiPolygon", "coordinates": [ [ [ [ 24.570540174760161, 49.814213418354079 ], [ 24.570527693689051, 49.814161069689632 ], [ 24.570452824724988, 49.81417142196284 ], [ 24.570417172837335, 49.814034541727366 ], [ 24.570324477929457, 49.81404029300554 ], [ 24.570383938337418, 49.814238190893384 ], [ 24.570399346893538, 49.814235836057307 ], [ 24.570540174760161, 49.814213418354079 ] ] ] ] } },
{ "type": "Feature", "properties": { "fid": 491, "parcel_number": "115", "parcel_type": "ground", "land_category": "orchard" }, "geometry": { "type": "MultiPolygon", "coordinates": [ [ [ [ 24.570349299932861, 49.814122906331185 ], [ 24.570030615343708, 49.814167175476648 ], [ 24.570060653960869, 49.814287597321105 ], [ 24.570383938337418, 49.814238190893384 ], [ 24.570349299932861, 49.814122906331185 ] ] ] ] } },
{ "type": "Feature", "properties": { "fid": 492, "parcel_number": "123", "parcel_type": "ground", "land_category": "garden" }, "geometry": { "type": "MultiPolygon", "coordinates": [ [ [ [ 24.571606748676668, 49.813824931173421 ], [ 24.571493612648531, 49.813553671795077 ], [ 24.571338328484387, 49.813217565716144 ], [ 24.571297036051742, 49.813108952754789 ], [ 24.571251872656838, 49.813112315427823 ], [ 24.571249198765269, 49.81304559927954 ], [ 24.571192155745027, 49.813012816310909 ], [ 24.571117984121514, 49.813027174841125 ], [ 24.571225133741127, 49.81324114635045 ], [ 24.571265242114734, 49.813382629914983 ], [ 24.57137219777767, 49.813677098446576 ], [ 24.571434588581063, 49.813842736208208 ], [ 24.571505931753965, 49.814056174552015 ], [ 24.571511685788135, 49.814055246325658 ], [ 24.571675684471323, 49.814027640192634 ], [ 24.571585217806376, 49.813897948669442 ], [ 24.57155847889064, 49.813830083343639 ], [ 24.571606748676668, 49.813824931173421 ] ] ] ] } },
{ "type": "Feature", "properties": { "fid": 495, "parcel_number": "130", "parcel_type": "ground", "land_category": "pasture" }, "geometry": { "type": "MultiPolygon", "coordinates": [ [ [ [ 24.572277641481783, 49.813909473487904 ], [ 24.572268842752063, 49.813866891667786 ], [ 24.572222495298117, 49.813762217922694 ], [ 24.572029975104819, 49.813788673945574 ], [ 24.571981845056488, 49.81366904659653 ], [ 24.571791506443493, 49.813697234975336 ], [ 24.571792444403354, 49.813699816159271 ], [ 24.571855726503941, 49.813904562658017 ], [ 24.571943073628685, 49.813952873503311 ], [ 24.572277641481783, 49.813909473487904 ] ] ] ] } },
{ "type": "Feature", "properties": { "fid": 499, "parcel_number": "165", "parcel_type": "build", "land_category": "building" }, "geometry": { "type": "MultiPolygon", "coordinates": [ [ [ [ 24.572431058840852, 49.813775445935946 ], [ 24.572445319595907, 49.813821456388638 ], [ 24.572596840118418, 49.813799026298419 ], [ 24.572579905471787, 49.813751290430751 ], [ 24.572431058840852, 49.813775445935946 ] ] ] ] } },
{ "type": "Feature", "properties": { "fid": 502, "parcel_number": "138", "parcel_type": "ground", "land_category": "pasture" }, "geometry": { "type": "MultiPolygon", "coordinates": [ [ [ [ 24.572662994563395, 49.813691703654513 ], [ 24.572598311436561, 49.813700833931115 ], [ 24.572673184111093, 49.813859101924351 ], [ 24.572943554725779, 49.813826632561828 ], [ 24.572983930905615, 49.813820476249887 ], [ 24.572869998335815, 49.813517150799733 ], [ 24.572819664416233, 49.813518074159404 ], [ 24.572598539172141, 49.813557194853047 ], [ 24.572662994563395, 49.813691703654513 ] ], [ [ 24.572864427728611, 49.813702056028085 ], [ 24.572886710158397, 49.813748066550573 ], [ 24.57272092888083, 49.813779123628528 ], [ 24.572695972559472, 49.813733113135569 ], [ 24.572864427728611, 49.813702056028085 ] ] ] ] } },
{ "type": "Feature", "properties": { "fid": 503, "parcel_number": null, "parcel_type": "ground", "land_category": "garden" }, "geometry": { "type": "MultiPolygon", "coordinates": [ [ [ [ 24.571407674940556, 49.814072025094625 ], [ 24.571394480207459, 49.81403022826823 ], [ 24.571184981897673, 49.814062663678179 ], [ 24.571197949176831, 49.814105857528617 ], [ 24.571407674940556, 49.814072025094625 ] ] ] ] } },
{ "type": "Feature", "properties": { "fid": 504, "parcel_number": "174", "parcel_type": "build", "land_category": "building" }, "geometry": { "type": "MultiPolygon", "coordinates": [ [ [ [ 24.571394480207459, 49.81403022826823 ], [ 24.571374871669256, 49.813965238771409 ], [ 24.571222459849555, 49.813988243913009 ], [ 24.571203742608542, 49.813934181812897 ], [ 24.571149126781812, 49.813943230448672 ], [ 24.571184981897673, 49.814062663678179 ], [ 24.571394480207459, 49.81403022826823 ] ] ] ] } },
{ "type": "Feature", "properties": { "fid": 505, "parcel_number": "129", "parcel_type": "ground", "land_category": "pasture" }, "geometry": { "type": "MultiPolygon", "coordinates": [ [ [ [ 24.571796491459242, 49.813881098646419 ], [ 24.571743868706417, 49.81388702120816 ], [ 24.571727825356973, 49.813843886468462 ], [ 24.571665434553591, 49.813851363159429 ], [ 24.57165210660115, 49.813820089805944 ], [ 24.57155847889064, 49.813830083343639 ], [ 24.571585217806376, 49.813897948669442 ], [ 24.571617274993315, 49.813943905325473 ], [ 24.571734955734502, 49.813903124834447 ], [ 24.571767933730577, 49.813938782845028 ], [ 24.571645485946863, 49.813984348084567 ], [ 24.571675684471323, 49.814027640192634 ], [ 24.571715756732203, 49.814014970032503 ], [ 24.571695738658089, 49.813981917500151 ], [ 24.571783085782823, 49.813954311325311 ], [ 24.571804279288461, 49.813986980721737 ], [ 24.571853943909566, 49.81397127762218 ], [ 24.571802248672473, 49.813894210327746 ], [ 24.571796491459242, 49.813881098646419 ] ] ] ] } },
{ "type": "Feature", "properties": { "fid": 506, "parcel_number": "172", "parcel_type": "build", "land_category": "building" }, "geometry": { "type": "MultiPolygon", "coordinates": [ [ [ [ 24.571645485946863, 49.813984348084567 ], [ 24.571767933730577, 49.813938782845028 ], [ 24.571734955734502, 49.813903124834447 ], [ 24.571617274993315, 49.813943905325473 ], [ 24.571645485946863, 49.813984348084567 ] ] ] ] } },
{ "type": "Feature", "properties": { "fid": 507, "parcel_number": "173", "parcel_type": "build", "land_category": "building" }, "geometry": { "type": "MultiPolygon", "coordinates": [ [ [ [ 24.571804279288461, 49.813986980721737 ], [ 24.571783085782823, 49.813954311325311 ], [ 24.571695738658089, 49.813981917500151 ], [ 24.571715756732203, 49.814014970032503 ], [ 24.571804279288461, 49.813986980721737 ] ] ] ] } },
{ "type": "Feature", "properties": { "fid": 508, "parcel_number": "171", "parcel_type": "build", "land_category": "building" }, "geometry": { "type": "MultiPolygon", "coordinates": [ [ [ [ 24.57165210660115, 49.813820089805944 ], [ 24.571665434553591, 49.813851363159429 ], [ 24.571727825356973, 49.813843886468462 ], [ 24.571743868706417, 49.81388702120816 ], [ 24.571796491459242, 49.813881098646419 ], [ 24.571764438390186, 49.81380809985167 ], [ 24.57165210660115, 49.813820089805944 ] ] ] ] } },
{ "type": "Feature", "properties": { "fid": 509, "parcel_number": "122", "parcel_type": "ground", "land_category": "pasture" }, "geometry": { "type": "MultiPolygon", "coordinates": [ [ [ [ 24.571233451964723, 49.813877102603563 ], [ 24.571247416170916, 49.813910026386949 ], [ 24.57114393863144, 49.81392594874314 ], [ 24.571149126781812, 49.813943230448672 ], [ 24.571203742608542, 49.813934181812897 ], [ 24.571222459849555, 49.813988243913009 ], [ 24.571374871669256, 49.813965238771409 ], [ 24.571394480207459, 49.81403022826823 ], [ 24.571407674940556, 49.814072025094625 ], [ 24.571505931753965, 49.814056174552015 ], [ 24.57145340616955, 49.813899033044443 ], [ 24.57131515475745, 49.813925554876441 ], [ 24.571289858765319, 49.813867464883465 ], [ 24.571233451964723, 49.813877102603563 ] ] ] ] } },
{ "type": "Feature", "properties": { "fid": 510, "parcel_number": "176", "parcel_type": "build", "land_category": "building" }, "geometry": { "type": "MultiPolygon", "coordinates": [ [ [ [ 24.571289858765319, 49.813867464883465 ], [ 24.57131515475745, 49.813925554876441 ], [ 24.57145340616955, 49.813899033044443 ], [ 24.571434588581063, 49.813842736208208 ], [ 24.571289858765319, 49.813867464883465 ] ] ] ] } },
{ "type": "Feature", "properties": { "fid": 511, "parcel_number": "175", "parcel_type": "build", "land_category": "building" }, "geometry": { "type": "MultiPolygon", "coordinates": [ [ [ [ 24.57114393863144, 49.81392594874314 ], [ 24.571247416170916, 49.813910026386949 ], [ 24.571233451964723, 49.813877102603563 ], [ 24.571134357483288, 49.813894033981789 ], [ 24.57114393863144, 49.81392594874314 ] ] ] ] } },
{ "type": "Feature", "properties": { "fid": 512, "parcel_number": "177", "parcel_type": "build", "land_category": "building" }, "geometry": { "type": "MultiPolygon", "coordinates": [ [ [ [ 24.571180568881573, 49.813287732447854 ], [ 24.571225133741127, 49.81324114635045 ], [ 24.570949286623886, 49.813279018451013 ], [ 24.57098868551347, 49.813407076616286 ], [ 24.571044200411315, 49.813401034250688 ], [ 24.571011222415233, 49.813309012502131 ], [ 24.571180568881573, 49.813287732447854 ] ] ] ] } },
{ "type": "Feature", "properties": { "fid": 513, "parcel_number": "177", "parcel_type": "build", "land_category": "building" }, "geometry": { "type": "MultiPolygon", "coordinates": [ [ [ [ 24.571005571849618, 49.813461962255147 ], [ 24.571209981688881, 49.813433241821343 ], [ 24.571196612231009, 49.813396433167419 ], [ 24.570994928626856, 49.813427368600507 ], [ 24.571005571849618, 49.813461962255147 ] ] ] ] } },
{ "type": "Feature", "properties": { "fid": 514, "parcel_number": "177", "parcel_type": "build", "land_category": "yard" }, "geometry": { "type": "MultiPolygon", "coordinates": [ [ [ [ 24.571196612231009, 49.813396433167419 ], [ 24.571202851311348, 49.813387806135104 ], [ 24.571180568881573, 49.813287732447854 ], [ 24.571011222415233, 49.813309012502131 ], [ 24.571044200411315, 49.813401034250688 ], [ 24.57098868551347, 49.813407076616286 ], [ 24.570994928626856, 49.813427368600507 ], [ 24.571196612231009, 49.813396433167419 ] ] ] ] } },
{ "type": "Feature", "properties": { "fid": 515, "parcel_number": null, "parcel_type": "build", "land_category": "building" }, "geometry": { "type": "MultiPolygon", "coordinates": [ [ [ [ 24.571020912062295, 49.813512564648434 ], [ 24.571066482841097, 49.813506859045241 ], [ 24.571053113383222, 49.81347465152357 ], [ 24.571011292102963, 49.813480554787986 ], [ 24.571014341955443, 49.81349046771998 ], [ 24.571020912062295, 49.813512564648434 ] ] ] ] } },
{ "type": "Feature", "properties": { "fid": 516, "parcel_number": "121", "parcel_type": "ground", "land_category": "garden" }, "geometry": { "type": "MultiPolygon", "coordinates": [ [ [ [ 24.571434588581063, 49.813842736208208 ], [ 24.57137219777767, 49.813677098446576 ], [ 24.571265242114734, 49.813382629914983 ], [ 24.571202851311348, 49.813387806135104 ], [ 24.571196612231009, 49.813396433167419 ], [ 24.571209981688881, 49.813433241821343 ], [ 24.571005571849618, 49.813461962255147 ], [ 24.571011292102963, 49.813480554787986 ], [ 24.571053113383222, 49.81347465152357 ], [ 24.571066482841097, 49.813506859045241 ], [ 24.571020912062295, 49.813512564648434 ], [ 24.571131993184682, 49.813886158513782 ], [ 24.571134357483288, 49.813894033981789 ], [ 24.571434588581063, 49.813842736208208 ] ] ] ] } },
{ "type": "Feature", "properties": { "fid": 517, "parcel_number": "120", "parcel_type": "ground", "land_category": "garden" }, "geometry": { "type": "MultiPolygon", "coordinates": [ [ [ [ 24.571225133741127, 49.81324114635045 ], [ 24.571074504515785, 49.812940348617232 ], [ 24.571037515682416, 49.812825607880399 ], [ 24.570885995159905, 49.812850914131467 ], [ 24.570825386950904, 49.812910728854121 ], [ 24.570830734734052, 49.812982046311433 ], [ 24.570918081858796, 49.813177593639118 ], [ 24.570949286623886, 49.813279018451013 ], [ 24.571225133741127, 49.81324114635045 ] ] ] ] } },
{ "type": "Feature", "properties": { "fid": 518, "parcel_number": "177", "parcel_type": "build", "land_category": "building" }, "geometry": { "type": "MultiPolygon", "coordinates": [ [ [ [ 24.571225133741127, 49.81324114635045 ], [ 24.571180568881573, 49.813287732447854 ], [ 24.571202851311348, 49.813387806135104 ], [ 24.571265242114734, 49.813382629914983 ], [ 24.571225133741127, 49.81324114635045 ] ] ] ] } },
{ "type": "Feature", "properties": { "fid": 519, "parcel_number": "169", "parcel_type": "build", "land_category": "building" }, "geometry": { "type": "MultiPolygon", "coordinates": [ [ [ [ 24.571117984121514, 49.813027174841125 ], [ 24.571192155745027, 49.813012816310909 ], [ 24.571152047371427, 49.812928845798744 ], [ 24.571077324951059, 49.812945980861144 ], [ 24.571117984121514, 49.813027174841125 ] ] ] ] } },
{ "type": "Feature", "properties": { "fid": 520, "parcel_number": null, "parcel_type": "ground", "land_category": "garden" }, "geometry": { "type": "MultiPolygon", "coordinates": [ [ [ [ 24.571152047371427, 49.812928845798744 ], [ 24.571154721263003, 49.81288340963895 ], [ 24.571096786945567, 49.812840274004728 ], [ 24.571037515682416, 49.812825607880399 ], [ 24.571074504515785, 49.812940348617232 ], [ 24.571077324951059, 49.812945980861144 ], [ 24.571152047371427, 49.812928845798744 ] ] ] ] } },
{ "type": "Feature", "properties": { "fid": 521, "parcel_number": "127", "parcel_type": "ground", "land_category": "garden" }, "geometry": { "type": "MultiPolygon", "coordinates": [ [ [ [ 24.571231571274311, 49.812811743805568 ], [ 24.571293962077696, 49.812797940386361 ], [ 24.571320700993439, 49.812845102052407 ], [ 24.571260092784428, 49.812860055741794 ], [ 24.571389551191974, 49.81303569882899 ], [ 24.571506891775321, 49.813018654085162 ], [ 24.571506338004994, 49.813016554720797 ], [ 24.57148138168364, 49.812899226028584 ], [ 24.571424338663398, 49.812741637043416 ], [ 24.571407207562093, 49.812701941334105 ], [ 24.571195799186189, 49.812762574102017 ], [ 24.571231571274311, 49.812811743805568 ] ] ] ] } },
{ "type": "Feature", "properties": { "fid": 522, "parcel_number": "170", "parcel_type": "build", "land_category": "building" }, "geometry": { "type": "MultiPolygon", "coordinates": [ [ [ [ 24.571249198765269, 49.81304559927954 ], [ 24.571251872656838, 49.813112315427823 ], [ 24.571321393837753, 49.813107139178221 ], [ 24.571321393837753, 49.81304559927954 ], [ 24.571249198765269, 49.81304559927954 ] ] ] ] } },
{ "type": "Feature", "properties": { "fid": 523, "parcel_number": "170", "parcel_type": "build", "land_category": "yard" }, "geometry": { "type": "MultiPolygon", "coordinates": [ [ [ [ 24.571472899832152, 49.81309519530874 ], [ 24.571410523556867, 49.813104838622699 ], [ 24.571396262801802, 49.813066304300932 ], [ 24.571462218793961, 49.813058827488675 ], [ 24.571516224745398, 49.813054035729678 ], [ 24.571506891775321, 49.813018654085162 ], [ 24.571321393837753, 49.81304559927954 ], [ 24.571321393837753, 49.813107139178221 ], [ 24.571297036051742, 49.813108952754789 ], [ 24.571301636961135, 49.813121054691202 ], [ 24.571357045725396, 49.813110590011362 ], [ 24.571374871669217, 49.813158326510987 ], [ 24.571464001388335, 49.8131439480522 ], [ 24.571481570139341, 49.813191184711791 ], [ 24.571500089691487, 49.813187773941465 ], [ 24.571472899832152, 49.81309519530874 ] ] ] ] } },
{ "type": "Feature", "properties": { "fid": 524, "parcel_number": "170", "parcel_type": "build", "land_category": "building" }, "geometry": { "type": "MultiPolygon", "coordinates": [ [ [ [ 24.571481570139341, 49.813191184711791 ], [ 24.571464001388335, 49.8131439480522 ], [ 24.571374871669217, 49.813158326510987 ], [ 24.571357045725396, 49.813110590011362 ], [ 24.571301636961135, 49.813121054691202 ], [ 24.571338328484387, 49.813217565716144 ], [ 24.571481570139341, 49.813191184711791 ] ] ] ] } },
{ "type": "Feature", "properties": { "fid": 525, "parcel_number": "170", "parcel_type": "build", "land_category": "building" }, "geometry": { "type": "MultiPolygon", "coordinates": [ [ [ [ 24.571516224745398, 49.813054035729678 ], [ 24.571462218793961, 49.813058827488675 ], [ 24.571500089691487, 49.813187773941465 ], [ 24.571549120270173, 49.813178743915181 ], [ 24.571516224745398, 49.813054035729678 ] ] ] ] } },
{ "type": "Feature", "properties": { "fid": 526, "parcel_number": "170", "parcel_type": "build", "land_category": "building" }, "geometry": { "type": "MultiPolygon", "coordinates": [ [ [ [ 24.571462218793961, 49.813058827488675 ], [ 24.571396262801802, 49.813066304300932 ], [ 24.571410523556867, 49.813104838622699 ], [ 24.571472899832152, 49.81309519530874 ], [ 24.571462218793961, 49.813058827488675 ] ] ] ] } },
{ "type": "Feature", "properties": { "fid": 527, "parcel_number": "125", "parcel_type": "ground", "land_category": "pasture" }, "geometry": { "type": "MultiPolygon", "coordinates": [ [ [ [ 24.571288143864734, 49.812736089278808 ], [ 24.571260984081619, 49.812663356842798 ], [ 24.57135782630596, 49.812538374232659 ], [ 24.571347687104961, 49.812496625412336 ], [ 24.571165862477947, 49.812588648705614 ], [ 24.571087428325125, 49.812633509997639 ], [ 24.571019689738595, 49.812728983890963 ], [ 24.571044476959241, 49.81276865120298 ], [ 24.571169180470928, 49.812725472370943 ], [ 24.571195799186192, 49.812762574102024 ], [ 24.571288143864734, 49.812736089278808 ] ] ] ] } },
{ "type": "Feature", "properties": { "fid": 528, "parcel_number": "169", "parcel_type": "build", "land_category": "building" }, "geometry": { "type": "MultiPolygon", "coordinates": [ [ [ [ 24.571195799186192, 49.812762574102024 ], [ 24.571169180470928, 49.812725472370943 ], [ 24.571044476959241, 49.81276865120298 ], [ 24.571064254598149, 49.8128003016161 ], [ 24.571195799186192, 49.812762574102024 ] ] ] ] } },
{ "type": "Feature", "properties": { "fid": 529, "parcel_number": "169", "parcel_type": "build", "land_category": "yard" }, "geometry": { "type": "MultiPolygon", "coordinates": [ [ [ [ 24.571389551191974, 49.81303569882899 ], [ 24.571260092784428, 49.812860055741794 ], [ 24.57120661495296, 49.812873859143266 ], [ 24.571179876037224, 49.812826697505265 ], [ 24.571231571274311, 49.812811743805568 ], [ 24.571195799186189, 49.812762574102017 ], [ 24.571064254598149, 49.8128003016161 ], [ 24.571037515682416, 49.812825607880399 ], [ 24.571096786945567, 49.812840274004728 ], [ 24.571154721263003, 49.81288340963895 ], [ 24.571152047371427, 49.812928845798744 ], [ 24.571192155745027, 49.813012816310909 ], [ 24.571249198765269, 49.81304559927954 ], [ 24.571321393837753, 49.81304559927954 ], [ 24.571389551191974, 49.81303569882899 ] ] ] ] } },
{ "type": "Feature", "properties": { "fid": 530, "parcel_number": "169", "parcel_type": "build", "land_category": "building" }, "geometry": { "type": "MultiPolygon", "coordinates": [ [ [ [ 24.571260092784428, 49.812860055741794 ], [ 24.571320700993439, 49.812845102052407 ], [ 24.571293962077696, 49.812797940386361 ], [ 24.571231571274311, 49.812811743805568 ], [ 24.571179876037224, 49.812826697505265 ], [ 24.57120661495296, 49.812873859143266 ], [ 24.571260092784428, 49.812860055741794 ] ] ] ] } },
{ "type": "Feature", "properties": { "fid": 531, "parcel_number": "128", "parcel_type": "ground", "land_category": "garden" }, "geometry": { "type": "MultiPolygon", "coordinates": [ [ [ [ 24.571338328484387, 49.813217565716144 ], [ 24.571493612648531, 49.813553671795077 ], [ 24.571606748676668, 49.813824931173421 ], [ 24.571764438390186, 49.81380809985167 ], [ 24.571741640463472, 49.813756179045903 ], [ 24.571613293667941, 49.813360487189343 ], [ 24.571549120270173, 49.813178743915181 ], [ 24.571338328484387, 49.813217565716144 ] ] ] ] } },
{ "type": "Feature", "properties": { "fid": 532, "parcel_number": "168", "parcel_type": "build", "land_category": "yard" }, "geometry": { "type": "MultiPolygon", "coordinates": [ [ [ [ 24.571777910648027, 49.812605169207202 ], [ 24.57170574138004, 49.812619070723116 ], [ 24.571676328572728, 49.812548327876428 ], [ 24.571750218463638, 49.812535039883166 ], [ 24.571720740465974, 49.812460388060067 ], [ 24.571433004439527, 49.812443651279459 ], [ 24.571347687104961, 49.812496625412336 ], [ 24.571385121586989, 49.812650764329653 ], [ 24.571407207562093, 49.812701941334105 ], [ 24.571424338663398, 49.812741637043416 ], [ 24.57148138168364, 49.812899226028584 ], [ 24.571559568640687, 49.812891113389618 ], [ 24.571548873074391, 49.812869258009904 ], [ 24.571771697372188, 49.812833599211267 ], [ 24.571730697701398, 49.812717420362546 ], [ 24.571817968523508, 49.812708153364369 ], [ 24.57181269704299, 49.812693264329283 ], [ 24.571777910648027, 49.812605169207202 ] ], [ [ 24.571522134158656, 49.812669683428012 ], [ 24.57169326321937, 49.812645527370904 ], [ 24.571711089163188, 49.812694989760615 ], [ 24.57154352529124, 49.812726047514346 ], [ 24.571522134158656, 49.812669683428012 ] ] ] ] } },
{ "type": "Feature", "properties": { "fid": 533, "parcel_number": "132", "parcel_type": "ground", "land_category": "orchard" }, "geometry": { "type": "MultiPolygon", "coordinates": [ [ [ [ 24.571788440756713, 49.812711288819663 ], [ 24.571843001147485, 49.812864656876073 ], [ 24.571700393596899, 49.812893413955329 ], [ 24.571755654022752, 49.813030297418358 ], [ 24.571921435300318, 49.813000390140154 ], [ 24.571817968523508, 49.812708153364369 ], [ 24.571788440756713, 49.812711288819663 ] ] ] ] } },
{ "type": "Feature", "properties": { "fid": 534, "parcel_number": "168", "parcel_type": "build", "land_category": "building" }, "geometry": { "type": "MultiPolygon", "coordinates": [ [ [ [ 24.571700393596899, 49.812893413955329 ], [ 24.571843001147485, 49.812864656876073 ], [ 24.571788440756713, 49.812711288819663 ], [ 24.571730697701398, 49.812717420362546 ], [ 24.571771697372188, 49.812833599211267 ], [ 24.571548873074391, 49.812869258009904 ], [ 24.571559568640687, 49.812891113389618 ], [ 24.571566699018209, 49.812916419606431 ], [ 24.571700393596899, 49.812893413955329 ] ] ] ] } },
{ "type": "Feature", "properties": { "fid": 535, "parcel_number": "133", "parcel_type": "ground", "land_category": "garden" }, "geometry": { "type": "MultiPolygon", "coordinates": [ [ [ [ 24.571433004439527, 49.812443651279459 ], [ 24.571720740465974, 49.812460388060067 ], [ 24.57171821954072, 49.812454003919996 ], [ 24.571618394255303, 49.812289511702517 ], [ 24.571440134817056, 49.812404541284032 ], [ 24.571433004439527, 49.812443651279459 ] ] ] ] } },
{ "type": "Feature", "properties": { "fid": 536, "parcel_number": "168", "parcel_type": "build", "land_category": "building" }, "geometry": { "type": "MultiPolygon", "coordinates": [ [ [ [ 24.571750218463638, 49.812535039883166 ], [ 24.571676328572728, 49.812548327876428 ], [ 24.57170574138004, 49.812619070723116 ], [ 24.571777910648027, 49.812605169207202 ], [ 24.571750218463638, 49.812535039883166 ] ] ] ] } },
{ "type": "Feature", "properties": { "fid": 537, "parcel_number": "168", "parcel_type": "build", "land_category": "building" }, "geometry": { "type": "MultiPolygon", "coordinates": [ [ [ [ 24.571522134158656, 49.812669683428012 ], [ 24.57154352529124, 49.812726047514346 ], [ 24.571711089163188, 49.812694989760615 ], [ 24.57169326321937, 49.812645527370904 ], [ 24.571522134158656, 49.812669683428012 ] ] ] ] } },
{ "type": "Feature", "properties": { "fid": 538, "parcel_number": "131", "parcel_type": "ground", "land_category": "garden" }, "geometry": { "type": "MultiPolygon", "coordinates": [ [ [ [ 24.571563133829454, 49.813081484832388 ], [ 24.571691480624988, 49.813430017920027 ], [ 24.571791506443489, 49.813697234975336 ], [ 24.571791506443493, 49.813697234975336 ], [ 24.571981845056488, 49.81366904659653 ], [ 24.572029975104819, 49.813788673945574 ], [ 24.572222495298117, 49.813762217922694 ], [ 24.572174365249797, 49.81363223812194 ], [ 24.572074738417211, 49.813366753024567 ], [ 24.571944609027298, 49.813059629538628 ], [ 24.571921435300318, 49.813000390140154 ], [ 24.571755654022752, 49.813030297418358 ], [ 24.571700393596899, 49.812893413955329 ], [ 24.571566699018209, 49.812916419606431 ], [ 24.571559568640687, 49.812891113389618 ], [ 24.571514529022075, 49.812895786677579 ], [ 24.571514529021943, 49.812895786677764 ], [ 24.571563133829454, 49.813081484832388 ] ] ] ] } },
{ "type": "Feature", "properties": { "fid": 539, "parcel_number": "137", "parcel_type": "ground", "land_category": "pasture" }, "geometry": { "type": "MultiPolygon", "coordinates": [ [ [ [ 24.572431058840852, 49.813775445935946 ], [ 24.572247435108146, 49.813818543418385 ], [ 24.572268842752063, 49.813866891667786 ], [ 24.572277641481783, 49.813909473487897 ], [ 24.572475822153248, 49.81388264707774 ], [ 24.572673184111089, 49.813859101924351 ], [ 24.572673184111089, 49.813859101924344 ], [ 24.572584361957748, 49.813671347125251 ], [ 24.572541067561211, 49.813567362526548 ], [ 24.572541067561207, 49.813567362526548 ], [ 24.572541067561207, 49.813567362526541 ], [ 24.572174365249797, 49.81363223812194 ], [ 24.572222495298117, 49.813762217922694 ], [ 24.572225722764237, 49.813769507017071 ], [ 24.57239917059481, 49.813721610505496 ], [ 24.572431058840852, 49.813775445935946 ] ], [ [ 24.572596840118418, 49.813799026298419 ], [ 24.572445319595907, 49.813821456388638 ], [ 24.572431058840852, 49.813775445935946 ], [ 24.572579905471787, 49.813751290430751 ], [ 24.572596840118418, 49.813799026298419 ] ] ] ] } },
{ "type": "Feature", "properties": { "fid": 540, "parcel_number": "166", "parcel_type": "build", "land_category": "building" }, "geometry": { "type": "MultiPolygon", "coordinates": [ [ [ [ 24.572247435108146, 49.813818543418385 ], [ 24.572431058840852, 49.813775445935946 ], [ 24.57239917059481, 49.813721610505496 ], [ 24.572225722764237, 49.813769507017071 ], [ 24.572247435108146, 49.813818543418385 ] ] ] ] } },
{ "type": "Feature", "properties": { "fid": 541, "parcel_number": null, "parcel_type": null, "land_category": null }, "geometry": { "type": "MultiPolygon", "coordinates": [ [ [ [ 24.572541067561207, 49.813567362526541 ], [ 24.572541067561207, 49.813567362526548 ], [ 24.572541067561211, 49.813567362526548 ], [ 24.572541067561207, 49.813567362526541 ] ] ] ] } },
{ "type": "Feature", "properties": { "fid": 542, "parcel_number": null, "parcel_type": null, "land_category": null }, "geometry": { "type": "MultiPolygon", "coordinates": [ [ [ [ 24.572541067561207, 49.813567362526541 ], [ 24.572541067561211, 49.813567362526548 ], [ 24.572541067561215, 49.813567362526548 ], [ 24.572541067561207, 49.813567362526541 ] ] ] ] } },
{ "type": "Feature", "properties": { "fid": 543, "parcel_number": "163", "parcel_type": "build", "land_category": "building" }, "geometry": { "type": "MultiPolygon", "coordinates": [ [ [ [ 24.572598311436561, 49.813700833931115 ], [ 24.572662994563395, 49.813691703654513 ], [ 24.572598539172141, 49.813557194853047 ], [ 24.572541067561211, 49.813567362526548 ], [ 24.572584361957748, 49.813671347125251 ], [ 24.572598311436561, 49.813700833931115 ] ] ] ] } },
{ "type": "Feature", "properties": { "fid": 544, "parcel_number": null, "parcel_type": null, "land_category": null }, "geometry": { "type": "MultiPolygon", "coordinates": [ [ [ [ 24.572541067561207, 49.813567362526548 ], [ 24.572541067561211, 49.813567362526548 ], [ 24.572541067561207, 49.813567362526541 ], [ 24.572541067561207, 49.813567362526548 ] ] ] ] } },
{ "type": "Feature", "properties": { "fid": 545, "parcel_number": "164", "parcel_type": "build", "land_category": "building" }, "geometry": { "type": "MultiPolygon", "coordinates": [ [ [ [ 24.572695972559472, 49.813733113135569 ], [ 24.57272092888083, 49.813779123628528 ], [ 24.572886710158397, 49.813748066550573 ], [ 24.572864427728611, 49.813702056028085 ], [ 24.572695972559472, 49.813733113135569 ] ] ] ] } },
{ "type": "Feature", "properties": { "fid": 546, "parcel_number": "126", "parcel_type": "ground", "land_category": "orchard" }, "geometry": { "type": "MultiPolygon", "coordinates": [ [ [ [ 24.57135782630596, 49.812538374232659 ], [ 24.571260984081619, 49.812663356842798 ], [ 24.571288143864734, 49.812736089278808 ], [ 24.571407207562093, 49.812701941334105 ], [ 24.571385121586989, 49.812650764329653 ], [ 24.57135782630596, 49.812538374232659 ] ] ] ] } },
{ "type": "Feature", "properties": { "fid": 547, "parcel_number": "136", "parcel_type": "ground", "land_category": "garden" }, "geometry": { "type": "MultiPolygon", "coordinates": [ [ [ [ 24.571887847003488, 49.812603871817934 ], [ 24.571783948264265, 49.812620459223318 ], [ 24.57181269704299, 49.812693264329283 ], [ 24.571817968523508, 49.812708153364369 ], [ 24.571921435300318, 49.813000390140154 ], [ 24.571944609027298, 49.813059629538628 ], [ 24.572074738417211, 49.813366753024567 ], [ 24.572174365249797, 49.81363223812194 ], [ 24.572509033092121, 49.813573029944472 ], [ 24.572449974534713, 49.813424841704425 ], [ 24.572285975851532, 49.813004991261081 ], [ 24.572125542357117, 49.812621946446413 ], [ 24.572123967490782, 49.812617164113767 ], [ 24.571905391950867, 49.812650128525597 ], [ 24.571887847003488, 49.812603871817934 ] ] ] ] } },
{ "type": "Feature", "properties": { "fid": 548, "parcel_number": "139", "parcel_type": "ground", "land_category": "garden" }, "geometry": { "type": "MultiPolygon", "coordinates": [ [ [ [ 24.572255671747023, 49.812382685684582 ], [ 24.572297562715011, 49.81249483931397 ], [ 24.572120746182133, 49.812512270970238 ], [ 24.572196846132407, 49.812719720936514 ], [ 24.572339453683, 49.813047551608918 ], [ 24.572446409345947, 49.813325918366317 ], [ 24.572541067561207, 49.813567362526541 ], [ 24.572541067561215, 49.813567362526548 ], [ 24.572598539172141, 49.813557194853047 ], [ 24.572819664416233, 49.813518074159404 ], [ 24.57275658076848, 49.813317866457801 ], [ 24.572597929868447, 49.812877309993048 ], [ 24.572533756470683, 49.812735824951233 ], [ 24.572453539723469, 49.812562131366832 ], [ 24.572432148590885, 49.812467807437308 ], [ 24.572412540052682, 49.812361980370753 ], [ 24.572392040217277, 49.812366581552361 ], [ 24.572255671747023, 49.812382685684582 ] ] ] ] } },
{ "type": "Feature", "properties": { "fid": 549, "parcel_number": "140", "parcel_type": "ground", "land_category": "garden" }, "geometry": { "type": "MultiPolygon", "coordinates": [ [ [ [ 24.572083363875471, 49.812364231887976 ], [ 24.572246758775115, 49.812344725935766 ], [ 24.572227150236905, 49.812260179115491 ], [ 24.572064934148106, 49.812281459621587 ], [ 24.572083363875471, 49.812364231887976 ] ] ] ] } },
{ "type": "Feature", "properties": { "fid": 550, "parcel_number": "162", "parcel_type": "build", "land_category": "building" }, "geometry": { "type": "MultiPolygon", "coordinates": [ [ [ [ 24.572246758775115, 49.812344725935766 ], [ 24.572255671747023, 49.812382685684582 ], [ 24.572392040217277, 49.812366581552361 ], [ 24.572381344650982, 49.812326896346512 ], [ 24.572246758775115, 49.812344725935766 ] ] ] ] } },
{ "type": "Feature", "properties": { "fid": 551, "parcel_number": "162", "parcel_type": "build", "land_category": "yard" }, "geometry": { "type": "MultiPolygon", "coordinates": [ [ [ [ 24.572106460293739, 49.812467963367418 ], [ 24.572281919451573, 49.812452958000307 ], [ 24.572255671747023, 49.812382685684582 ], [ 24.572246758775115, 49.812344725935766 ], [ 24.572083363875471, 49.812364231887976 ], [ 24.572106460293739, 49.812467963367418 ] ] ] ] } },
{ "type": "Feature", "properties": { "fid": 552, "parcel_number": "162", "parcel_type": "build", "land_category": "building" }, "geometry": { "type": "MultiPolygon", "coordinates": [ [ [ [ 24.572281919451573, 49.812452958000307 ], [ 24.572106460293739, 49.812467963367418 ], [ 24.57210949900767, 49.812481610950691 ], [ 24.572120746182133, 49.812512270970238 ], [ 24.572297562715011, 49.81249483931397 ], [ 24.572281919451573, 49.812452958000307 ] ] ] ] } },
{ "type": "Feature", "properties": { "fid": 553, "parcel_number": "134", "parcel_type": "ground", "land_category": "orchard" }, "geometry": { "type": "MultiPolygon", "coordinates": [ [ [ [ 24.571730463778721, 49.812485011951807 ], [ 24.572065057276518, 49.812438273710868 ], [ 24.572064934148109, 49.812437899811528 ], [ 24.572031064854841, 49.81228606081087 ], [ 24.571998978155957, 49.812182533946377 ], [ 24.571642459279477, 49.812212441729947 ], [ 24.571618394255303, 49.812289511702517 ], [ 24.57171821954072, 49.812454003919996 ], [ 24.571720740465974, 49.812460388060067 ], [ 24.571730463778721, 49.812485011951807 ] ] ] ] } },
{ "type": "Feature", "properties": { "fid": 554, "parcel_number": null, "parcel_type": null, "land_category": null }, "geometry": { "type": "MultiPolygon", "coordinates": [ [ [ [ 24.571788440756713, 49.812711288819663 ], [ 24.571817968523508, 49.812708153364369 ], [ 24.57176490019615, 49.812713788513449 ], [ 24.571788440756713, 49.812711288819663 ] ] ] ] } },
{ "type": "Feature", "properties": { "fid": 555, "parcel_number": "167", "parcel_type": "build", "land_category": "yard" }, "geometry": { "type": "MultiPolygon", "coordinates": [ [ [ [ 24.571947502759194, 49.812595179140764 ], [ 24.572110179367378, 49.812575294279334 ], [ 24.572090642122667, 49.812515966321698 ], [ 24.571936587352564, 49.812558680494625 ], [ 24.571947502759194, 49.812595179140764 ] ] ] ] } },
{ "type": "Feature", "properties": { "fid": 558, "parcel_number": "167", "parcel_type": "build", "land_category": "building" }, "geometry": { "type": "MultiPolygon", "coordinates": [ [ [ [ 24.571887847003492, 49.812603871817942 ], [ 24.57194750275919, 49.812595179140764 ], [ 24.571936587352564, 49.812558680494625 ], [ 24.571874196549178, 49.812567882820026 ], [ 24.571887847003492, 49.812603871817942 ] ] ] ] } },
{ "type": "Feature", "properties": { "fid": 559, "parcel_number": "167", "parcel_type": "build", "land_category": "building" }, "geometry": { "type": "MultiPolygon", "coordinates": [ [ [ [ 24.572110179367378, 49.812575294279327 ], [ 24.57194750275919, 49.812595179140764 ], [ 24.571887847003492, 49.812603871817942 ], [ 24.571905391950867, 49.812650128525597 ], [ 24.572123967490782, 49.81261716411376 ], [ 24.572110179367378, 49.812575294279327 ] ] ] ] } },
{ "type": "Feature", "properties": { "fid": 560, "parcel_number": "135", "parcel_type": "ground", "land_category": "garden" }, "geometry": { "type": "MultiPolygon", "coordinates": [ [ [ [ 24.571783948264265, 49.812620459223318 ], [ 24.571887847003488, 49.812603871817934 ], [ 24.571874196549178, 49.812567882820026 ], [ 24.571936587352564, 49.812558680494625 ], [ 24.572090642122667, 49.812515966321698 ], [ 24.572065057276518, 49.812438273710868 ], [ 24.571730463778721, 49.812485011951807 ], [ 24.571750218463638, 49.812535039883166 ], [ 24.571777910648027, 49.812605169207202 ], [ 24.571783948264265, 49.812620459223318 ] ] ] ] } },
{ "type": "Feature", "properties": { "fid": 561, "parcel_number": "26", "parcel_type": "build", "land_category": "building" }, "geometry": { "type": "MultiPolygon", "coordinates": [ [ [ [ 24.570918903975222, 49.811171795850036 ], [ 24.570943217463828, 49.811227651185682 ], [ 24.571005181787733, 49.811205919626843 ], [ 24.571033703297861, 49.811244455429865 ], [ 24.570961169298638, 49.8112666687935 ], [ 24.570998171392386, 49.811339867679649 ], [ 24.571023899028756, 49.811331879824451 ], [ 24.571046181458541, 49.811360062654842 ], [ 24.570978376058573, 49.811383119195291 ], [ 24.571019094319979, 49.811427224874109 ], [ 24.571006103367957, 49.811413153174662 ], [ 24.571070886357838, 49.811393510326127 ], [ 24.57105687702483, 49.811366389410423 ], [ 24.571106725152077, 49.811356290371748 ], [ 24.571091637615286, 49.811322677264037 ], [ 24.57099716011302, 49.811127122441562 ], [ 24.570918903975222, 49.811171795850036 ] ] ] ] } },
{ "type": "Feature", "properties": { "fid": 562, "parcel_number": "25", "parcel_type": "build", "land_category": "building" }, "geometry": { "type": "MultiPolygon", "coordinates": [ [ [ [ 24.570895008757446, 49.811286930300874 ], [ 24.571033703297861, 49.811244455429865 ], [ 24.571005181787733, 49.811205919626843 ], [ 24.570869961249901, 49.811253342932524 ], [ 24.570870247688251, 49.811254101753242 ], [ 24.570895008757446, 49.811286930300874 ] ] ] ] } },
{ "type": "Feature", "properties": { "fid": 563, "parcel_number": "26", "parcel_type": "build", "land_category": "building" }, "geometry": { "type": "MultiPolygon", "coordinates": [ [ [ [ 24.571106725152077, 49.811356290371748 ], [ 24.57105687702483, 49.811366389410423 ], [ 24.571070886357838, 49.811393510326127 ], [ 24.571117137011541, 49.811379486666716 ], [ 24.571106725152077, 49.811356290371748 ] ] ] ] } },
{ "type": "Feature", "properties": { "fid": 564, "parcel_number": "24", "parcel_type": "build", "land_category": "building" }, "geometry": { "type": "MultiPolygon", "coordinates": [ [ [ [ 24.570978376058573, 49.811383119195291 ], [ 24.571046181458541, 49.811360062654842 ], [ 24.571023899028756, 49.811331879824451 ], [ 24.570951751752816, 49.811354279938662 ], [ 24.570978376058573, 49.811383119195291 ] ] ] ] } },
{ "type": "Feature", "properties": { "fid": 565, "parcel_number": "24", "parcel_type": "build", "land_category": "building" }, "geometry": { "type": "MultiPolygon", "coordinates": [ [ [ [ 24.570998171392386, 49.811339867679649 ], [ 24.570961169298638, 49.8112666687935 ], [ 24.570895008757446, 49.811286930300874 ], [ 24.570919269034029, 49.811319094891147 ], [ 24.570951751752816, 49.811354279938662 ], [ 24.570998171392386, 49.811339867679649 ] ] ] ] } },
{ "type": "Feature", "properties": { "fid": 566, "parcel_number": "25", "parcel_type": "build", "land_category": "building" }, "geometry": { "type": "MultiPolygon", "coordinates": [ [ [ [ 24.570943217463828, 49.811227651185682 ], [ 24.570918903975222, 49.811171795850036 ], [ 24.570853313041528, 49.811209239182347 ], [ 24.570869961249901, 49.811253342932524 ], [ 24.570943217463828, 49.811227651185682 ] ] ] ] } },
{ "type": "Feature", "properties": { "fid": 567, "parcel_number": "30", "parcel_type": "ground", "land_category": "garden" }, "geometry": { "type": "MultiPolygon", "coordinates": [ [ [ [ 24.570267208261733, 49.811599707513679 ], [ 24.570167362427995, 49.811372716165209 ], [ 24.570024754877405, 49.811025318588918 ], [ 24.569862538788609, 49.810690572207797 ], [ 24.569784104635779, 49.810513420265167 ], [ 24.569710696207576, 49.810341018420502 ], [ 24.569592475739661, 49.810378255197492 ], [ 24.569526519747519, 49.810432321269865 ], [ 24.569588019253711, 49.810572662707727 ], [ 24.569659323029001, 49.81073716076034 ], [ 24.56979301760769, 49.811036246696361 ], [ 24.569862538788598, 49.81120419414242 ], [ 24.56996771185716, 49.811464166437084 ], [ 24.570041291161488, 49.811646249178871 ], [ 24.570267208261733, 49.811599707513679 ] ] ] ] } },
{ "type": "Feature", "properties": { "fid": 568, "parcel_number": "24", "parcel_type": "ground", "land_category": "common_pasture" }, "geometry": { "type": "MultiPolygon", "coordinates": [ [ [ [ 24.56918960940925, 49.810553106958011 ], [ 24.569291217289042, 49.810544479418844 ], [ 24.569438281325585, 49.810493289321563 ], [ 24.569526519747519, 49.810432321269865 ], [ 24.569592475739661, 49.810378255197492 ], [ 24.569742213667787, 49.81033109112763 ], [ 24.569817082631854, 49.810293129769704 ], [ 24.569740431073406, 49.810308084247588 ], [ 24.569494433048639, 49.810384006910205 ], [ 24.569342912526139, 49.810451877068388 ], [ 24.56918960940925, 49.810553106958011 ] ] ] ] } },
{ "type": "Feature", "properties": { "fid": 569, "parcel_number": null, "parcel_type": "ground", "land_category": "garden" }, "geometry": { "type": "MultiPolygon", "coordinates": [ [ [ [ 24.569900632315512, 49.81187172913107 ], [ 24.569884472989486, 49.811833860466677 ], [ 24.569900632311466, 49.81187172913171 ], [ 24.569900632315512, 49.81187172913107 ] ] ] ] } },
{ "type": "Feature", "properties": { "fid": 572, "parcel_number": null, "parcel_type": "build", "land_category": "building" }, "geometry": { "type": "MultiPolygon", "coordinates": [ [ [ [ 24.569315651774872, 49.810724954267393 ], [ 24.569289966358941, 49.810639248408208 ], [ 24.569225503728628, 49.810651276961956 ], [ 24.569250188314786, 49.810734277197433 ], [ 24.569315651774872, 49.810724954267393 ] ] ] ] } },
{ "type": "Feature", "properties": { "fid": 573, "parcel_number": "23", "parcel_type": "ground", "land_category": "garden" }, "geometry": { "type": "MultiPolygon", "coordinates": [ [ [ [ 24.569399064249168, 49.810600270811555 ], [ 24.569376545059853, 49.810514778507432 ], [ 24.569291217289042, 49.810544479418844 ], [ 24.56918960940925, 49.810553106958011 ], [ 24.569175348654191, 49.810649735291506 ], [ 24.569179674823669, 49.810659828512584 ], [ 24.569310825827245, 49.810635356087424 ], [ 24.569399064249168, 49.810600270811555 ] ] ] ] } },
{ "type": "Feature", "properties": { "fid": 574, "parcel_number": "21", "parcel_type": "ground", "land_category": "garden" }, "geometry": { "type": "MultiPolygon", "coordinates": [ [ [ [ 24.569884472989486, 49.811833860466677 ], [ 24.5698215391178, 49.811642465212415 ], [ 24.569652192651478, 49.811214547048124 ], [ 24.569561280337968, 49.810995985235706 ], [ 24.569446303000309, 49.8107187554116 ], [ 24.569326869176688, 49.810723356749442 ], [ 24.569213805959176, 49.810739458563589 ], [ 24.569221696108126, 49.810757866769293 ], [ 24.569335782148606, 49.81097182834322 ], [ 24.569451650783467, 49.811207645111224 ], [ 24.569604953900356, 49.811606805509882 ], [ 24.569688387606359, 49.811832710158647 ], [ 24.569884472989486, 49.811833860466677 ] ] ] ] } },
{ "type": "Feature", "properties": { "fid": 575, "parcel_number": "27", "parcel_type": "ground", "land_category": "garden" }, "geometry": { "type": "MultiPolygon", "coordinates": [ [ [ [ 24.570041291161488, 49.811646249178871 ], [ 24.56996771185716, 49.811464166437084 ], [ 24.569862538788598, 49.81120419414242 ], [ 24.56979301760769, 49.811036246696361 ], [ 24.569659323029001, 49.81073716076034 ], [ 24.569588019253711, 49.810572662707727 ], [ 24.569526519747519, 49.810432321269865 ], [ 24.569438281325585, 49.810493289321563 ], [ 24.569376545059853, 49.810514778507432 ], [ 24.569399064249168, 49.810600270811555 ], [ 24.569399064249172, 49.810600270811555 ], [ 24.569446303000309, 49.8107187554116 ], [ 24.569561280337968, 49.810995985235706 ], [ 24.569652192651478, 49.811214547048124 ], [ 24.5698215391178, 49.811642465212415 ], [ 24.569884472989486, 49.811833860466677 ], [ 24.570089020126321, 49.811781767302051 ], [ 24.570074703799069, 49.811741118572144 ], [ 24.570058721416668, 49.811695739367416 ], [ 24.570041291161488, 49.811646249178871 ] ] ] ] } },
{ "type": "Feature", "properties": { "fid": 576, "parcel_number": "31", "parcel_type": "ground", "land_category": "garden" }, "geometry": { "type": "MultiPolygon", "coordinates": [ [ [ [ 24.569710696207576, 49.810341018420502 ], [ 24.569784104635779, 49.810513420265167 ], [ 24.569862538788609, 49.810690572207797 ], [ 24.570024754877405, 49.811025318588918 ], [ 24.570167362427995, 49.811372716165209 ], [ 24.570267208261733, 49.811599707513679 ], [ 24.570267208261736, 49.811599707513679 ], [ 24.57026720826174, 49.811599707513686 ], [ 24.570267208261743, 49.811599707513686 ], [ 24.57026720826174, 49.811599707513679 ], [ 24.570428426098548, 49.811575752227384 ], [ 24.570298383115109, 49.8112329522083 ], [ 24.570175384102726, 49.810936168146583 ], [ 24.570057732873479, 49.810661238651676 ], [ 24.569925820889182, 49.810504792718916 ], [ 24.569817082631854, 49.810293129769704 ], [ 24.569742213667787, 49.81033109112763 ], [ 24.569710696207576, 49.810341018420502 ] ] ] ] } },
{ "type": "Feature", "properties": { "fid": 577, "parcel_number": null, "parcel_type": "ground", "land_category": "garden" }, "geometry": { "type": "MultiPolygon", "coordinates": [ [ [ [ 24.570267208261733, 49.811599707513679 ], [ 24.57026720826174, 49.811599707513686 ], [ 24.570267208261736, 49.811599707513679 ], [ 24.570267208261733, 49.811599707513679 ] ] ] ] } },
{ "type": "Feature", "properties": { "fid": 578, "parcel_number": null, "parcel_type": "ground", "land_category": "pasture" }, "geometry": { "type": "MultiPolygon", "coordinates": [ [ [ [ 24.569289966358941, 49.810639248408208 ], [ 24.569315651774872, 49.810724954267393 ], [ 24.569326869176688, 49.810723356749442 ], [ 24.569446303000309, 49.8107187554116 ], [ 24.569399064249172, 49.810600270811555 ], [ 24.569310825827245, 49.810635356087424 ], [ 24.569289966358941, 49.810639248408208 ] ] ], [ [ [ 24.569250188314786, 49.810734277197433 ], [ 24.569225503728628, 49.810651276961956 ], [ 24.569179674823669, 49.810659828512584 ], [ 24.569213805959176, 49.810739458563589 ], [ 24.569250188314786, 49.810734277197433 ] ] ] ] } },
{ "type": "Feature", "properties": { "fid": 579, "parcel_number": "34", "parcel_type": "ground", "land_category": "garden" }, "geometry": { "type": "MultiPolygon", "coordinates": [ [ [ [ 24.570104626728888, 49.810222525600054 ], [ 24.570151319078558, 49.810304058042469 ], [ 24.570081797897643, 49.810324764236711 ], [ 24.570072884925725, 49.810484661771746 ], [ 24.570137058323493, 49.810669866170031 ], [ 24.570222622853844, 49.810889579785595 ], [ 24.570320665544877, 49.811117344679722 ], [ 24.570429055576231, 49.811432401303399 ], [ 24.570628706148135, 49.811377761188467 ], [ 24.570545272437069, 49.811195566719334 ], [ 24.570449012340422, 49.810971253178984 ], [ 24.570311752572973, 49.81060199631753 ], [ 24.570140986510818, 49.810215068131292 ], [ 24.570104626728888, 49.810222525600054 ] ] ] ] } },
{ "type": "Feature", "properties": { "fid": 580, "parcel_number": "44", "parcel_type": "ground", "land_category": "garden" }, "geometry": { "type": "MultiPolygon", "coordinates": [ [ [ [ 24.570465880928918, 49.810166264167023 ], [ 24.570536359465155, 49.810315561484813 ], [ 24.570646880316868, 49.810554832465684 ], [ 24.570807313811283, 49.81089073011605 ], [ 24.570918903975219, 49.811171795850036 ], [ 24.570918903975222, 49.811171795850036 ], [ 24.57099716011302, 49.811127122441562 ], [ 24.570974877683234, 49.811062129046235 ], [ 24.570885747964113, 49.81083091289684 ], [ 24.57076809673487, 49.810583590917389 ], [ 24.570646880316868, 49.81032936561202 ], [ 24.570518533521334, 49.810163715825752 ], [ 24.570465880928918, 49.810166264167023 ] ] ] ] } },
{ "type": "Feature", "properties": { "fid": 581, "parcel_number": "41", "parcel_type": "ground", "land_category": "garden" }, "geometry": { "type": "MultiPolygon", "coordinates": [ [ [ [ 24.570918903975222, 49.811171795850036 ], [ 24.570918903975219, 49.811171795850036 ], [ 24.570807313811283, 49.81089073011605 ], [ 24.570646880316868, 49.810554832465684 ], [ 24.570536359465155, 49.810315561484813 ], [ 24.570465880928918, 49.810166264167023 ], [ 24.570398858475432, 49.810169507997514 ], [ 24.570434751585356, 49.810277600114709 ], [ 24.570539924653922, 49.81049156381173 ], [ 24.570666488855071, 49.810796402929064 ], [ 24.570782357489932, 49.811088586545125 ], [ 24.570853313041528, 49.811209239182347 ], [ 24.570918903975222, 49.811171795850036 ] ] ] ] } },
{ "type": "Feature", "properties": { "fid": 582, "parcel_number": "40", "parcel_type": "ground", "land_category": "garden" }, "geometry": { "type": "MultiPolygon", "coordinates": [ [ [ [ 24.570286796251619, 49.810193624856872 ], [ 24.570331361111183, 49.810329365612027 ], [ 24.570463273095474, 49.810620401710679 ], [ 24.57060588064607, 49.810971253178984 ], [ 24.570730314028477, 49.811291487197209 ], [ 24.570853313041528, 49.811209239182347 ], [ 24.570782357489932, 49.811088586545125 ], [ 24.570666488855071, 49.810796402929064 ], [ 24.570539924653922, 49.81049156381173 ], [ 24.570434751585356, 49.810277600114709 ], [ 24.570398858475432, 49.810169507997514 ], [ 24.570375925970737, 49.810170617911496 ], [ 24.570286796251619, 49.810193624856872 ] ] ] ] } },
{ "type": "Feature", "properties": { "fid": 583, "parcel_number": "36", "parcel_type": "ground", "land_category": "garden" }, "geometry": { "type": "MultiPolygon", "coordinates": [ [ [ [ 24.570140986510818, 49.810215068131292 ], [ 24.570311752572973, 49.81060199631753 ], [ 24.570449012340422, 49.810971253178984 ], [ 24.570545272437069, 49.811195566719334 ], [ 24.570628706148135, 49.811377761188467 ], [ 24.570730314028477, 49.811291487197209 ], [ 24.57060588064607, 49.810971253178984 ], [ 24.570463273095474, 49.810620401710679 ], [ 24.570331361111183, 49.810329365612027 ], [ 24.570286796251619, 49.810193624856872 ], [ 24.570251144363969, 49.810192474509869 ], [ 24.570140986510818, 49.810215068131292 ] ] ] ] } },
{ "type": "Feature", "properties": { "fid": 584, "parcel_number": "35", "parcel_type": "ground", "land_category": "pasture" }, "geometry": { "type": "MultiPolygon", "coordinates": [ [ [ [ 24.569968275937757, 49.810254692480825 ], [ 24.569986429098186, 49.810285652529039 ], [ 24.569927603483567, 49.81030175735367 ], [ 24.569957016290882, 49.810377680026221 ], [ 24.569910416430709, 49.810390386414426 ], [ 24.569964146668397, 49.810491563811709 ], [ 24.570072884925725, 49.810484661771746 ], [ 24.570081797897643, 49.810324764236711 ], [ 24.570031801389092, 49.810237462232443 ], [ 24.570021189688639, 49.810239638714819 ], [ 24.569968275937757, 49.810254692480825 ] ] ] ] } },
{ "type": "Feature", "properties": { "fid": 585, "parcel_number": "21", "parcel_type": "build", "land_category": "building" }, "geometry": { "type": "MultiPolygon", "coordinates": [ [ [ [ 24.570081797897643, 49.810324764236711 ], [ 24.570151319078558, 49.810304058042469 ], [ 24.570104626728888, 49.810222525600054 ], [ 24.570031801389092, 49.810237462232443 ], [ 24.570081797897643, 49.810324764236711 ] ] ] ] } },
{ "type": "Feature", "properties": { "fid": 586, "parcel_number": "20", "parcel_type": "build", "land_category": "building" }, "geometry": { "type": "MultiPolygon", "coordinates": [ [ [ [ 24.569910416430709, 49.810390386414426 ], [ 24.569957016290882, 49.810377680026221 ], [ 24.569927603483567, 49.81030175735367 ], [ 24.569986429098186, 49.810285652529039 ], [ 24.569968275937757, 49.810254692480825 ], [ 24.569855408411073, 49.810286802873833 ], [ 24.569910416430709, 49.810390386414426 ] ] ] ] } },
{ "type": "Feature", "properties": { "fid": 587, "parcel_number": "48", "parcel_type": "ground", "land_category": "garden" }, "geometry": { "type": "MultiPolygon", "coordinates": [ [ [ [ 24.571148375464976, 49.810106772097498 ], [ 24.571058659619197, 49.810156813739027 ], [ 24.570998738403578, 49.810162793402739 ], [ 24.571009638273686, 49.81019189933636 ], [ 24.571098767992805, 49.810434621952474 ], [ 24.571205723655751, 49.810699199720901 ], [ 24.571296205380314, 49.810950185353079 ], [ 24.571458016500856, 49.810924080692978 ], [ 24.571410722009723, 49.81080963175296 ], [ 24.571273462242285, 49.81044842604571 ], [ 24.571159376201805, 49.810135532298752 ], [ 24.571148375464976, 49.810106772097498 ] ] ] ] } },
{ "type": "Feature", "properties": { "fid": 588, "parcel_number": "45", "parcel_type": "ground", "land_category": "garden" }, "geometry": { "type": "MultiPolygon", "coordinates": [ [ [ [ 24.571044505186123, 49.811110151607757 ], [ 24.571317103123029, 49.811008153226609 ], [ 24.571205723655751, 49.810699199720901 ], [ 24.571098767992805, 49.810434621952474 ], [ 24.571009638273686, 49.81019189933636 ], [ 24.570957943036593, 49.810053857495113 ], [ 24.570647771614048, 49.810136682647098 ], [ 24.570567554866845, 49.810165441347287 ], [ 24.570669162746647, 49.810295430458915 ], [ 24.570744031710706, 49.810427719904354 ], [ 24.571027464217508, 49.811068455840768 ], [ 24.571044505186123, 49.811110151607757 ] ] ] ] } },
{ "type": "Feature", "properties": { "fid": 589, "parcel_number": "51", "parcel_type": "ground", "land_category": "garden" }, "geometry": { "type": "MultiPolygon", "coordinates": [ [ [ [ 24.571271024138056, 49.810038361206658 ], [ 24.571148375464976, 49.810106772097498 ], [ 24.571159376201805, 49.810135532298752 ], [ 24.571273462242285, 49.81044842604571 ], [ 24.571410722009723, 49.81080963175296 ], [ 24.571489156162556, 49.810999436219355 ], [ 24.571556894749087, 49.811200743173373 ], [ 24.571656391475496, 49.811470024446017 ], [ 24.571669198195185, 49.811467617387343 ], [ 24.571856370605332, 49.811407800881142 ], [ 24.571736936781715, 49.811205344465385 ], [ 24.571653154845734, 49.811066155188307 ], [ 24.571587198853589, 49.810862547012349 ], [ 24.571512329889522, 49.810615225194553 ], [ 24.571389330877139, 49.810273573907047 ], [ 24.571277027431044, 49.810053857495113 ], [ 24.571271024138056, 49.810038361206658 ] ] ] ] } },
{ "type": "Feature", "properties": { "fid": 590, "parcel_number": "47", "parcel_type": "ground", "land_category": "garden" }, "geometry": { "type": "MultiPolygon", "coordinates": [ [ [ [ 24.571494520500377, 49.81101537807114 ], [ 24.57133022195092, 49.811046103278393 ], [ 24.571428547953555, 49.811349134620535 ], [ 24.571472909618009, 49.811504114256842 ], [ 24.571485590973786, 49.81150212687654 ], [ 24.571656391475496, 49.811470024446017 ], [ 24.571556894749087, 49.811200743173373 ], [ 24.571494520500377, 49.81101537807114 ] ] ] ] } },
{ "type": "Feature", "properties": { "fid": 591, "parcel_number": "28", "parcel_type": "build", "land_category": "building" }, "geometry": { "type": "MultiPolygon", "coordinates": [ [ [ [ 24.571359436953358, 49.810939984331561 ], [ 24.571396636800312, 49.811033683144323 ], [ 24.571467602880308, 49.811020411891938 ], [ 24.571427075498026, 49.810929072342248 ], [ 24.571359436953358, 49.810939984331561 ] ] ] ] } },
{ "type": "Feature", "properties": { "fid": 594, "parcel_number": "46", "parcel_type": "ground", "land_category": "garden" }, "geometry": { "type": "MultiPolygon", "coordinates": [ [ [ [ 24.571341044763411, 49.811079458152051 ], [ 24.57113709377202, 49.811150128932304 ], [ 24.571176310848433, 49.811193841234534 ], [ 24.571081823905754, 49.811201462886665 ], [ 24.57111302874787, 49.811277814756984 ], [ 24.571236027760257, 49.811541237601205 ], [ 24.571472909618009, 49.811504114256842 ], [ 24.571428547953555, 49.811349134620535 ], [ 24.571341044763411, 49.811079458152051 ] ] ] ] } },
{ "type": "Feature", "properties": { "fid": 595, "parcel_number": "27", "parcel_type": "build", "land_category": "yard" }, "geometry": { "type": "MultiPolygon", "coordinates": [ [ [ [ 24.57113709377202, 49.811150128932304 ], [ 24.571110354856284, 49.811120220492249 ], [ 24.571194136792261, 49.811088586545125 ], [ 24.57122466961054, 49.811119783147774 ], [ 24.571341044763411, 49.811079458152051 ], [ 24.571325157479382, 49.811030495061175 ], [ 24.571317103123029, 49.811008153226609 ], [ 24.571044505186123, 49.811110151607757 ], [ 24.571081823905754, 49.811201462886665 ], [ 24.571176310848433, 49.811193841234534 ], [ 24.57113709377202, 49.811150128932304 ] ] ] ] } },
{ "type": "Feature", "properties": { "fid": 596, "parcel_number": "27", "parcel_type": "build", "land_category": "building" }, "geometry": { "type": "MultiPolygon", "coordinates": [ [ [ [ 24.57122466961054, 49.811119783147774 ], [ 24.571194136792261, 49.811088586545125 ], [ 24.571110354856284, 49.811120220492249 ], [ 24.57113709377202, 49.811150128932304 ], [ 24.57122466961054, 49.811119783147774 ] ] ] ] } },
{ "type": "Feature", "properties": { "fid": 597, "parcel_number": "49", "parcel_type": "ground", "land_category": "pasture" }, "geometry": { "type": "MultiPolygon", "coordinates": [ [ [ [ 24.570957943036593, 49.810053857495113 ], [ 24.571025681623116, 49.810042353990568 ], [ 24.571058659619197, 49.810156813739027 ], [ 24.571148375464976, 49.810106772097498 ], [ 24.571096176746302, 49.809970304361059 ], [ 24.570954377847826, 49.810019346973299 ], [ 24.570957943036593, 49.810053857495113 ] ] ] ] } },
{ "type": "Feature", "properties": { "fid": 598, "parcel_number": "50", "parcel_type": "ground", "land_category": "pasture" }, "geometry": { "type": "MultiPolygon", "coordinates": [ [ [ [ 24.571148375464976, 49.810106772097498 ], [ 24.571271024138056, 49.810038361206658 ], [ 24.571227114788339, 49.809925018088087 ], [ 24.571096176746302, 49.809970304361059 ], [ 24.571148375464976, 49.810106772097498 ] ] ] ] } },
{ "type": "Feature", "properties": { "fid": 599, "parcel_number": "29", "parcel_type": "build", "land_category": "building" }, "geometry": { "type": "MultiPolygon", "coordinates": [ [ [ [ 24.571058659619197, 49.810156813739027 ], [ 24.571025681623116, 49.810042353990568 ], [ 24.570957943036593, 49.810053857495113 ], [ 24.570998738403578, 49.810162793402739 ], [ 24.571058659619197, 49.810156813739027 ] ] ] ] } },
{ "type": "Feature", "properties": { "fid": 600, "parcel_number": "28", "parcel_type": "build", "land_category": "yard" }, "geometry": { "type": "MultiPolygon", "coordinates": [ [ [ [ 24.571427075498026, 49.810929072342248 ], [ 24.571467602880308, 49.811020411891938 ], [ 24.571494520500377, 49.81101537807114 ], [ 24.571489156162556, 49.810999436219355 ], [ 24.571458016500856, 49.810924080692978 ], [ 24.571427075498026, 49.810929072342248 ] ] ], [ [ [ 24.571396636800312, 49.811033683144323 ], [ 24.571359436953358, 49.810939984331561 ], [ 24.571296205380314, 49.810950185353079 ], [ 24.571325157479382, 49.811030495061175 ], [ 24.57133022195092, 49.811046103278393 ], [ 24.571396636800312, 49.811033683144323 ] ] ] ] } },
{ "type": "Feature", "properties": { "fid": 601, "parcel_number": "34", "parcel_type": "build", "land_category": "yard" }, "geometry": { "type": "MultiPolygon", "coordinates": [ [ [ [ 24.572579001200193, 49.811309098802553 ], [ 24.572376219692075, 49.811303409397532 ], [ 24.572376219692075, 49.811248193976311 ], [ 24.572501001298843, 49.811249344298218 ], [ 24.572404741202192, 49.811008926423135 ], [ 24.572495088119133, 49.811001164077069 ], [ 24.572464235289715, 49.810916612543735 ], [ 24.572403363817742, 49.810898824870556 ], [ 24.572372654503319, 49.811020429697955 ], [ 24.572246090302166, 49.81103768460504 ], [ 24.572252377699442, 49.811059323656551 ], [ 24.572378002286463, 49.811041135585725 ], [ 24.57239761082467, 49.811089449289426 ], [ 24.572221133980808, 49.81111245579806 ], [ 24.572322741860603, 49.811301108756226 ], [ 24.572262802124502, 49.811307723099659 ], [ 24.572332323305417, 49.811352585579016 ], [ 24.572558712791984, 49.811323827584211 ], [ 24.572579001200193, 49.811309098802553 ] ] ] ] } },
{ "type": "Feature", "properties": { "fid": 602, "parcel_number": "69", "parcel_type": "ground", "land_category": "garden" }, "geometry": { "type": "MultiPolygon", "coordinates": [ [ [ [ 24.572868827201951, 49.810757973065648 ], [ 24.572841031177255, 49.810687121202086 ], [ 24.572742988486208, 49.810434621952417 ], [ 24.572657423955853, 49.81023331181192 ], [ 24.572557598670429, 49.81001819662211 ], [ 24.572496990461428, 49.809866350030156 ], [ 24.572416996538578, 49.809677691479592 ], [ 24.572240519694724, 49.809704149735289 ], [ 24.572259014111388, 49.809755340667202 ], [ 24.572348143830514, 49.809978509490676 ], [ 24.57244796911592, 49.810194775203847 ], [ 24.572556707373252, 49.810437497805538 ], [ 24.572628011148552, 49.810603146654785 ], [ 24.572749478318389, 49.81083716431538 ], [ 24.572817857450286, 49.810810782085269 ], [ 24.572808944478371, 49.810763043270143 ], [ 24.572868827201951, 49.810757973065648 ] ] ] ] } },
{ "type": "Feature", "properties": { "fid": 603, "parcel_number": "76", "parcel_type": "ground", "land_category": "garden" }, "geometry": { "type": "MultiPolygon", "coordinates": [ [ [ [ 24.574153243467066, 49.81082113507513 ], [ 24.574131629510116, 49.810619251373765 ], [ 24.574101325405611, 49.810353522825103 ], [ 24.574026456441548, 49.810062485121698 ], [ 24.573978326393224, 49.809879579108241 ], [ 24.573858971003244, 49.809565635514666 ], [ 24.573846637233281, 49.809567256864874 ], [ 24.573452027380704, 49.809595934067112 ], [ 24.573539808175148, 49.809847369172651 ], [ 24.573618242327978, 49.810057883721022 ], [ 24.573636068271799, 49.810163715825702 ], [ 24.573710937235862, 49.810377680026171 ], [ 24.573732328368447, 49.810642258105872 ], [ 24.573771768269225, 49.810770520437082 ], [ 24.574153243467066, 49.81082113507513 ] ] ] ] } },
{ "type": "Feature", "properties": { "fid": 604, "parcel_number": "58", "parcel_type": "ground", "land_category": "garden" }, "geometry": { "type": "MultiPolygon", "coordinates": [ [ [ [ 24.57207910199832, 49.810933022355428 ], [ 24.571955527417828, 49.810960612639043 ], [ 24.571941266662773, 49.810926102763759 ], [ 24.571912745152655, 49.810918050455975 ], [ 24.571691480624931, 49.810940769463748 ], [ 24.571821610014847, 49.811074207471442 ], [ 24.571905614775122, 49.811064142117317 ], [ 24.571927005907707, 49.811125109373137 ], [ 24.571785958127201, 49.811134024389929 ], [ 24.571947282918817, 49.811388245468834 ], [ 24.572262802124502, 49.811307723099659 ], [ 24.572129998843025, 49.811070756493123 ], [ 24.57207910199832, 49.810933022355428 ] ] ] ] } },
{ "type": "Feature", "properties": { "fid": 605, "parcel_number": "55", "parcel_type": "ground", "land_category": "pasture" }, "geometry": { "type": "MultiPolygon", "coordinates": [ [ [ [ 24.571418522179272, 49.809916906497939 ], [ 24.571468879151418, 49.809904024134354 ], [ 24.571495618067161, 49.809949463091222 ], [ 24.571448848865696, 49.809961978121784 ], [ 24.571493835472772, 49.810028837369245 ], [ 24.571513641789043, 49.810077622902988 ], [ 24.571696828408093, 49.810059609246366 ], [ 24.571557786046252, 49.809844493284544 ], [ 24.571420526278807, 49.809861748610871 ], [ 24.571388249515007, 49.80987191516202 ], [ 24.571418522179272, 49.809916906497939 ] ] ] ] } },
{ "type": "Feature", "properties": { "fid": 606, "parcel_number": "61", "parcel_type": "ground", "land_category": "garden" }, "geometry": { "type": "MultiPolygon", "coordinates": [ [ [ [ 24.571834742565617, 49.810028864038628 ], [ 24.571683342394678, 49.809816335702486 ], [ 24.571557786046252, 49.809844493284544 ], [ 24.571696828408093, 49.810059609246366 ], [ 24.571834742565617, 49.810028864038628 ] ] ] ] } },
{ "type": "Feature", "properties": { "fid": 608, "parcel_number": "62", "parcel_type": "ground", "land_category": "pasture" }, "geometry": { "type": "MultiPolygon", "coordinates": [ [ [ [ 24.571683342394678, 49.809816335702486 ], [ 24.571834742565617, 49.810028864038628 ], [ 24.571892913790158, 49.810015895919754 ], [ 24.571817903462524, 49.80978519448125 ], [ 24.571809131854181, 49.809788125842346 ], [ 24.571683342394678, 49.809816335702486 ] ] ] ] } },
{ "type": "Feature", "properties": { "fid": 612, "parcel_number": "56", "parcel_type": "ground", "land_category": "garden" }, "geometry": { "type": "MultiPolygon", "coordinates": [ [ [ [ 24.571513641789043, 49.810077622902988 ], [ 24.571620399673925, 49.810340581462448 ], [ 24.571729137931257, 49.8106212644633 ], [ 24.571766079560941, 49.810697713590741 ], [ 24.571950849401194, 49.810662894868202 ], [ 24.571923217894657, 49.810607172835049 ], [ 24.571832305581147, 49.810372503484139 ], [ 24.571696828408093, 49.810059609246366 ], [ 24.571513641789043, 49.810077622902988 ] ] ] ] } },
{ "type": "Feature", "properties": { "fid": 613, "parcel_number": "35", "parcel_type": "build", "land_category": "building" }, "geometry": { "type": "MultiPolygon", "coordinates": [ [ [ [ 24.571976906164672, 49.810715441177237 ], [ 24.572108607710426, 49.810706101730297 ], [ 24.572083651389079, 49.810650885627666 ], [ 24.571950849401194, 49.810662894868202 ], [ 24.571976906164672, 49.810715441177237 ] ] ] ] } },
{ "type": "Feature", "properties": { "fid": 614, "parcel_number": "34", "parcel_type": "build", "land_category": "building" }, "geometry": { "type": "MultiPolygon", "coordinates": [ [ [ [ 24.572262802124502, 49.811307723099659 ], [ 24.572322741860603, 49.811301108756226 ], [ 24.572221133980808, 49.81111245579806 ], [ 24.57239761082467, 49.811089449289426 ], [ 24.572378002286463, 49.811041135585725 ], [ 24.572133256960807, 49.811076570092801 ], [ 24.572262802124502, 49.811307723099659 ] ] ] ] } },
{ "type": "Feature", "properties": { "fid": 616, "parcel_number": "59", "parcel_type": "ground", "land_category": "garden" }, "geometry": { "type": "MultiPolygon", "coordinates": [ [ [ [ 24.572252377699442, 49.811059323656551 ], [ 24.572246090302166, 49.81103768460504 ], [ 24.572372654503319, 49.811020429697955 ], [ 24.572403363817742, 49.810898824870556 ], [ 24.572369757787449, 49.810889004620371 ], [ 24.57207910199832, 49.810933022355428 ], [ 24.572129998843025, 49.811070756493123 ], [ 24.572133256960807, 49.811076570092801 ], [ 24.572252377699442, 49.811059323656551 ] ] ] ] } },
{ "type": "Feature", "properties": { "fid": 617, "parcel_number": "34", "parcel_type": "build", "land_category": "building" }, "geometry": { "type": "MultiPolygon", "coordinates": [ [ [ [ 24.572501001298839, 49.811249344298218 ], [ 24.572508811080265, 49.8113071294908 ], [ 24.572579001200193, 49.811309098802553 ], [ 24.572601495057157, 49.81129276893062 ], [ 24.572495088119133, 49.811001164077069 ], [ 24.572404741202192, 49.811008926423135 ], [ 24.572501001298843, 49.811249344298218 ], [ 24.572501001298839, 49.811249344298218 ] ] ] ] } },
{ "type": "Feature", "properties": { "fid": 618, "parcel_number": "34", "parcel_type": "build", "land_category": "building" }, "geometry": { "type": "MultiPolygon", "coordinates": [ [ [ [ 24.572508811080265, 49.8113071294908 ], [ 24.572501001298839, 49.811249344298218 ], [ 24.572376219692075, 49.811248193976311 ], [ 24.572376219692075, 49.811303409397532 ], [ 24.572508811080265, 49.8113071294908 ] ] ] ] } },
{ "type": "Feature", "properties": { "fid": 619, "parcel_number": "33", "parcel_type": "build", "land_category": "building" }, "geometry": { "type": "MultiPolygon", "coordinates": [ [ [ [ 24.571785958127201, 49.811134024389929 ], [ 24.571927005907707, 49.811125109373137 ], [ 24.571905614775122, 49.811064142117317 ], [ 24.571821610014847, 49.811074207471442 ], [ 24.57177347996652, 49.811078808775491 ], [ 24.571785958127201, 49.811134024389929 ] ] ] ] } },
{ "type": "Feature", "properties": { "fid": 620, "parcel_number": "57", "parcel_type": "ground", "land_category": "garden" }, "geometry": { "type": "MultiPolygon", "coordinates": [ [ [ [ 24.571832528405441, 49.810835226641061 ], [ 24.571832528405455, 49.810835226641068 ], [ 24.57199896976519, 49.810826458736798 ], [ 24.572051589768002, 49.810939164963678 ], [ 24.57207910199832, 49.810933022355428 ], [ 24.572074738417161, 49.81092121386277 ], [ 24.572029338599766, 49.810824858947932 ], [ 24.571994521669954, 49.810750964767301 ], [ 24.571950849401194, 49.810662894868202 ], [ 24.571766079560941, 49.810697713590741 ], [ 24.571832528405441, 49.810835226641061 ] ] ] ] } },
{ "type": "Feature", "properties": { "fid": 621, "parcel_number": "32", "parcel_type": "build", "land_category": "yard" }, "geometry": { "type": "MultiPolygon", "coordinates": [ [ [ [ 24.571754626927905, 49.810934285725196 ], [ 24.571732703120023, 49.810897344515539 ], [ 24.571888680128485, 49.81087203724298 ], [ 24.571912745152655, 49.810918050455975 ], [ 24.571941266662773, 49.810926102763759 ], [ 24.572036482267112, 49.810906806367477 ], [ 24.572014612144336, 49.810859962983066 ], [ 24.571968896875696, 49.810868586250244 ], [ 24.571952388433512, 49.810828912577946 ], [ 24.571832528405441, 49.810835226641068 ], [ 24.571658122710012, 49.810861122242727 ], [ 24.571691480624931, 49.810940769463748 ], [ 24.571754626927905, 49.810934285725196 ] ] ] ] } },
{ "type": "Feature", "properties": { "fid": 623, "parcel_number": "32", "parcel_type": "build", "land_category": "building" }, "geometry": { "type": "MultiPolygon", "coordinates": [ [ [ [ 24.572036482267112, 49.810906806367477 ], [ 24.571941266662773, 49.810926102763759 ], [ 24.571955527417828, 49.810960612639043 ], [ 24.572051589768002, 49.810939164963678 ], [ 24.572036482267112, 49.810906806367477 ] ] ] ] } },
{ "type": "Feature", "properties": { "fid": 624, "parcel_number": "32", "parcel_type": "build", "land_category": "building" }, "geometry": { "type": "MultiPolygon", "coordinates": [ [ [ [ 24.571952388433512, 49.810828912577946 ], [ 24.571968896875696, 49.810868586250244 ], [ 24.572014612144336, 49.810859962983066 ], [ 24.57199896976519, 49.810826458736798 ], [ 24.571952388433512, 49.810828912577946 ] ] ] ] } },
{ "type": "Feature", "properties": { "fid": 625, "parcel_number": "32", "parcel_type": "build", "land_category": "building" }, "geometry": { "type": "MultiPolygon", "coordinates": [ [ [ [ 24.571912745152655, 49.810918050455975 ], [ 24.571888680128485, 49.81087203724298 ], [ 24.571732703120023, 49.810897344515539 ], [ 24.571754626927905, 49.810934285725196 ], [ 24.571912745152655, 49.810918050455975 ] ] ] ] } },
{ "type": "Feature", "properties": { "fid": 626, "parcel_number": "52", "parcel_type": "ground", "land_category": "garden" }, "geometry": { "type": "MultiPolygon", "coordinates": [ [ [ [ 24.571832528405455, 49.810835226641068 ], [ 24.571832528405441, 49.810835226641061 ], [ 24.571766079560941, 49.810697713590741 ], [ 24.571752088833946, 49.810700350055875 ], [ 24.571619184547863, 49.810763684497395 ], [ 24.571655828737281, 49.810855645025292 ], [ 24.571658122710012, 49.810861122242727 ], [ 24.571832528405441, 49.810835226641068 ], [ 24.571832528405455, 49.810835226641068 ] ] ] ] } },
{ "type": "Feature", "properties": { "fid": 627, "parcel_number": "54", "parcel_type": "ground", "land_category": "pasture" }, "geometry": { "type": "MultiPolygon", "coordinates": [ [ [ [ 24.571448848865696, 49.809961978121791 ], [ 24.571394010187362, 49.809974195670058 ], [ 24.571367271271619, 49.809928181559769 ], [ 24.571418522179272, 49.809916906497946 ], [ 24.571388249515007, 49.80987191516202 ], [ 24.571270788350688, 49.809908913138095 ], [ 24.571353876944212, 49.810098120412526 ], [ 24.571509655997936, 49.810078014845764 ], [ 24.571513641789043, 49.810077622902988 ], [ 24.571493835472772, 49.810028837369245 ], [ 24.571448848865696, 49.809961978121791 ] ] ] ] } },
{ "type": "Feature", "properties": { "fid": 628, "parcel_number": "53", "parcel_type": "ground", "land_category": "garden" }, "geometry": { "type": "MultiPolygon", "coordinates": [ [ [ [ 24.571766079560941, 49.810697713590741 ], [ 24.571729137931257, 49.8106212644633 ], [ 24.571620399673925, 49.810340581462448 ], [ 24.571513641789043, 49.810077622902988 ], [ 24.571509655997936, 49.810078014845764 ], [ 24.571353876944212, 49.810098120412526 ], [ 24.571425874061951, 49.810262070454719 ], [ 24.571559568640634, 49.810614074857561 ], [ 24.571619184547863, 49.810763684497395 ], [ 24.571752088833946, 49.810700350055875 ], [ 24.571766079560941, 49.810697713590741 ] ] ] ] } },
{ "type": "Feature", "properties": { "fid": 629, "parcel_number": "30", "parcel_type": "build", "land_category": "building" }, "geometry": { "type": "MultiPolygon", "coordinates": [ [ [ [ 24.571418522179272, 49.809916906497946 ], [ 24.571367271271619, 49.809928181559769 ], [ 24.571394010187362, 49.809974195670058 ], [ 24.571448848865696, 49.809961978121791 ], [ 24.571418522179272, 49.809916906497946 ] ] ] ] } },
{ "type": "Feature", "properties": { "fid": 630, "parcel_number": "31", "parcel_type": "build", "land_category": "building" }, "geometry": { "type": "MultiPolygon", "coordinates": [ [ [ [ 24.571448848865696, 49.809961978121784 ], [ 24.571495618067161, 49.809949463091222 ], [ 24.571468879151418, 49.809904024134354 ], [ 24.571418522179272, 49.809916906497939 ], [ 24.571448848865696, 49.809961978121784 ] ] ] ] } },
{ "type": "Feature", "properties": { "fid": 631, "parcel_number": "35", "parcel_type": "build", "land_category": "building" }, "geometry": { "type": "MultiPolygon", "coordinates": [ [ [ [ 24.572332574473901, 49.810703304894261 ], [ 24.572262133651602, 49.81070293830944 ], [ 24.572273720515092, 49.81078978851577 ], [ 24.572349087307057, 49.810785772762287 ], [ 24.572332574473901, 49.810703304894261 ] ] ] ] } },
{ "type": "Feature", "properties": { "fid": 632, "parcel_number": "35", "parcel_type": "build", "land_category": "yard" }, "geometry": { "type": "MultiPolygon", "coordinates": [ [ [ [ 24.57199769992507, 49.810757710179921 ], [ 24.572035298516411, 49.810752690267869 ], [ 24.572051341865858, 49.81078950093255 ], [ 24.572014821759563, 49.810794048936309 ], [ 24.572029338599766, 49.810824858947932 ], [ 24.572074738417161, 49.81092121386277 ], [ 24.57207910199832, 49.810933022355428 ], [ 24.57225695808485, 49.81090608732648 ], [ 24.572244753356351, 49.810870024163904 ], [ 24.572322296211986, 49.810856220190878 ], [ 24.572333799641211, 49.81089445022377 ], [ 24.572369757787449, 49.810889004620371 ], [ 24.572349087307053, 49.810785772762287 ], [ 24.572273720515092, 49.81078978851577 ], [ 24.572262133651602, 49.81070293830944 ], [ 24.572332574473901, 49.810703304894261 ], [ 24.572321317613032, 49.810679901839627 ], [ 24.572150275854096, 49.810702075558254 ], [ 24.572129244712034, 49.810646852692855 ], [ 24.572083651389079, 49.810650885627666 ], [ 24.572108607710426, 49.810706101730297 ], [ 24.571976906164675, 49.810715441177237 ], [ 24.571994521669954, 49.810750964767301 ], [ 24.57199769992507, 49.810757710179921 ] ], [ [ 24.57208877634789, 49.810898782428339 ], [ 24.572065602620917, 49.810851618865698 ], [ 24.572195732010837, 49.810832638394572 ], [ 24.572218905737806, 49.810879226810371 ], [ 24.57208877634789, 49.810898782428339 ] ] ] ] } },
{ "type": "Feature", "properties": { "fid": 633, "parcel_number": "35", "parcel_type": "build", "land_category": "building" }, "geometry": { "type": "MultiPolygon", "coordinates": [ [ [ [ 24.572129244712034, 49.810646852692855 ], [ 24.572150275854096, 49.810702075558254 ], [ 24.572321317613032, 49.810679901839627 ], [ 24.572298231187833, 49.810631905077798 ], [ 24.572129244712034, 49.810646852692855 ] ] ] ] } },
{ "type": "Feature", "properties": { "fid": 634, "parcel_number": null, "parcel_type": null, "land_category": null }, "geometry": { "type": "MultiPolygon", "coordinates": [ [ [ [ 24.571952388433512, 49.810828912577946 ], [ 24.57199208540306, 49.810826821395622 ], [ 24.571946118758856, 49.810829242855867 ], [ 24.571946118758856, 49.810829242855874 ], [ 24.571952388433512, 49.810828912577946 ] ] ], [ [ [ 24.572029338599766, 49.810824858947932 ], [ 24.57199208540306, 49.810826821395622 ], [ 24.57199896976519, 49.810826458736798 ], [ 24.572029338599766, 49.810824858947932 ] ] ] ] } },
{ "type": "Feature", "properties": { "fid": 635, "parcel_number": "35", "parcel_type": "build", "land_category": "building" }, "geometry": { "type": "MultiPolygon", "coordinates": [ [ [ [ 24.572333799641211, 49.81089445022377 ], [ 24.572322296211986, 49.810856220190878 ], [ 24.572244753356351, 49.810870024163904 ], [ 24.57225695808485, 49.81090608732648 ], [ 24.572333799641211, 49.81089445022377 ] ] ] ] } },
{ "type": "Feature", "properties": { "fid": 636, "parcel_number": "35", "parcel_type": "build", "land_category": "building" }, "geometry": { "type": "MultiPolygon", "coordinates": [ [ [ [ 24.57208877634789, 49.810898782428339 ], [ 24.572065602620917, 49.810851618865698 ], [ 24.572195732010837, 49.810832638394572 ], [ 24.572218905737806, 49.810879226810371 ], [ 24.57208877634789, 49.810898782428339 ] ] ] ] } },
{ "type": "Feature", "properties": { "fid": 637, "parcel_number": "35", "parcel_type": "build", "land_category": "building" }, "geometry": { "type": "MultiPolygon", "coordinates": [ [ [ [ 24.572014821759563, 49.810794048936309 ], [ 24.572051341865858, 49.81078950093255 ], [ 24.572035298516411, 49.810752690267869 ], [ 24.57199769992507, 49.810757710179921 ], [ 24.572014821759563, 49.810794048936309 ] ] ] ] } },
{ "type": "Feature", "properties": { "fid": 638, "parcel_number": "60", "parcel_type": "ground", "land_category": "garden" }, "geometry": { "type": "MultiPolygon", "coordinates": [ [ [ [ 24.572045994082711, 49.810549655942538 ], [ 24.571975581604601, 49.810338568361288 ], [ 24.571907843018067, 49.810166016521109 ], [ 24.571834742565617, 49.810028864038628 ], [ 24.571696828408093, 49.810059609246366 ], [ 24.571832305581147, 49.810372503484139 ], [ 24.571923217894657, 49.810607172835049 ], [ 24.571950849401194, 49.810662894868202 ], [ 24.572083651389079, 49.810650885627666 ], [ 24.572045994082711, 49.810549655942538 ] ] ] ] } },
{ "type": "Feature", "properties": { "fid": 639, "parcel_number": "63", "parcel_type": "ground", "land_category": "garden" }, "geometry": { "type": "MultiPolygon", "coordinates": [ [ [ [ 24.571918538584356, 49.810103897708046 ], [ 24.57197023382145, 49.810237338022965 ], [ 24.572070059106863, 49.810491563811709 ], [ 24.572129244712034, 49.810646852692848 ], [ 24.572129244712055, 49.810646852692855 ], [ 24.572298231187833, 49.810631905077798 ], [ 24.572237622978804, 49.810514570604553 ], [ 24.572143145476538, 49.810268397353816 ], [ 24.571996972737185, 49.809953201737684 ], [ 24.571902495234916, 49.809755340667202 ], [ 24.57181790346252, 49.80978519448125 ], [ 24.571817903462524, 49.80978519448125 ], [ 24.571892913790158, 49.810015895919754 ], [ 24.571918538584356, 49.810103897708046 ] ] ] ] } },
{ "type": "Feature", "properties": { "fid": 640, "parcel_number": "65", "parcel_type": "ground", "land_category": "garden" }, "geometry": { "type": "MultiPolygon", "coordinates": [ [ [ [ 24.572626228554167, 49.810858520853344 ], [ 24.572749478318389, 49.810837164315373 ], [ 24.572628011148552, 49.810603146654785 ], [ 24.572556707373252, 49.810437497805538 ], [ 24.57244796911592, 49.810194775203847 ], [ 24.572348143830514, 49.809978509490676 ], [ 24.572259014111388, 49.809755340667202 ], [ 24.572240519694724, 49.809704149735289 ], [ 24.572121085871096, 49.809706450452495 ], [ 24.572166319203504, 49.809858872723581 ], [ 24.572316057131623, 49.810220082830547 ], [ 24.572469360248519, 49.810547930434687 ], [ 24.572587011477761, 49.810780298269023 ], [ 24.572626228554167, 49.810858520853344 ] ] ] ] } },
{ "type": "Feature", "properties": { "fid": 641, "parcel_number": "64", "parcel_type": "ground", "land_category": "garden" }, "geometry": { "type": "MultiPolygon", "coordinates": [ [ [ [ 24.572481753281991, 49.810875887549869 ], [ 24.572626228554167, 49.810858520853344 ], [ 24.572587011477761, 49.810780298269023 ], [ 24.572469360248519, 49.810547930434687 ], [ 24.572316057131623, 49.810220082830547 ], [ 24.572166319203504, 49.809858872723581 ], [ 24.572121085871096, 49.809706450452495 ], [ 24.571971347942977, 49.809738660481848 ], [ 24.572031956151978, 49.809910063491856 ], [ 24.572270823799226, 49.81044727570476 ], [ 24.572445518048696, 49.810792376764567 ], [ 24.572481753281991, 49.810875887549869 ] ] ] ] } },
{ "type": "Feature", "properties": { "fid": 642, "parcel_number": "36", "parcel_type": "build", "land_category": "yard" }, "geometry": { "type": "MultiPolygon", "coordinates": [ [ [ [ 24.572602465100768, 49.811103928821161 ], [ 24.572595033152474, 49.811067305514513 ], [ 24.572726945136772, 49.811052351271208 ], [ 24.572750118863741, 49.811049475454652 ], [ 24.572727836433963, 49.810977004821162 ], [ 24.572785770751391, 49.810970678014677 ], [ 24.572822912599328, 49.811056870746292 ], [ 24.572853421308182, 49.811052497621006 ], [ 24.572852618040731, 49.811050625781306 ], [ 24.572751010160935, 49.810840115550754 ], [ 24.572749478318389, 49.810837164315373 ], [ 24.572626228554167, 49.810858520853344 ], [ 24.572481753281991, 49.810875887549869 ], [ 24.572581243063969, 49.811105180121402 ], [ 24.572602465100768, 49.811103928821161 ] ] ] ] } },
{ "type": "Feature", "properties": { "fid": 643, "parcel_number": "68", "parcel_type": "ground", "land_category": "garden" }, "geometry": { "type": "MultiPolygon", "coordinates": [ [ [ [ 24.573072312674, 49.81121613825254 ], [ 24.57299722153445, 49.81104094753497 ], [ 24.572936399976701, 49.81104832512802 ], [ 24.572853421308185, 49.811052497621006 ], [ 24.572936325562626, 49.811245687914557 ], [ 24.573072312674, 49.81121613825254 ] ] ] ] } },
{ "type": "Feature", "properties": { "fid": 644, "parcel_number": null, "parcel_type": "build", "land_category": "building" }, "geometry": { "type": "MultiPolygon", "coordinates": [ [ [ [ 24.573052317777719, 49.81103426441674 ], [ 24.573039790450892, 49.81099310941579 ], [ 24.572923921816024, 49.811006913349743 ], [ 24.572935262181076, 49.81104838234085 ], [ 24.572936399976701, 49.81104832512802 ], [ 24.573052317777719, 49.81103426441674 ] ] ] ] } },
{ "type": "Feature", "properties": { "fid": 645, "parcel_number": "38", "parcel_type": "build", "land_category": "yard" }, "geometry": { "type": "MultiPolygon", "coordinates": [ [ [ [ 24.572895853045438, 49.810805099482849 ], [ 24.572963212130137, 49.811002232524338 ], [ 24.573039790450892, 49.81099310941579 ], [ 24.573052317777719, 49.81103426441674 ], [ 24.573117575178738, 49.811026348760421 ], [ 24.573060513110633, 49.810923514522109 ], [ 24.573026643817368, 49.810790076098975 ], [ 24.57301264035306, 49.810745796563957 ], [ 24.572977903264391, 49.810748737715137 ], [ 24.572983638727852, 49.810798703594337 ], [ 24.572895853045438, 49.810805099482849 ] ] ] ] } },
{ "type": "Feature", "properties": { "fid": 646, "parcel_number": null, "parcel_type": "build", "land_category": "building" }, "geometry": { "type": "MultiPolygon", "coordinates": [ [ [ [ 24.572817857450286, 49.810810782085269 ], [ 24.572983638727852, 49.810798703594337 ], [ 24.572977903264391, 49.810748737715137 ], [ 24.572808944478371, 49.810763043270143 ], [ 24.572817857450286, 49.810810782085269 ] ] ] ] } },
{ "type": "Feature", "properties": { "fid": 647, "parcel_number": "70", "parcel_type": "ground", "land_category": "garden" }, "geometry": { "type": "MultiPolygon", "coordinates": [ [ [ [ 24.572416996538578, 49.809677691479592 ], [ 24.572496990461428, 49.809866350030156 ], [ 24.572557598670429, 49.81001819662211 ], [ 24.572657423955853, 49.81023331181192 ], [ 24.572742988486208, 49.810434621952417 ], [ 24.572841031177255, 49.810687121202086 ], [ 24.572868827201951, 49.810757973065648 ], [ 24.57301264035306, 49.810745796563957 ], [ 24.572990991929718, 49.810677343351365 ], [ 24.572866210322946, 49.810324189064779 ], [ 24.572761037254388, 49.810079165195482 ], [ 24.572652298997056, 49.809846793995078 ], [ 24.572588125599292, 49.80968689435278 ], [ 24.572416996538578, 49.809677691479592 ] ] ] ] } },
{ "type": "Feature", "properties": { "fid": 648, "parcel_number": "67", "parcel_type": "ground", "land_category": "garden" }, "geometry": { "type": "MultiPolygon", "coordinates": [ [ [ [ 24.572824159578545, 49.81127006130469 ], [ 24.572735858108686, 49.811096063661743 ], [ 24.572581243063969, 49.811105180121402 ], [ 24.572582777816141, 49.811108717241147 ], [ 24.572682603101558, 49.81130082117604 ], [ 24.572824159578545, 49.81127006130469 ] ] ] ] } },
{ "type": "Feature", "properties": { "fid": 649, "parcel_number": "36", "parcel_type": "build", "land_category": "building" }, "geometry": { "type": "MultiPolygon", "coordinates": [ [ [ [ 24.572822912599328, 49.811056870746292 ], [ 24.572785770751391, 49.810970678014677 ], [ 24.572727836433963, 49.810977004821162 ], [ 24.572750118863741, 49.811049475454652 ], [ 24.572758140538465, 49.811066155188271 ], [ 24.572822912599328, 49.811056870746292 ] ] ] ] } },
{ "type": "Feature", "properties": { "fid": 650, "parcel_number": "36", "parcel_type": "build", "land_category": "building" }, "geometry": { "type": "MultiPolygon", "coordinates": [ [ [ [ 24.572726945136772, 49.811052351271208 ], [ 24.572595033152474, 49.811067305514513 ], [ 24.572602465100768, 49.811103928821161 ], [ 24.572735858108686, 49.811096063661743 ], [ 24.572726945136772, 49.811052351271208 ] ] ] ] } },
{ "type": "Feature", "properties": { "fid": 651, "parcel_number": "66", "parcel_type": "ground", "land_category": "garden" }, "geometry": { "type": "MultiPolygon", "coordinates": [ [ [ [ 24.572735858108686, 49.811096063661743 ], [ 24.572824159578545, 49.81127006130469 ], [ 24.572936325562626, 49.811245687914557 ], [ 24.572853421308182, 49.811052497621006 ], [ 24.572758140538465, 49.811066155188271 ], [ 24.572750118863741, 49.811049475454652 ], [ 24.572726945136772, 49.811052351271208 ], [ 24.572735858108686, 49.811096063661743 ] ] ] ] } },
{ "type": "Feature", "properties": { "fid": 652, "parcel_number": "71", "parcel_type": "ground", "land_category": "garden" }, "geometry": { "type": "MultiPolygon", "coordinates": [ [ [ [ 24.57299722153445, 49.81104094753497 ], [ 24.573072312674, 49.81121613825254 ], [ 24.573206685849986, 49.811186939294686 ], [ 24.573117575178738, 49.811026348760421 ], [ 24.57299722153445, 49.81104094753497 ] ] ] ] } },
{ "type": "Feature", "properties": { "fid": 653, "parcel_number": "73", "parcel_type": "ground", "land_category": "garden" }, "geometry": { "type": "MultiPolygon", "coordinates": [ [ [ [ 24.572987986111002, 49.810668836346274 ], [ 24.573365674385172, 49.810627177500621 ], [ 24.573357983548139, 49.810611199014936 ], [ 24.573231419346989, 49.810337418017696 ], [ 24.573152985194156, 49.810159114434676 ], [ 24.573033551370539, 49.809894533713901 ], [ 24.572928370331773, 49.809638001443275 ], [ 24.572921470748806, 49.809638579249032 ], [ 24.572588125599292, 49.80968689435278 ], [ 24.572652298997056, 49.809846793995078 ], [ 24.572761037254388, 49.810079165195482 ], [ 24.572866210322946, 49.810324189064779 ], [ 24.572987986111002, 49.810668836346274 ] ] ] ] } },
{ "type": "Feature", "properties": { "fid": 654, "parcel_number": "74", "parcel_type": "ground", "land_category": "garden" }, "geometry": { "type": "MultiPolygon", "coordinates": [ [ [ [ 24.573383969987937, 49.81066518845126 ], [ 24.573733681737213, 49.810646659390592 ], [ 24.573732328368447, 49.810642258105872 ], [ 24.573710937235862, 49.810377680026171 ], [ 24.573636068271799, 49.810163715825702 ], [ 24.573618242327978, 49.810057883721022 ], [ 24.573539808175148, 49.809847369172651 ], [ 24.573452027380704, 49.809595934067112 ], [ 24.573450901280392, 49.809596015903402 ], [ 24.573154990612903, 49.809619023121904 ], [ 24.572928370331773, 49.809638001443275 ], [ 24.573033551370539, 49.809894533713901 ], [ 24.573152985194156, 49.810159114434676 ], [ 24.573231419346989, 49.810337418017696 ], [ 24.573357983548139, 49.810611199014936 ], [ 24.573383969987937, 49.81066518845126 ] ] ] ] } },
{ "type": "Feature", "properties": { "fid": 655, "parcel_number": "77", "parcel_type": "ground", "land_category": "garden" }, "geometry": { "type": "MultiPolygon", "coordinates": [ [ [ [ 24.573858971003244, 49.809565635514666 ], [ 24.573978326393224, 49.809879579108241 ], [ 24.574026456441548, 49.810062485121698 ], [ 24.574101325405611, 49.810353522825103 ], [ 24.574131629510116, 49.810619251373765 ], [ 24.574153243467066, 49.81082113507513 ], [ 24.574483023427813, 49.810816533746589 ], [ 24.574452719323304, 49.81078087343554 ], [ 24.57439567630307, 49.81056346000296 ], [ 24.574343981065986, 49.810339143533056 ], [ 24.574286938045738, 49.810125179162242 ], [ 24.574253068752473, 49.809933070561065 ], [ 24.574228112431122, 49.809772020846793 ], [ 24.574219199459208, 49.809594865542188 ], [ 24.574224547242355, 49.809521242367715 ], [ 24.574039157426586, 49.809541948896857 ], [ 24.573858971003244, 49.809565635514666 ] ] ] ] } },
{ "type": "Feature", "properties": { "fid": 656, "parcel_number": "72", "parcel_type": "ground", "land_category": "garden" }, "geometry": { "type": "MultiPolygon", "coordinates": [ [ [ [ 24.573427456723564, 49.810755536508267 ], [ 24.573025176932227, 49.810785437747313 ], [ 24.573026643817368, 49.810790076098975 ], [ 24.573060513110633, 49.810923514522109 ], [ 24.573493683545571, 49.810940769463748 ], [ 24.57343106991782, 49.810763043270128 ], [ 24.573427456723564, 49.810755536508267 ] ] ] ] } },
{ "type": "Feature", "properties": { "fid": 657, "parcel_number": "75", "parcel_type": "ground", "land_category": "garden" }, "geometry": { "type": "MultiPolygon", "coordinates": [ [ [ [ 24.573764860345729, 49.810748055208869 ], [ 24.573427456723564, 49.810755536508267 ], [ 24.57343106991782, 49.810763043270128 ], [ 24.573493683545571, 49.810940769463748 ], [ 24.573570335104012, 49.811092612685002 ], [ 24.573880506526557, 49.811060403556674 ], [ 24.573771768269225, 49.810770520437082 ], [ 24.573764860345729, 49.810748055208869 ] ] ] ] } },
{ "type": "Feature", "properties": { "fid": 658, "parcel_number": "40", "parcel_type": "build", "land_category": "yard" }, "geometry": { "type": "MultiPolygon", "coordinates": [ [ [ [ 24.573556809110112, 49.810752668359058 ], [ 24.573550503741448, 49.810716454742476 ], [ 24.573674394051025, 49.810711278236639 ], [ 24.573679481971283, 49.810749948315937 ], [ 24.573764860345729, 49.810748055208869 ], [ 24.573733681737213, 49.810646659390592 ], [ 24.573383969987937, 49.81066518845126 ], [ 24.573427456723564, 49.810755536508267 ], [ 24.573556809110112, 49.810752668359058 ] ] ] ] } },
{ "type": "Feature", "properties": { "fid": 659, "parcel_number": "39", "parcel_type": "build", "land_category": "yard" }, "geometry": { "type": "MultiPolygon", "coordinates": [ [ [ [ 24.573365674385172, 49.810627177500621 ], [ 24.572987986111002, 49.810668836346274 ], [ 24.572990991929718, 49.810677343351365 ], [ 24.573025176932227, 49.810785437747313 ], [ 24.573427456723564, 49.810755536508267 ], [ 24.573365674385172, 49.810627177500621 ] ], [ [ 24.573131594061572, 49.810727958086794 ], [ 24.57311733330652, 49.810683670196148 ], [ 24.573258158262725, 49.810672742009103 ], [ 24.573270636423405, 49.810712428571314 ], [ 24.573131594061572, 49.810727958086794 ] ] ] ] } },
{ "type": "Feature", "properties": { "fid": 660, "parcel_number": "40", "parcel_type": "build", "land_category": "building" }, "geometry": { "type": "MultiPolygon", "coordinates": [ [ [ [ 24.573679481971283, 49.810749948315937 ], [ 24.573674394051025, 49.810711278236639 ], [ 24.573550503741448, 49.810716454742476 ], [ 24.573556809110112, 49.810752668359058 ], [ 24.573679481971283, 49.810749948315937 ] ] ] ] } },
{ "type": "Feature", "properties": { "fid": 661, "parcel_number": "39", "parcel_type": "build", "land_category": "building" }, "geometry": { "type": "MultiPolygon", "coordinates": [ [ [ [ 24.573131594061572, 49.810727958086794 ], [ 24.57311733330652, 49.810683670196148 ], [ 24.573258158262725, 49.810672742009103 ], [ 24.573270636423405, 49.810712428571314 ], [ 24.573131594061572, 49.810727958086794 ] ] ] ] } },
{ "type": "Feature", "properties": { "fid": 662, "parcel_number": "42", "parcel_type": "build", "land_category": "building" }, "geometry": { "type": "MultiPolygon", "coordinates": [ [ [ [ 24.574538613361035, 49.810692559834855 ], [ 24.574558560864659, 49.810777422436281 ], [ 24.574487257089402, 49.810778572769337 ], [ 24.574487257089398, 49.810778572769344 ], [ 24.574487257089402, 49.810778572769351 ], [ 24.574587082374816, 49.81082286057319 ], [ 24.574581734591629, 49.810777422436281 ], [ 24.574718103061883, 49.810771670770322 ], [ 24.574725233439455, 49.810814808248246 ], [ 24.574751972355191, 49.810820559909054 ], [ 24.574718994359113, 49.810684245363824 ], [ 24.574538613361035, 49.810692559834855 ] ] ] ] } },
{ "type": "Feature", "properties": { "fid": 663, "parcel_number": "80", "parcel_type": "ground", "land_category": "garden" }, "geometry": { "type": "MultiPolygon", "coordinates": [ [ [ [ 24.574654612596472, 49.810510565298621 ], [ 24.574465460214181, 49.810486899948906 ], [ 24.574465865956803, 49.81048983830177 ], [ 24.574503300438835, 49.810642833274045 ], [ 24.57457825084072, 49.810690732787215 ], [ 24.574718994359113, 49.810684245363824 ], [ 24.574688690254611, 49.810610623846387 ], [ 24.574654612596472, 49.810510565298621 ] ] ] ] } },
{ "type": "Feature", "properties": { "fid": 664, "parcel_number": "78", "parcel_type": "ground", "land_category": "garden" }, "geometry": { "type": "MultiPolygon", "coordinates": [ [ [ [ 24.574441800932643, 49.810315561484757 ], [ 24.574603125724249, 49.810314411140652 ], [ 24.574566582539408, 49.810186147600795 ], [ 24.574527365462991, 49.810056733370772 ], [ 24.574472105037131, 49.809827813129864 ], [ 24.574425757583185, 49.809657560188356 ], [ 24.574390105695546, 49.809461998638149 ], [ 24.574265324088771, 49.809517216097092 ], [ 24.574258193711245, 49.809680567377619 ], [ 24.574304541165183, 49.810011869690278 ], [ 24.574375844940484, 49.8103138359686 ], [ 24.574441800932643, 49.810315561484757 ] ] ] ] } },
{ "type": "Feature", "properties": { "fid": 665, "parcel_number": "46", "parcel_type": "build", "land_category": "building" }, "geometry": { "type": "MultiPolygon", "coordinates": [ [ [ [ 24.575198273232154, 49.810654833589318 ], [ 24.575212773003027, 49.810690572207747 ], [ 24.575135230147389, 49.810698624553368 ], [ 24.575099578259742, 49.810592218449528 ], [ 24.575171425526669, 49.810585749022096 ], [ 24.575139285864061, 49.810503047180667 ], [ 24.575113421739101, 49.810436493564744 ], [ 24.575098572727825, 49.810400901994029 ], [ 24.575036296159166, 49.81041276546339 ], [ 24.575066600263664, 49.810538152555793 ], [ 24.574930251808862, 49.810542960643069 ], [ 24.574989057408029, 49.810750389600379 ], [ 24.57492736730217, 49.810751193832921 ], [ 24.574940036062518, 49.810807331088142 ], [ 24.575199403545156, 49.810771095603684 ], [ 24.575233272838421, 49.810741186929398 ], [ 24.575211881705837, 49.810705526562835 ], [ 24.575261086070075, 49.810698278751467 ], [ 24.57523371133215, 49.810643399207876 ], [ 24.575233711330689, 49.8106433992047 ], [ 24.575198273232154, 49.810654833589318 ] ], [ [ 24.574989057408029, 49.810750389600379 ], [ 24.575112947717614, 49.810713003738648 ], [ 24.575146817010875, 49.81074808893279 ], [ 24.575012231134995, 49.810786049933881 ], [ 24.574989057408029, 49.810750389600379 ] ] ] ] } },
{ "type": "Feature", "properties": { "fid": 666, "parcel_number": "85", "parcel_type": "ground", "land_category": "garden" }, "geometry": { "type": "MultiPolygon", "coordinates": [ [ [ [ 24.574743059383263, 49.810248841481133 ], [ 24.575005100757473, 49.81024308975239 ], [ 24.574962318492297, 49.810156813738985 ], [ 24.574850015046206, 49.809889932297274 ], [ 24.574766233110228, 49.809735784587197 ], [ 24.574686016363014, 49.809564380960062 ], [ 24.57468423376864, 49.809448194263581 ], [ 24.574525582868599, 49.809470051188185 ], [ 24.574545191406809, 49.809554027701395 ], [ 24.574593321455129, 49.809738085302918 ], [ 24.574646799286608, 49.809917540790515 ], [ 24.574743059383263, 49.810248841481133 ] ] ] ] } },
{ "type": "Feature", "properties": { "fid": 667, "parcel_number": "74", "parcel_type": "ground", "land_category": "garden" }, "geometry": { "type": "MultiPolygon", "coordinates": [ [ [ [ 24.574603125724249, 49.810314411140652 ], [ 24.574762483347328, 49.810284087488931 ], [ 24.574743059383263, 49.810248841481133 ], [ 24.574646799286608, 49.809917540790515 ], [ 24.574593321455129, 49.809738085302918 ], [ 24.574545191406809, 49.809554027701395 ], [ 24.574525582868599, 49.809470051188185 ], [ 24.574390105695546, 49.809461998638149 ], [ 24.574425757583185, 49.809657560188356 ], [ 24.574472105037131, 49.809827813129864 ], [ 24.574527365462991, 49.810056733370772 ], [ 24.574566582539408, 49.810186147600795 ], [ 24.574603125724249, 49.810314411140652 ] ] ] ] } },
{ "type": "Feature", "properties": { "fid": 668, "parcel_number": "81", "parcel_type": "ground", "land_category": "garden" }, "geometry": { "type": "MultiPolygon", "coordinates": [ [ [ [ 24.574905393864224, 49.810671737032663 ], [ 24.574783994264426, 49.810673558917109 ], [ 24.574799211106303, 49.810837814887421 ], [ 24.57488655823105, 49.810823435739223 ], [ 24.574940036062518, 49.810807331088142 ], [ 24.574926666604647, 49.81074808893279 ], [ 24.574905393864224, 49.810671737032663 ] ] ] ] } },
{ "type": "Feature", "properties": { "fid": 669, "parcel_number": "45", "parcel_type": "build", "land_category": "building" }, "geometry": { "type": "MultiPolygon", "coordinates": [ [ [ [ 24.574892348076787, 49.810624913227194 ], [ 24.574779602568103, 49.810626153394544 ], [ 24.574783994264426, 49.810673558917109 ], [ 24.574905393864224, 49.810671737032663 ], [ 24.574892348076787, 49.810624913227194 ] ] ] ] } },
{ "type": "Feature", "properties": { "fid": 670, "parcel_number": "82", "parcel_type": "ground", "land_category": "pasture" }, "geometry": { "type": "MultiPolygon", "coordinates": [ [ [ [ 24.574870795253474, 49.810547556056456 ], [ 24.574710972684379, 49.810546204926773 ], [ 24.574722559547869, 49.810626153394544 ], [ 24.574779602568103, 49.810626153394544 ], [ 24.574892348076787, 49.810624913227194 ], [ 24.574870795253474, 49.810547556056456 ] ] ] ] } },
{ "type": "Feature", "properties": { "fid": 671, "parcel_number": "83", "parcel_type": "ground", "land_category": "garden" }, "geometry": { "type": "MultiPolygon", "coordinates": [ [ [ [ 24.574762483347328, 49.810284087488931 ], [ 24.574603125724249, 49.810314411140652 ], [ 24.574606690913019, 49.810363875912749 ], [ 24.574653038366954, 49.810505943058473 ], [ 24.574688690254611, 49.810610623846387 ], [ 24.574718994359113, 49.810684245363824 ], [ 24.574745189096401, 49.81079252130916 ], [ 24.574722559547869, 49.810626153394544 ], [ 24.574710972684379, 49.810546204926773 ], [ 24.574870795253474, 49.810547556056456 ], [ 24.574833080399568, 49.810412190292503 ], [ 24.574762483347328, 49.810284087488931 ] ] ] ] } },
{ "type": "Feature", "properties": { "fid": 672, "parcel_number": "86", "parcel_type": "ground", "land_category": "orchard" }, "geometry": { "type": "MultiPolygon", "coordinates": [ [ [ [ 24.575005100757473, 49.81024308975239 ], [ 24.574743059383263, 49.810248841481133 ], [ 24.574833080399568, 49.810412190292503 ], [ 24.575036296159166, 49.81041276546339 ], [ 24.575005100757473, 49.81024308975239 ] ] ] ] } },
{ "type": "Feature", "properties": { "fid": 673, "parcel_number": "79", "parcel_type": "ground", "land_category": "pasture" }, "geometry": { "type": "MultiPolygon", "coordinates": [ [ [ [ 24.574606690913019, 49.810363875912749 ], [ 24.574448539541304, 49.810364361904014 ], [ 24.574465460214181, 49.810486899948906 ], [ 24.574654612596472, 49.810510565298621 ], [ 24.574653038366954, 49.810505943058473 ], [ 24.574606690913019, 49.810363875912749 ] ] ] ] } },
{ "type": "Feature", "properties": { "fid": 674, "parcel_number": "41", "parcel_type": "build", "land_category": "building" }, "geometry": { "type": "MultiPolygon", "coordinates": [ [ [ [ 24.574448539541304, 49.810364361904014 ], [ 24.574606690913019, 49.810363875912749 ], [ 24.574603125724249, 49.810314411140652 ], [ 24.574441800932643, 49.810315561484757 ], [ 24.574448539541304, 49.810364361904014 ] ] ] ] } },
{ "type": "Feature", "properties": { "fid": 675, "parcel_number": "46", "parcel_type": "build", "land_category": "building" }, "geometry": { "type": "MultiPolygon", "coordinates": [ [ [ [ 24.57492736730217, 49.810751193832921 ], [ 24.574989057408029, 49.810750389600379 ], [ 24.574893226997535, 49.810412360528176 ], [ 24.574833080399568, 49.810412190292503 ], [ 24.574926666604647, 49.81074808893279 ], [ 24.57492736730217, 49.810751193832921 ] ] ] ] } },
{ "type": "Feature", "properties": { "fid": 676, "parcel_number": "87", "parcel_type": "ground", "land_category": "pasture" }, "geometry": { "type": "MultiPolygon", "coordinates": [ [ [ [ 24.574930251808862, 49.810542960643069 ], [ 24.575066600263664, 49.810538152555793 ], [ 24.575036296159166, 49.81041276546339 ], [ 24.574893226997535, 49.810412360528176 ], [ 24.574930251808862, 49.810542960643069 ] ] ] ] } },
{ "type": "Feature", "properties": { "fid": 677, "parcel_number": "46", "parcel_type": "build", "land_category": "building" }, "geometry": { "type": "MultiPolygon", "coordinates": [ [ [ [ 24.575261086070075, 49.810698278751467 ], [ 24.575211881705837, 49.810705526562835 ], [ 24.575233272838421, 49.810741186929398 ], [ 24.575279620292367, 49.810735435259147 ], [ 24.575261086070075, 49.810698278751467 ] ] ] ] } },
{ "type": "Feature", "properties": { "fid": 678, "parcel_number": "46", "parcel_type": "build", "land_category": "building" }, "geometry": { "type": "MultiPolygon", "coordinates": [ [ [ [ 24.575171425526669, 49.810585749022096 ], [ 24.575099578259742, 49.810592218449528 ], [ 24.575135230147389, 49.810698624553368 ], [ 24.575212773003027, 49.810690572207747 ], [ 24.575198273232154, 49.810654833589318 ], [ 24.575171425526669, 49.810585749022096 ] ] ] ] } },
{ "type": "Feature", "properties": { "fid": 679, "parcel_number": "46", "parcel_type": "build", "land_category": "building" }, "geometry": { "type": "MultiPolygon", "coordinates": [ [ [ [ 24.574989057408029, 49.810750389600379 ], [ 24.575012231134995, 49.810786049933881 ], [ 24.575146817010875, 49.81074808893279 ], [ 24.575112947717614, 49.810713003738648 ], [ 24.574989057408029, 49.810750389600379 ] ] ] ] } },
{ "type": "Feature", "properties": { "fid": 680, "parcel_number": "37", "parcel_type": "build", "land_category": "building" }, "geometry": { "type": "MultiPolygon", "coordinates": [ [ [ [ 24.572825879124945, 49.810968377357561 ], [ 24.572881139550805, 49.810965501536018 ], [ 24.572869552687319, 49.810903958914103 ], [ 24.572814292261466, 49.810909710564331 ], [ 24.572825879124945, 49.810968377357561 ] ] ] ] } },
{ "type": "Feature", "properties": { "fid": 681, "parcel_number": "42", "parcel_type": "build", "land_category": "building" }, "geometry": { "type": "MultiPolygon", "coordinates": [ [ [ [ 24.574725233439455, 49.810814808248246 ], [ 24.574718103061883, 49.810771670770322 ], [ 24.574581734591629, 49.810777422436281 ], [ 24.574587082374816, 49.81082286057319 ], [ 24.574725233439455, 49.810814808248246 ] ] ] ] } },
{ "type": "Feature", "properties": { "fid": 682, "parcel_number": "42", "parcel_type": "build", "land_category": "building" }, "geometry": { "type": "MultiPolygon", "coordinates": [ [ [ [ 24.574487257089398, 49.810778572769344 ], [ 24.574487257089402, 49.810778572769337 ], [ 24.574558560864659, 49.810777422436281 ], [ 24.574538613361035, 49.810692559834855 ], [ 24.57446943114558, 49.810695748715794 ], [ 24.574487257089398, 49.810778572769344 ] ] ] ] } },
{ "type": "Feature", "properties": { "fid": 683, "parcel_number": "37", "parcel_type": "build", "land_category": "yard" }, "geometry": { "type": "MultiPolygon", "coordinates": [ [ [ [ 24.572963212130137, 49.811002232524338 ], [ 24.572895853045438, 49.810805099482849 ], [ 24.572817857450286, 49.810810782085269 ], [ 24.572749478318389, 49.81083716431538 ], [ 24.572751010160935, 49.810840115550754 ], [ 24.572852618040731, 49.811050625781306 ], [ 24.572853421308185, 49.811052497621006 ], [ 24.572935262181076, 49.81104838234085 ], [ 24.572923921816024, 49.811006913349743 ], [ 24.572963212130137, 49.811002232524338 ] ], [ [ 24.572825879124945, 49.810968377357561 ], [ 24.572814292261466, 49.810909710564331 ], [ 24.572869552687319, 49.810903958914103 ], [ 24.572881139550805, 49.810965501536018 ], [ 24.572825879124945, 49.810968377357561 ] ] ] ] } },
{ "type": "Feature", "properties": { "fid": 684, "parcel_number": null, "parcel_type": "ground", "land_category": "pasture" }, "geometry": { "type": "MultiPolygon", "coordinates": [ [ [ [ 24.5669495567433, 49.811507303297752 ], [ 24.566965600092747, 49.81155906747987 ], [ 24.567329225314683, 49.811562747924185 ], [ 24.567434121531804, 49.811556842093474 ], [ 24.567436205009706, 49.811105841427903 ], [ 24.567307858214164, 49.811118495004706 ], [ 24.5670101649523, 49.811153004742813 ], [ 24.566851514052267, 49.811186364132951 ], [ 24.5669495567433, 49.811507303297752 ] ], [ [ 24.566969667112861, 49.811235585882436 ], [ 24.566956939388902, 49.811178777185397 ], [ 24.567176492627187, 49.811166457218221 ], [ 24.567182856489161, 49.811225319255385 ], [ 24.566969667112861, 49.811235585882436 ] ] ] ] } },
{ "type": "Feature", "properties": { "fid": 685, "parcel_number": "357", "parcel_type": "ground", "land_category": "field" }, "geometry": { "type": "MultiPolygon", "coordinates": [ [ [ [ 24.578782945970278, 49.803842544550548 ], [ 24.57858455027738, 49.803766209481253 ], [ 24.578370000486121, 49.803765316113243 ], [ 24.578361725979569, 49.80381337994794 ], [ 24.578254770316622, 49.804097552274797 ], [ 24.578183466541326, 49.804344907395745 ], [ 24.578067597906465, 49.804688901486223 ], [ 24.578052460346839, 49.804739145612849 ], [ 24.578297552581805, 49.804770585342567 ], [ 24.578456203481839, 49.804451902475087 ], [ 24.578679027779639, 49.804030823700124 ], [ 24.578782945970278, 49.803842544550548 ] ] ] ] } },
{ "type": "Feature", "properties": { "fid": 686, "parcel_number": "368", "parcel_type": "ground", "land_category": "garden" }, "geometry": { "type": "MultiPolygon", "coordinates": [ [ [ [ 24.577373032482996, 49.803894688306002 ], [ 24.577332277723684, 49.804210875591757 ], [ 24.57728444006883, 49.804565398581879 ], [ 24.577511336972474, 49.80452897862412 ], [ 24.577531036997335, 49.804392652541047 ], [ 24.577557775913071, 49.80393820888807 ], [ 24.577373032482996, 49.803894688306002 ] ] ] ] } },
{ "type": "Feature", "properties": { "fid": 687, "parcel_number": null, "parcel_type": "ground", "land_category": "garden" }, "geometry": { "type": "MultiPolygon", "coordinates": [ [ [ [ 24.578344645478847, 49.804949009147371 ], [ 24.578261009396964, 49.804970767731668 ], [ 24.578240509561557, 49.804936253585701 ], [ 24.578162075408738, 49.804930501225634 ], [ 24.578137119092041, 49.80493673113628 ], [ 24.578170097083465, 49.804985723853939 ], [ 24.578042641585121, 49.805019087494671 ], [ 24.578004488430857, 49.804969840075316 ], [ 24.577973120404195, 49.804977670557896 ], [ 24.578064032717705, 49.805069708147037 ], [ 24.578358160790803, 49.804989175266101 ], [ 24.578366876602701, 49.804986313367031 ], [ 24.578344645478847, 49.804949009147371 ] ] ] ] } },
{ "type": "Feature", "properties": { "fid": 688, "parcel_number": "82", "parcel_type": "build", "land_category": "building" }, "geometry": { "type": "MultiPolygon", "coordinates": [ [ [ [ 24.578609670840684, 49.804904030010285 ], [ 24.578575637305455, 49.804861472851698 ], [ 24.578336607608794, 49.804935521459029 ], [ 24.578366876602701, 49.804986313367031 ], [ 24.5785613765504, 49.804922447920426 ], [ 24.578609670840684, 49.804904030010285 ] ] ] ] } },
{ "type": "Feature", "properties": { "fid": 689, "parcel_number": "348", "parcel_type": "ground", "land_category": "field" }, "geometry": { "type": "MultiPolygon", "coordinates": [ [ [ [ 24.57863035946626, 49.804762738758882 ], [ 24.578717649742369, 49.804862850282895 ], [ 24.578718244856052, 49.80486262332542 ], [ 24.579285109869662, 49.804566950683657 ], [ 24.579737888842793, 49.804300038421133 ], [ 24.580161316258451, 49.804051699778739 ], [ 24.579617578038331, 49.804001954433332 ], [ 24.579589933509045, 49.804031974193578 ], [ 24.579128241564, 49.804403582145952 ], [ 24.579210240905596, 49.804480664552855 ], [ 24.578884026133618, 49.804641731872607 ], [ 24.57863035946626, 49.804762738758882 ] ] ] ] } },
{ "type": "Feature", "properties": { "fid": 690, "parcel_number": "347", "parcel_type": "ground", "land_category": "pasture" }, "geometry": { "type": "MultiPolygon", "coordinates": [ [ [ [ 24.579617578038331, 49.804001954433332 ], [ 24.580161316258451, 49.804051699778739 ], [ 24.580187102627168, 49.804036576167086 ], [ 24.580399231358669, 49.803885861307187 ], [ 24.579775377212624, 49.803830597079731 ], [ 24.579617578038331, 49.804001954433332 ] ] ] ] } },
{ "type": "Feature", "properties": { "fid": 691, "parcel_number": "352", "parcel_type": "ground", "land_category": "pasture" }, "geometry": { "type": "MultiPolygon", "coordinates": [ [ [ [ 24.578320726308785, 49.804860897614844 ], [ 24.578388464895305, 49.80485859666733 ], [ 24.578388464895308, 49.80485859666733 ], [ 24.578352813007658, 49.804802798656468 ], [ 24.578488290180722, 49.80475275296314 ], [ 24.578528398554333, 49.804807400556697 ], [ 24.578556028767252, 49.80479819675579 ], [ 24.578525724662754, 49.804768859628709 ], [ 24.57856494173917, 49.804755053915692 ], [ 24.578534637634668, 49.804723991047041 ], [ 24.578575830933762, 49.804705961496985 ], [ 24.578541768012197, 49.804670493837584 ], [ 24.578297552581805, 49.804770585342567 ], [ 24.578290422204283, 49.804819480542733 ], [ 24.578320726308785, 49.804860897614844 ] ] ] ] } },
{ "type": "Feature", "properties": { "fid": 692, "parcel_number": "349", "parcel_type": "ground", "land_category": "garden" }, "geometry": { "type": "MultiPolygon", "coordinates": [ [ [ [ 24.578717649742369, 49.804862850282895 ], [ 24.57863035946626, 49.804762738758882 ], [ 24.578556028767252, 49.80479819675579 ], [ 24.578575637305455, 49.804861472851698 ], [ 24.578609670840684, 49.804904030010285 ], [ 24.578717649742369, 49.804862850282895 ] ] ] ] } },
{ "type": "Feature", "properties": { "fid": 693, "parcel_number": "353", "parcel_type": "ground", "land_category": "field" }, "geometry": { "type": "MultiPolygon", "coordinates": [ [ [ [ 24.579586846474449, 49.80403445889494 ], [ 24.579146178411698, 49.803933539490629 ], [ 24.579089024487597, 49.803976750477339 ], [ 24.578964242880829, 49.804134368000774 ], [ 24.57885015684035, 49.804266674284847 ], [ 24.578605941409961, 49.804638280435654 ], [ 24.578541768012197, 49.804670493837584 ], [ 24.57863035946626, 49.804762738758882 ], [ 24.578884026133618, 49.804641731872607 ], [ 24.579210240905596, 49.804480664552855 ], [ 24.579128241564, 49.804403582145952 ], [ 24.579586846474449, 49.80403445889494 ] ] ] ] } },
{ "type": "Feature", "properties": { "fid": 694, "parcel_number": "354", "parcel_type": "ground", "land_category": "pasture" }, "geometry": { "type": "MultiPolygon", "coordinates": [ [ [ [ 24.579146178411698, 49.803933539490629 ], [ 24.579586846474449, 49.80403445889494 ], [ 24.579589933509045, 49.804031974193578 ], [ 24.579775377212624, 49.803830597079731 ], [ 24.579762845164154, 49.803829486926048 ], [ 24.57930293581348, 49.803736296478547 ], [ 24.57929305425597, 49.803733952558993 ], [ 24.57915141529098, 49.803929580169822 ], [ 24.579146178411698, 49.803933539490629 ] ] ] ] } },
{ "type": "Feature", "properties": { "fid": 695, "parcel_number": "356", "parcel_type": "ground", "land_category": "field" }, "geometry": { "type": "MultiPolygon", "coordinates": [ [ [ [ 24.5790823237067, 49.803985214549229 ], [ 24.57875929784085, 49.803885390270537 ], [ 24.578679027779639, 49.804030823700124 ], [ 24.578456203481839, 49.804451902475087 ], [ 24.578297552581805, 49.804770585342567 ], [ 24.578541768012197, 49.804670493837584 ], [ 24.578605941409961, 49.804638280435654 ], [ 24.57885015684035, 49.804266674284847 ], [ 24.578964242880829, 49.804134368000774 ], [ 24.5790823237067, 49.803985214549229 ] ] ] ] } },
{ "type": "Feature", "properties": { "fid": 696, "parcel_number": "355", "parcel_type": "ground", "land_category": "pasture" }, "geometry": { "type": "MultiPolygon", "coordinates": [ [ [ [ 24.57875929784085, 49.803885390270537 ], [ 24.5790823237067, 49.803985214549229 ], [ 24.579089024487597, 49.803976750477339 ], [ 24.57915141529098, 49.803929580169822 ], [ 24.57929305425597, 49.803733952558993 ], [ 24.57889272916216, 49.803638994874852 ], [ 24.578826983113384, 49.803762757981879 ], [ 24.57875929784085, 49.803885390270537 ] ] ] ] } },
{ "type": "Feature", "properties": { "fid": 697, "parcel_number": "359", "parcel_type": "ground", "land_category": "pasture" }, "geometry": { "type": "MultiPolygon", "coordinates": [ [ [ [ 24.578370638951473, 49.803761607482052 ], [ 24.578377523774328, 49.803765347439608 ], [ 24.57858455027738, 49.803766209481253 ], [ 24.578683975714327, 49.803575532674209 ], [ 24.578675462590873, 49.803572925137743 ], [ 24.578375986734628, 49.803540711005454 ], [ 24.578370638951473, 49.803761607482052 ] ] ] ] } },
{ "type": "Feature", "properties": { "fid": 698, "parcel_number": "358", "parcel_type": "ground", "land_category": "pasture" }, "geometry": { "type": "MultiPolygon", "coordinates": [ [ [ [ 24.57858455027738, 49.803766209481253 ], [ 24.578782945970278, 49.803842544550548 ], [ 24.578826983113384, 49.803762757981879 ], [ 24.57889272916216, 49.803638994874852 ], [ 24.578885808727996, 49.803637353337983 ], [ 24.578683975714327, 49.803575532674209 ], [ 24.57858455027738, 49.803766209481253 ] ] ] ] } },
{ "type": "Feature", "properties": { "fid": 699, "parcel_number": "80", "parcel_type": "build", "land_category": "building" }, "geometry": { "type": "MultiPolygon", "coordinates": [ [ [ [ 24.578074483379492, 49.804741970664381 ], [ 24.57804442417951, 49.804820055780098 ], [ 24.578098793308179, 49.804830410051331 ], [ 24.57811572795481, 49.804788417715422 ], [ 24.578172770975041, 49.804797621518183 ], [ 24.57818795915038, 49.804756527011165 ], [ 24.578074483379492, 49.804741970664381 ] ] ] ] } },
{ "type": "Feature", "properties": { "fid": 701, "parcel_number": "78", "parcel_type": "build", "land_category": "building" }, "geometry": { "type": "MultiPolygon", "coordinates": [ [ [ [ 24.578290422204283, 49.804819480542733 ], [ 24.578184357838527, 49.804858021430427 ], [ 24.57821555324022, 49.804894836578065 ], [ 24.578320726308785, 49.804860897614844 ], [ 24.578290422204283, 49.804819480542733 ] ] ] ] } },
{ "type": "Feature", "properties": { "fid": 702, "parcel_number": "78", "parcel_type": "build", "land_category": "yard" }, "geometry": { "type": "MultiPolygon", "coordinates": [ [ [ [ 24.578290422204283, 49.804819480542733 ], [ 24.578297552581805, 49.804770585342567 ], [ 24.57818795915038, 49.804756527011165 ], [ 24.578172770975041, 49.804797621518183 ], [ 24.57811572795481, 49.804788417715422 ], [ 24.578098793308179, 49.804830410051331 ], [ 24.57804442417951, 49.804820055780098 ], [ 24.578074483379492, 49.804741970664381 ], [ 24.578052460346839, 49.804739145612849 ], [ 24.57801768526376, 49.804854570008899 ], [ 24.577974902998577, 49.80484881763914 ], [ 24.577864382146867, 49.804958112547673 ], [ 24.577857251769345, 49.805001830441988 ], [ 24.577973120404195, 49.804977670557896 ], [ 24.578162075408738, 49.804930501225634 ], [ 24.578240509561557, 49.804936253585701 ], [ 24.578326074091919, 49.80491784603111 ], [ 24.578299206539512, 49.804867841965404 ], [ 24.57821555324022, 49.804894836578065 ], [ 24.578184357838527, 49.804858021430427 ], [ 24.578290422204283, 49.804819480542733 ] ], [ [ 24.578023033046879, 49.804861472851734 ], [ 24.578056902340144, 49.804882181374239 ], [ 24.578000750617093, 49.804913244141417 ], [ 24.577969555215404, 49.804884482320638 ], [ 24.578023033046879, 49.804861472851734 ] ] ] ] } },
{ "type": "Feature", "properties": { "fid": 703, "parcel_number": "81", "parcel_type": "build", "land_category": "building" }, "geometry": { "type": "MultiPolygon", "coordinates": [ [ [ [ 24.578004488430857, 49.804969840075316 ], [ 24.578042641585121, 49.805019087494671 ], [ 24.578170097083465, 49.804985723853939 ], [ 24.578137119092041, 49.80493673113628 ], [ 24.578004488430857, 49.804969840075316 ] ] ] ] } },
{ "type": "Feature", "properties": { "fid": 704, "parcel_number": "82", "parcel_type": "build", "land_category": "building" }, "geometry": { "type": "MultiPolygon", "coordinates": [ [ [ [ 24.578240509561557, 49.804936253585701 ], [ 24.578261009396964, 49.804970767731668 ], [ 24.578344645478847, 49.804949009147371 ], [ 24.578326074091919, 49.80491784603111 ], [ 24.578240509561557, 49.804936253585701 ] ] ] ] } },
{ "type": "Feature", "properties": { "fid": 705, "parcel_number": null, "parcel_type": "build", "land_category": "building" }, "geometry": { "type": "MultiPolygon", "coordinates": [ [ [ [ 24.578393640466953, 49.804917853345913 ], [ 24.578367965059911, 49.804886783266916 ], [ 24.578318554340957, 49.804903850780796 ], [ 24.578326074091919, 49.80491784603111 ], [ 24.578336607608794, 49.804935521459029 ], [ 24.578393640466953, 49.804917853345913 ] ] ] ] } },
{ "type": "Feature", "properties": { "fid": 706, "parcel_number": "84", "parcel_type": "build", "land_category": "building" }, "geometry": { "type": "MultiPolygon", "coordinates": [ [ [ [ 24.578575830933762, 49.804705961496985 ], [ 24.578534637634668, 49.804723991047041 ], [ 24.57856494173917, 49.804755053915692 ], [ 24.578525724662754, 49.804768859628709 ], [ 24.578556028767252, 49.80479819675579 ], [ 24.57863035946626, 49.804762738758882 ], [ 24.578575830933762, 49.804705961496985 ] ] ] ] } },
{ "type": "Feature", "properties": { "fid": 708, "parcel_number": "75", "parcel_type": "build", "land_category": "building" }, "geometry": { "type": "MultiPolygon", "coordinates": [ [ [ [ 24.577864382146867, 49.804958112547673 ], [ 24.577864382146863, 49.804958112547673 ], [ 24.577809121721025, 49.804956962076247 ], [ 24.577821599881698, 49.804910943196369 ], [ 24.577785947994048, 49.804905766069631 ], [ 24.577769904644597, 49.804940855473255 ], [ 24.577744948323247, 49.804985723853939 ], [ 24.577857251769345, 49.805001830441988 ], [ 24.577864382146867, 49.804958112547673 ] ] ] ] } },
{ "type": "Feature", "properties": { "fid": 709, "parcel_number": "77", "parcel_type": "build", "land_category": "building" }, "geometry": { "type": "MultiPolygon", "coordinates": [ [ [ [ 24.577432856174813, 49.804872064538664 ], [ 24.577437450792274, 49.804823507204091 ], [ 24.577328712534946, 49.804820631017449 ], [ 24.577326038643381, 49.804870676640583 ], [ 24.577429429117561, 49.804871827114084 ], [ 24.577432856174813, 49.804872064538664 ] ] ] ] } },
{ "type": "Feature", "properties": { "fid": 710, "parcel_number": "77", "parcel_type": "build", "land_category": "building" }, "geometry": { "type": "MultiPolygon", "coordinates": [ [ [ [ 24.577104927451238, 49.804861520922387 ], [ 24.577246713193361, 49.804865499509567 ], [ 24.577252060976509, 49.804814878643661 ], [ 24.577111598309266, 49.804812428543805 ], [ 24.577104927451238, 49.804861520922387 ] ] ] ] } },
{ "type": "Feature", "properties": { "fid": 711, "parcel_number": "77", "parcel_type": "build", "land_category": "building" }, "geometry": { "type": "MultiPolygon", "coordinates": [ [ [ [ 24.577123058407381, 49.804728091045824 ], [ 24.577213735197287, 49.804734345338801 ], [ 24.577225322060777, 49.804652086181989 ], [ 24.577133979615194, 49.804647719365512 ], [ 24.577123058407381, 49.804728091045824 ] ] ] ] } },
{ "type": "Feature", "properties": { "fid": 712, "parcel_number": "77", "parcel_type": "build", "land_category": null }, "geometry": { "type": "MultiPolygon", "coordinates": [ [ [ [ 24.577114143337297, 49.804793699097132 ], [ 24.577175409418064, 49.804795895805306 ], [ 24.577188045346407, 49.804732573420608 ], [ 24.577123058407381, 49.804728091045824 ], [ 24.577114143337297, 49.804793699097132 ] ] ] ] } },
{ "type": "Feature", "properties": { "fid": 713, "parcel_number": "365", "parcel_type": "ground", "land_category": "garden" }, "geometry": { "type": "MultiPolygon", "coordinates": [ [ [ [ 24.57753331014257, 49.80474755574695 ], [ 24.577490880044639, 49.804876084399346 ], [ 24.577683611495729, 49.804889436724615 ], [ 24.57770573124683, 49.804780939624379 ], [ 24.57753331014257, 49.80474755574695 ] ] ] ] } },
{ "type": "Feature", "properties": { "fid": 714, "parcel_number": null, "parcel_type": null, "land_category": null }, "geometry": { "type": "MultiPolygon", "coordinates": [ [ [ [ 24.577490880044639, 49.804876084399346 ], [ 24.57753331014257, 49.80474755574695 ], [ 24.577465081005204, 49.804734345338815 ], [ 24.577437450792274, 49.804823507204091 ], [ 24.577432856174813, 49.804872064538664 ], [ 24.577490880044639, 49.804876084399346 ] ] ] ] } },
{ "type": "Feature", "properties": { "fid": 715, "parcel_number": "76", "parcel_type": "build", "land_category": "building" }, "geometry": { "type": "MultiPolygon", "coordinates": [ [ [ [ 24.57770573124683, 49.804780939624379 ], [ 24.577712861624363, 49.80474757581954 ], [ 24.577575601856914, 49.804724566285536 ], [ 24.577568667650173, 49.804754401606715 ], [ 24.57770573124683, 49.804780939624379 ] ] ] ] } },
{ "type": "Feature", "properties": { "fid": 716, "parcel_number": "364", "parcel_type": "ground", "land_category": "garden" }, "geometry": { "type": "MultiPolygon", "coordinates": [ [ [ [ 24.578015011372159, 49.803998034625465 ], [ 24.577915186086738, 49.804021044504779 ], [ 24.577847447500208, 49.804351235068339 ], [ 24.577769622859648, 49.804663641127249 ], [ 24.577930338138987, 49.804692928158467 ], [ 24.577917859978317, 49.804725141524031 ], [ 24.578052460346839, 49.804739145612849 ], [ 24.578067597906465, 49.804688901486223 ], [ 24.578183466541326, 49.804344907395745 ], [ 24.578254770316622, 49.804097552274797 ], [ 24.578277752694081, 49.804036490003767 ], [ 24.578015011372159, 49.803998034625465 ] ] ] ] } },
{ "type": "Feature", "properties": { "fid": 717, "parcel_number": "371", "parcel_type": "ground", "land_category": "pasture" }, "geometry": { "type": "MultiPolygon", "coordinates": [ [ [ [ 24.577655087396007, 49.803400336425661 ], [ 24.577552428129923, 49.80355164080278 ], [ 24.57790894700641, 49.803635627583773 ], [ 24.578044485612899, 49.803672113291057 ], [ 24.578051554557003, 49.803659788137622 ], [ 24.578131771304239, 49.803538409995191 ], [ 24.577860816958108, 49.803457874566881 ], [ 24.577655087396007, 49.803400336425661 ] ] ] ] } },
{ "type": "Feature", "properties": { "fid": 718, "parcel_number": "360", "parcel_type": "ground", "land_category": "pasture" }, "geometry": { "type": "MultiPolygon", "coordinates": [ [ [ [ 24.578044485612899, 49.803672113291057 ], [ 24.578263683288512, 49.803731119226249 ], [ 24.578370638951473, 49.803761607482052 ], [ 24.578375986734628, 49.803540711005454 ], [ 24.578131771304239, 49.803538409995191 ], [ 24.578051554557003, 49.803659788137622 ], [ 24.578044485612899, 49.803672113291057 ] ] ] ] } },
{ "type": "Feature", "properties": { "fid": 719, "parcel_number": null, "parcel_type": null, "land_category": null }, "geometry": { "type": "MultiPolygon", "coordinates": [ [ [ [ 24.578377523774328, 49.803765347439608 ], [ 24.578370638951473, 49.803761607482052 ], [ 24.578370000486121, 49.803765316113243 ], [ 24.578377523774328, 49.803765347439608 ] ] ] ] } },
{ "type": "Feature", "properties": { "fid": 720, "parcel_number": "374", "parcel_type": "ground", "land_category": "pasture" }, "geometry": { "type": "MultiPolygon", "coordinates": [ [ [ [ 24.577351970225198, 49.803860561823747 ], [ 24.577359907936621, 49.80382085818848 ], [ 24.577446363764164, 49.803832363171608 ], [ 24.57743716410457, 49.803880776773894 ], [ 24.577456168033272, 49.803885286058765 ], [ 24.577524949910423, 49.803646882527005 ], [ 24.577283494843709, 49.803628780212811 ], [ 24.577271063105812, 49.803657118951492 ], [ 24.577367929611334, 49.803663239644337 ], [ 24.577337625506836, 49.803781741225386 ], [ 24.577248727636039, 49.80377462858025 ], [ 24.577243175777035, 49.803834746890061 ], [ 24.577351970225198, 49.803860561823747 ] ] ] ] } },
{ "type": "Feature", "properties": { "fid": 721, "parcel_number": "372", "parcel_type": "ground", "land_category": "pasture" }, "geometry": { "type": "MultiPolygon", "coordinates": [ [ [ [ 24.577552428129923, 49.80355164080278 ], [ 24.577655087396007, 49.803400336425661 ], [ 24.577646905632214, 49.803398048162002 ], [ 24.577389610245042, 49.80335370818257 ], [ 24.577389610145058, 49.803353708212654 ], [ 24.577325467630242, 49.803533101246678 ], [ 24.577318607743411, 49.803548738685457 ], [ 24.577552428129923, 49.80355164080278 ] ] ] ] } },
{ "type": "Feature", "properties": { "fid": 722, "parcel_number": null, "parcel_type": null, "land_category": null }, "geometry": { "type": "MultiPolygon", "coordinates": [ [ [ [ 24.5772405229866, 49.803863472633481 ], [ 24.577557775913071, 49.80393820888807 ], [ 24.577531036997335, 49.804392652541047 ], [ 24.577498950298452, 49.804614695609956 ], [ 24.577577384451274, 49.8046250499251 ], [ 24.577550645535538, 49.804539914379248 ], [ 24.577577384451274, 49.804254594160888 ], [ 24.577602340772625, 49.803993432648276 ], [ 24.577616601527687, 49.803910596984345 ], [ 24.577456168033272, 49.803885286058765 ], [ 24.577243175777035, 49.803834746890061 ], [ 24.5772405229866, 49.803863472633481 ] ] ] ] } },
{ "type": "Feature", "properties": { "fid": 723, "parcel_number": "369", "parcel_type": "ground", "land_category": "pasture" }, "geometry": { "type": "MultiPolygon", "coordinates": [ [ [ [ 24.577925767686381, 49.803881582337077 ], [ 24.577796643560305, 49.80383408891884 ], [ 24.57790894700641, 49.803635627583773 ], [ 24.577552428129923, 49.80355164080278 ], [ 24.57751888716043, 49.803667896507292 ], [ 24.577616601527687, 49.803681647675944 ], [ 24.577536214686155, 49.80389791468648 ], [ 24.577616601527687, 49.803910596984345 ], [ 24.577723557190634, 49.803930730665705 ], [ 24.577709366299853, 49.803972708819614 ], [ 24.577867947335619, 49.804004937590399 ], [ 24.577925767686381, 49.803881582337077 ] ] ] ] } },
{ "type": "Feature", "properties": { "fid": 724, "parcel_number": "71", "parcel_type": "build", "land_category": "building" }, "geometry": { "type": "MultiPolygon", "coordinates": [ [ [ [ 24.577709366299853, 49.803972708819614 ], [ 24.577723557190634, 49.803930730665705 ], [ 24.577616601527687, 49.803910596984345 ], [ 24.577609405933284, 49.803952393655656 ], [ 24.577709366299853, 49.803972708819614 ] ] ] ] } },
{ "type": "Feature", "properties": { "fid": 725, "parcel_number": "70", "parcel_type": "build", "land_category": "building" }, "geometry": { "type": "MultiPolygon", "coordinates": [ [ [ [ 24.577536214686155, 49.80389791468648 ], [ 24.577616601527687, 49.803681647675944 ], [ 24.57751888716043, 49.803667896507292 ], [ 24.577456168033272, 49.803885286058765 ], [ 24.577536214686155, 49.80389791468648 ] ] ] ] } },
{ "type": "Feature", "properties": { "fid": 726, "parcel_number": "370", "parcel_type": "ground", "land_category": "garden" }, "geometry": { "type": "MultiPolygon", "coordinates": [ [ [ [ 24.57790894700641, 49.803635627583773 ], [ 24.577796643560305, 49.80383408891884 ], [ 24.577925767686381, 49.803881582337077 ], [ 24.577932120733383, 49.803868028601897 ], [ 24.578044485612899, 49.803672113291057 ], [ 24.57790894700641, 49.803635627583773 ] ] ] ] } },
{ "type": "Feature", "properties": { "fid": 727, "parcel_number": "363", "parcel_type": "ground", "land_category": "pasture" }, "geometry": { "type": "MultiPolygon", "coordinates": [ [ [ [ 24.578251193692967, 49.803727757145595 ], [ 24.578196835999169, 49.803811078950673 ], [ 24.578084706933623, 49.803781166473165 ], [ 24.577988272456423, 49.803959493053128 ], [ 24.578015011372159, 49.803998034625465 ], [ 24.578025421739902, 49.803999558309016 ], [ 24.578038185099125, 49.80394281087051 ], [ 24.578295659058277, 49.803988914279032 ], [ 24.578305524839529, 49.803962701716387 ], [ 24.578202183782309, 49.803946262357023 ], [ 24.57826279199131, 49.803819707690003 ], [ 24.578351954814522, 49.803839341123165 ], [ 24.578361725979569, 49.80381337994794 ], [ 24.578370638951473, 49.803761607482052 ], [ 24.578263683288512, 49.803731119226249 ], [ 24.578251193692967, 49.803727757145595 ] ] ] ] } },
{ "type": "Feature", "properties": { "fid": 728, "parcel_number": "74", "parcel_type": "build", "land_category": "building" }, "geometry": { "type": "MultiPolygon", "coordinates": [ [ [ [ 24.578295659058277, 49.803988914279032 ], [ 24.578038185099125, 49.80394281087051 ], [ 24.578025421739902, 49.803999558309016 ], [ 24.578277752694081, 49.804036490003767 ], [ 24.578295659058277, 49.803988914279032 ] ] ] ] } },
{ "type": "Feature", "properties": { "fid": 729, "parcel_number": "73", "parcel_type": "build", "land_category": "building" }, "geometry": { "type": "MultiPolygon", "coordinates": [ [ [ [ 24.578351954814522, 49.803839341123165 ], [ 24.57826279199131, 49.803819707690003 ], [ 24.578202183782309, 49.803946262357023 ], [ 24.578305524839529, 49.803962701716387 ], [ 24.578351954814522, 49.803839341123165 ] ] ] ] } },
{ "type": "Feature", "properties": { "fid": 730, "parcel_number": "361", "parcel_type": "ground", "land_category": "garden" }, "geometry": { "type": "MultiPolygon", "coordinates": [ [ [ [ 24.577959814574683, 49.803819742629003 ], [ 24.5780520103052, 49.803841629059704 ], [ 24.578131075159853, 49.803695422375796 ], [ 24.578044485612899, 49.803672113291057 ], [ 24.577959814574683, 49.803819742629003 ] ] ] ] } },
{ "type": "Feature", "properties": { "fid": 731, "parcel_number": "72", "parcel_type": "build", "land_category": "building" }, "geometry": { "type": "MultiPolygon", "coordinates": [ [ [ [ 24.5780520103052, 49.803841629059704 ], [ 24.577959814574683, 49.803819742629003 ], [ 24.577932120733383, 49.803868028601897 ], [ 24.577894643739846, 49.803947982873545 ], [ 24.577988272456423, 49.803959493053128 ], [ 24.5780520103052, 49.803841629059704 ] ] ] ] } },
{ "type": "Feature", "properties": { "fid": 732, "parcel_number": "362", "parcel_type": "ground", "land_category": "garden" }, "geometry": { "type": "MultiPolygon", "coordinates": [ [ [ [ 24.578084706933623, 49.803781166473165 ], [ 24.578196835999169, 49.803811078950673 ], [ 24.578251193692967, 49.803727757145595 ], [ 24.578131075159853, 49.803695422375796 ], [ 24.578084706933623, 49.803781166473165 ] ] ] ] } },
{ "type": "Feature", "properties": { "fid": 733, "parcel_number": "373", "parcel_type": "ground", "land_category": "garden" }, "geometry": { "type": "MultiPolygon", "coordinates": [ [ [ [ 24.577283494843709, 49.803628780212811 ], [ 24.577524949910423, 49.803646882527005 ], [ 24.577552428129923, 49.80355164080278 ], [ 24.577318607743411, 49.803548738685457 ], [ 24.577283494843709, 49.803628780212811 ] ] ] ] } },
{ "type": "Feature", "properties": { "fid": 734, "parcel_number": "68", "parcel_type": "build", "land_category": "building" }, "geometry": { "type": "MultiPolygon", "coordinates": [ [ [ [ 24.577248727636039, 49.80377462858025 ], [ 24.577337625506836, 49.803781741225386 ], [ 24.577367929611334, 49.803663239644337 ], [ 24.577271063105812, 49.803657118951492 ], [ 24.57725651746247, 49.803690276438324 ], [ 24.577248727636039, 49.80377462858025 ] ] ] ] } },
{ "type": "Feature", "properties": { "fid": 735, "parcel_number": "69", "parcel_type": "build", "land_category": "building" }, "geometry": { "type": "MultiPolygon", "coordinates": [ [ [ [ 24.57743716410457, 49.803880776773894 ], [ 24.577446363764164, 49.803832363171608 ], [ 24.577359907936621, 49.80382085818848 ], [ 24.577351970225198, 49.803860561823747 ], [ 24.57743716410457, 49.803880776773894 ] ] ] ] } },
{ "type": "Feature", "properties": { "fid": 736, "parcel_number": "75", "parcel_type": "build", "land_category": "yard" }, "geometry": { "type": "MultiPolygon", "coordinates": [ [ [ [ 24.577974902998577, 49.80484881763914 ], [ 24.577998968022722, 49.804776912959518 ], [ 24.577861708255277, 49.804761956772737 ], [ 24.577873295118764, 49.804721114854516 ], [ 24.577822491178864, 49.804712486275839 ], [ 24.577804665235039, 49.804755053915727 ], [ 24.577762774267054, 49.804749301534152 ], [ 24.577792816359974, 49.804667867662339 ], [ 24.577742957409615, 49.804658781901225 ], [ 24.577712861624363, 49.80474757581954 ], [ 24.57770573124683, 49.804780939624379 ], [ 24.577683611495729, 49.804889436724615 ], [ 24.577744948323247, 49.804893686105125 ], [ 24.577769904644597, 49.804940855473255 ], [ 24.577785947994048, 49.804905766069631 ], [ 24.577821599881698, 49.804910943196369 ], [ 24.577809121721025, 49.804956962076247 ], [ 24.577864382146863, 49.804958112547673 ], [ 24.577864382146867, 49.804958112547673 ], [ 24.577974902998577, 49.80484881763914 ] ], [ [ 24.577744948323247, 49.804893686105125 ], [ 24.577743165728837, 49.804843640505815 ], [ 24.577880425496286, 49.80484076432036 ], [ 24.577878642901901, 49.804893110868676 ], [ 24.577744948323247, 49.804893686105125 ] ] ] ] } },
{ "type": "Feature", "properties": { "fid": 737, "parcel_number": null, "parcel_type": null, "land_category": null }, "geometry": { "type": "MultiPolygon", "coordinates": [ [ [ [ 24.577769622859648, 49.804663641127249 ], [ 24.577847447500208, 49.804351235068339 ], [ 24.577915186086738, 49.804021044504779 ], [ 24.578015011372159, 49.803998034625465 ], [ 24.577988272456423, 49.803959493053128 ], [ 24.577894643739846, 49.803947982873545 ], [ 24.577867947335619, 49.804004937590399 ], [ 24.577830512853584, 49.804191317271737 ], [ 24.57777346983335, 49.804443273848442 ], [ 24.577744057026052, 49.804655537617968 ], [ 24.577742957409615, 49.804658781901225 ], [ 24.577769622859648, 49.804663641127249 ] ] ] ] } },
{ "type": "Feature", "properties": { "fid": 738, "parcel_number": "75", "parcel_type": "build", "land_category": "building" }, "geometry": { "type": "MultiPolygon", "coordinates": [ [ [ [ 24.577917859978317, 49.804725141524031 ], [ 24.5779019027019, 49.804766336465796 ], [ 24.577998968022722, 49.804776912959518 ], [ 24.577974902998577, 49.80484881763914 ], [ 24.57801768526376, 49.804854570008899 ], [ 24.578052460346839, 49.804739145612849 ], [ 24.577917859978317, 49.804725141524031 ] ] ] ] } },
{ "type": "Feature", "properties": { "fid": 739, "parcel_number": "75", "parcel_type": "build", "land_category": "building" }, "geometry": { "type": "MultiPolygon", "coordinates": [ [ [ [ 24.5779019027019, 49.804766336465796 ], [ 24.577917859978317, 49.804725141524031 ], [ 24.577930338138987, 49.804692928158467 ], [ 24.577792816359974, 49.804667867662339 ], [ 24.577762774267054, 49.804749301534152 ], [ 24.577804665235039, 49.804755053915727 ], [ 24.577822491178864, 49.804712486275839 ], [ 24.577873295118764, 49.804721114854516 ], [ 24.577861708255277, 49.804761956772737 ], [ 24.5779019027019, 49.804766336465796 ] ] ] ] } },
{ "type": "Feature", "properties": { "fid": 740, "parcel_number": "75", "parcel_type": "build", "land_category": "building" }, "geometry": { "type": "MultiPolygon", "coordinates": [ [ [ [ 24.577744948323247, 49.804893686105125 ], [ 24.577743165728837, 49.804843640505815 ], [ 24.577880425496286, 49.80484076432036 ], [ 24.577878642901901, 49.804893110868676 ], [ 24.577744948323247, 49.804893686105125 ] ] ] ] } },
{ "type": "Feature", "properties": { "fid": 741, "parcel_number": "366", "parcel_type": "ground", "land_category": "garden" }, "geometry": { "type": "MultiPolygon", "coordinates": [ [ [ [ 24.577577384451274, 49.8046250499251 ], [ 24.577744057026052, 49.804655537617968 ], [ 24.57777346983335, 49.804443273848442 ], [ 24.577830512853584, 49.804191317271737 ], [ 24.577867947335619, 49.804004937590399 ], [ 24.577609405933284, 49.803952393655656 ], [ 24.577602340772625, 49.803993432648276 ], [ 24.577577384451274, 49.804254594160888 ], [ 24.577550645535538, 49.804539914379248 ], [ 24.577577384451274, 49.8046250499251 ] ] ] ] } },
{ "type": "Feature", "properties": { "fid": 742, "parcel_number": "76", "parcel_type": "build", "land_category": "building" }, "geometry": { "type": "MultiPolygon", "coordinates": [ [ [ [ 24.577577384451274, 49.8046250499251 ], [ 24.577564906290604, 49.804672219554995 ], [ 24.577729485025461, 49.804698530516127 ], [ 24.577744057026052, 49.804655537617968 ], [ 24.577577384451274, 49.8046250499251 ] ] ] ] } },
{ "type": "Feature", "properties": { "fid": 743, "parcel_number": "77", "parcel_type": "build", "land_category": "yard" }, "geometry": { "type": "MultiPolygon", "coordinates": [ [ [ [ 24.577451591699059, 49.804777874923637 ], [ 24.577385517242384, 49.804746168327952 ], [ 24.577376842583263, 49.804793019617044 ], [ 24.57732158215741, 49.804791869141688 ], [ 24.577342973289998, 49.804665316685195 ], [ 24.577225322060777, 49.804652086181989 ], [ 24.577213735197287, 49.804734345338801 ], [ 24.577188045346407, 49.804732573420608 ], [ 24.577175409418064, 49.804795895805306 ], [ 24.577114143337297, 49.804793699097132 ], [ 24.577111598309266, 49.804812428543805 ], [ 24.577252060976509, 49.804814878643661 ], [ 24.577246713193361, 49.804865499509567 ], [ 24.577104927451238, 49.804861520922387 ], [ 24.577103214345581, 49.804874128060959 ], [ 24.57727790859505, 49.804882181374225 ], [ 24.577326038643381, 49.804870676640583 ], [ 24.577328712534946, 49.804820631017449 ], [ 24.577437450792274, 49.804823507204091 ], [ 24.577451591699059, 49.804777874923637 ] ] ] ] } },
{ "type": "Feature", "properties": { "fid": 744, "parcel_number": "76", "parcel_type": "build", "land_category": "building" }, "geometry": { "type": "MultiPolygon", "coordinates": [ [ [ [ 24.577506013773785, 49.804565815675431 ], [ 24.577458841924848, 49.804563499241411 ], [ 24.577445472466987, 49.804610093691409 ], [ 24.577498950298452, 49.804614695609956 ], [ 24.577506013773785, 49.804565815675431 ] ] ] ] } },
{ "type": "Feature", "properties": { "fid": 745, "parcel_number": "376", "parcel_type": "ground", "land_category": "pasture" }, "geometry": { "type": "MultiPolygon", "coordinates": [ [ [ [ 24.577277865547234, 49.804657994975045 ], [ 24.577284147675375, 49.804626775644088 ], [ 24.577346968650556, 49.804630388511804 ], [ 24.577352777559099, 49.804579605969948 ], [ 24.577416059659676, 49.804583632651237 ], [ 24.577410711876528, 49.804610093691409 ], [ 24.577445472466987, 49.804610093691409 ], [ 24.577458841924848, 49.804563499241411 ], [ 24.577506013773785, 49.804565815675431 ], [ 24.577511336972474, 49.80452897862412 ], [ 24.577192344064674, 49.804580181210142 ], [ 24.577225322060777, 49.804652086181989 ], [ 24.577277865547234, 49.804657994975045 ] ] ] ] } },
{ "type": "Feature", "properties": { "fid": 746, "parcel_number": "77", "parcel_type": "build", "land_category": "building" }, "geometry": { "type": "MultiPolygon", "coordinates": [ [ [ [ 24.577346968650556, 49.804630388511804 ], [ 24.577284147675375, 49.804626775644088 ], [ 24.577277865547234, 49.804657994975045 ], [ 24.577342973289998, 49.804665316685195 ], [ 24.577346968650556, 49.804630388511804 ] ] ] ] } },
{ "type": "Feature", "properties": { "fid": 747, "parcel_number": "76", "parcel_type": "build", "land_category": "building" }, "geometry": { "type": "MultiPolygon", "coordinates": [ [ [ [ 24.577329974894688, 49.804742216720761 ], [ 24.577385517242387, 49.804746168327959 ], [ 24.577410711876528, 49.804610093691409 ], [ 24.577416059659676, 49.804583632651237 ], [ 24.577352777559099, 49.804579605969948 ], [ 24.577342973289998, 49.804665316685195 ], [ 24.577329974894688, 49.804742216720761 ] ] ] ] } },
{ "type": "Feature", "properties": { "fid": 748, "parcel_number": null, "parcel_type": "build", "land_category": "building" }, "geometry": { "type": "MultiPolygon", "coordinates": [ [ [ [ 24.577385517242387, 49.804746168327959 ], [ 24.577329974894688, 49.804742216720761 ], [ 24.57732158215741, 49.804791869141688 ], [ 24.577376842583263, 49.804793019617044 ], [ 24.577385517242387, 49.804746168327959 ] ] ] ] } },
{ "type": "Feature", "properties": { "fid": 749, "parcel_number": "375", "parcel_type": "ground", "land_category": "garden" }, "geometry": { "type": "MultiPolygon", "coordinates": [ [ [ [ 24.57728444006883, 49.804565398581879 ], [ 24.577332277723684, 49.804210875591757 ], [ 24.577373032482996, 49.803894688306002 ], [ 24.5772405229866, 49.803863472633481 ], [ 24.577240474113022, 49.803864001861065 ], [ 24.577133979615194, 49.804647719365512 ], [ 24.577225322060777, 49.804652086181989 ], [ 24.577192344064674, 49.804580181210142 ], [ 24.57728444006883, 49.804565398581879 ] ] ] ] } },
{ "type": "Feature", "properties": { "fid": 750, "parcel_number": "79", "parcel_type": "build", "land_category": "building" }, "geometry": { "type": "MultiPolygon", "coordinates": [ [ [ [ 24.577969555215404, 49.804884482320638 ], [ 24.578000750617093, 49.804913244141417 ], [ 24.578056902340144, 49.804882181374239 ], [ 24.578023033046879, 49.804861472851734 ], [ 24.577969555215404, 49.804884482320638 ] ] ] ] } },
{ "type": "Feature", "properties": { "fid": 751, "parcel_number": "350", "parcel_type": "ground", "land_category": "pasture" }, "geometry": { "type": "MultiPolygon", "coordinates": [ [ [ [ 24.578388464895308, 49.80485859666733 ], [ 24.578388464895305, 49.80485859666733 ], [ 24.578320726308785, 49.804860897614844 ], [ 24.578299206539512, 49.804867841965404 ], [ 24.578318554340957, 49.804903850780796 ], [ 24.578367965059911, 49.804886783266916 ], [ 24.578393640466953, 49.804917853345913 ], [ 24.578575637305455, 49.804861472851698 ], [ 24.578556028767252, 49.80479819675579 ], [ 24.578528398554333, 49.804807400556697 ], [ 24.578388464895308, 49.80485859666733 ] ] ] ] } },
{ "type": "Feature", "properties": { "fid": 752, "parcel_number": "83", "parcel_type": "build", "land_category": "building" }, "geometry": { "type": "MultiPolygon", "coordinates": [ [ [ [ 24.578528398554333, 49.804807400556697 ], [ 24.578488290180722, 49.80475275296314 ], [ 24.578352813007658, 49.804802798656468 ], [ 24.578388464895308, 49.80485859666733 ], [ 24.578528398554333, 49.804807400556697 ] ] ] ] } },
{ "type": "Feature", "properties": { "fid": 753, "parcel_number": "76", "parcel_type": "build", "land_category": "yard" }, "geometry": { "type": "MultiPolygon", "coordinates": [ [ [ [ 24.577385517242384, 49.804746168327952 ], [ 24.577451591699059, 49.804777874923637 ], [ 24.577465081005204, 49.804734345338815 ], [ 24.577568667650173, 49.804754401606715 ], [ 24.577575601856914, 49.804724566285536 ], [ 24.577712861624363, 49.80474757581954 ], [ 24.577729485025461, 49.804698530516127 ], [ 24.577564906290604, 49.804672219554995 ], [ 24.577577384451274, 49.8046250499251 ], [ 24.577498950298452, 49.804614695609956 ], [ 24.577445472466987, 49.804610093691409 ], [ 24.577410711876528, 49.804610093691409 ], [ 24.577385517242384, 49.804746168327952 ] ] ] ] } },
{ "type": "Feature", "properties": { "fid": 754, "parcel_number": "340", "parcel_type": "ground", "land_category": "field" }, "geometry": { "type": "MultiPolygon", "coordinates": [ [ [ [ 24.58102472432326, 49.804653980464344 ], [ 24.580591751551903, 49.804738659626423 ], [ 24.579625585396638, 49.804941143091249 ], [ 24.579014155523467, 49.805067694826676 ], [ 24.578486507586273, 49.805184467270898 ], [ 24.578493901901808, 49.805245074250841 ], [ 24.578815396249826, 49.805195396697087 ], [ 24.579207567013967, 49.805132121037659 ], [ 24.580020430052347, 49.805042384506052 ], [ 24.580655033652491, 49.804968754407192 ], [ 24.581114943003161, 49.804918133649259 ], [ 24.581036508850335, 49.804702994837513 ], [ 24.58102472432326, 49.804653980464344 ] ] ] ] } },
{ "type": "Feature", "properties": { "fid": 755, "parcel_number": "333", "parcel_type": "ground", "land_category": "field" }, "geometry": { "type": "MultiPolygon", "coordinates": [ [ [ [ 24.581052552199779, 49.805333740009871 ], [ 24.581095453361748, 49.805149526144774 ], [ 24.580425078977161, 49.805209202284516 ], [ 24.579565868484831, 49.80528628340867 ], [ 24.57875122285207, 49.805376019488151 ], [ 24.578393524761164, 49.805421400890481 ], [ 24.57839470397559, 49.80542577692205 ], [ 24.578437486240762, 49.805578787901283 ], [ 24.579023959792575, 49.805498255867242 ], [ 24.580015082269206, 49.805422325541009 ], [ 24.58076020672106, 49.805369404334101 ], [ 24.581052552199779, 49.805333740009871 ] ] ] ] } },
{ "type": "Feature", "properties": { "fid": 756, "parcel_number": "334", "parcel_type": "ground", "land_category": "pasture" }, "geometry": { "type": "MultiPolygon", "coordinates": [ [ [ [ 24.581095453361748, 49.805149526144774 ], [ 24.581052552199779, 49.805333740009871 ], [ 24.581246854987462, 49.805338341859652 ], [ 24.581393919024009, 49.80531360691203 ], [ 24.581268246120047, 49.805130107719833 ], [ 24.581097117059333, 49.805149378043872 ], [ 24.581095453361748, 49.805149526144774 ] ] ] ] } },
{ "type": "Feature", "properties": { "fid": 757, "parcel_number": "339", "parcel_type": "ground", "land_category": "pasture" }, "geometry": { "type": "MultiPolygon", "coordinates": [ [ [ [ 24.581178741684734, 49.804629859551554 ], [ 24.58102472432326, 49.804653980464344 ], [ 24.581036508850335, 49.804702994837513 ], [ 24.581114943003161, 49.804918133649259 ], [ 24.581259534299438, 49.804898958693734 ], [ 24.581179116400929, 49.804630802321455 ], [ 24.581178741684734, 49.804629859551554 ] ] ] ] } },
{ "type": "Feature", "properties": { "fid": 758, "parcel_number": "345", "parcel_type": "ground", "land_category": "field" }, "geometry": { "type": "MultiPolygon", "coordinates": [ [ [ [ 24.580545912119796, 49.804215856775357 ], [ 24.580389427089518, 49.804092087438129 ], [ 24.580161316258451, 49.804051699778739 ], [ 24.579737888842793, 49.804300038421133 ], [ 24.579285109869662, 49.804566950683657 ], [ 24.578718244856052, 49.80486262332542 ], [ 24.578717649742369, 49.804862850282895 ], [ 24.578609670840684, 49.804904030010285 ], [ 24.5785613765504, 49.804922447920426 ], [ 24.578366876602701, 49.804986313367031 ], [ 24.578358160790803, 49.804989175266101 ], [ 24.578207114064096, 49.805030532175458 ], [ 24.578207114008293, 49.805030532207475 ], [ 24.578261083180312, 49.805105674682572 ], [ 24.578425008080092, 49.80505964154429 ], [ 24.578622876056539, 49.804995215236886 ], [ 24.578920569318402, 49.804881318519321 ], [ 24.579371565697151, 49.80471334913377 ], [ 24.579740562734315, 49.804541927721587 ], [ 24.58011847274339, 49.804357850361505 ], [ 24.580164820197325, 49.804394665889518 ], [ 24.580398340061429, 49.804280767759053 ], [ 24.580545912119796, 49.804215856775357 ] ] ] ] } },
{ "type": "Feature", "properties": { "fid": 759, "parcel_number": "346", "parcel_type": "ground", "land_category": "pasture" }, "geometry": { "type": "MultiPolygon", "coordinates": [ [ [ [ 24.580161316258451, 49.804051699778739 ], [ 24.580389427089518, 49.804092087438129 ], [ 24.580545912119796, 49.804215856775357 ], [ 24.58067820737946, 49.804157665437934 ], [ 24.580800007206165, 49.804101830330012 ], [ 24.580679989973849, 49.804011840554359 ], [ 24.580601555821023, 49.803979626714138 ], [ 24.580399231358669, 49.803885861307187 ], [ 24.580187102627168, 49.804036576167086 ], [ 24.580161316258451, 49.804051699778739 ] ] ] ] } },
{ "type": "Feature", "properties": { "fid": 760, "parcel_number": "344", "parcel_type": "ground", "land_category": "field" }, "geometry": { "type": "MultiPolygon", "coordinates": [ [ [ [ 24.578308454716872, 49.805171631123507 ], [ 24.578662093132944, 49.805063092951201 ], [ 24.579503477681449, 49.80482149387349 ], [ 24.580303862559155, 49.804593699353006 ], [ 24.580892118705354, 49.80442457848541 ], [ 24.580975900641331, 49.804405020251728 ], [ 24.580794076014321, 49.804258908491249 ], [ 24.58067820737946, 49.804157665437934 ], [ 24.580398340061429, 49.804280767759053 ], [ 24.580164820197325, 49.804394665889518 ], [ 24.58011847274339, 49.804357850361505 ], [ 24.579740562734315, 49.804541927721587 ], [ 24.579371565697151, 49.80471334913377 ], [ 24.578920569318402, 49.804881318519321 ], [ 24.578622876056539, 49.804995215236886 ], [ 24.578425008080092, 49.80505964154429 ], [ 24.578261083180312, 49.805105674682572 ], [ 24.578308454716872, 49.805171631123507 ] ] ] ] } },
{ "type": "Feature", "properties": { "fid": 761, "parcel_number": "343", "parcel_type": "ground", "land_category": "pasture" }, "geometry": { "type": "MultiPolygon", "coordinates": [ [ [ [ 24.580975900641331, 49.804405020251728 ], [ 24.581073943332363, 49.804366191382009 ], [ 24.58080120639185, 49.80410272948798 ], [ 24.580800007206165, 49.804101830330012 ], [ 24.58067820737946, 49.804157665437934 ], [ 24.580794076014321, 49.804258908491249 ], [ 24.580975900641331, 49.804405020251728 ] ] ] ] } },
{ "type": "Feature", "properties": { "fid": 762, "parcel_number": "336", "parcel_type": "ground", "land_category": "field" }, "geometry": { "type": "MultiPolygon", "coordinates": [ [ [ [ 24.581123092256085, 49.804994220360463 ], [ 24.580708511483955, 49.805038933097684 ], [ 24.579941995899514, 49.80511141262204 ], [ 24.57915230658811, 49.805204600422492 ], [ 24.578785092145328, 49.80525407041651 ], [ 24.578366628127718, 49.805321588240183 ], [ 24.578393524761164, 49.805421400890481 ], [ 24.57875122285207, 49.805376019488151 ], [ 24.579565868484831, 49.80528628340867 ], [ 24.580425078977161, 49.805209202284516 ], [ 24.581097117059333, 49.805149378043872 ], [ 24.581139202805083, 49.805144638895804 ], [ 24.581123092256085, 49.804994220360463 ] ] ] ] } },
{ "type": "Feature", "properties": { "fid": 763, "parcel_number": "335", "parcel_type": "ground", "land_category": "pasture" }, "geometry": { "type": "MultiPolygon", "coordinates": [ [ [ [ 24.581265725841966, 49.804978837259092 ], [ 24.581123092256085, 49.804994220360463 ], [ 24.581139202805083, 49.805144638895804 ], [ 24.581268246120047, 49.805130107719833 ], [ 24.581265725841966, 49.804978837259092 ] ] ] ] } },
{ "type": "Feature", "properties": { "fid": 764, "parcel_number": "337", "parcel_type": "ground", "land_category": "field" }, "geometry": { "type": "MultiPolygon", "coordinates": [ [ [ [ 24.578366628127718, 49.805321588240183 ], [ 24.578785092145328, 49.80525407041651 ], [ 24.57915230658811, 49.805204600422492 ], [ 24.579941995899514, 49.80511141262204 ], [ 24.580708511483955, 49.805038933097684 ], [ 24.581123092256085, 49.804994220360463 ], [ 24.581114943003161, 49.804918133649259 ], [ 24.580655033652491, 49.804968754407192 ], [ 24.580020430052347, 49.805042384506052 ], [ 24.579207567013967, 49.805132121037659 ], [ 24.578815396249826, 49.805195396697087 ], [ 24.578351921710411, 49.805267013139137 ], [ 24.578366628127718, 49.805321588240183 ] ] ] ] } },
{ "type": "Feature", "properties": { "fid": 765, "parcel_number": "338", "parcel_type": "ground", "land_category": "pasture" }, "geometry": { "type": "MultiPolygon", "coordinates": [ [ [ [ 24.581123092256085, 49.804994220360463 ], [ 24.581265725841966, 49.804978837259092 ], [ 24.581264680931284, 49.804916120322559 ], [ 24.581259534299438, 49.804898958693734 ], [ 24.581114943003161, 49.804918133649259 ], [ 24.581123092256085, 49.804994220360463 ] ] ] ] } },
{ "type": "Feature", "properties": { "fid": 766, "parcel_number": "85", "parcel_type": "build", "land_category": "yard" }, "geometry": { "type": "MultiPolygon", "coordinates": [ [ [ [ 24.578376013075246, 49.80526329052293 ], [ 24.578362617276696, 49.805224158333132 ], [ 24.578489153811503, 49.805206156867285 ], [ 24.578486507586273, 49.805184467270898 ], [ 24.578443299709239, 49.805130244700678 ], [ 24.578308454716872, 49.805171631123507 ], [ 24.578310030742433, 49.805173825458844 ], [ 24.578351921710411, 49.805267013139137 ], [ 24.578376013075246, 49.80526329052293 ] ] ] ] } },
{ "type": "Feature", "properties": { "fid": 767, "parcel_number": "85", "parcel_type": "build", "land_category": "building" }, "geometry": { "type": "MultiPolygon", "coordinates": [ [ [ [ 24.578489153811503, 49.805206156867285 ], [ 24.578362617276696, 49.805224158333132 ], [ 24.578376013075246, 49.80526329052293 ], [ 24.578493901901808, 49.805245074250841 ], [ 24.578489153811503, 49.805206156867285 ] ] ] ] } },
{ "type": "Feature", "properties": { "fid": 768, "parcel_number": "341", "parcel_type": "ground", "land_category": "field" }, "geometry": { "type": "MultiPolygon", "coordinates": [ [ [ [ 24.578486507586273, 49.805184467270898 ], [ 24.579014155523467, 49.805067694826676 ], [ 24.579625585396638, 49.804941143091249 ], [ 24.580591751551903, 49.804738659626423 ], [ 24.58102472432326, 49.804653980464344 ], [ 24.581004422151448, 49.804569539265238 ], [ 24.580975900641331, 49.804405020251728 ], [ 24.580892118705354, 49.80442457848541 ], [ 24.580303862559155, 49.804593699353006 ], [ 24.579503477681449, 49.80482149387349 ], [ 24.578662093132944, 49.805063092951201 ], [ 24.578443299709239, 49.805130244700678 ], [ 24.578486507586273, 49.805184467270898 ] ] ] ] } },
{ "type": "Feature", "properties": { "fid": 769, "parcel_number": "342", "parcel_type": "ground", "land_category": "pasture" }, "geometry": { "type": "MultiPolygon", "coordinates": [ [ [ [ 24.58102472432326, 49.804653980464344 ], [ 24.581178741684734, 49.804629859551554 ], [ 24.581073943332363, 49.804366191382009 ], [ 24.580975900641331, 49.804405020251728 ], [ 24.581004422151448, 49.804569539265238 ], [ 24.58102472432326, 49.804653980464344 ] ] ] ] } },
{ "type": "Feature", "properties": { "fid": 770, "parcel_number": "329", "parcel_type": "ground", "land_category": "field" }, "geometry": { "type": "MultiPolygon", "coordinates": [ [ [ [ 24.579157896182036, 49.805487994941892 ], [ 24.579160328262819, 49.805559805362435 ], [ 24.579245001495988, 49.80555577876234 ], [ 24.579243218901606, 49.805670249120283 ], [ 24.579179045503839, 49.805669098665781 ], [ 24.579180097536042, 49.805691843909337 ], [ 24.57939028293816, 49.805680315596128 ], [ 24.580181754843952, 49.805613589203098 ], [ 24.580901922974448, 49.805549163632897 ], [ 24.58125309406779, 49.805527304937804 ], [ 24.581246854987462, 49.805338341859652 ], [ 24.581052552199779, 49.805333740009871 ], [ 24.58076020672106, 49.805369404334101 ], [ 24.580015082269206, 49.805422325541009 ], [ 24.579157896182036, 49.805487994941892 ] ] ] ] } },
{ "type": "Feature", "properties": { "fid": 771, "parcel_number": "319", "parcel_type": "ground", "land_category": "field" }, "geometry": { "type": "MultiPolygon", "coordinates": [ [ [ [ 24.581635144169969, 49.805947356551087 ], [ 24.58155435251842, 49.805843679825308 ], [ 24.580761098018243, 49.805910405901187 ], [ 24.579998147622568, 49.805966777859126 ], [ 24.579283327275213, 49.806021999305308 ], [ 24.57902513932936, 49.806053120594974 ], [ 24.579026641533879, 49.806156855614532 ], [ 24.579285109869595, 49.806145384496467 ], [ 24.579911691795015, 49.806095340191099 ], [ 24.580649685869329, 49.806035517045551 ], [ 24.581325289140267, 49.805977994720472 ], [ 24.581635144169969, 49.805947356551087 ] ] ] ] } },
{ "type": "Feature", "properties": { "fid": 772, "parcel_number": "320", "parcel_type": "ground", "land_category": "field" }, "geometry": { "type": "MultiPolygon", "coordinates": [ [ [ [ 24.58155435251842, 49.805843679825308 ], [ 24.581478960940775, 49.805753957669495 ], [ 24.581270920011612, 49.80577465275347 ], [ 24.580917966323895, 49.805809166301692 ], [ 24.579851974883208, 49.805893149166238 ], [ 24.57920667571678, 49.805938016664307 ], [ 24.578778853064996, 49.805972530096042 ], [ 24.57881412802033, 49.806078769806085 ], [ 24.578825200518931, 49.806077220688472 ], [ 24.579283327275213, 49.806021999305308 ], [ 24.579998147622568, 49.805966777859126 ], [ 24.580761098018243, 49.805910405901187 ], [ 24.58155435251842, 49.805843679825308 ] ] ] ] } },
{ "type": "Feature", "properties": { "fid": 773, "parcel_number": "323", "parcel_type": "ground", "land_category": "field" }, "geometry": { "type": "MultiPolygon", "coordinates": [ [ [ [ 24.578803332920369, 49.80588507019268 ], [ 24.578807374575103, 49.805929963526665 ], [ 24.578767519044131, 49.805932821516322 ], [ 24.578778853064996, 49.805972530096042 ], [ 24.57920667571678, 49.805938016664307 ], [ 24.579851974883208, 49.805893149166238 ], [ 24.580917966323895, 49.805809166301692 ], [ 24.581270920011612, 49.80577465275347 ], [ 24.581361838271608, 49.805765608566674 ], [ 24.581284554449727, 49.805670987587717 ], [ 24.58091974891828, 49.80571022739764 ], [ 24.579832366345006, 49.805798812239821 ], [ 24.579080111515626, 49.805867839277191 ], [ 24.578803332920369, 49.80588507019268 ] ] ] ] } },
{ "type": "Feature", "properties": { "fid": 774, "parcel_number": "91", "parcel_type": "build", "land_category": "yard" }, "geometry": { "type": "MultiPolygon", "coordinates": [ [ [ [ 24.578626758865681, 49.806071129310794 ], [ 24.578775287876219, 49.806053924175117 ], [ 24.578779083922402, 49.806083672712951 ], [ 24.57881412802033, 49.806078769806085 ], [ 24.578778853064996, 49.805972530096042 ], [ 24.578754752630729, 49.805888094569852 ], [ 24.578639774011513, 49.805895252590396 ], [ 24.578651397566645, 49.805980583226571 ], [ 24.578588115466072, 49.805982308897228 ], [ 24.57857383423362, 49.805899357686528 ], [ 24.57852572466269, 49.805902352758999 ], [ 24.578618419570571, 49.806049610004784 ], [ 24.578626758865681, 49.806071129310794 ] ] ] ] } },
{ "type": "Feature", "properties": { "fid": 775, "parcel_number": "326", "parcel_type": "ground", "land_category": "field" }, "geometry": { "type": "MultiPolygon", "coordinates": [ [ [ [ 24.579042279277232, 49.805699403007345 ], [ 24.579047334764059, 49.805869879801442 ], [ 24.579080111515626, 49.805867839277191 ], [ 24.579832366345006, 49.805798812239821 ], [ 24.58091974891828, 49.80571022739764 ], [ 24.581284554449727, 49.805670987587717 ], [ 24.58125309406779, 49.805527304937804 ], [ 24.580901922974448, 49.805549163632897 ], [ 24.580181754843952, 49.805613589203098 ], [ 24.57939028293816, 49.805680315596128 ], [ 24.579042279277232, 49.805699403007345 ] ] ] ] } },
{ "type": "Feature", "properties": { "fid": 776, "parcel_number": "328", "parcel_type": "ground", "land_category": "pasture" }, "geometry": { "type": "MultiPolygon", "coordinates": [ [ [ [ 24.581246854987462, 49.805338341859652 ], [ 24.58125309406779, 49.805527304937804 ], [ 24.581543656952125, 49.805503145316003 ], [ 24.581393919024006, 49.805313606912023 ], [ 24.581393919024009, 49.80531360691203 ], [ 24.581246854987462, 49.805338341859652 ] ] ] ] } },
{ "type": "Feature", "properties": { "fid": 777, "parcel_number": "322", "parcel_type": "ground", "land_category": "pasture" }, "geometry": { "type": "MultiPolygon", "coordinates": [ [ [ [ 24.581284554449727, 49.805670987587717 ], [ 24.581361838271608, 49.805765608566674 ], [ 24.581664066378913, 49.805735544116928 ], [ 24.581595352189218, 49.805644651500977 ], [ 24.58137965826894, 49.805660757869767 ], [ 24.581284554449727, 49.805670987587717 ] ] ] ] } },
{ "type": "Feature", "properties": { "fid": 778, "parcel_number": "327", "parcel_type": "ground", "land_category": "pasture" }, "geometry": { "type": "MultiPolygon", "coordinates": [ [ [ [ 24.58125309406779, 49.805527304937804 ], [ 24.581284554449727, 49.805670987587717 ], [ 24.58137965826894, 49.805660757869767 ], [ 24.581595352189218, 49.805644651500977 ], [ 24.581543656952125, 49.805503145316003 ], [ 24.58125309406779, 49.805527304937804 ] ] ] ] } },
{ "type": "Feature", "properties": { "fid": 779, "parcel_number": "90", "parcel_type": "build", "land_category": "yard" }, "geometry": { "type": "MultiPolygon", "coordinates": [ [ [ [ 24.578568824065563, 49.805741705463419 ], [ 24.57858187638573, 49.805800250304088 ], [ 24.578493316434052, 49.80580670327091 ], [ 24.578493637963806, 49.805808015850502 ], [ 24.57852572466269, 49.805902352758999 ], [ 24.578803332920373, 49.80588507019268 ], [ 24.578801879868973, 49.805868034017443 ], [ 24.5786255499481, 49.805872153463746 ], [ 24.578624658650909, 49.805833613383456 ], [ 24.578798511035568, 49.805828536422162 ], [ 24.578794120615093, 49.805777061317755 ], [ 24.578705766695304, 49.805781267852119 ], [ 24.578702201506548, 49.805745603831291 ], [ 24.578791088050881, 49.80574150628145 ], [ 24.578788683327922, 49.805713312315525 ], [ 24.578761027121164, 49.80571482921161 ], [ 24.578568824065563, 49.805741705463419 ] ] ] ] } },
{ "type": "Feature", "properties": { "fid": 780, "parcel_number": "86", "parcel_type": "build", "land_category": "yard" }, "geometry": { "type": "MultiPolygon", "coordinates": [ [ [ [ 24.57857933212923, 49.80557956495467 ], [ 24.578679919076759, 49.805567283333161 ], [ 24.578688832048673, 49.80560294748534 ], [ 24.578585474522217, 49.8056128297345 ], [ 24.578590135530174, 49.805638071916789 ], [ 24.578913054081518, 49.805601218670944 ], [ 24.578884472624463, 49.805517409647216 ], [ 24.578575684549801, 49.805559811101915 ], [ 24.57857933212923, 49.80557956495467 ] ], [ [ 24.578718244855974, 49.80560294748534 ], [ 24.578707549289678, 49.805558079676722 ], [ 24.578839461273983, 49.805539672358584 ], [ 24.578849265543081, 49.805587416325523 ], [ 24.578718244855974, 49.80560294748534 ] ] ] ] } },
{ "type": "Feature", "properties": { "fid": 781, "parcel_number": "325", "parcel_type": "ground", "land_category": "garden" }, "geometry": { "type": "MultiPolygon", "coordinates": [ [ [ [ 24.578788683327922, 49.805713312315525 ], [ 24.578803332920373, 49.80588507019268 ], [ 24.579047334764059, 49.805869879801442 ], [ 24.579042279277232, 49.805699403007345 ], [ 24.578788683327922, 49.805713312315525 ] ] ] ] } },
{ "type": "Feature", "properties": { "fid": 782, "parcel_number": "91", "parcel_type": "build", "land_category": "building" }, "geometry": { "type": "MultiPolygon", "coordinates": [ [ [ [ 24.578767519044131, 49.805932821516322 ], [ 24.578807374575103, 49.805929963526665 ], [ 24.578803332920369, 49.80588507019268 ], [ 24.578754752630729, 49.805888094569852 ], [ 24.578767519044131, 49.805932821516322 ] ] ] ] } },
{ "type": "Feature", "properties": { "fid": 783, "parcel_number": "91", "parcel_type": "build", "land_category": "building" }, "geometry": { "type": "MultiPolygon", "coordinates": [ [ [ [ 24.57857383423362, 49.805899357686528 ], [ 24.578588115466072, 49.805982308897228 ], [ 24.578651397566645, 49.805980583226571 ], [ 24.578639774011513, 49.805895252590396 ], [ 24.57857383423362, 49.805899357686528 ] ] ] ] } },
{ "type": "Feature", "properties": { "fid": 784, "parcel_number": "90", "parcel_type": "build", "land_category": "building" }, "geometry": { "type": "MultiPolygon", "coordinates": [ [ [ [ 24.578798511035568, 49.805828536422162 ], [ 24.578624658650909, 49.805833613383456 ], [ 24.5786255499481, 49.805872153463746 ], [ 24.578801879868973, 49.805868034017443 ], [ 24.578798511035568, 49.805828536422162 ] ] ] ] } },
{ "type": "Feature", "properties": { "fid": 785, "parcel_number": "90", "parcel_type": "build", "land_category": "building" }, "geometry": { "type": "MultiPolygon", "coordinates": [ [ [ [ 24.578791088050881, 49.80574150628145 ], [ 24.578702201506548, 49.805745603831291 ], [ 24.578705766695304, 49.805781267852119 ], [ 24.578794120615093, 49.805777061317755 ], [ 24.578791088050881, 49.80574150628145 ] ] ] ] } },
{ "type": "Feature", "properties": { "fid": 786, "parcel_number": "321", "parcel_type": "ground", "land_category": "garden" }, "geometry": { "type": "MultiPolygon", "coordinates": [ [ [ [ 24.578493316434052, 49.80580670327091 ], [ 24.57858187638573, 49.805800250304088 ], [ 24.578568824065563, 49.805741705463419 ], [ 24.578480422610596, 49.805754066868168 ], [ 24.578493316434052, 49.80580670327091 ] ] ] ] } },
{ "type": "Feature", "properties": { "fid": 787, "parcel_number": "91", "parcel_type": "build", "land_category": "building" }, "geometry": { "type": "MultiPolygon", "coordinates": [ [ [ [ 24.578779083922402, 49.806083672712951 ], [ 24.578775287876219, 49.806053924175117 ], [ 24.578626758865681, 49.806071129310794 ], [ 24.578639203723608, 49.806103242901024 ], [ 24.578779083922402, 49.806083672712951 ] ] ] ] } },
{ "type": "Feature", "properties": { "fid": 788, "parcel_number": "92", "parcel_type": "build", "land_category": "building" }, "geometry": { "type": "MultiPolygon", "coordinates": [ [ [ [ 24.578683320139781, 49.806217084016758 ], [ 24.57875211414925, 49.806205782727147 ], [ 24.578725375233514, 49.8061396322801 ], [ 24.578784200848133, 49.806132729619549 ], [ 24.578777070470601, 49.806105118967487 ], [ 24.578646166756702, 49.80612121080334 ], [ 24.578683320139781, 49.806217084016758 ] ] ] ] } },
{ "type": "Feature", "properties": { "fid": 789, "parcel_number": "92", "parcel_type": "build", "land_category": "yard" }, "geometry": { "type": "MultiPolygon", "coordinates": [ [ [ [ 24.579009171600628, 49.806244826467058 ], [ 24.578882243539155, 49.806251225155791 ], [ 24.578878678350399, 49.806214411039662 ], [ 24.578967407884193, 49.806211166524527 ], [ 24.578907199860506, 49.806162641141491 ], [ 24.579026641533879, 49.806156855614525 ], [ 24.57902513932936, 49.806053120594974 ], [ 24.578825200518931, 49.806077220688472 ], [ 24.578639203723608, 49.806103242901024 ], [ 24.578646166756702, 49.80612121080334 ], [ 24.578777070470601, 49.806105118967487 ], [ 24.578784200848133, 49.806132729619549 ], [ 24.578725375233514, 49.8061396322801 ], [ 24.57875211414925, 49.806205782727147 ], [ 24.578683320139781, 49.806217084016758 ], [ 24.578710989121394, 49.806288483010853 ], [ 24.578832580082235, 49.806277605752008 ], [ 24.579028136802577, 49.806260111679663 ], [ 24.579009171600628, 49.806244826467058 ] ], [ [ 24.578803809386333, 49.806176446453087 ], [ 24.578795787711613, 49.806133304841296 ], [ 24.578887591322303, 49.806125826958009 ], [ 24.578894721699836, 49.806170119019107 ], [ 24.578803809386333, 49.806176446453087 ] ], [ [ 24.578736070799806, 49.806269056983218 ], [ 24.578728940422273, 49.806235118983423 ], [ 24.578780635659367, 49.806231092439496 ], [ 24.578788657334091, 49.80626388000173 ], [ 24.578736070799806, 49.806269056983218 ] ] ] ] } },
{ "type": "Feature", "properties": { "fid": 790, "parcel_number": "316", "parcel_type": "ground", "land_category": "field" }, "geometry": { "type": "MultiPolygon", "coordinates": [ [ [ [ 24.581769629291152, 49.806038053895492 ], [ 24.581635144169969, 49.805947356551087 ], [ 24.581325289140267, 49.805977994720472 ], [ 24.580649685869329, 49.806035517045551 ], [ 24.579911691795015, 49.806095340191099 ], [ 24.579285109869595, 49.806145384496467 ], [ 24.579026641533879, 49.806156855614532 ], [ 24.579028136802581, 49.806260111679663 ], [ 24.579071073188569, 49.806256270685388 ], [ 24.57976271981266, 49.806201049506171 ], [ 24.58078949418244, 49.806121668950667 ], [ 24.581208403864554, 49.806103261846751 ], [ 24.58171644326627, 49.806046890047419 ], [ 24.581769629291152, 49.806038053895492 ] ] ] ] } },
{ "type": "Feature", "properties": { "fid": 791, "parcel_number": "318", "parcel_type": "ground", "land_category": "pasture" }, "geometry": { "type": "MultiPolygon", "coordinates": [ [ [ [ 24.58155435251842, 49.805843679825308 ], [ 24.581635144169969, 49.805947356551087 ], [ 24.581811046109486, 49.805929963526687 ], [ 24.581732448027505, 49.805825996859667 ], [ 24.58155435251842, 49.805843679825308 ] ] ] ] } },
{ "type": "Feature", "properties": { "fid": 792, "parcel_number": "321", "parcel_type": "ground", "land_category": "pasture" }, "geometry": { "type": "MultiPolygon", "coordinates": [ [ [ [ 24.581478960940775, 49.805753957669495 ], [ 24.58155435251842, 49.805843679825308 ], [ 24.581732448027505, 49.805825996859667 ], [ 24.581664066378913, 49.805735544116928 ], [ 24.581478960940775, 49.805753957669495 ] ] ] ] } },
{ "type": "Feature", "properties": { "fid": 793, "parcel_number": "317", "parcel_type": "ground", "land_category": "pasture" }, "geometry": { "type": "MultiPolygon", "coordinates": [ [ [ [ 24.581635144169969, 49.805947356551087 ], [ 24.581769629291152, 49.806038053895492 ], [ 24.581896485299861, 49.806016978453798 ], [ 24.581811046109486, 49.805929963526687 ], [ 24.581635144169969, 49.805947356551087 ] ] ] ] } },
{ "type": "Feature", "properties": { "fid": 794, "parcel_number": null, "parcel_type": "ground", "land_category": "garden" }, "geometry": { "type": "MultiPolygon", "coordinates": [ [ [ [ 24.578967407884193, 49.806211166524527 ], [ 24.579007916443118, 49.80620865883148 ], [ 24.579009171600628, 49.806244826467058 ], [ 24.579028136802577, 49.806260111679663 ], [ 24.579028136802581, 49.806260111679663 ], [ 24.579026641533879, 49.806156855614525 ], [ 24.578907199860506, 49.806162641141491 ], [ 24.578967407884193, 49.806211166524527 ] ] ] ] } },
{ "type": "Feature", "properties": { "fid": 795, "parcel_number": "92", "parcel_type": "build", "land_category": "building" }, "geometry": { "type": "MultiPolygon", "coordinates": [ [ [ [ 24.578803809386333, 49.806176446453087 ], [ 24.578795787711613, 49.806133304841296 ], [ 24.578887591322303, 49.806125826958009 ], [ 24.578894721699836, 49.806170119019107 ], [ 24.578803809386333, 49.806176446453087 ] ] ] ] } },
{ "type": "Feature", "properties": { "fid": 798, "parcel_number": "92", "parcel_type": "build", "land_category": "building" }, "geometry": { "type": "MultiPolygon", "coordinates": [ [ [ [ 24.578878678350399, 49.806214411039662 ], [ 24.578882243539155, 49.806251225155791 ], [ 24.579009171600628, 49.806244826467058 ], [ 24.579007916443118, 49.80620865883148 ], [ 24.578967407884193, 49.806211166524527 ], [ 24.578878678350399, 49.806214411039662 ] ] ] ] } },
{ "type": "Feature", "properties": { "fid": 799, "parcel_number": "92", "parcel_type": "build", "land_category": "building" }, "geometry": { "type": "MultiPolygon", "coordinates": [ [ [ [ 24.578736070799806, 49.806269056983218 ], [ 24.578728940422273, 49.806235118983423 ], [ 24.578780635659367, 49.806231092439496 ], [ 24.578788657334091, 49.80626388000173 ], [ 24.578736070799806, 49.806269056983218 ] ] ] ] } },
{ "type": "Feature", "properties": { "fid": 800, "parcel_number": "331", "parcel_type": "ground", "land_category": "pasture" }, "geometry": { "type": "MultiPolygon", "coordinates": [ [ [ [ 24.578924153364433, 49.805633764910468 ], [ 24.578465333239233, 49.805692467589196 ], [ 24.578480422610596, 49.805754066868168 ], [ 24.578761027121164, 49.80571482921161 ], [ 24.578948295984645, 49.805704557831717 ], [ 24.578924153364433, 49.805633764910468 ] ] ] ] } },
{ "type": "Feature", "properties": { "fid": 801, "parcel_number": null, "parcel_type": null, "land_category": null }, "geometry": { "type": "MultiPolygon", "coordinates": [ [ [ [ 24.578913054081518, 49.805601218670944 ], [ 24.578455764956477, 49.805653407027656 ], [ 24.578465333239233, 49.805692467589196 ], [ 24.578924153364433, 49.805633764910468 ], [ 24.578913054081518, 49.805601218670944 ] ] ] ] } },
{ "type": "Feature", "properties": { "fid": 802, "parcel_number": "332", "parcel_type": "ground", "land_category": "garden" }, "geometry": { "type": "MultiPolygon", "coordinates": [ [ [ [ 24.578590135530174, 49.805638071916789 ], [ 24.578575684549801, 49.805559811101915 ], [ 24.578437486240762, 49.805578787901283 ], [ 24.578455764956477, 49.805653407027656 ], [ 24.578590135530174, 49.805638071916789 ] ] ] ] } },
{ "type": "Feature", "properties": { "fid": 803, "parcel_number": null, "parcel_type": "build", "land_category": "building" }, "geometry": { "type": "MultiPolygon", "coordinates": [ [ [ [ 24.578585474522217, 49.8056128297345 ], [ 24.578688832048673, 49.80560294748534 ], [ 24.578679919076759, 49.805567283333161 ], [ 24.57857933212923, 49.80557956495467 ], [ 24.578585474522217, 49.8056128297345 ] ] ] ] } },
{ "type": "Feature", "properties": { "fid": 804, "parcel_number": "89", "parcel_type": "build", "land_category": "building" }, "geometry": { "type": "MultiPolygon", "coordinates": [ [ [ [ 24.579042279277228, 49.805699403007345 ], [ 24.579028416278518, 49.805655293209504 ], [ 24.578932972254311, 49.805659624310451 ], [ 24.578948295984645, 49.805704557831717 ], [ 24.579042279277228, 49.805699403007345 ] ] ] ] } },
{ "type": "Feature", "properties": { "fid": 805, "parcel_number": "330", "parcel_type": "ground", "land_category": "pasture" }, "geometry": { "type": "MultiPolygon", "coordinates": [ [ [ [ 24.579110415620114, 49.805491632448501 ], [ 24.579110415620114, 49.805540822816177 ], [ 24.578988307904922, 49.805544849417537 ], [ 24.578984625630156, 49.805503657065806 ], [ 24.578884472624463, 49.805517409647216 ], [ 24.578932972254311, 49.805659624310451 ], [ 24.579028416278518, 49.805655293209504 ], [ 24.579042279277228, 49.805699403007345 ], [ 24.579062455225401, 49.805698296390773 ], [ 24.579059611680208, 49.805652417072281 ], [ 24.579178553899126, 49.805646730908407 ], [ 24.579177262909457, 49.80558799155375 ], [ 24.579244506359171, 49.805587574267285 ], [ 24.579245001495988, 49.80555577876234 ], [ 24.579160328262819, 49.805559805362435 ], [ 24.579157896182036, 49.805487994941892 ], [ 24.579110415620114, 49.805491632448501 ] ] ] ] } },
{ "type": "Feature", "properties": { "fid": 806, "parcel_number": "88", "parcel_type": "build", "land_category": "building" }, "geometry": { "type": "MultiPolygon", "coordinates": [ [ [ [ 24.579244506359171, 49.805587574267285 ], [ 24.579177262909457, 49.80558799155375 ], [ 24.579179045503839, 49.805669098665781 ], [ 24.579243218901606, 49.805670249120283 ], [ 24.579244506359171, 49.805587574267285 ] ] ] ] } },
{ "type": "Feature", "properties": { "fid": 807, "parcel_number": null, "parcel_type": "build", "land_category": "building" }, "geometry": { "type": "MultiPolygon", "coordinates": [ [ [ [ 24.579178553899126, 49.805646730908407 ], [ 24.579059611680208, 49.805652417072281 ], [ 24.579062455225401, 49.805698296390773 ], [ 24.579180097536042, 49.805691843909337 ], [ 24.579179045503839, 49.805669098665781 ], [ 24.579178553899126, 49.805646730908407 ] ] ] ] } },
{ "type": "Feature", "properties": { "fid": 808, "parcel_number": "87", "parcel_type": "build", "land_category": "building" }, "geometry": { "type": "MultiPolygon", "coordinates": [ [ [ [ 24.578984625630156, 49.805503657065806 ], [ 24.578988307904922, 49.805544849417537 ], [ 24.579110415620114, 49.805540822816177 ], [ 24.579110415620114, 49.805491632448501 ], [ 24.579023959792575, 49.805498255867242 ], [ 24.578984625630156, 49.805503657065806 ] ] ] ] } },
{ "type": "Feature", "properties": { "fid": 809, "parcel_number": "86", "parcel_type": "build", "land_category": "building" }, "geometry": { "type": "MultiPolygon", "coordinates": [ [ [ [ 24.578718244855974, 49.80560294748534 ], [ 24.578707549289678, 49.805558079676722 ], [ 24.578839461273983, 49.805539672358584 ], [ 24.578849265543081, 49.805587416325523 ], [ 24.578718244855974, 49.80560294748534 ] ] ] ] } },
{ "type": "Feature", "properties": { "fid": 810, "parcel_number": "460", "parcel_type": "ground", "land_category": "field" }, "geometry": { "type": "MultiPolygon", "coordinates": [ [ [ [ 24.575970786292423, 49.803450192021934 ], [ 24.575897289245752, 49.803701206201843 ], [ 24.575861637358102, 49.803896791026553 ], [ 24.57577607282774, 49.804277603918223 ], [ 24.575740420940093, 49.80450194847942 ], [ 24.575654856409741, 49.804925324101021 ], [ 24.575597813389496, 49.805187631052391 ], [ 24.575540767752113, 49.805492681830252 ], [ 24.575620721723475, 49.80549444295827 ], [ 24.575644160843442, 49.805386661255717 ], [ 24.575686943108625, 49.805163471261032 ], [ 24.575777855422125, 49.804758505344317 ], [ 24.575849159197421, 49.804359288468554 ], [ 24.575899071840126, 49.804077418662821 ], [ 24.576006027503073, 49.803658637635294 ], [ 24.576060869934917, 49.803466659715568 ], [ 24.575970786292423, 49.803450192021934 ] ] ] ] } },
{ "type": "Feature", "properties": { "fid": 811, "parcel_number": "461", "parcel_type": "ground", "land_category": "pasture" }, "geometry": { "type": "MultiPolygon", "coordinates": [ [ [ [ 24.576039814706167, 49.803254776172572 ], [ 24.5759828537761, 49.803408977991495 ], [ 24.575970786292423, 49.803450192021934 ], [ 24.576060869934917, 49.803466659715568 ], [ 24.576111200571678, 49.803290475497988 ], [ 24.576039814706167, 49.803254776172572 ] ] ] ] } },
{ "type": "Feature", "properties": { "fid": 812, "parcel_number": null, "parcel_type": "ground", "land_category": "pasture" }, "geometry": { "type": "MultiPolygon", "coordinates": [ [ [ [ 24.573504090569983, 49.80291313686326 ], [ 24.57351106333903, 49.802879384173515 ], [ 24.573214484700241, 49.802870537142127 ], [ 24.573504090569983, 49.80291313686326 ] ] ] ] } },
{ "type": "Feature", "properties": { "fid": 813, "parcel_number": "510", "parcel_type": "ground", "land_category": "pasture" }, "geometry": { "type": "MultiPolygon", "coordinates": [ [ [ [ 24.573865260673156, 49.802891871374122 ], [ 24.573852955499966, 49.802957676429507 ], [ 24.574014892747847, 49.802977196607848 ], [ 24.574014892747854, 49.802977196607848 ], [ 24.574023782549865, 49.802945320951515 ], [ 24.574029130333013, 49.802898149639049 ], [ 24.573865260673156, 49.802891871374122 ] ] ] ] } },
{ "type": "Feature", "properties": { "fid": 814, "parcel_number": "515", "parcel_type": "ground", "land_category": "pasture" }, "geometry": { "type": "MultiPolygon", "coordinates": [ [ [ [ 24.573706036892833, 49.802885771104691 ], [ 24.573696896620664, 49.802938864839248 ], [ 24.573852955499966, 49.802957676429507 ], [ 24.573865260673156, 49.802891871374122 ], [ 24.573706036892833, 49.802885771104691 ] ] ] ] } },
{ "type": "Feature", "properties": { "fid": 815, "parcel_number": null, "parcel_type": "ground", "land_category": "pasture" }, "geometry": { "type": "MultiPolygon", "coordinates": [ [ [ [ 24.573617191123645, 49.802882549997747 ], [ 24.573606056487044, 49.802927914822305 ], [ 24.573696896620664, 49.802938864839248 ], [ 24.573706036892833, 49.802885771104691 ], [ 24.573638742163254, 49.802883192871839 ], [ 24.573617191123645, 49.802882549997747 ] ] ] ] } },
{ "type": "Feature", "properties": { "fid": 816, "parcel_number": null, "parcel_type": "ground", "land_category": "pasture" }, "geometry": { "type": "MultiPolygon", "coordinates": [ [ [ [ 24.57351106333903, 49.802879384173515 ], [ 24.573504090569983, 49.80291313686326 ], [ 24.573597742492456, 49.802926912639919 ], [ 24.573606056487044, 49.802927914822305 ], [ 24.573617191123645, 49.802882549997747 ], [ 24.57351106333903, 49.802879384173515 ] ] ] ] } },
{ "type": "Feature", "properties": { "fid": 817, "parcel_number": "508", "parcel_type": "ground", "land_category": "field" }, "geometry": { "type": "MultiPolygon", "coordinates": [ [ [ [ 24.573709267299794, 49.805473126705166 ], [ 24.573749263014953, 49.80512895725245 ], [ 24.573820566790253, 49.804707884366522 ], [ 24.573900783537468, 49.804186715312895 ], [ 24.573991695850971, 49.803686249682713 ], [ 24.574089738542003, 49.803239852985158 ], [ 24.574149039879295, 49.802996107701297 ], [ 24.574014892747851, 49.802977196607856 ], [ 24.573911479103767, 49.803348001016502 ], [ 24.573818784195886, 49.803759881732212 ], [ 24.57374391523182, 49.804137244228158 ], [ 24.573615568436288, 49.804974794380421 ], [ 24.573551358784059, 49.805472756789584 ], [ 24.573709267299794, 49.805473126705166 ] ] ] ] } },
{ "type": "Feature", "properties": { "fid": 818, "parcel_number": "507", "parcel_type": "ground", "land_category": "pasture" }, "geometry": { "type": "MultiPolygon", "coordinates": [ [ [ [ 24.574149039879295, 49.802996107701297 ], [ 24.574157477128537, 49.802961428218417 ], [ 24.574187312246384, 49.802854038086991 ], [ 24.574091521136399, 49.802894698077786 ], [ 24.574029130333013, 49.802898149639049 ], [ 24.574023782549865, 49.802945320951515 ], [ 24.574014892747851, 49.802977196607856 ], [ 24.574149039879295, 49.802996107701297 ] ] ] ] } },
{ "type": "Feature", "properties": { "fid": 819, "parcel_number": "502", "parcel_type": "ground", "land_category": "field" }, "geometry": { "type": "MultiPolygon", "coordinates": [ [ [ [ 24.573847389107563, 49.805473450268515 ], [ 24.573856218677914, 49.805405068632027 ], [ 24.573925739858829, 49.804994352383879 ], [ 24.574007739200415, 49.804457079650319 ], [ 24.574093303730766, 49.803948563347838 ], [ 24.574166390100448, 49.803530931711052 ], [ 24.57427156316901, 49.803119049047474 ], [ 24.574304145399015, 49.803017973356901 ], [ 24.574149039879295, 49.802996107701297 ], [ 24.574089738542003, 49.803239852985158 ], [ 24.573991695850971, 49.803686249682713 ], [ 24.573900783537468, 49.804186715312895 ], [ 24.573820566790253, 49.804707884366522 ], [ 24.573749263014953, 49.80512895725245 ], [ 24.573709267299794, 49.805473126705166 ], [ 24.573847389107563, 49.805473450268515 ] ] ] ] } },
{ "type": "Feature", "properties": { "fid": 820, "parcel_number": "503", "parcel_type": "ground", "land_category": "pasture" }, "geometry": { "type": "MultiPolygon", "coordinates": [ [ [ [ 24.574304145399015, 49.803017973356901 ], [ 24.57438208402073, 49.802776194325482 ], [ 24.574349997321846, 49.802732474421262 ], [ 24.574289389112845, 49.802810710011443 ], [ 24.574187312246384, 49.802854038086991 ], [ 24.574157477128537, 49.802961428218417 ], [ 24.574149039879295, 49.802996107701297 ], [ 24.574304145399015, 49.803017973356901 ] ] ] ] } },
{ "type": "Feature", "properties": { "fid": 821, "parcel_number": "501", "parcel_type": "ground", "land_category": "field" }, "geometry": { "type": "MultiPolygon", "coordinates": [ [ [ [ 24.574019728138758, 49.805473853988936 ], [ 24.574066564815034, 49.805094443219261 ], [ 24.574130738212801, 49.804706733889141 ], [ 24.574191346421813, 49.804305215612615 ], [ 24.574248389442047, 49.803996884131152 ], [ 24.574314345434196, 49.80365863763528 ], [ 24.574360692888142, 49.803431988150749 ], [ 24.574435561852198, 49.803159317060192 ], [ 24.57447292212569, 49.803041766280494 ], [ 24.574304145399015, 49.803017973356901 ], [ 24.57427156316901, 49.803119049047474 ], [ 24.574166390100448, 49.803530931711052 ], [ 24.574093303730766, 49.803948563347838 ], [ 24.574007739200415, 49.804457079650319 ], [ 24.573925739858829, 49.804994352383879 ], [ 24.573856218677914, 49.805405068632027 ], [ 24.573847389107563, 49.805473450268515 ], [ 24.574019728138758, 49.805473853988936 ] ] ] ] } },
{ "type": "Feature", "properties": { "fid": 822, "parcel_number": "500", "parcel_type": "ground", "land_category": "pasture" }, "geometry": { "type": "MultiPolygon", "coordinates": [ [ [ [ 24.57447292212569, 49.803041766280494 ], [ 24.574535387137622, 49.802845225672783 ], [ 24.57438208402073, 49.802776194325482 ], [ 24.574304145399015, 49.803017973356901 ], [ 24.57447292212569, 49.803041766280494 ] ] ] ] } },
{ "type": "Feature", "properties": { "fid": 823, "parcel_number": "496", "parcel_type": "ground", "land_category": "field" }, "geometry": { "type": "MultiPolygon", "coordinates": [ [ [ [ 24.574134296784123, 49.805474122376786 ], [ 24.574152129345396, 49.805280818706102 ], [ 24.574218085337549, 49.804870101403814 ], [ 24.574301867273515, 49.804381147691018 ], [ 24.574383866615111, 49.803929004921876 ], [ 24.574462300767941, 49.803519426656287 ], [ 24.574554995675822, 49.803198434526195 ], [ 24.574600888980367, 49.803059806123166 ], [ 24.57447292212569, 49.803041766280494 ], [ 24.574435561852198, 49.803159317060192 ], [ 24.574360692888142, 49.803431988150749 ], [ 24.574314345434196, 49.80365863763528 ], [ 24.574248389442047, 49.803996884131152 ], [ 24.574191346421813, 49.804305215612615 ], [ 24.574130738212801, 49.804706733889141 ], [ 24.574066564815034, 49.805094443219261 ], [ 24.574019728138758, 49.805473853988936 ], [ 24.574134296784123, 49.805474122376786 ] ] ] ] } },
{ "type": "Feature", "properties": { "fid": 824, "parcel_number": "497", "parcel_type": "ground", "land_category": "pasture" }, "geometry": { "type": "MultiPolygon", "coordinates": [ [ [ [ 24.574600888980367, 49.803059806123166 ], [ 24.574663087462646, 49.802871925203391 ], [ 24.574535387137622, 49.802845225672783 ], [ 24.57447292212569, 49.803041766280494 ], [ 24.574600888980367, 49.803059806123166 ] ] ] ] } },
{ "type": "Feature", "properties": { "fid": 825, "parcel_number": "495", "parcel_type": "ground", "land_category": "field" }, "geometry": { "type": "MultiPolygon", "coordinates": [ [ [ [ 24.57425548777984, 49.805474406278115 ], [ 24.574291171707223, 49.80512895725245 ], [ 24.574316128028578, 49.804908067014892 ], [ 24.574390996992634, 49.804483540759662 ], [ 24.574483691900525, 49.804003787096264 ], [ 24.574530039354464, 49.803757580732338 ], [ 24.574601343129764, 49.803438891196393 ], [ 24.574686907660126, 49.803220294272826 ], [ 24.574742168085979, 49.803071877904273 ], [ 24.574604908318527, 49.803060372740418 ], [ 24.574600888980367, 49.803059806123166 ], [ 24.574554995675822, 49.803198434526195 ], [ 24.574462300767941, 49.803519426656287 ], [ 24.574383866615111, 49.803929004921876 ], [ 24.574301867273515, 49.804381147691018 ], [ 24.574218085337549, 49.804870101403814 ], [ 24.574152129345396, 49.805280818706102 ], [ 24.574134296784123, 49.805474122376786 ], [ 24.57425548777984, 49.805474406278115 ] ] ] ] } },
{ "type": "Feature", "properties": { "fid": 826, "parcel_number": "494", "parcel_type": "ground", "land_category": "pasture" }, "geometry": { "type": "MultiPolygon", "coordinates": [ [ [ [ 24.574742168085979, 49.803071877904273 ], [ 24.574788515539925, 49.802898149639049 ], [ 24.574663087462646, 49.802871925203391 ], [ 24.574600888980367, 49.803059806123166 ], [ 24.574604908318527, 49.803060372740418 ], [ 24.574742168085979, 49.803071877904273 ] ] ] ] } },
{ "type": "Feature", "properties": { "fid": 827, "parcel_number": "492", "parcel_type": "ground", "land_category": "field" }, "geometry": { "type": "MultiPolygon", "coordinates": [ [ [ [ 24.574342824479718, 49.805474610872565 ], [ 24.574357127699376, 49.805411971396346 ], [ 24.574405257747696, 49.805115151642127 ], [ 24.574489039683677, 49.80461239465069 ], [ 24.574546082703911, 49.804312118533737 ], [ 24.574638777611796, 49.803930155417731 ], [ 24.574710081387092, 49.803594209463355 ], [ 24.574772472190475, 49.803394021382069 ], [ 24.574831297805094, 49.803196133499654 ], [ 24.574858522378374, 49.803111782948541 ], [ 24.574742168085979, 49.803071877904273 ], [ 24.574686907660126, 49.803220294272826 ], [ 24.574601343129764, 49.803438891196393 ], [ 24.574530039354464, 49.803757580732338 ], [ 24.574483691900525, 49.804003787096264 ], [ 24.574390996992634, 49.804483540759662 ], [ 24.574316128028578, 49.804908067014892 ], [ 24.574291171707223, 49.80512895725245 ], [ 24.57425548777984, 49.805474406278115 ], [ 24.574342824479718, 49.805474610872565 ] ] ] ] } },
{ "type": "Feature", "properties": { "fid": 828, "parcel_number": "493", "parcel_type": "ground", "land_category": "pasture" }, "geometry": { "type": "MultiPolygon", "coordinates": [ [ [ [ 24.574858522378374, 49.803111782948541 ], [ 24.574920497663967, 49.802919763428491 ], [ 24.574788515539925, 49.802898149639049 ], [ 24.574742168085979, 49.803071877904273 ], [ 24.574858522378374, 49.803111782948541 ] ] ] ] } },
{ "type": "Feature", "properties": { "fid": 829, "parcel_number": "491", "parcel_type": "ground", "land_category": "field" }, "geometry": { "type": "MultiPolygon", "coordinates": [ [ [ [ 24.574434316378387, 49.80547482520096 ], [ 24.574456952984789, 49.805256658961248 ], [ 24.574519343788168, 49.804857446193502 ], [ 24.574592430157846, 49.804507700890362 ], [ 24.574644125394933, 49.804241938789616 ], [ 24.574690472848879, 49.803965820776007 ], [ 24.574765341812938, 49.803614918527956 ], [ 24.574843775965761, 49.803366409167964 ], [ 24.574929313629703, 49.80313606162327 ], [ 24.574858522378374, 49.803111782948541 ], [ 24.574831297805094, 49.803196133499654 ], [ 24.574772472190475, 49.803394021382069 ], [ 24.574710081387092, 49.803594209463355 ], [ 24.574638777611796, 49.803930155417731 ], [ 24.574546082703911, 49.804312118533737 ], [ 24.574489039683677, 49.80461239465069 ], [ 24.574405257747696, 49.805115151642127 ], [ 24.574357127699376, 49.805411971396346 ], [ 24.574342824479718, 49.805474610872565 ], [ 24.574434316378387, 49.80547482520096 ] ] ] ] } },
{ "type": "Feature", "properties": { "fid": 830, "parcel_number": "490", "parcel_type": "ground", "land_category": "pasture" }, "geometry": { "type": "MultiPolygon", "coordinates": [ [ [ [ 24.574929313629703, 49.80313606162327 ], [ 24.574947166439941, 49.803087985129075 ], [ 24.574987249183209, 49.802930694851355 ], [ 24.574920497663967, 49.802919763428491 ], [ 24.574858522378374, 49.803111782948541 ], [ 24.574929313629703, 49.80313606162327 ] ] ] ] } },
{ "type": "Feature", "properties": { "fid": 831, "parcel_number": "488", "parcel_type": "ground", "land_category": "field" }, "geometry": { "type": "MultiPolygon", "coordinates": [ [ [ [ 24.574514105091648, 49.80547501211354 ], [ 24.574547865298278, 49.805224445949364 ], [ 24.574622734262334, 49.80477346153215 ], [ 24.574692255443249, 49.804377696235498 ], [ 24.57477603737923, 49.803968121765948 ], [ 24.574845558560146, 49.80358385492773 ], [ 24.574897253797236, 49.80345960032745 ], [ 24.574984600921972, 49.803201886065793 ], [ 24.574998310845725, 49.803159725012932 ], [ 24.574929313629703, 49.80313606162327 ], [ 24.574843775965761, 49.803366409167964 ], [ 24.574765341812938, 49.803614918527956 ], [ 24.574690472848879, 49.803965820776007 ], [ 24.574644125394933, 49.804241938789616 ], [ 24.574592430157846, 49.804507700890362 ], [ 24.574519343788168, 49.804857446193502 ], [ 24.574456952984789, 49.805256658961248 ], [ 24.574434316378387, 49.80547482520096 ], [ 24.574514105091648, 49.80547501211354 ] ] ] ] } },
{ "type": "Feature", "properties": { "fid": 832, "parcel_number": "489", "parcel_type": "ground", "land_category": "pasture" }, "geometry": { "type": "MultiPolygon", "coordinates": [ [ [ [ 24.574998310845725, 49.803159725012932 ], [ 24.575068462053657, 49.802943994507139 ], [ 24.574987249183209, 49.802930694851355 ], [ 24.574947166439941, 49.803087985129075 ], [ 24.574929313629703, 49.80313606162327 ], [ 24.574998310845725, 49.803159725012932 ] ] ] ] } },
{ "type": "Feature", "properties": { "fid": 833, "parcel_number": "487", "parcel_type": "ground", "land_category": "field" }, "geometry": { "type": "MultiPolygon", "coordinates": [ [ [ [ 24.574604665661056, 49.805475224260213 ], [ 24.574658386149984, 49.80506338056837 ], [ 24.574718994358989, 49.804717088184603 ], [ 24.57477247219046, 49.804394953510659 ], [ 24.574845558560146, 49.804032549440272 ], [ 24.574915079741057, 49.803693152692112 ], [ 24.574952514223089, 49.803557393326628 ], [ 24.575014905026464, 49.803348001016481 ], [ 24.575073513905693, 49.803185516768231 ], [ 24.574998310845725, 49.803159725012932 ], [ 24.574984600921972, 49.803201886065793 ], [ 24.574897253797236, 49.80345960032745 ], [ 24.574845558560146, 49.80358385492773 ], [ 24.57477603737923, 49.803968121765948 ], [ 24.574692255443249, 49.804377696235498 ], [ 24.574622734262334, 49.80477346153215 ], [ 24.574547865298278, 49.805224445949364 ], [ 24.574514105091648, 49.80547501211354 ], [ 24.574604665661056, 49.805475224260213 ] ] ] ] } },
{ "type": "Feature", "properties": { "fid": 834, "parcel_number": "488", "parcel_type": "ground", "land_category": "pasture" }, "geometry": { "type": "MultiPolygon", "coordinates": [ [ [ [ 24.575073513905693, 49.803185516768231 ], [ 24.575093339179293, 49.803130554197381 ], [ 24.57514869909425, 49.802957157432878 ], [ 24.575146817010786, 49.802956826142733 ], [ 24.575068462053657, 49.802943994507139 ], [ 24.574998310845725, 49.803159725012932 ], [ 24.575073513905693, 49.803185516768231 ] ] ] ] } },
{ "type": "Feature", "properties": { "fid": 835, "parcel_number": "484", "parcel_type": "ground", "land_category": "field" }, "geometry": { "type": "MultiPolygon", "coordinates": [ [ [ [ 24.574672317478679, 49.805475382740973 ], [ 24.574722559547759, 49.805177276857549 ], [ 24.574781385162375, 49.804845941453976 ], [ 24.574836645588231, 49.804460531100176 ], [ 24.574906166769146, 49.804109632437921 ], [ 24.57497034016691, 49.803802450209716 ], [ 24.575029165781533, 49.803544737773144 ], [ 24.575121860689411, 49.803272067317607 ], [ 24.575141904761438, 49.803208972199656 ], [ 24.575073513905693, 49.803185516768231 ], [ 24.575014905026464, 49.803348001016481 ], [ 24.574952514223089, 49.803557393326628 ], [ 24.574915079741057, 49.803693152692112 ], [ 24.574845558560146, 49.804032549440272 ], [ 24.57477247219046, 49.804394953510659 ], [ 24.574718994358989, 49.804717088184603 ], [ 24.574658386149984, 49.80506338056837 ], [ 24.574604665661056, 49.805475224260213 ], [ 24.574672317478679, 49.805475382740973 ] ] ] ] } },
{ "type": "Feature", "properties": { "fid": 836, "parcel_number": "485", "parcel_type": "ground", "land_category": "pasture" }, "geometry": { "type": "MultiPolygon", "coordinates": [ [ [ [ 24.575141904761438, 49.803208972199656 ], [ 24.575218024713021, 49.802969360342459 ], [ 24.57514869909425, 49.802957157432878 ], [ 24.575093339179293, 49.803130554197381 ], [ 24.575073513905693, 49.803185516768231 ], [ 24.575141904761438, 49.803208972199656 ] ] ] ] } },
{ "type": "Feature", "properties": { "fid": 837, "parcel_number": "483", "parcel_type": "ground", "land_category": "field" }, "geometry": { "type": "MultiPolygon", "coordinates": [ [ [ [ 24.574763251762477, 49.805476385671646 ], [ 24.574811689266877, 49.80506568150615 ], [ 24.574865167098345, 49.804742398675288 ], [ 24.574911514552291, 49.804438671913537 ], [ 24.574998861677027, 49.804036000920398 ], [ 24.575039861347825, 49.803831212673344 ], [ 24.575132556255706, 49.803482610462673 ], [ 24.575213853431801, 49.803232661146659 ], [ 24.575168208143371, 49.803217993247344 ], [ 24.575141904761438, 49.803208972199656 ], [ 24.575121860689411, 49.803272067317607 ], [ 24.575029165781533, 49.803544737773144 ], [ 24.57497034016691, 49.803802450209716 ], [ 24.574906166769146, 49.804109632437921 ], [ 24.574836645588231, 49.804460531100176 ], [ 24.574781385162375, 49.804845941453976 ], [ 24.574722559547759, 49.805177276857549 ], [ 24.574672317478679, 49.805475382740973 ], [ 24.574720188100855, 49.805475494882415 ], [ 24.574763251762477, 49.805476385671646 ] ] ] ] } },
{ "type": "Feature", "properties": { "fid": 838, "parcel_number": "482", "parcel_type": "ground", "land_category": "pasture" }, "geometry": { "type": "MultiPolygon", "coordinates": [ [ [ [ 24.575213853431801, 49.803232661146659 ], [ 24.575230598946742, 49.803181176824488 ], [ 24.575297688632276, 49.802983383031624 ], [ 24.575218024713021, 49.802969360342459 ], [ 24.575141904761438, 49.803208972199656 ], [ 24.575168208143371, 49.803217993247344 ], [ 24.575213853431801, 49.803232661146659 ] ] ] ] } },
{ "type": "Feature", "properties": { "fid": 839, "parcel_number": "480", "parcel_type": "ground", "land_category": "field" }, "geometry": { "type": "MultiPolygon", "coordinates": [ [ [ [ 24.574842208812388, 49.80547801893011 ], [ 24.574882993042159, 49.805165196960786 ], [ 24.574925775307332, 49.804889084213059 ], [ 24.575011339837697, 49.804446150057451 ], [ 24.575091556584908, 49.803990556412273 ], [ 24.575175338520879, 49.803593634211424 ], [ 24.575266250834378, 49.803309458926627 ], [ 24.575284519872994, 49.803255369476041 ], [ 24.575213853431801, 49.803232661146659 ], [ 24.575132556255706, 49.803482610462673 ], [ 24.575039861347825, 49.803831212673344 ], [ 24.574998861677027, 49.804036000920398 ], [ 24.574911514552291, 49.804438671913537 ], [ 24.574865167098345, 49.804742398675288 ], [ 24.574811689266877, 49.80506568150615 ], [ 24.574763251762477, 49.805476385671646 ], [ 24.574842208812388, 49.80547801893011 ] ] ] ] } },
{ "type": "Feature", "properties": { "fid": 840, "parcel_number": "481", "parcel_type": "ground", "land_category": "pasture" }, "geometry": { "type": "MultiPolygon", "coordinates": [ [ [ [ 24.575284519872994, 49.803255369476041 ], [ 24.575371968770526, 49.802996458051027 ], [ 24.575297688632276, 49.802983383031624 ], [ 24.575230598946742, 49.803181176824488 ], [ 24.575213853431801, 49.803232661146659 ], [ 24.575284519872994, 49.803255369476041 ] ] ] ] } },
{ "type": "Feature", "properties": { "fid": 841, "parcel_number": "479", "parcel_type": "ground", "land_category": "field" }, "geometry": { "type": "MultiPolygon", "coordinates": [ [ [ [ 24.574928733757442, 49.805479808733544 ], [ 24.574964992383748, 49.80518475488735 ], [ 24.575029165781515, 49.804848817639105 ], [ 24.575089773990513, 49.804478363587222 ], [ 24.575159295171431, 49.804113659158332 ], [ 24.575227033757965, 49.803784617473696 ], [ 24.575284076778196, 49.803547614035573 ], [ 24.575374719687684, 49.80328435476337 ], [ 24.575284519872994, 49.803255369476041 ], [ 24.575266250834378, 49.803309458926627 ], [ 24.575175338520879, 49.803593634211424 ], [ 24.575091556584908, 49.803990556412273 ], [ 24.575011339837697, 49.804446150057451 ], [ 24.574925775307332, 49.804889084213059 ], [ 24.574882993042159, 49.805165196960786 ], [ 24.574842208812388, 49.80547801893011 ], [ 24.574928733757442, 49.805479808733544 ] ] ] ] } },
{ "type": "Feature", "properties": { "fid": 842, "parcel_number": "478", "parcel_type": "ground", "land_category": "pasture" }, "geometry": { "type": "MultiPolygon", "coordinates": [ [ [ [ 24.575374719687684, 49.80328435476337 ], [ 24.575389249846761, 49.80324215400961 ], [ 24.575449628137964, 49.803022031146128 ], [ 24.575382119469268, 49.802998244808379 ], [ 24.575371968770526, 49.802996458051027 ], [ 24.575284519872994, 49.803255369476041 ], [ 24.575374719687684, 49.80328435476337 ] ] ] ] } },
{ "type": "Feature", "properties": { "fid": 843, "parcel_number": "476", "parcel_type": "ground", "land_category": "field" }, "geometry": { "type": "MultiPolygon", "coordinates": [ [ [ [ 24.575013231453536, 49.805481556602516 ], [ 24.575032730970268, 49.80533143908481 ], [ 24.575068382857918, 49.805051875877794 ], [ 24.575145034416366, 49.804628501362942 ], [ 24.575234164135484, 49.804186715312895 ], [ 24.575307250505166, 49.803748376731853 ], [ 24.575360728336644, 49.803561995345255 ], [ 24.575439162489474, 49.803338796938114 ], [ 24.57544850578396, 49.80330806557928 ], [ 24.575374719687684, 49.80328435476337 ], [ 24.575284076778196, 49.803547614035573 ], [ 24.575227033757965, 49.803784617473696 ], [ 24.575159295171431, 49.804113659158332 ], [ 24.575089773990513, 49.804478363587222 ], [ 24.575029165781515, 49.804848817639105 ], [ 24.574964992383748, 49.80518475488735 ], [ 24.574928733757442, 49.805479808733544 ], [ 24.575013231453536, 49.805481556602516 ] ] ] ] } },
{ "type": "Feature", "properties": { "fid": 844, "parcel_number": "477", "parcel_type": "ground", "land_category": "pasture" }, "geometry": { "type": "MultiPolygon", "coordinates": [ [ [ [ 24.57544850578396, 49.80330806557928 ], [ 24.575527163329113, 49.803049350278314 ], [ 24.575449628137964, 49.803022031146128 ], [ 24.575389249846761, 49.80324215400961 ], [ 24.575374719687684, 49.80328435476337 ], [ 24.57544850578396, 49.80330806557928 ] ] ] ] } },
{ "type": "Feature", "properties": { "fid": 845, "parcel_number": "475", "parcel_type": "ground", "land_category": "field" }, "geometry": { "type": "MultiPolygon", "coordinates": [ [ [ [ 24.575095168407159, 49.805483251501492 ], [ 24.575114730311864, 49.805277367314716 ], [ 24.575164642954569, 49.804946032596213 ], [ 24.575214555597277, 49.804690627202916 ], [ 24.575268033428749, 49.804378846720702 ], [ 24.575360728336641, 49.803915198969349 ], [ 24.575403510601813, 49.803717313217255 ], [ 24.575448075461377, 49.803556242821912 ], [ 24.575523638371255, 49.803332209083763 ], [ 24.57544850578396, 49.80330806557928 ], [ 24.575439162489474, 49.803338796938114 ], [ 24.575360728336644, 49.803561995345255 ], [ 24.575307250505166, 49.803748376731853 ], [ 24.575234164135484, 49.804186715312895 ], [ 24.575145034416366, 49.804628501362942 ], [ 24.575068382857918, 49.805051875877794 ], [ 24.575032730970268, 49.80533143908481 ], [ 24.575013231453536, 49.805481556602516 ], [ 24.575095168407159, 49.805483251501492 ] ] ] ] } },
{ "type": "Feature", "properties": { "fid": 846, "parcel_number": "474", "parcel_type": "ground", "land_category": "pasture" }, "geometry": { "type": "MultiPolygon", "coordinates": [ [ [ [ 24.575523638371255, 49.803332209083763 ], [ 24.575562161501857, 49.803217993247344 ], [ 24.575608116853562, 49.803077873842938 ], [ 24.575527163329113, 49.803049350278314 ], [ 24.57544850578396, 49.80330806557928 ], [ 24.575523638371255, 49.803332209083763 ] ] ] ] } },
{ "type": "Feature", "properties": { "fid": 847, "parcel_number": "472", "parcel_type": "ground", "land_category": "field" }, "geometry": { "type": "MultiPolygon", "coordinates": [ [ [ [ 24.575166131173596, 49.805484719394975 ], [ 24.575218120786047, 49.80513240865443 ], [ 24.57528051158943, 49.804820631017435 ], [ 24.57531259828831, 49.804579030729684 ], [ 24.57534825017596, 49.804413361264068 ], [ 24.57543203211193, 49.803996884131173 ], [ 24.575503335887227, 49.803645982108293 ], [ 24.575579987445678, 49.803421633580442 ], [ 24.575600534150816, 49.80335684965781 ], [ 24.575590683012013, 49.803353753564572 ], [ 24.575523638371255, 49.803332209083763 ], [ 24.575448075461377, 49.803556242821912 ], [ 24.575403510601813, 49.803717313217255 ], [ 24.575360728336641, 49.803915198969349 ], [ 24.575268033428749, 49.804378846720702 ], [ 24.575214555597277, 49.804690627202916 ], [ 24.575164642954569, 49.804946032596213 ], [ 24.575114730311864, 49.805277367314716 ], [ 24.575095168407159, 49.805483251501492 ], [ 24.575166131173596, 49.805484719394975 ] ] ] ] } },
{ "type": "Feature", "properties": { "fid": 848, "parcel_number": "473", "parcel_type": "ground", "land_category": "pasture" }, "geometry": { "type": "MultiPolygon", "coordinates": [ [ [ [ 24.575600534150816, 49.80335684965781 ], [ 24.575680881995556, 49.80310351227245 ], [ 24.575608116853562, 49.803077873842938 ], [ 24.575562161501857, 49.803217993247344 ], [ 24.575523638371255, 49.803332209083763 ], [ 24.575590683012013, 49.803353753564572 ], [ 24.575600534150816, 49.80335684965781 ] ] ] ] } },
{ "type": "Feature", "properties": { "fid": 849, "parcel_number": "471", "parcel_type": "ground", "land_category": "field" }, "geometry": { "type": "MultiPolygon", "coordinates": [ [ [ [ 24.575236951239216, 49.805486184336637 ], [ 24.575287641966963, 49.805199135710701 ], [ 24.575342902392812, 49.80488275661083 ], [ 24.575412423573731, 49.8045157542646 ], [ 24.575487292537794, 49.804092375061103 ], [ 24.575551465935558, 49.803804751207473 ], [ 24.575608508955792, 49.803564296354402 ], [ 24.575669320014129, 49.803378468218902 ], [ 24.575600534150816, 49.80335684965781 ], [ 24.575579987445678, 49.803421633580442 ], [ 24.575503335887227, 49.803645982108293 ], [ 24.57543203211193, 49.803996884131173 ], [ 24.57534825017596, 49.804413361264068 ], [ 24.57531259828831, 49.804579030729684 ], [ 24.57528051158943, 49.804820631017435 ], [ 24.575218120786047, 49.80513240865443 ], [ 24.575166131173596, 49.805484719394975 ], [ 24.575236951239216, 49.805486184336637 ] ] ] ] } },
{ "type": "Feature", "properties": { "fid": 850, "parcel_number": "470", "parcel_type": "ground", "land_category": "pasture" }, "geometry": { "type": "MultiPolygon", "coordinates": [ [ [ [ 24.575669320014129, 49.803378468218902 ], [ 24.575695856080539, 49.803297378563833 ], [ 24.57574930958441, 49.803126909486657 ], [ 24.575731507968225, 49.803121350077696 ], [ 24.575680881995556, 49.80310351227245 ], [ 24.575600534150816, 49.80335684965781 ], [ 24.575669320014129, 49.803378468218902 ] ] ] ] } },
{ "type": "Feature", "properties": { "fid": 851, "parcel_number": "468", "parcel_type": "ground", "land_category": "field" }, "geometry": { "type": "MultiPolygon", "coordinates": [ [ [ [ 24.575320814312494, 49.805487919078175 ], [ 24.57538746725238, 49.805118603045088 ], [ 24.57545520583891, 49.804690627202916 ], [ 24.575515814047908, 49.804343181666738 ], [ 24.575626334899624, 49.803841567156105 ], [ 24.575658421598508, 49.803683948679385 ], [ 24.575735073156942, 49.803453847791957 ], [ 24.575752622098513, 49.803404649051899 ], [ 24.575669320014129, 49.803378468218902 ], [ 24.575608508955792, 49.803564296354402 ], [ 24.575551465935558, 49.803804751207473 ], [ 24.575487292537794, 49.804092375061103 ], [ 24.575412423573731, 49.8045157542646 ], [ 24.575342902392812, 49.80488275661083 ], [ 24.575287641966963, 49.805199135710701 ], [ 24.575236951239216, 49.805486184336637 ], [ 24.575320814312494, 49.805487919078175 ] ] ] ] } },
{ "type": "Feature", "properties": { "fid": 852, "parcel_number": "469", "parcel_type": "ground", "land_category": "pasture" }, "geometry": { "type": "MultiPolygon", "coordinates": [ [ [ [ 24.575752622098513, 49.803404649051899 ], [ 24.575841428768815, 49.80315567812282 ], [ 24.57574930958441, 49.803126909486657 ], [ 24.575695856080539, 49.803297378563833 ], [ 24.575669320014129, 49.803378468218902 ], [ 24.575752622098513, 49.803404649051899 ] ] ] ] } },
{ "type": "Feature", "properties": { "fid": 853, "parcel_number": "467", "parcel_type": "ground", "land_category": "field" }, "geometry": { "type": "MultiPolygon", "coordinates": [ [ [ [ 24.575396774628363, 49.805489510126328 ], [ 24.575426684328793, 49.805306128902089 ], [ 24.575512248859145, 49.804857446193516 ], [ 24.575572857068146, 49.804490443655418 ], [ 24.575645943437824, 49.804099278012572 ], [ 24.575685160514244, 49.803947412852459 ], [ 24.575738638345719, 49.803702356703127 ], [ 24.575818855092926, 49.803476857929923 ], [ 24.575835956127268, 49.803425544463387 ], [ 24.575795681365982, 49.803418182056497 ], [ 24.575752622098513, 49.803404649051899 ], [ 24.575735073156942, 49.803453847791957 ], [ 24.575658421598508, 49.803683948679385 ], [ 24.575626334899624, 49.803841567156105 ], [ 24.575515814047908, 49.804343181666738 ], [ 24.57545520583891, 49.804690627202916 ], [ 24.57538746725238, 49.805118603045088 ], [ 24.575320814312494, 49.805487919078175 ], [ 24.575382029746656, 49.805489185344157 ], [ 24.575396774628363, 49.805489510126328 ] ] ] ] } },
{ "type": "Feature", "properties": { "fid": 854, "parcel_number": "466", "parcel_type": "ground", "land_category": "pasture" }, "geometry": { "type": "MultiPolygon", "coordinates": [ [ [ [ 24.575835956127268, 49.803425544463387 ], [ 24.575913859455529, 49.803191787267863 ], [ 24.575842028819931, 49.803155865517574 ], [ 24.575841428768815, 49.80315567812282 ], [ 24.575752622098513, 49.803404649051899 ], [ 24.575795681365982, 49.803418182056497 ], [ 24.575835956127268, 49.803425544463387 ] ] ] ] } },
{ "type": "Feature", "properties": { "fid": 855, "parcel_number": "464", "parcel_type": "ground", "land_category": "field" }, "geometry": { "type": "MultiPolygon", "coordinates": [ [ [ [ 24.575465366823416, 49.805491020991077 ], [ 24.575499770698467, 49.805361351101887 ], [ 24.575555031124328, 49.805036919775993 ], [ 24.575615639333328, 49.804747000581301 ], [ 24.57566555197603, 49.804434069978306 ], [ 24.575742203534475, 49.804031398946869 ], [ 24.575801029149094, 49.803797848213989 ], [ 24.575875898113157, 49.80351712564503 ], [ 24.575903151433359, 49.803437828066535 ], [ 24.575835956127268, 49.803425544463387 ], [ 24.575818855092926, 49.803476857929923 ], [ 24.575738638345719, 49.803702356703127 ], [ 24.575685160514244, 49.803947412852459 ], [ 24.575645943437824, 49.804099278012572 ], [ 24.575572857068146, 49.804490443655418 ], [ 24.575512248859145, 49.804857446193516 ], [ 24.575426684328793, 49.805306128902089 ], [ 24.575396774628363, 49.805489510126328 ], [ 24.575465366823416, 49.805491020991077 ] ] ] ] } },
{ "type": "Feature", "properties": { "fid": 856, "parcel_number": "465", "parcel_type": "ground", "land_category": "pasture" }, "geometry": { "type": "MultiPolygon", "coordinates": [ [ [ [ 24.575903151433359, 49.803437828066535 ], [ 24.575976880199338, 49.803223303283325 ], [ 24.575913859455529, 49.803191787267863 ], [ 24.575835956127268, 49.803425544463387 ], [ 24.575903151433359, 49.803437828066535 ] ] ] ] } },
{ "type": "Feature", "properties": { "fid": 857, "parcel_number": "456", "parcel_type": "ground", "land_category": "field" }, "geometry": { "type": "MultiPolygon", "coordinates": [ [ [ [ 24.576142812081056, 49.803481828667579 ], [ 24.576102287599721, 49.803599961982208 ], [ 24.576041679390723, 49.80381625619443 ], [ 24.575956114860368, 49.804206273634797 ], [ 24.575852724386191, 49.804750452010495 ], [ 24.57575646428954, 49.805216392693062 ], [ 24.575692798339968, 49.805496030573579 ], [ 24.575779771120342, 49.805502875802013 ], [ 24.575779771120342, 49.80550287580202 ], [ 24.575887956773986, 49.805003171581156 ], [ 24.575943110244403, 49.804743049534274 ], [ 24.576068266196646, 49.80414339443837 ], [ 24.576161602839008, 49.803677903626642 ], [ 24.576212445978282, 49.803494898768228 ], [ 24.576142812081056, 49.803481828667579 ] ] ] ] } },
{ "type": "Feature", "properties": { "fid": 858, "parcel_number": "457", "parcel_type": "ground", "land_category": "pasture" }, "geometry": { "type": "MultiPolygon", "coordinates": [ [ [ [ 24.576202880155421, 49.803306723632446 ], [ 24.576142812081056, 49.803481828667579 ], [ 24.576212445978282, 49.803494898768228 ], [ 24.576216756309496, 49.803479384124941 ], [ 24.576265545918005, 49.803317829722751 ], [ 24.576202880155421, 49.803306723632446 ] ] ] ] } },
{ "type": "Feature", "properties": { "fid": 859, "parcel_number": "459", "parcel_type": "ground", "land_category": "field" }, "geometry": { "type": "MultiPolygon", "coordinates": [ [ [ [ 24.576060869934917, 49.803466659715568 ], [ 24.576006027503073, 49.803658637635294 ], [ 24.575899071840126, 49.804077418662821 ], [ 24.575849159197421, 49.804359288468554 ], [ 24.575777855422125, 49.804758505344317 ], [ 24.575686943108625, 49.805163471261032 ], [ 24.575644160843442, 49.805386661255717 ], [ 24.575620721723475, 49.80549444295827 ], [ 24.575692798339968, 49.805496030573579 ], [ 24.57575646428954, 49.805216392693062 ], [ 24.575852724386191, 49.804750452010495 ], [ 24.575956114860368, 49.804206273634797 ], [ 24.576041679390723, 49.80381625619443 ], [ 24.576102287599721, 49.803599961982208 ], [ 24.576142812081056, 49.803481828667579 ], [ 24.576104070194145, 49.803474556916591 ], [ 24.576060869934917, 49.803466659715568 ] ] ] ] } },
{ "type": "Feature", "properties": { "fid": 860, "parcel_number": "458", "parcel_type": "ground", "land_category": "pasture" }, "geometry": { "type": "MultiPolygon", "coordinates": [ [ [ [ 24.576111200571678, 49.803290475497988 ], [ 24.576060869934917, 49.803466659715568 ], [ 24.576104070194145, 49.803474556916591 ], [ 24.576142812081056, 49.803481828667579 ], [ 24.576202880155421, 49.803306723632446 ], [ 24.576111200571678, 49.803290475497988 ] ] ] ] } },
{ "type": "Feature", "properties": { "fid": 861, "parcel_number": "463", "parcel_type": "ground", "land_category": "field" }, "geometry": { "type": "MultiPolygon", "coordinates": [ [ [ [ 24.575540767752113, 49.805492681830252 ], [ 24.575597813389496, 49.805187631052391 ], [ 24.575654856409741, 49.804925324101021 ], [ 24.575740420940093, 49.80450194847942 ], [ 24.57577607282774, 49.804277603918223 ], [ 24.575861637358102, 49.803896791026553 ], [ 24.575897289245752, 49.803701206201843 ], [ 24.575970786292423, 49.803450192021934 ], [ 24.575903151433359, 49.803437828066535 ], [ 24.575875898113157, 49.80351712564503 ], [ 24.575801029149094, 49.803797848213989 ], [ 24.575742203534475, 49.804031398946869 ], [ 24.57566555197603, 49.804434069978306 ], [ 24.575615639333328, 49.804747000581301 ], [ 24.575555031124328, 49.805036919775993 ], [ 24.575499770698467, 49.805361351101887 ], [ 24.575465366823416, 49.805491020991077 ], [ 24.575540767752113, 49.805492681830252 ] ] ] ] } },
{ "type": "Feature", "properties": { "fid": 862, "parcel_number": "462", "parcel_type": "ground", "land_category": "pasture" }, "geometry": { "type": "MultiPolygon", "coordinates": [ [ [ [ 24.575970786292423, 49.803450192021934 ], [ 24.5759828537761, 49.803408977991495 ], [ 24.576039814706167, 49.803254776172572 ], [ 24.575976880199338, 49.803223303283325 ], [ 24.575903151433359, 49.803437828066535 ], [ 24.575970786292423, 49.803450192021934 ] ] ] ] } },
{ "type": "Feature", "properties": { "fid": 863, "parcel_number": "230", "parcel_type": "ground", "land_category": "garden" }, "geometry": { "type": "MultiPolygon", "coordinates": [ [ [ [ 24.576737940191666, 49.811220535904852 ], [ 24.576960606794852, 49.811178887030259 ], [ 24.576978432738681, 49.811274938953787 ], [ 24.576816216649874, 49.811282416041628 ], [ 24.576804629786384, 49.811290468288767 ], [ 24.576852759834715, 49.811303121817318 ], [ 24.577125496775224, 49.811285867004855 ], [ 24.577305538807845, 49.811250207039599 ], [ 24.577400016310111, 49.811193841234477 ], [ 24.577389320743823, 49.811092612684973 ], [ 24.577234235032549, 49.811161632173508 ], [ 24.577031109234699, 49.811024503275732 ], [ 24.576923940472128, 49.811025804037193 ], [ 24.576704387233857, 49.811075084030357 ], [ 24.576690563554195, 49.811075298983575 ], [ 24.576672717802087, 49.811128272766311 ], [ 24.576719065256032, 49.811200743173309 ], [ 24.576737940191666, 49.811220535904852 ] ] ] ] } },
{ "type": "Feature", "properties": { "fid": 864, "parcel_number": "231", "parcel_type": "ground", "land_category": "orchard" }, "geometry": { "type": "MultiPolygon", "coordinates": [ [ [ [ 24.577031109234699, 49.811024503275732 ], [ 24.577234235032549, 49.811161632173508 ], [ 24.577389320743823, 49.811092612684973 ], [ 24.577262285800668, 49.811021697368851 ], [ 24.577031109234699, 49.811024503275732 ] ] ] ] } },
{ "type": "Feature", "properties": { "fid": 865, "parcel_number": "113", "parcel_type": "build", "land_category": "yard" }, "geometry": { "type": "MultiPolygon", "coordinates": [ [ [ [ 24.576816216649874, 49.811282416041628 ], [ 24.576809977569543, 49.811243880268819 ], [ 24.576971335950965, 49.811236699177115 ], [ 24.576960606794852, 49.811178887030259 ], [ 24.576737940191666, 49.811220535904852 ], [ 24.576804629786384, 49.811290468288767 ], [ 24.576816216649874, 49.811282416041628 ] ] ] ] } },
{ "type": "Feature", "properties": { "fid": 866, "parcel_number": "113", "parcel_type": "build", "land_category": "building" }, "geometry": { "type": "MultiPolygon", "coordinates": [ [ [ [ 24.576971335950965, 49.811236699177115 ], [ 24.576809977569543, 49.811243880268819 ], [ 24.576816216649874, 49.811282416041628 ], [ 24.576978432738681, 49.811274938953787 ], [ 24.576971335950965, 49.811236699177115 ] ] ] ] } },
{ "type": "Feature", "properties": { "fid": 867, "parcel_number": "112", "parcel_type": "build", "land_category": "yard" }, "geometry": { "type": "MultiPolygon", "coordinates": [ [ [ [ 24.57689420515409, 49.811404062347016 ], [ 24.576903118126005, 49.811431669976585 ], [ 24.576837162133856, 49.811435120929175 ], [ 24.576821640061087, 49.811375439382587 ], [ 24.576798320211985, 49.811377385301505 ], [ 24.576806491489847, 49.811448746158078 ], [ 24.576865683643973, 49.8114466241027 ], [ 24.576869188205919, 49.811497884991667 ], [ 24.576880390047641, 49.811498100770706 ], [ 24.576974867549907, 49.811485447293137 ], [ 24.577233343735355, 49.81143598366728 ], [ 24.577221311223273, 49.811411826994416 ], [ 24.577268104325814, 49.811403199608321 ], [ 24.577284416187826, 49.811439125754504 ], [ 24.577353336286965, 49.811425406499261 ], [ 24.577337625506726, 49.811388820628103 ], [ 24.577462407113494, 49.81136063781446 ], [ 24.577555849475413, 49.811283660364197 ], [ 24.577534602185988, 49.81126113509626 ], [ 24.577462311594182, 49.811269759401839 ], [ 24.577439679035116, 49.811294206831654 ], [ 24.577372831745773, 49.811324115164211 ], [ 24.577207941765394, 49.811376454701687 ], [ 24.57689420515409, 49.811404062347016 ] ] ] ] } },
{ "type": "Feature", "properties": { "fid": 868, "parcel_number": "226", "parcel_type": "ground", "land_category": "garden" }, "geometry": { "type": "MultiPolygon", "coordinates": [ [ [ [ 24.577134116999165, 49.811454972318579 ], [ 24.577150453096564, 49.811486597609417 ], [ 24.57700249776283, 49.811519956769615 ], [ 24.576989000751418, 49.811482742674954 ], [ 24.576974867549907, 49.811485447293137 ], [ 24.576880390047641, 49.811498100770706 ], [ 24.576812169406907, 49.811496786648895 ], [ 24.57683060382972, 49.811614422898003 ], [ 24.576974867549907, 49.811580923451238 ], [ 24.577208387414004, 49.811524558031273 ], [ 24.577249387084798, 49.811476244761913 ], [ 24.577233343735355, 49.81143598366728 ], [ 24.577134116999165, 49.811454972318579 ] ] ] ] } },
{ "type": "Feature", "properties": { "fid": 869, "parcel_number": "112", "parcel_type": "build", "land_category": "building" }, "geometry": { "type": "MultiPolygon", "coordinates": [ [ [ [ 24.576989000751418, 49.811482742674954 ], [ 24.57700249776283, 49.811519956769615 ], [ 24.577150453096564, 49.811486597609417 ], [ 24.577134116999165, 49.811454972318579 ], [ 24.576989000751418, 49.811482742674954 ] ] ] ] } },
{ "type": "Feature", "properties": { "fid": 870, "parcel_number": "228", "parcel_type": "ground", "land_category": "garden" }, "geometry": { "type": "MultiPolygon", "coordinates": [ [ [ [ 24.577336734209535, 49.811463016120243 ], [ 24.577659352082016, 49.811459255039281 ], [ 24.577709296435465, 49.811450937792038 ], [ 24.577559558507346, 49.81128759248638 ], [ 24.577555849475413, 49.811283660364197 ], [ 24.577462407113494, 49.81136063781446 ], [ 24.577479341760132, 49.811400323812634 ], [ 24.577324395598417, 49.811431167441249 ], [ 24.577336734209535, 49.811463016120243 ] ] ] ] } },
{ "type": "Feature", "properties": { "fid": 871, "parcel_number": "112", "parcel_type": "build", "land_category": "building" }, "geometry": { "type": "MultiPolygon", "coordinates": [ [ [ [ 24.577462407113494, 49.81136063781446 ], [ 24.577337625506726, 49.811388820628103 ], [ 24.577353336286965, 49.811425406499261 ], [ 24.577479341760132, 49.811400323812634 ], [ 24.577462407113494, 49.81136063781446 ] ] ] ] } },
{ "type": "Feature", "properties": { "fid": 872, "parcel_number": "112", "parcel_type": "build", "land_category": "building" }, "geometry": { "type": "MultiPolygon", "coordinates": [ [ [ [ 24.577249387084798, 49.811476244761913 ], [ 24.577336734209535, 49.811463016120243 ], [ 24.577324395598417, 49.811431167441249 ], [ 24.577238257227588, 49.811448314170732 ], [ 24.577249387084798, 49.811476244761913 ] ] ] ] } },
{ "type": "Feature", "properties": { "fid": 873, "parcel_number": "112", "parcel_type": "build", "land_category": "building" }, "geometry": { "type": "MultiPolygon", "coordinates": [ [ [ [ 24.577284416187826, 49.811439125754504 ], [ 24.577268104325814, 49.811403199608321 ], [ 24.577221311223273, 49.811411826994416 ], [ 24.577233343735355, 49.81143598366728 ], [ 24.577238257227588, 49.811448314170732 ], [ 24.577284416187826, 49.811439125754504 ] ] ] ] } },
{ "type": "Feature", "properties": { "fid": 875, "parcel_number": "227", "parcel_type": "ground", "land_category": "garden" }, "geometry": { "type": "MultiPolygon", "coordinates": [ [ [ [ 24.577659352082016, 49.811459255039281 ], [ 24.577336734209535, 49.811463016120243 ], [ 24.577249387084798, 49.811476244761913 ], [ 24.577208387414004, 49.811524558031273 ], [ 24.577543515157902, 49.811478545394863 ], [ 24.577659352082016, 49.811459255039281 ] ] ] ] } },
{ "type": "Feature", "properties": { "fid": 876, "parcel_number": "229", "parcel_type": "ground", "land_category": "garden" }, "geometry": { "type": "MultiPolygon", "coordinates": [ [ [ [ 24.576798320211985, 49.811377385301505 ], [ 24.576885292182176, 49.811370127947427 ], [ 24.57689420515409, 49.811404062347016 ], [ 24.577207941765394, 49.811376454701687 ], [ 24.577372831745773, 49.811324115164211 ], [ 24.577439679035116, 49.811294206831654 ], [ 24.577462311594182, 49.811269759401839 ], [ 24.577322473454483, 49.811286442165361 ], [ 24.577178083309501, 49.81131059890081 ], [ 24.576908911557759, 49.811325553064329 ], [ 24.576797723876165, 49.81133106540976 ], [ 24.576795602588838, 49.811353651937061 ], [ 24.576798320211985, 49.811377385301505 ] ] ] ] } },
{ "type": "Feature", "properties": { "fid": 877, "parcel_number": "112", "parcel_type": "build", "land_category": "building" }, "geometry": { "type": "MultiPolygon", "coordinates": [ [ [ [ 24.576869188205919, 49.811497884991667 ], [ 24.576865683643973, 49.8114466241027 ], [ 24.576806491489847, 49.811448746158078 ], [ 24.576811512243786, 49.811492593070113 ], [ 24.576812169406907, 49.811496786648895 ], [ 24.576869188205919, 49.811497884991667 ] ] ] ] } },
{ "type": "Feature", "properties": { "fid": 878, "parcel_number": "112", "parcel_type": "build", "land_category": "building" }, "geometry": { "type": "MultiPolygon", "coordinates": [ [ [ [ 24.576821640061087, 49.811375439382587 ], [ 24.576837162133856, 49.811435120929175 ], [ 24.576903118126005, 49.811431669976585 ], [ 24.57689420515409, 49.811404062347016 ], [ 24.576885292182176, 49.811370127947427 ], [ 24.576821640061087, 49.811375439382587 ] ] ] ] } },
{ "type": "Feature", "properties": { "fid": 879, "parcel_number": "232", "parcel_type": "ground", "land_category": "common_pasture" }, "geometry": { "type": "MultiPolygon", "coordinates": [ [ [ [ 24.578164303651551, 49.811215409790123 ], [ 24.578326519740354, 49.811042861075954 ], [ 24.579021731549496, 49.810973841418033 ], [ 24.579071644192197, 49.810870311746619 ], [ 24.578734733853928, 49.810912873971667 ], [ 24.577902262277341, 49.81103710944155 ], [ 24.577734698405393, 49.811101527707791 ], [ 24.577560004155913, 49.811169396859825 ], [ 24.577534602185985, 49.81126113509626 ], [ 24.577534602185988, 49.81126113509626 ], [ 24.577555849475413, 49.811283660364197 ], [ 24.577559558507346, 49.81128759248638 ], [ 24.577709296435465, 49.811450937792038 ], [ 24.577845219257103, 49.811466179491383 ], [ 24.578171434029084, 49.811356899276724 ], [ 24.578164303651551, 49.811215409790123 ] ] ] ] } },
{ "type": "Feature", "properties": { "fid": 880, "parcel_number": "233", "parcel_type": "ground", "land_category": "wetland" }, "geometry": { "type": "MultiPolygon", "coordinates": [ [ [ [ 24.579021731549496, 49.810973841418033 ], [ 24.578326519740354, 49.811042861075954 ], [ 24.578164303651551, 49.811215409790123 ], [ 24.578497648801065, 49.811169396859817 ], [ 24.5786259955966, 49.811152141999699 ], [ 24.578855950271929, 49.811071619237687 ], [ 24.579021731549496, 49.810973841418033 ] ] ] ] } },
{ "type": "Feature", "properties": { "fid": 881, "parcel_number": "218", "parcel_type": "ground", "land_category": "wetland" }, "geometry": { "type": "MultiPolygon", "coordinates": [ [ [ [ 24.579228512497856, 49.810873762739227 ], [ 24.579093035324796, 49.810993396997766 ], [ 24.578779298713481, 49.811145240053918 ], [ 24.57891655848093, 49.811150991675468 ], [ 24.579577900996807, 49.810973841418033 ], [ 24.58015189638795, 49.810941632210643 ], [ 24.579948680628352, 49.810922076609998 ], [ 24.579581466185573, 49.810911723641738 ], [ 24.579228512497856, 49.810873762739227 ] ] ] ] } },
{ "type": "Feature", "properties": { "fid": 882, "parcel_number": "3565", "parcel_type": "ground", "land_category": "water" }, "geometry": { "type": "MultiPolygon", "coordinates": [ [ [ [ 24.576149971999435, 49.809424324189926 ], [ 24.575950321428603, 49.809635990938517 ], [ 24.575861191709475, 49.809711914655388 ], [ 24.575832670199361, 49.809792439679491 ], [ 24.575989538505013, 49.809923580146311 ], [ 24.575993103693776, 49.810289391149475 ], [ 24.57612858086684, 49.810482648676519 ], [ 24.576367448514084, 49.810678206102935 ], [ 24.576631272482683, 49.810811644834494 ], [ 24.577051964756933, 49.810857658104915 ], [ 24.577508308918837, 49.810841553465238 ], [ 24.578135782141448, 49.810786337517122 ], [ 24.578485170640398, 49.810756428852265 ], [ 24.579076991975359, 49.81076793218709 ], [ 24.579369337454082, 49.810804742840162 ], [ 24.579761508218212, 49.810848455454327 ], [ 24.58021072200258, 49.810869161415667 ], [ 24.580317677665526, 49.810942782539847 ], [ 24.580360459930706, 49.811016403552038 ], [ 24.580460285216112, 49.811067017932942 ], [ 24.58063141427683, 49.811044011402721 ], [ 24.581116279948851, 49.810754128184968 ], [ 24.581996881573762, 49.810604584576325 ], [ 24.582602963663788, 49.810491851396662 ], [ 24.583544173497707, 49.81042513163603 ], [ 24.584068256246134, 49.810381418639551 ], [ 24.584645816826036, 49.810381418639551 ], [ 24.5858865025162, 49.810220370417092 ], [ 24.58655675800399, 49.810213468338446 ], [ 24.587968572754864, 49.810123741226406 ], [ 24.589276997031565, 49.810017909034315 ], [ 24.590325162528423, 49.809895971656502 ], [ 24.590867071220682, 49.809843055340366 ], [ 24.591302024249991, 49.809741823965688 ], [ 24.591498109632056, 49.809794740392491 ], [ 24.591886715207423, 49.810604584576325 ], [ 24.592268190405264, 49.811421317117322 ], [ 24.592603318149152, 49.812044785358303 ], [ 24.592813664286282, 49.812403678563193 ], [ 24.592970532591938, 49.81289370152605 ], [ 24.593312790713359, 49.813489544359783 ], [ 24.593405485621243, 49.813784012240845 ], [ 24.593245052126825, 49.813963452727293 ], [ 24.59298122815823, 49.814083079348599 ], [ 24.592760186454811, 49.814453459897209 ], [ 24.592899228816641, 49.815010175637639 ], [ 24.593758439308967, 49.815465665570756 ], [ 24.594022263277562, 49.815484069114298 ], [ 24.59415774045063, 49.81562209546783 ], [ 24.59560520708915, 49.815760121427672 ], [ 24.597601712797459, 49.815780825287703 ], [ 24.598885180752799, 49.815734816697848 ], [ 24.600029606346315, 49.815686507631419 ], [ 24.600970816180226, 49.815589889353895 ], [ 24.601994025355733, 49.815392051326555 ], [ 24.603120625005424, 49.815044682600842 ], [ 24.604425484093358, 49.814372942627756 ], [ 24.605997732338654, 49.813770209098941 ], [ 24.607234852840044, 49.812822383938531 ], [ 24.606585988484852, 49.811563956316419 ], [ 24.606265121496016, 49.810954285830377 ], [ 24.606236599985898, 49.810910573311801 ], [ 24.60248602140528, 49.810905971991758 ], [ 24.598457358101019, 49.810876063400819 ], [ 24.59493495160137, 49.810871462077493 ], [ 24.592884968061579, 49.810899070010862 ], [ 24.592728099755931, 49.810648297371245 ], [ 24.592382276445743, 49.809751026826675 ], [ 24.591972279737785, 49.809093017855616 ], [ 24.589890209499124, 49.808013955810118 ], [ 24.58794718162228, 49.806978585818328 ], [ 24.586692235177058, 49.806302132129609 ], [ 24.587740400673916, 49.805862662252785 ], [ 24.590474900456552, 49.80496990487832 ], [ 24.592617578904225, 49.804314131885597 ], [ 24.5922040170075, 49.804086334977733 ], [ 24.590599682063317, 49.802942732283142 ], [ 24.590471335267786, 49.802846088564017 ], [ 24.592082800589488, 49.80233985640708 ], [ 24.593719222232551, 49.801803704760076 ], [ 24.596132855026344, 49.801023628026371 ], [ 24.59570859756333, 49.800579507929079 ], [ 24.595013385754189, 49.799877651801104 ], [ 24.597280845808626, 49.799378292230571 ], [ 24.599163265476459, 49.798961771783098 ], [ 24.600817513063344, 49.798326628733747 ], [ 24.603020799720014, 49.797459046686029 ], [ 24.603929922855048, 49.797118453198138 ], [ 24.60497095797438, 49.796800870625468 ], [ 24.60529539015198, 49.796697310640589 ], [ 24.604767742214783, 49.796370519902837 ], [ 24.602910278868304, 49.795245146192954 ], [ 24.600835339007162, 49.793986261585033 ], [ 24.599455610955175, 49.793141616822602 ], [ 24.59908483132363, 49.792918370377777 ], [ 24.598788920656151, 49.792893053705633 ], [ 24.598350402438072, 49.792748057964964 ], [ 24.597705103271643, 49.792764168624267 ], [ 24.5969082835827, 49.792607664850017 ], [ 24.596844110184932, 49.792563935763894 ], [ 24.596516112818559, 49.79247187440086 ], [ 24.59626298441626, 49.792538618906505 ], [ 24.595571337795882, 49.792379812862833 ], [ 24.595275427128403, 49.792338385113624 ], [ 24.59495456013957, 49.792207197007357 ], [ 24.594715692492322, 49.792200292360349 ], [ 24.594540998242842, 49.792172673762437 ], [ 24.591243198635365, 49.792177276863171 ], [ 24.587710096569417, 49.792170372211906 ], [ 24.583549521280847, 49.792184181513477 ], [ 24.58303256890995, 49.79278718384252 ], [ 24.582576224748053, 49.793337244304546 ], [ 24.582344487478338, 49.793618025897615 ], [ 24.582141271718744, 49.793868886763669 ], [ 24.5815779718939, 49.794577734297363 ], [ 24.58121788782865, 49.795042622176013 ], [ 24.580861368952171, 49.795454573546941 ], [ 24.580558327907156, 49.795868822788407 ], [ 24.580180417898081, 49.796352109091401 ], [ 24.579962941383432, 49.796685803961928 ], [ 24.579734769302483, 49.79695736084912 ], [ 24.579331902972054, 49.797558002452966 ], [ 24.578929036641625, 49.798200059376946 ], [ 24.578522605122433, 49.798904241052931 ], [ 24.577973566052648, 49.800061746196029 ], [ 24.577838088879588, 49.800443739832453 ], [ 24.577727568027871, 49.800802719057124 ], [ 24.577798871803168, 49.801076553983904 ], [ 24.578155390679651, 49.801361892932135 ], [ 24.578829211356208, 49.801748478502049 ], [ 24.578797124657328, 49.80181290913027 ], [ 24.578009217940298, 49.80190495273613 ], [ 24.577513656701989, 49.801960178815648 ], [ 24.577150007447976, 49.802043017816807 ], [ 24.576846966402961, 49.802082136184765 ], [ 24.576483317148949, 49.802063727544969 ], [ 24.575891495813991, 49.802082136184765 ], [ 24.575442282029623, 49.802137362062169 ], [ 24.575067937209315, 49.802222501833107 ], [ 24.575006312326334, 49.802238765489065 ], [ 24.575407396064517, 49.802440108879672 ], [ 24.575705089327972, 49.802587376658018 ], [ 24.576230954673591, 49.802838191061873 ], [ 24.576416344490358, 49.802898018158935 ], [ 24.577437771076934, 49.803219012282575 ], [ 24.577365171531845, 49.803422057839796 ], [ 24.577389610145058, 49.803353708212654 ], [ 24.577389610245042, 49.80335370818257 ], [ 24.577646905632214, 49.803398048162002 ], [ 24.577655087396007, 49.803400336425661 ], [ 24.577860816958108, 49.803457874566881 ], [ 24.578131771304239, 49.803538409995191 ], [ 24.578375986734628, 49.803540711005454 ], [ 24.578675462590873, 49.803572925137743 ], [ 24.578683975714327, 49.803575532674209 ], [ 24.578885808727996, 49.803637353337983 ], [ 24.57889272916216, 49.803638994874852 ], [ 24.57929305425597, 49.803733952558993 ], [ 24.57930293581348, 49.803736296478547 ], [ 24.579762845164154, 49.803829486926048 ], [ 24.579775377212624, 49.803830597079731 ], [ 24.580399231358669, 49.803885861307187 ], [ 24.580601555821023, 49.803979626714138 ], [ 24.580679989973849, 49.804011840554359 ], [ 24.580800007206165, 49.804101830330012 ], [ 24.58080120639185, 49.80410272948798 ], [ 24.581073943332363, 49.804366191382009 ], [ 24.581178741684734, 49.804629859551554 ], [ 24.581179116400929, 49.804630802321455 ], [ 24.581259534299438, 49.804898958693734 ], [ 24.581264680931284, 49.804916120322559 ], [ 24.581265725841966, 49.804978837259092 ], [ 24.581268246120047, 49.805130107719833 ], [ 24.581393919024009, 49.80531360691203 ], [ 24.581393919024006, 49.805313606912023 ], [ 24.581543656952125, 49.805503145316003 ], [ 24.581595352189218, 49.805644651500977 ], [ 24.581664066378913, 49.805735544116928 ], [ 24.581732448027505, 49.805825996859667 ], [ 24.581811046109486, 49.805929963526687 ], [ 24.581896485299861, 49.806016978453798 ], [ 24.581983747552105, 49.806109666826806 ], [ 24.582067614361492, 49.806198748622336 ], [ 24.582078525608321, 49.806209236461328 ], [ 24.582207342224958, 49.806333054385718 ], [ 24.582235178234338, 49.806359810226652 ], [ 24.582270339916324, 49.806409733408188 ], [ 24.582359959841771, 49.806536977372488 ], [ 24.582362678547938, 49.806540587738994 ], [ 24.582446352331495, 49.806651704206509 ], [ 24.58245265475016, 49.806660073643975 ], [ 24.582474117699263, 49.806729331136204 ], [ 24.582499002204347, 49.806809629440473 ], [ 24.582499336548992, 49.806845232240462 ], [ 24.582500280143933, 49.806945711259395 ], [ 24.582500784798743, 49.806999449593718 ], [ 24.582491887794209, 49.807059738475935 ], [ 24.582477801683002, 49.807155190366096 ], [ 24.582472263288466, 49.807192720257717 ], [ 24.582461080780924, 49.807256067282246 ], [ 24.582440176589419, 49.807374486011383 ], [ 24.582484741449218, 49.807471120691126 ], [ 24.58247570059995, 49.807534957863339 ], [ 24.5824693643373, 49.807579697937982 ], [ 24.582456963179315, 49.80766726197448 ], [ 24.582454437344552, 49.807685096795488 ], [ 24.582442553709448, 49.807784098590922 ], [ 24.582434828806235, 49.807848454259968 ], [ 24.582412082320744, 49.807914748728692 ], [ 24.582379568380087, 49.808009510375385 ], [ 24.582377942004552, 49.808015560905226 ], [ 24.582349264275418, 49.808122249337323 ], [ 24.582305294773775, 49.8082041195036 ], [ 24.582294207403315, 49.80821529951838 ], [ 24.582222916008309, 49.808287186613015 ], [ 24.582219730243423, 49.808290398997649 ], [ 24.582172787834416, 49.808395481718165 ], [ 24.582162687223189, 49.808418092366608 ], [ 24.582110168453532, 49.808480935106729 ], [ 24.582077122692827, 49.808520476896568 ], [ 24.581916689198412, 49.808656222343977 ], [ 24.581887609884092, 49.808679853705058 ], [ 24.581807021951882, 49.808745343644205 ], [ 24.58172416900511, 49.808812674251811 ], [ 24.581714900860604, 49.808819914222973 ], [ 24.581531499098009, 49.808963181677505 ], [ 24.581256979561658, 49.809112730358343 ], [ 24.580838069879551, 49.809281834848541 ], [ 24.580838069879547, 49.809281834848541 ], [ 24.58030507415636, 49.809431382544858 ], [ 24.579818425887364, 49.80947279567139 ], [ 24.57928543016417, 49.809384217552058 ], [ 24.578611609484025, 49.809278383742395 ], [ 24.578247960228065, 49.809212812679 ], [ 24.57781657238522, 49.809224316380764 ], [ 24.577809442007652, 49.809173700072598 ], [ 24.576734537589314, 49.809445186924329 ], [ 24.576472496213704, 49.809406074505674 ], [ 24.576315627907217, 49.809325548838345 ], [ 24.576149971999435, 49.809424324189926 ] ] ], [ [ [ 24.578753453279219, 49.803895979456961 ], [ 24.57875929784085, 49.803885390270537 ], [ 24.578826983113384, 49.803762757981879 ], [ 24.578782945970278, 49.803842544550548 ], [ 24.578753453279216, 49.803895979456961 ], [ 24.578753453279219, 49.803895979456961 ] ] ], [ [ [ 24.581045236176976, 49.80515399643452 ], [ 24.581095453361748, 49.805149526144774 ], [ 24.581097117059333, 49.805149378043872 ], [ 24.581045236176976, 49.805153996434512 ], [ 24.581045236176976, 49.80515399643452 ] ] ], [ [ [ 24.580838069879551, 49.809103527375953 ], [ 24.580838069879547, 49.809203593956177 ], [ 24.580838069879547, 49.809281834848541 ], [ 24.580838069879551, 49.809103527375953 ] ] ], [ [ [ 24.581961549995164, 49.806341403213281 ], [ 24.582051868132101, 49.806338335376061 ], [ 24.582207342224958, 49.806333054385718 ], [ 24.581961549995164, 49.806341403213281 ] ] ], [ [ [ 24.579617578038331, 49.804001954433332 ], [ 24.579775377212624, 49.803830597079731 ], [ 24.579589933509045, 49.804031974193578 ], [ 24.579617578038331, 49.804001954433332 ] ] ], [ [ [ 24.579586846474449, 49.80403445889494 ], [ 24.579459459256022, 49.804136990688932 ], [ 24.579589933509045, 49.804031974193578 ], [ 24.579586846474449, 49.80403445889494 ] ] ], [ [ [ 24.581361838271604, 49.805765608566674 ], [ 24.581361838271608, 49.805765608566674 ], [ 24.581309408582456, 49.805701417272907 ], [ 24.581361838271604, 49.805765608566674 ] ] ], [ [ [ 24.58067820737946, 49.804157665437934 ], [ 24.580545912119796, 49.804215856775357 ], [ 24.580398340061429, 49.804280767759053 ], [ 24.58067820737946, 49.804157665437934 ] ] ], [ [ [ 24.580837172108694, 49.809031686116057 ], [ 24.581059111584157, 49.809046008696292 ], [ 24.580837172108708, 49.809031686116057 ], [ 24.580837172108694, 49.809031686116057 ] ] ] ] } },
{ "type": "Feature", "properties": { "fid": 883, "parcel_number": "161", "parcel_type": "build", "land_category": "yard" }, "geometry": { "type": "MultiPolygon", "coordinates": [ [ [ [ 24.572540803476969, 49.812452791462981 ], [ 24.572543783563823, 49.81253596224628 ], [ 24.572578703202158, 49.812629099836741 ], [ 24.572738977648704, 49.812610155979833 ], [ 24.572745101671522, 49.812651869063487 ], [ 24.572763042672868, 49.812649840953434 ], [ 24.572773738239167, 49.812687800462911 ], [ 24.572816520504322, 49.812686650175166 ], [ 24.572816520504347, 49.812686650175145 ], [ 24.572806716235238, 49.812646390087437 ], [ 24.572870500058059, 49.812640740811808 ], [ 24.572849498500414, 49.812563569230186 ], [ 24.572774629536344, 49.812569320683188 ], [ 24.572721151704876, 49.812568170392638 ], [ 24.572710456138577, 49.812442788559302 ], [ 24.572667673873408, 49.812443938852823 ], [ 24.572664108684641, 49.812405404004856 ], [ 24.572661557256396, 49.812353130225723 ], [ 24.572600211199248, 49.812355519046804 ], [ 24.572601717881259, 49.812453716346695 ], [ 24.572540803476969, 49.812452791462981 ] ] ] ] } },
{ "type": "Feature", "properties": { "fid": 884, "parcel_number": "152", "parcel_type": "ground", "land_category": "garden" }, "geometry": { "type": "MultiPolygon", "coordinates": [ [ [ [ 24.573220041835473, 49.812780896527414 ], [ 24.573312973039837, 49.813069119338437 ], [ 24.573394972381422, 49.813354387603511 ], [ 24.573423914739305, 49.813421309493499 ], [ 24.57348677599213, 49.81341937792066 ], [ 24.573604427221369, 49.813422828731518 ], [ 24.57364542689216, 49.813360714098408 ], [ 24.573566992739341, 49.813121456988831 ], [ 24.573497471558426, 49.812874146714101 ], [ 24.573456471887624, 49.812751066245923 ], [ 24.573263951694326, 49.812776372535964 ], [ 24.573220041835473, 49.812780896527414 ] ] ] ] } },
{ "type": "Feature", "properties": { "fid": 885, "parcel_number": "145", "parcel_type": "ground", "land_category": "pasture" }, "geometry": { "type": "MultiPolygon", "coordinates": [ [ [ [ 24.572949333718963, 49.813728367318852 ], [ 24.573080344472917, 49.813704068989374 ], [ 24.573098224521885, 49.813752142078755 ], [ 24.573162343814513, 49.813736851489757 ], [ 24.573176604569568, 49.813774235015728 ], [ 24.573054232866841, 49.813798606392432 ], [ 24.573059017991767, 49.813809027432121 ], [ 24.57325325612803, 49.81377941119397 ], [ 24.573335646001468, 49.813759629210004 ], [ 24.573310824509964, 49.813661812992606 ], [ 24.573229191103859, 49.813672436731103 ], [ 24.573178387163964, 49.813494145434198 ], [ 24.57325829495457, 49.813484065502038 ], [ 24.573240387988633, 49.813428068345623 ], [ 24.573150304678837, 49.813435466560385 ], [ 24.573161452517322, 49.813487818956744 ], [ 24.572972497512794, 49.813511974593439 ], [ 24.572955562866174, 49.813461937904073 ], [ 24.572866433147048, 49.813473440595857 ], [ 24.572869998335815, 49.813517150799733 ], [ 24.572940410813896, 49.813503347581722 ], [ 24.573003692914472, 49.813688540428814 ], [ 24.57293861440024, 49.813699829016038 ], [ 24.572949333718963, 49.813728367318852 ] ] ] ] } },
{ "type": "Feature", "properties": { "fid": 886, "parcel_number": "144", "parcel_type": "ground", "land_category": "garden" }, "geometry": { "type": "MultiPolygon", "coordinates": [ [ [ [ 24.573240387988633, 49.813428068345623 ], [ 24.573224734617913, 49.813379118442448 ], [ 24.573142735276328, 49.813099601713134 ], [ 24.57304438803784, 49.812799501672473 ], [ 24.572850389797612, 49.812832736498066 ], [ 24.572738086351517, 49.81292590943432 ], [ 24.572711347435785, 49.812997226869257 ], [ 24.572718477813311, 49.813066243641714 ], [ 24.572823650881876, 49.813264091177302 ], [ 24.572873563524581, 49.81341592710956 ], [ 24.572955562866174, 49.813461937904073 ], [ 24.57306608371788, 49.813442383321743 ], [ 24.573240387988633, 49.813428068345623 ] ] ] ] } },
{ "type": "Feature", "properties": { "fid": 887, "parcel_number": "153", "parcel_type": "ground", "land_category": "pasture" }, "geometry": { "type": "MultiPolygon", "coordinates": [ [ [ [ 24.573502710778776, 49.813419845301539 ], [ 24.573505493233135, 49.813455036287671 ], [ 24.573437967561297, 49.813453803093758 ], [ 24.573480536911781, 49.813552233961119 ], [ 24.573541402405478, 49.813710226659488 ], [ 24.573559862361808, 49.813705794384688 ], [ 24.573770208498939, 49.813660934086606 ], [ 24.573725643639374, 49.813427429812279 ], [ 24.573604427221369, 49.813422828731518 ], [ 24.573502710778776, 49.813419845301539 ] ], [ [ 24.573536688634814, 49.813533254549107 ], [ 24.573529558257292, 49.813476891402871 ], [ 24.573683752671371, 49.813469414654044 ], [ 24.573683752671371, 49.813524627541184 ], [ 24.573536688634814, 49.813533254549107 ] ] ] ] } },
{ "type": "Feature", "properties": { "fid": 888, "parcel_number": "151", "parcel_type": "ground", "land_category": "garden" }, "geometry": { "type": "MultiPolygon", "coordinates": [ [ [ [ 24.573105715393261, 49.812337139473215 ], [ 24.573132931007223, 49.812458317519585 ], [ 24.573181833899898, 49.812653968165527 ], [ 24.573337038064011, 49.8126406386436 ], [ 24.573395863678627, 49.812634887199074 ], [ 24.573299603581976, 49.812319706994117 ], [ 24.573107083388678, 49.812336961438007 ], [ 24.573105715393261, 49.812337139473215 ] ] ] ] } },
{ "type": "Feature", "properties": { "fid": 889, "parcel_number": "153", "parcel_type": "build", "land_category": "yard" }, "geometry": { "type": "MultiPolygon", "coordinates": [ [ [ [ 24.573222389591656, 49.812650485088987 ], [ 24.573231864995446, 49.812683774455749 ], [ 24.573173039380826, 49.812689525894463 ], [ 24.573183932577439, 49.812743123922118 ], [ 24.573303168770742, 49.812727485372847 ], [ 24.573317276972407, 49.812769363063708 ], [ 24.573456471887628, 49.812751066245923 ], [ 24.573337038064011, 49.8126406386436 ], [ 24.573222389591656, 49.812650485088987 ] ] ] ] } },
{ "type": "Feature", "properties": { "fid": 890, "parcel_number": "148", "parcel_type": "ground", "land_category": "garden" }, "geometry": { "type": "MultiPolygon", "coordinates": [ [ [ [ 24.573133160364943, 49.812789847842375 ], [ 24.573096546795369, 49.81266129294535 ], [ 24.573089257444849, 49.812661918982407 ], [ 24.573001676371753, 49.812669064567878 ], [ 24.573037562207769, 49.81277867310714 ], [ 24.57304438803784, 49.812799501672473 ], [ 24.573051822962825, 49.812798227957643 ], [ 24.573133160364943, 49.812789847842375 ] ] ] ] } },
{ "type": "Feature", "properties": { "fid": 891, "parcel_number": "153", "parcel_type": "build", "land_category": "building" }, "geometry": { "type": "MultiPolygon", "coordinates": [ [ [ [ 24.573317276972407, 49.812769363063708 ], [ 24.573303168770742, 49.812727485372847 ], [ 24.573122160441272, 49.812751225712084 ], [ 24.573133160364943, 49.812789847842375 ], [ 24.573263951694326, 49.812776372535964 ], [ 24.573317276972407, 49.812769363063708 ] ] ] ] } },
{ "type": "Feature", "properties": { "fid": 892, "parcel_number": "153", "parcel_type": "build", "land_category": "building" }, "geometry": { "type": "MultiPolygon", "coordinates": [ [ [ [ 24.573183932577439, 49.812743123922118 ], [ 24.573173039380826, 49.812689525894463 ], [ 24.573231864995446, 49.812683774455749 ], [ 24.573222389591656, 49.812650485088987 ], [ 24.573096546795369, 49.81266129294535 ], [ 24.573122160441272, 49.812751225712084 ], [ 24.573183932577439, 49.812743123922118 ] ] ] ] } },
{ "type": "Feature", "properties": { "fid": 893, "parcel_number": "150", "parcel_type": "ground", "land_category": "garden" }, "geometry": { "type": "MultiPolygon", "coordinates": [ [ [ [ 24.572960581325365, 49.812543545184596 ], [ 24.573149340708401, 49.812523969436256 ], [ 24.573132931007223, 49.812458317519585 ], [ 24.573105715393261, 49.812337139473215 ], [ 24.572894954657166, 49.81236456853545 ], [ 24.572957345460559, 49.812533661663572 ], [ 24.572960581325365, 49.812543545184596 ] ] ] ] } },
{ "type": "Feature", "properties": { "fid": 894, "parcel_number": "149", "parcel_type": "ground", "land_category": "orchard" }, "geometry": { "type": "MultiPolygon", "coordinates": [ [ [ [ 24.573149340708401, 49.812523969436256 ], [ 24.572960581325365, 49.812543545184596 ], [ 24.573001676371753, 49.812669064567878 ], [ 24.573089257444849, 49.812661918982407 ], [ 24.573181833899898, 49.812653968165527 ], [ 24.573149340708401, 49.812523969436256 ] ] ] ] } },
{ "type": "Feature", "properties": { "fid": 895, "parcel_number": "142", "parcel_type": "ground", "land_category": "orchard" }, "geometry": { "type": "MultiPolygon", "coordinates": [ [ [ [ 24.572773738239167, 49.812687800462911 ], [ 24.572552393988929, 49.812712416225679 ], [ 24.572607956961601, 49.81283043592947 ], [ 24.572629348094186, 49.812882198696421 ], [ 24.572711347435785, 49.81287644728063 ], [ 24.572798694560522, 49.812813181661511 ], [ 24.572773738239167, 49.812687800462911 ] ] ] ] } },
{ "type": "Feature", "properties": { "fid": 896, "parcel_number": "141", "parcel_type": "ground", "land_category": "orchard" }, "geometry": { "type": "MultiPolygon", "coordinates": [ [ [ [ 24.572464172627317, 49.812419207536017 ], [ 24.572601188398224, 49.812419207536017 ], [ 24.572600211199248, 49.812355519046804 ], [ 24.572456436439101, 49.812361117649111 ], [ 24.572464172627317, 49.812419207536017 ] ] ] ] } },
{ "type": "Feature", "properties": { "fid": 897, "parcel_number": "161", "parcel_type": "build", "land_category": "building" }, "geometry": { "type": "MultiPolygon", "coordinates": [ [ [ [ 24.572601188398224, 49.812419207536017 ], [ 24.572464172627317, 49.812419207536017 ], [ 24.572468499001982, 49.812451693640028 ], [ 24.572601717881259, 49.812453716346695 ], [ 24.572601188398224, 49.812419207536017 ] ] ] ] } },
{ "type": "Feature", "properties": { "fid": 898, "parcel_number": "143", "parcel_type": "ground", "land_category": "garden" }, "geometry": { "type": "MultiPolygon", "coordinates": [ [ [ [ 24.572661557256396, 49.812353130225723 ], [ 24.572664108684641, 49.812405404004856 ], [ 24.572707782247004, 49.812403678563172 ], [ 24.57271045613858, 49.812442788559302 ], [ 24.57276571656444, 49.812439337678562 ], [ 24.572774629536344, 49.812569320683188 ], [ 24.572849498500414, 49.812563569230186 ], [ 24.572881585199291, 49.812681473880076 ], [ 24.572816520504347, 49.812686650175145 ], [ 24.572816520504322, 49.812686650175166 ], [ 24.572816520504347, 49.812686650175166 ], [ 24.572850389797612, 49.812832736498066 ], [ 24.57304438803784, 49.812799501672473 ], [ 24.573037562207769, 49.81277867310714 ], [ 24.572957345460559, 49.812533661663572 ], [ 24.572894954657166, 49.81236456853545 ], [ 24.572663217387451, 49.812353065580069 ], [ 24.572661557256396, 49.812353130225723 ] ] ] ] } },
{ "type": "Feature", "properties": { "fid": 899, "parcel_number": "161", "parcel_type": "build", "land_category": "building" }, "geometry": { "type": "MultiPolygon", "coordinates": [ [ [ [ 24.572664108684641, 49.812405404004856 ], [ 24.572667673873408, 49.812443938852823 ], [ 24.572710456138577, 49.812442788559302 ], [ 24.57271045613858, 49.812442788559302 ], [ 24.572707782247004, 49.812403678563172 ], [ 24.572664108684641, 49.812405404004856 ] ] ] ] } },
{ "type": "Feature", "properties": { "fid": 900, "parcel_number": "161", "parcel_type": "build", "land_category": "building" }, "geometry": { "type": "MultiPolygon", "coordinates": [ [ [ [ 24.572710456138577, 49.812442788559302 ], [ 24.572721151704876, 49.812568170392638 ], [ 24.572774629536344, 49.812569320683188 ], [ 24.57276571656444, 49.812439337678562 ], [ 24.57271045613858, 49.812442788559302 ], [ 24.572710456138577, 49.812442788559302 ] ] ] ] } },
{ "type": "Feature", "properties": { "fid": 901, "parcel_number": "161", "parcel_type": "build", "land_category": "building" }, "geometry": { "type": "MultiPolygon", "coordinates": [ [ [ [ 24.572870500058059, 49.812640740811808 ], [ 24.572806716235238, 49.812646390087437 ], [ 24.572816520504347, 49.812686650175145 ], [ 24.572881585199291, 49.812681473880076 ], [ 24.572870500058059, 49.812640740811808 ] ] ] ] } },
{ "type": "Feature", "properties": { "fid": 902, "parcel_number": "161", "parcel_type": "build", "land_category": "building" }, "geometry": { "type": "MultiPolygon", "coordinates": [ [ [ [ 24.572773738239167, 49.812687800462911 ], [ 24.572763042672868, 49.812649840953434 ], [ 24.572535066855249, 49.812675612092896 ], [ 24.572552393988929, 49.812712416225679 ], [ 24.572773738239167, 49.812687800462911 ] ] ] ] } },
{ "type": "Feature", "properties": { "fid": 903, "parcel_number": "161", "parcel_type": "build", "land_category": "building" }, "geometry": { "type": "MultiPolygon", "coordinates": [ [ [ [ 24.572745101671522, 49.812651869063487 ], [ 24.572738977648704, 49.812610155979833 ], [ 24.572518280954206, 49.812636241526789 ], [ 24.572522392431246, 49.812648690664773 ], [ 24.572535066855249, 49.812675612092896 ], [ 24.572745101671522, 49.812651869063487 ] ] ] ] } },
{ "type": "Feature", "properties": { "fid": 904, "parcel_number": "161", "parcel_type": "build", "land_category": "building" }, "geometry": { "type": "MultiPolygon", "coordinates": [ [ [ [ 24.572578703202158, 49.812629099836741 ], [ 24.572543783563823, 49.81253596224628 ], [ 24.572540803476969, 49.812452791462981 ], [ 24.572468499001982, 49.812451693640028 ], [ 24.572476044977304, 49.812508355246607 ], [ 24.572518280954206, 49.812636241526789 ], [ 24.572578703202158, 49.812629099836741 ] ] ] ] } },
{ "type": "Feature", "properties": { "fid": 905, "parcel_number": "147", "parcel_type": "ground", "land_category": "garden" }, "geometry": { "type": "MultiPolygon", "coordinates": [ [ [ [ 24.573423914739305, 49.813421309493499 ], [ 24.573394972381422, 49.813354387603511 ], [ 24.573312973039837, 49.813069119338437 ], [ 24.573220041835473, 49.812780896527414 ], [ 24.573051822962825, 49.812798227957643 ], [ 24.57304438803784, 49.812799501672473 ], [ 24.573142735276328, 49.813099601713134 ], [ 24.573224734617913, 49.813379118442448 ], [ 24.573240387988633, 49.813428068345623 ], [ 24.573262169099944, 49.813426279542128 ], [ 24.573423914739305, 49.813421309493499 ] ] ] ] } },
{ "type": "Feature", "properties": { "fid": 906, "parcel_number": "146", "parcel_type": "ground", "land_category": "pasture" }, "geometry": { "type": "MultiPolygon", "coordinates": [ [ [ [ 24.573498977212285, 49.813600100702324 ], [ 24.57335753789939, 49.813618949410987 ], [ 24.573339711955569, 49.813564886898341 ], [ 24.573478875842504, 49.813548393158108 ], [ 24.573423914739305, 49.813421309493499 ], [ 24.573262169099944, 49.813426279542128 ], [ 24.573240387988633, 49.813428068345623 ], [ 24.573294255798828, 49.813596519226905 ], [ 24.573335646001468, 49.813759629210004 ], [ 24.573541402405478, 49.813710226659488 ], [ 24.573498977212285, 49.813600100702324 ] ] ] ] } },
{ "type": "Feature", "properties": { "fid": 907, "parcel_number": "156", "parcel_type": "build", "land_category": "building" }, "geometry": { "type": "MultiPolygon", "coordinates": [ [ [ [ 24.573478875842504, 49.813548393158108 ], [ 24.573339711955569, 49.813564886898341 ], [ 24.57335753789939, 49.813618949410987 ], [ 24.573498977212285, 49.813600100702324 ], [ 24.573480536911781, 49.813552233961119 ], [ 24.573478875842504, 49.813548393158108 ] ] ] ] } },
{ "type": "Feature", "properties": { "fid": 908, "parcel_number": "155", "parcel_type": "build", "land_category": "building" }, "geometry": { "type": "MultiPolygon", "coordinates": [ [ [ [ 24.573437967561297, 49.813453803093758 ], [ 24.573505493233135, 49.813455036287671 ], [ 24.573502710778776, 49.813419845301539 ], [ 24.57348677599213, 49.81341937792066 ], [ 24.573423914739305, 49.813421309493499 ], [ 24.573437967561297, 49.813453803093758 ] ] ] ] } },
{ "type": "Feature", "properties": { "fid": 909, "parcel_number": "157", "parcel_type": "build", "land_category": "building" }, "geometry": { "type": "MultiPolygon", "coordinates": [ [ [ [ 24.57325829495457, 49.813484065502038 ], [ 24.573178387163964, 49.813494145434198 ], [ 24.573229191103859, 49.813672436731103 ], [ 24.573310824509964, 49.813661812992606 ], [ 24.573294255798828, 49.813596519226905 ], [ 24.57325829495457, 49.813484065502038 ] ] ] ] } },
{ "type": "Feature", "properties": { "fid": 910, "parcel_number": "160", "parcel_type": "build", "land_category": "building" }, "geometry": { "type": "MultiPolygon", "coordinates": [ [ [ [ 24.572955562866174, 49.813461937904073 ], [ 24.572972497512794, 49.813511974593439 ], [ 24.573161452517322, 49.813487818956744 ], [ 24.573150304678837, 49.813435466560385 ], [ 24.57306608371788, 49.813442383321743 ], [ 24.572955562866174, 49.813461937904073 ] ] ] ] } },
{ "type": "Feature", "properties": { "fid": 912, "parcel_number": "159", "parcel_type": "build", "land_category": "building" }, "geometry": { "type": "MultiPolygon", "coordinates": [ [ [ [ 24.57293861440024, 49.813699829016038 ], [ 24.573003692914472, 49.813688540428814 ], [ 24.572940410813896, 49.813503347581722 ], [ 24.572869998335815, 49.813517150799733 ], [ 24.57293861440024, 49.813699829016038 ] ] ] ] } },
{ "type": "Feature", "properties": { "fid": 913, "parcel_number": null, "parcel_type": "ground", "land_category": "garden" }, "geometry": { "type": "MultiPolygon", "coordinates": [ [ [ [ 24.573059017991767, 49.813809027432121 ], [ 24.573039344802122, 49.813766183181805 ], [ 24.572968536436964, 49.813779491181776 ], [ 24.572983930905615, 49.813820476249887 ], [ 24.573059017991767, 49.813809027432121 ] ] ] ] } },
{ "type": "Feature", "properties": { "fid": 914, "parcel_number": null, "parcel_type": "build", "land_category": "building" }, "geometry": { "type": "MultiPolygon", "coordinates": [ [ [ [ 24.573054232866841, 49.813798606392432 ], [ 24.573176604569568, 49.813774235015728 ], [ 24.573162343814513, 49.813736851489757 ], [ 24.573039344802119, 49.813766183181805 ], [ 24.573039344802122, 49.813766183181805 ], [ 24.573054232866841, 49.813798606392432 ] ] ] ] } },
{ "type": "Feature", "properties": { "fid": 915, "parcel_number": "158", "parcel_type": "build", "land_category": "building" }, "geometry": { "type": "MultiPolygon", "coordinates": [ [ [ [ 24.573098224521885, 49.813752142078755 ], [ 24.573080344472917, 49.813704068989374 ], [ 24.572949333718963, 49.813728367318852 ], [ 24.572968536436964, 49.813779491181776 ], [ 24.573039344802119, 49.813766183181805 ], [ 24.573098224521885, 49.813752142078755 ] ] ] ] } },
{ "type": "Feature", "properties": { "fid": 916, "parcel_number": "154", "parcel_type": "build", "land_category": "building" }, "geometry": { "type": "MultiPolygon", "coordinates": [ [ [ [ 24.573536688634814, 49.813533254549107 ], [ 24.573529558257292, 49.813476891402871 ], [ 24.573683752671371, 49.813469414654044 ], [ 24.573683752671371, 49.813524627541184 ], [ 24.573536688634814, 49.813533254549107 ] ] ] ] } },
{ "type": "Feature", "properties": { "fid": 917, "parcel_number": "208", "parcel_type": "ground", "land_category": "garden" }, "geometry": { "type": "MultiPolygon", "coordinates": [ [ [ [ 24.578054674097046, 49.811783665873214 ], [ 24.577868342999956, 49.811835220756031 ], [ 24.577953511865836, 49.811951035573109 ], [ 24.578054354659262, 49.812050815093144 ], [ 24.57817410792066, 49.812020628989302 ], [ 24.578274385511914, 49.812123084564284 ], [ 24.57832028066003, 49.812059739294966 ], [ 24.578366628113972, 49.811975767129177 ], [ 24.578265020234173, 49.81186418745056 ], [ 24.578146341768701, 49.811758885459312 ], [ 24.578054674097046, 49.811783665873214 ] ] ] ] } },
{ "type": "Feature", "properties": { "fid": 918, "parcel_number": "125", "parcel_type": "build", "land_category": "yard" }, "geometry": { "type": "MultiPolygon", "coordinates": [ [ [ [ 24.577648688226436, 49.811857285606315 ], [ 24.577599666880932, 49.811813573903294 ], [ 24.577668296764653, 49.811778489481512 ], [ 24.577724894136296, 49.811759509373893 ], [ 24.577692807437415, 49.81172269944696 ], [ 24.577494939460966, 49.811725000068215 ], [ 24.57742541828005, 49.811727300689356 ], [ 24.577343418938465, 49.811744555344454 ], [ 24.577437896440731, 49.811884892977375 ], [ 24.57743963958476, 49.811893409694406 ], [ 24.577586297423053, 49.811869938986668 ], [ 24.577648688226436, 49.811857285606315 ] ] ] ] } },
{ "type": "Feature", "properties": { "fid": 919, "parcel_number": "209", "parcel_type": "ground", "land_category": "garden" }, "geometry": { "type": "MultiPolygon", "coordinates": [ [ [ [ 24.578295897394252, 49.811898094895582 ], [ 24.578498541624327, 49.811833422464481 ], [ 24.578516366042091, 49.811776764017502 ], [ 24.578434366700503, 49.811720398825614 ], [ 24.578318498065642, 49.811712346649976 ], [ 24.578281197015801, 49.81172243019892 ], [ 24.578318498065642, 49.811760659683664 ], [ 24.578191350970165, 49.811798821588582 ], [ 24.578265020234173, 49.81186418745056 ], [ 24.578295897394252, 49.811898094895582 ] ] ] ] } },
{ "type": "Feature", "properties": { "fid": 920, "parcel_number": "120", "parcel_type": "build", "land_category": "building" }, "geometry": { "type": "MultiPolygon", "coordinates": [ [ [ [ 24.578191350970165, 49.811798821588582 ], [ 24.578318498065642, 49.811760659683664 ], [ 24.578281197015801, 49.81172243019892 ], [ 24.578146341768701, 49.811758885459312 ], [ 24.578191350970165, 49.811798821588582 ] ] ] ] } },
{ "type": "Feature", "properties": { "fid": 921, "parcel_number": null, "parcel_type": "ground", "land_category": "pasture" }, "geometry": { "type": "MultiPolygon", "coordinates": [ [ [ [ 24.578317700168196, 49.811922037394083 ], [ 24.578394258326899, 49.811893520277614 ], [ 24.578423671134207, 49.811927454310222 ], [ 24.578349773282756, 49.811957258164576 ], [ 24.578366628113972, 49.811975767129177 ], [ 24.578468235993771, 49.811929754921742 ], [ 24.578498541624327, 49.811833422464481 ], [ 24.578295897394252, 49.811898094895582 ], [ 24.578317700168196, 49.811922037394083 ] ] ] ] } },
{ "type": "Feature", "properties": { "fid": 922, "parcel_number": "119", "parcel_type": "build", "land_category": "building" }, "geometry": { "type": "MultiPolygon", "coordinates": [ [ [ [ 24.578349773282756, 49.811957258164576 ], [ 24.578423671134207, 49.811927454310222 ], [ 24.578394258326899, 49.811893520277614 ], [ 24.578317700168196, 49.811922037394083 ], [ 24.578349773282756, 49.811957258164576 ] ] ] ] } },
{ "type": "Feature", "properties": { "fid": 923, "parcel_number": "207", "parcel_type": "ground", "land_category": "pasture" }, "geometry": { "type": "MultiPolygon", "coordinates": [ [ [ [ 24.578047543719517, 49.812166717322562 ], [ 24.578166086245947, 49.812095398663772 ], [ 24.578223129266188, 49.81214026041301 ], [ 24.578105103424466, 49.812200206906638 ], [ 24.578156281976852, 49.812229983786743 ], [ 24.578256107262259, 49.812148312517451 ], [ 24.578274385511914, 49.812123084564284 ], [ 24.57817410792066, 49.812020628989302 ], [ 24.5779761231313, 49.812070534848573 ], [ 24.578047543719517, 49.812166717322562 ] ] ] ] } },
{ "type": "Feature", "properties": { "fid": 924, "parcel_number": "123", "parcel_type": "build", "land_category": "building" }, "geometry": { "type": "MultiPolygon", "coordinates": [ [ [ [ 24.578105103424466, 49.812200206906638 ], [ 24.578223129266188, 49.81214026041301 ], [ 24.578166086245947, 49.812095398663772 ], [ 24.578047543719517, 49.812166717322562 ], [ 24.578105103424466, 49.812200206906638 ] ] ] ] } },
{ "type": "Feature", "properties": { "fid": 925, "parcel_number": "203", "parcel_type": "ground", "land_category": "pasture" }, "geometry": { "type": "MultiPolygon", "coordinates": [ [ [ [ 24.578047543719514, 49.812166717322562 ], [ 24.577806028434779, 49.812244111518702 ], [ 24.577806893477895, 49.812244937666186 ], [ 24.577887110225099, 49.812362267944593 ], [ 24.577938805462193, 49.812438187384934 ], [ 24.578159847165608, 49.812294400465277 ], [ 24.578156281976852, 49.812229983786743 ], [ 24.578047543719517, 49.812166717322562 ], [ 24.578047543719514, 49.812166717322562 ] ] ] ] } },
{ "type": "Feature", "properties": { "fid": 926, "parcel_number": "204", "parcel_type": "ground", "land_category": "pasture" }, "geometry": { "type": "MultiPolygon", "coordinates": [ [ [ [ 24.577759850818023, 49.812153704408018 ], [ 24.577795752262993, 49.812137959811473 ], [ 24.577825165070301, 49.812172468822709 ], [ 24.578005809004871, 49.812110512967408 ], [ 24.577965544377925, 49.81205628838692 ], [ 24.577898361434897, 49.811979065842792 ], [ 24.577715981164381, 49.812049386570074 ], [ 24.57775787213237, 49.812150613118469 ], [ 24.577759850818023, 49.812153704408018 ] ] ] ] } },
{ "type": "Feature", "properties": { "fid": 927, "parcel_number": "124", "parcel_type": "build", "land_category": "building" }, "geometry": { "type": "MultiPolygon", "coordinates": [ [ [ [ 24.578005809004871, 49.812110512967408 ], [ 24.577825165070301, 49.812172468822709 ], [ 24.577795752262993, 49.812137959811473 ], [ 24.577759850818023, 49.812153704408018 ], [ 24.577774806779001, 49.812177070022344 ], [ 24.577831289312083, 49.812236016605389 ], [ 24.578047543719514, 49.812166717322562 ], [ 24.578005809004871, 49.812110512967408 ] ] ] ] } },
{ "type": "Feature", "properties": { "fid": 928, "parcel_number": "125", "parcel_type": "build", "land_category": "building" }, "geometry": { "type": "MultiPolygon", "coordinates": [ [ [ [ 24.577610808095827, 49.811918251863041 ], [ 24.577586297423057, 49.811869938986668 ], [ 24.57743963958476, 49.811893409694406 ], [ 24.577450374601412, 49.811945859199312 ], [ 24.577610808095827, 49.811918251863041 ] ] ] ] } },
{ "type": "Feature", "properties": { "fid": 929, "parcel_number": null, "parcel_type": null, "land_category": null }, "geometry": { "type": "MultiPolygon", "coordinates": [ [ [ [ 24.577799887031837, 49.812017034816201 ], [ 24.577648688226439, 49.811857285606315 ], [ 24.577586297423053, 49.811869938986668 ], [ 24.577586297423057, 49.811869938986668 ], [ 24.577610808095827, 49.811918251863041 ], [ 24.577689242248649, 49.812060889597603 ], [ 24.577762328618327, 49.812202376612539 ], [ 24.577806028434779, 49.812244111518702 ], [ 24.577831289312083, 49.812236016605389 ], [ 24.577774806779001, 49.812177070022344 ], [ 24.57775787213237, 49.812150613118469 ], [ 24.577715981164381, 49.812049386570074 ], [ 24.577799887031837, 49.812017034816201 ] ] ] ] } },
{ "type": "Feature", "properties": { "fid": 930, "parcel_number": "205", "parcel_type": "ground", "land_category": "garden" }, "geometry": { "type": "MultiPolygon", "coordinates": [ [ [ [ 24.577785492359894, 49.811838818939584 ], [ 24.577648688226436, 49.811857285606315 ], [ 24.577648688226439, 49.811857285606315 ], [ 24.577799887031837, 49.812017034816201 ], [ 24.577898361434897, 49.811979065842792 ], [ 24.577851458337456, 49.811925153698596 ], [ 24.577785492359894, 49.811838818939584 ] ] ] ] } },
{ "type": "Feature", "properties": { "fid": 931, "parcel_number": "200", "parcel_type": "ground", "land_category": "orchard" }, "geometry": { "type": "MultiPolygon", "coordinates": [ [ [ [ 24.577724894136296, 49.811759509373893 ], [ 24.577668296764653, 49.811778489481512 ], [ 24.577599666880932, 49.811813573903294 ], [ 24.577648688226436, 49.811857285606315 ], [ 24.577785492359894, 49.811838818939584 ], [ 24.577724894136296, 49.811759509373893 ] ] ] ] } },
{ "type": "Feature", "properties": { "fid": 932, "parcel_number": null, "parcel_type": null, "land_category": null }, "geometry": { "type": "MultiPolygon", "coordinates": [ [ [ [ 24.577951297348701, 49.812039912327862 ], [ 24.578017699465249, 49.812014546410573 ], [ 24.577953511865836, 49.811951035573109 ], [ 24.577837197582397, 49.811792868345982 ], [ 24.577796197911599, 49.811744555344454 ], [ 24.577724894136299, 49.811759509373893 ], [ 24.577724894136296, 49.811759509373893 ], [ 24.577851458337456, 49.811925153698596 ], [ 24.577951297348701, 49.812039912327862 ] ] ] ] } },
{ "type": "Feature", "properties": { "fid": 933, "parcel_number": null, "parcel_type": null, "land_category": null }, "geometry": { "type": "MultiPolygon", "coordinates": [ [ [ [ 24.578017699465249, 49.812014546410573 ], [ 24.577951297348701, 49.812039912327862 ], [ 24.577965544377925, 49.81205628838692 ], [ 24.5779761231313, 49.812070534848573 ], [ 24.578054354659262, 49.812050815093144 ], [ 24.578017699465249, 49.812014546410573 ] ] ] ] } },
{ "type": "Feature", "properties": { "fid": 934, "parcel_number": "121", "parcel_type": "build", "land_category": "building" }, "geometry": { "type": "MultiPolygon", "coordinates": [ [ [ [ 24.577868342999956, 49.811835220756031 ], [ 24.578054674097046, 49.811783665873214 ], [ 24.578027935181311, 49.811746855964664 ], [ 24.577837197582397, 49.811792868345982 ], [ 24.577868342999956, 49.811835220756031 ] ] ] ] } },
{ "type": "Feature", "properties": { "fid": 936, "parcel_number": "202", "parcel_type": "ground", "land_category": "garden" }, "geometry": { "type": "MultiPolygon", "coordinates": [ [ [ [ 24.577236908924121, 49.811775038553371 ], [ 24.577354560153363, 49.811928029463083 ], [ 24.577588080017453, 49.812278871452392 ], [ 24.577764556861315, 49.81255264146759 ], [ 24.577938805462193, 49.812438187384934 ], [ 24.577887110225099, 49.812362267944593 ], [ 24.577806893477895, 49.812244937666186 ], [ 24.577806028434779, 49.812244111518702 ], [ 24.577762328618327, 49.812202376612539 ], [ 24.577689242248649, 49.812060889597603 ], [ 24.577610808095827, 49.811918251863041 ], [ 24.577450374601412, 49.811945859199312 ], [ 24.57743963958476, 49.811893409694406 ], [ 24.577437896440731, 49.811884892977375 ], [ 24.577343418938465, 49.811744555344454 ], [ 24.577236908924121, 49.811775038553371 ] ] ], [ [ [ 24.57764435321733, 49.81185816478267 ], [ 24.577586297423053, 49.811869938986668 ], [ 24.577644353217334, 49.81185816478267 ], [ 24.57764435321733, 49.81185816478267 ] ] ], [ [ [ 24.577831289312083, 49.812236016605389 ], [ 24.577806028434779, 49.812244111518702 ], [ 24.577881441399814, 49.812219945239477 ], [ 24.577831289312083, 49.812236016605389 ] ] ], [ [ [ 24.577586297423057, 49.811869938986668 ], [ 24.577586297423053, 49.811869938986668 ], [ 24.57743963958476, 49.811893409694406 ], [ 24.577586297423057, 49.811869938986668 ] ] ], [ [ [ 24.577799887031837, 49.812017034816201 ], [ 24.577715981164381, 49.812049386570074 ], [ 24.577825510392334, 49.812007155165624 ], [ 24.577799887031837, 49.812017034816201 ] ] ] ] } },
{ "type": "Feature", "properties": { "fid": 937, "parcel_number": "200", "parcel_type": "ground", "land_category": "garden" }, "geometry": { "type": "MultiPolygon", "coordinates": [ [ [ [ 24.576629871430704, 49.81181149441867 ], [ 24.576883955236404, 49.812207552958881 ], [ 24.577106779534201, 49.812522733894205 ], [ 24.577249387084791, 49.81276544482143 ], [ 24.577582732234301, 49.81264006349916 ], [ 24.577399125012917, 49.812385848995604 ], [ 24.577137083638707, 49.812029256265319 ], [ 24.577006954248787, 49.81183255398971 ], [ 24.576634392022861, 49.811811848440506 ], [ 24.576629871430704, 49.81181149441867 ] ] ] ] } },
{ "type": "Feature", "properties": { "fid": 938, "parcel_number": "201", "parcel_type": "ground", "land_category": "garden" }, "geometry": { "type": "MultiPolygon", "coordinates": [ [ [ [ 24.577006954248787, 49.81183255398971 ], [ 24.577137083638707, 49.812029256265319 ], [ 24.577399125012917, 49.812385848995604 ], [ 24.577582732234301, 49.81264006349916 ], [ 24.577764556861315, 49.81255264146759 ], [ 24.577588080017453, 49.812278871452392 ], [ 24.577354560153363, 49.811928029463083 ], [ 24.577236908924121, 49.811775038553371 ], [ 24.577006954248787, 49.81183255398971 ] ] ] ] } },
{ "type": "Feature", "properties": { "fid": 939, "parcel_number": "199", "parcel_type": "ground", "land_category": "garden" }, "geometry": { "type": "MultiPolygon", "coordinates": [ [ [ [ 24.576388435371051, 49.811792586798887 ], [ 24.576570218625093, 49.812037308388213 ], [ 24.576791260328516, 49.812357091614757 ], [ 24.576962389389223, 49.812642364076808 ], [ 24.577060241304263, 49.812788440383883 ], [ 24.577249387084791, 49.81276544482143 ], [ 24.577106779534201, 49.812522733894205 ], [ 24.576883955236404, 49.812207552958881 ], [ 24.576629871430704, 49.81181149441867 ], [ 24.576388435371051, 49.811792586798887 ] ] ] ] } },
{ "type": "Feature", "properties": { "fid": 940, "parcel_number": "198", "parcel_type": "ground", "land_category": "garden" }, "geometry": { "type": "MultiPolygon", "coordinates": [ [ [ [ 24.577060241304263, 49.812788440383883 ], [ 24.576962389389223, 49.812642364076808 ], [ 24.576791260328516, 49.812357091614757 ], [ 24.576570218625093, 49.812037308388213 ], [ 24.576388435371051, 49.811792586798887 ], [ 24.576267177580082, 49.811783090718599 ], [ 24.576416915508197, 49.811995897456136 ], [ 24.576604087918358, 49.812252414604153 ], [ 24.576821564433011, 49.812583699312682 ], [ 24.577003389060021, 49.812795352244827 ], [ 24.577060241304263, 49.812788440383883 ] ] ] ] } },
{ "type": "Feature", "properties": { "fid": 941, "parcel_number": "192", "parcel_type": "ground", "land_category": "garden" }, "geometry": { "type": "MultiPolygon", "coordinates": [ [ [ [ 24.576279052287646, 49.812009147127412 ], [ 24.576143287270494, 49.812053412630021 ], [ 24.576020252475281, 49.811936259369197 ], [ 24.576020252475278, 49.811936259369197 ], [ 24.57613526559577, 49.8120833204934 ], [ 24.5764365240464, 49.812490525717607 ], [ 24.576562940306232, 49.812658774236695 ], [ 24.576652217966675, 49.8126492658091 ], [ 24.576731035838474, 49.812626706786133 ], [ 24.576677174288029, 49.812550340885693 ], [ 24.576457915178985, 49.812253564902221 ], [ 24.576279052287646, 49.812009147127412 ] ] ] ] } },
{ "type": "Feature", "properties": { "fid": 942, "parcel_number": "196", "parcel_type": "ground", "land_category": "pasture" }, "geometry": { "type": "MultiPolygon", "coordinates": [ [ [ [ 24.576731035841167, 49.812626706789956 ], [ 24.576803738489179, 49.812729785946317 ], [ 24.576841580870376, 49.812792461864262 ], [ 24.577005171654392, 49.812847115049301 ], [ 24.577003389060021, 49.812795352244827 ], [ 24.576833353049693, 49.812597421850313 ], [ 24.576731035841167, 49.812626706789956 ] ], [ [ 24.576765412709953, 49.812636037488026 ], [ 24.57681621664986, 49.8126159074273 ], [ 24.576875042264476, 49.812669395855984 ], [ 24.576826912216145, 49.812694702188722 ], [ 24.576765412709953, 49.812636037488026 ] ] ] ] } },
{ "type": "Feature", "properties": { "fid": 943, "parcel_number": "129", "parcel_type": "build", "land_category": "building" }, "geometry": { "type": "MultiPolygon", "coordinates": [ [ [ [ 24.576692719031286, 49.812694657938998 ], [ 24.576636174617228, 49.812711381355335 ], [ 24.576682522071177, 49.812775797393151 ], [ 24.576753825846463, 49.812763144249651 ], [ 24.576753825846467, 49.812763144249651 ], [ 24.576692719031286, 49.812694657938998 ] ] ] ] } },
{ "type": "Feature", "properties": { "fid": 944, "parcel_number": "128", "parcel_type": "build", "land_category": "building" }, "geometry": { "type": "MultiPolygon", "coordinates": [ [ [ [ 24.576692719031282, 49.812694657938991 ], [ 24.576739565091412, 49.812676872728389 ], [ 24.576705313142241, 49.812634069067485 ], [ 24.576652217966675, 49.8126492658091 ], [ 24.576692719031282, 49.812694657938991 ] ] ] ] } },
{ "type": "Feature", "properties": { "fid": 945, "parcel_number": "191", "parcel_type": "ground", "land_category": "garden" }, "geometry": { "type": "MultiPolygon", "coordinates": [ [ [ [ 24.576753825846467, 49.812763144249651 ], [ 24.576753825846463, 49.812763144249651 ], [ 24.576682522071177, 49.812775797393151 ], [ 24.576636174617228, 49.812711381355335 ], [ 24.576692719031286, 49.812694657938998 ], [ 24.576652217966675, 49.8126492658091 ], [ 24.576562940306232, 49.812658774236695 ], [ 24.576664696127349, 49.812794201959633 ], [ 24.576771651790295, 49.812913831471207 ], [ 24.576893792153204, 49.81287893607584 ], [ 24.577005171654392, 49.812847115049301 ], [ 24.576841580870376, 49.812792461864262 ], [ 24.576753825846467, 49.812763144249651 ] ] ] ] } },
{ "type": "Feature", "properties": { "fid": 946, "parcel_number": "195", "parcel_type": "ground", "land_category": "garden" }, "geometry": { "type": "MultiPolygon", "coordinates": [ [ [ [ 24.57639587345065, 49.811965992597202 ], [ 24.576353633407614, 49.811975191976849 ], [ 24.576259098295342, 49.811984318457093 ], [ 24.576276090551985, 49.81200509988858 ], [ 24.576457915178985, 49.812253564902221 ], [ 24.576677174288029, 49.812550340885693 ], [ 24.576731035838474, 49.812626706786133 ], [ 24.576833353049693, 49.812597421850313 ], [ 24.576821564433011, 49.812583699312682 ], [ 24.576604087918358, 49.812252414604153 ], [ 24.576416915508197, 49.811995897456136 ], [ 24.57639587345065, 49.811965992597202 ] ] ] ] } },
{ "type": "Feature", "properties": { "fid": 947, "parcel_number": "197", "parcel_type": "ground", "land_category": "pasture" }, "geometry": { "type": "MultiPolygon", "coordinates": [ [ [ [ 24.576841580870376, 49.812792461864262 ], [ 24.576803738489179, 49.812729785946317 ], [ 24.576731035841167, 49.812626706789956 ], [ 24.576705313142241, 49.812634069067485 ], [ 24.576739565091412, 49.812676872728389 ], [ 24.576692719031282, 49.812694657938991 ], [ 24.576753825846467, 49.812763144249651 ], [ 24.576841580870376, 49.812792461864262 ] ] ] ] } },
{ "type": "Feature", "properties": { "fid": 949, "parcel_number": "193", "parcel_type": "ground", "land_category": "garden" }, "geometry": { "type": "MultiPolygon", "coordinates": [ [ [ [ 24.576128481487032, 49.811899051039283 ], [ 24.57603847983728, 49.811797225889194 ], [ 24.575942745402472, 49.811837155221667 ], [ 24.576020252475278, 49.811936259369197 ], [ 24.576128481487032, 49.811899051039283 ] ] ] ] } },
{ "type": "Feature", "properties": { "fid": 950, "parcel_number": "194", "parcel_type": "ground", "land_category": "garden" }, "geometry": { "type": "MultiPolygon", "coordinates": [ [ [ [ 24.576176015831521, 49.811882709084905 ], [ 24.576312011913124, 49.811846809031415 ], [ 24.576267177580082, 49.811783090718599 ], [ 24.57622261272051, 49.811737078327987 ], [ 24.576088918141824, 49.811776188862801 ], [ 24.576176015831521, 49.811882709084905 ] ] ] ] } },
{ "type": "Feature", "properties": { "fid": 951, "parcel_number": null, "parcel_type": null, "land_category": null }, "geometry": { "type": "MultiPolygon", "coordinates": [ [ [ [ 24.57603847983728, 49.811797225889194 ], [ 24.576128481487032, 49.811899051039283 ], [ 24.576176015831521, 49.811882709084905 ], [ 24.576088918141824, 49.811776188862801 ], [ 24.57603847983728, 49.811797225889194 ] ] ] ] } },
{ "type": "Feature", "properties": { "fid": 952, "parcel_number": "127", "parcel_type": "build", "land_category": "yard" }, "geometry": { "type": "MultiPolygon", "coordinates": [ [ [ [ 24.576244802972571, 49.812020313944736 ], [ 24.57620656937107, 49.811948159809965 ], [ 24.576227059438956, 49.811945135121242 ], [ 24.576176015831521, 49.811882709084905 ], [ 24.576075039183742, 49.811917424105985 ], [ 24.57614685245926, 49.811999348368523 ], [ 24.576191417318814, 49.811991296239306 ], [ 24.57622091861688, 49.812028101319065 ], [ 24.576244802972571, 49.812020313944736 ] ] ] ] } },
{ "type": "Feature", "properties": { "fid": 953, "parcel_number": "127", "parcel_type": "build", "land_category": "building" }, "geometry": { "type": "MultiPolygon", "coordinates": [ [ [ [ 24.57622091861688, 49.812028101319065 ], [ 24.576191417318814, 49.811991296239306 ], [ 24.57614685245926, 49.811999348368523 ], [ 24.576075039183742, 49.811917424105985 ], [ 24.576020252475281, 49.811936259369197 ], [ 24.576143287270494, 49.812053412630021 ], [ 24.57622091861688, 49.812028101319065 ] ] ] ] } },
{ "type": "Feature", "properties": { "fid": 954, "parcel_number": "126", "parcel_type": "build", "land_category": "building" }, "geometry": { "type": "MultiPolygon", "coordinates": [ [ [ [ 24.576259098295342, 49.811984318457093 ], [ 24.576353633407614, 49.811975191976849 ], [ 24.576342937841325, 49.811928029463104 ], [ 24.576227059438956, 49.811945135121242 ], [ 24.576259098295342, 49.811984318457093 ] ] ] ] } },
{ "type": "Feature", "properties": { "fid": 955, "parcel_number": "127", "parcel_type": "build", "land_category": "building" }, "geometry": { "type": "MultiPolygon", "coordinates": [ [ [ [ 24.576227059438956, 49.811945135121242 ], [ 24.57620656937107, 49.811948159809965 ], [ 24.576244802972571, 49.812020313944736 ], [ 24.576279052287646, 49.812009147127412 ], [ 24.576276090551985, 49.81200509988858 ], [ 24.576259098295342, 49.811984318457093 ], [ 24.576227059438956, 49.811945135121242 ] ] ] ] } },
{ "type": "Feature", "properties": { "fid": 956, "parcel_number": "126", "parcel_type": "build", "land_category": "yard" }, "geometry": { "type": "MultiPolygon", "coordinates": [ [ [ [ 24.576353633407614, 49.811975191976849 ], [ 24.57639587345065, 49.811965992597202 ], [ 24.576312011913124, 49.811846809031415 ], [ 24.576176015831521, 49.811882709084905 ], [ 24.576227059438956, 49.811945135121242 ], [ 24.576342937841325, 49.811928029463104 ], [ 24.576353633407614, 49.811975191976849 ] ] ] ] } },
{ "type": "Feature", "properties": { "fid": 957, "parcel_number": "130", "parcel_type": "build", "land_category": "building" }, "geometry": { "type": "MultiPolygon", "coordinates": [ [ [ [ 24.576765412709953, 49.812636037488026 ], [ 24.576826912216145, 49.812694702188722 ], [ 24.576875042264476, 49.812669395855984 ], [ 24.57681621664986, 49.8126159074273 ], [ 24.576765412709953, 49.812636037488026 ] ] ] ] } },
{ "type": "Feature", "properties": { "fid": 958, "parcel_number": "186", "parcel_type": "ground", "land_category": "garden" }, "geometry": { "type": "MultiPolygon", "coordinates": [ [ [ [ 24.575367101401596, 49.812043556634784 ], [ 24.575540770369223, 49.812368019421527 ], [ 24.575758246883879, 49.812740713668916 ], [ 24.575893724056947, 49.812993776028065 ], [ 24.575975300396237, 49.813139614267392 ], [ 24.576216410171053, 49.81303571386298 ], [ 24.576059505334509, 49.812774071964711 ], [ 24.575849159197382, 49.812453141200052 ], [ 24.575629900088337, 49.812103450775687 ], [ 24.575563991895049, 49.811998760610457 ], [ 24.575563944096199, 49.811998773216473 ], [ 24.575367101401596, 49.812043556634784 ] ] ] ] } },
{ "type": "Feature", "properties": { "fid": 959, "parcel_number": "190", "parcel_type": "ground", "land_category": "garden" }, "geometry": { "type": "MultiPolygon", "coordinates": [ [ [ [ 24.575843545256017, 49.811905700968005 ], [ 24.576020288258086, 49.812135659209886 ], [ 24.576353633407599, 49.8125819738774 ], [ 24.576585370677311, 49.812922458588041 ], [ 24.576740772942557, 49.812879293625109 ], [ 24.57674077292625, 49.812879293576515 ], [ 24.576664696127349, 49.812794201959633 ], [ 24.576562940306232, 49.812658774236695 ], [ 24.5764365240464, 49.812490525717607 ], [ 24.57613526559577, 49.8120833204934 ], [ 24.576020252475278, 49.811936259369197 ], [ 24.575942745402472, 49.811837155221667 ], [ 24.575843545256017, 49.811905700968005 ] ] ] ] } },
{ "type": "Feature", "properties": { "fid": 960, "parcel_number": "189", "parcel_type": "ground", "land_category": "garden" }, "geometry": { "type": "MultiPolygon", "coordinates": [ [ [ [ 24.575768942450171, 49.811944708893954 ], [ 24.576002462314264, 49.812289799276826 ], [ 24.576314416331194, 49.812747615387188 ], [ 24.57643385015481, 49.812942013380436 ], [ 24.576585370677311, 49.812922458588041 ], [ 24.576353633407599, 49.8125819738774 ], [ 24.576020288258086, 49.812135659209886 ], [ 24.575843545256017, 49.811905700968005 ], [ 24.575842028819853, 49.811906748801626 ], [ 24.575768942450171, 49.811944708893954 ] ] ] ] } },
{ "type": "Feature", "properties": { "fid": 961, "parcel_number": "188", "parcel_type": "ground", "land_category": "garden" }, "geometry": { "type": "MultiPolygon", "coordinates": [ [ [ [ 24.575563991895049, 49.811998760610457 ], [ 24.575629900088337, 49.812103450775687 ], [ 24.575849159197382, 49.812453141200052 ], [ 24.576059505334509, 49.812774071964711 ], [ 24.576216410171053, 49.81303571386298 ], [ 24.57643385015481, 49.812942013380436 ], [ 24.576314416331194, 49.812747615387188 ], [ 24.576002462314264, 49.812289799276826 ], [ 24.575768942450171, 49.811944708893954 ], [ 24.575563991895049, 49.811998760610457 ] ] ] ] } },
{ "type": "Feature", "properties": { "fid": 962, "parcel_number": "184", "parcel_type": "ground", "land_category": "garden" }, "geometry": { "type": "MultiPolygon", "coordinates": [ [ [ [ 24.575815289904114, 49.812986874344908 ], [ 24.575882197404638, 49.812972245007302 ], [ 24.575758246883879, 49.812740713668916 ], [ 24.575540770369223, 49.812368019421527 ], [ 24.575367101401596, 49.812043556634784 ], [ 24.575285859372542, 49.812062039900205 ], [ 24.575512248859102, 49.812438187384934 ], [ 24.575661986787225, 49.812725759942658 ], [ 24.575815289904114, 49.812986874344908 ] ] ] ] } },
{ "type": "Feature", "properties": { "fid": 963, "parcel_number": "178", "parcel_type": "ground", "land_category": "garden" }, "geometry": { "type": "MultiPolygon", "coordinates": [ [ [ [ 24.575607974506102, 49.813016025101511 ], [ 24.575741060549465, 49.812996323599855 ], [ 24.575566617987764, 49.812672271576297 ], [ 24.57537944557761, 49.812329484513093 ], [ 24.575256224853899, 49.812116428556394 ], [ 24.575150382199475, 49.812147162216917 ], [ 24.575162860360155, 49.812190873618661 ], [ 24.575357163147839, 49.81255321661309 ], [ 24.575491749023708, 49.812801103670303 ], [ 24.575607974506102, 49.813016025101511 ] ] ] ] } },
{ "type": "Feature", "properties": { "fid": 964, "parcel_number": "182", "parcel_type": "ground", "land_category": "garden" }, "geometry": { "type": "MultiPolygon", "coordinates": [ [ [ [ 24.575741060549465, 49.812996323599855 ], [ 24.575814458404317, 49.812985458088171 ], [ 24.575661986787225, 49.812725759942658 ], [ 24.575512248859102, 49.812438187384934 ], [ 24.575309315632037, 49.812101012615521 ], [ 24.575309315514801, 49.812101012556504 ], [ 24.575256224853899, 49.812116428556394 ], [ 24.57537944557761, 49.812329484513093 ], [ 24.575566617987764, 49.812672271576297 ], [ 24.575741060549465, 49.812996323599855 ] ] ] ] } },
{ "type": "Feature", "properties": { "fid": 965, "parcel_number": "179", "parcel_type": "ground", "land_category": "pasture" }, "geometry": { "type": "MultiPolygon", "coordinates": [ [ [ [ 24.575870836647081, 49.81318406135091 ], [ 24.575667401081269, 49.813007227839684 ], [ 24.575607974506102, 49.813016025101511 ], [ 24.575611182847332, 49.813021957890733 ], [ 24.575662406388712, 49.813126127110856 ], [ 24.575723486293423, 49.813104777963552 ], [ 24.575785877096806, 49.813186447618804 ], [ 24.575716660179022, 49.813207061962096 ], [ 24.575741312237241, 49.813241660828758 ], [ 24.575867876438394, 49.813185297342912 ], [ 24.575870836647081, 49.81318406135091 ] ] ] ] } },
{ "type": "Feature", "properties": { "fid": 966, "parcel_number": "181", "parcel_type": "ground", "land_category": "garden" }, "geometry": { "type": "MultiPolygon", "coordinates": [ [ [ [ 24.575815289904114, 49.812986874344908 ], [ 24.575812265392798, 49.812985782732433 ], [ 24.575741060549465, 49.812996323599855 ], [ 24.57574309483163, 49.813000102570108 ], [ 24.575870836647081, 49.81318406135091 ], [ 24.575913332595146, 49.81316631778698 ], [ 24.575815289904114, 49.812986874344908 ] ] ] ] } },
{ "type": "Feature", "properties": { "fid": 967, "parcel_number": null, "parcel_type": null, "land_category": null }, "geometry": { "type": "MultiPolygon", "coordinates": [ [ [ [ 24.575812265392798, 49.812985782732433 ], [ 24.575815289904114, 49.812986874344908 ], [ 24.575814458404317, 49.812985458088171 ], [ 24.575812265392798, 49.812985782732433 ] ] ] ] } },
{ "type": "Feature", "properties": { "fid": 968, "parcel_number": "185", "parcel_type": "ground", "land_category": "garden" }, "geometry": { "type": "MultiPolygon", "coordinates": [ [ [ [ 24.575882197404638, 49.812972245007302 ], [ 24.575815289904114, 49.812986874344908 ], [ 24.575913332595146, 49.81316631778698 ], [ 24.575975300396237, 49.813139614267392 ], [ 24.575893724056947, 49.812993776028065 ], [ 24.575882197404638, 49.812972245007302 ] ] ] ] } },
{ "type": "Feature", "properties": { "fid": 969, "parcel_number": "131", "parcel_type": "build", "land_category": "building" }, "geometry": { "type": "MultiPolygon", "coordinates": [ [ [ [ 24.575716660179022, 49.813207061962096 ], [ 24.575785877096806, 49.813186447618804 ], [ 24.575723486293423, 49.813104777963552 ], [ 24.575662406388712, 49.813126127110856 ], [ 24.575670008461945, 49.813141586839308 ], [ 24.575716660179022, 49.813207061962096 ] ] ] ] } },
{ "type": "Feature", "properties": { "fid": 970, "parcel_number": "180", "parcel_type": "ground", "land_category": "garden" }, "geometry": { "type": "MultiPolygon", "coordinates": [ [ [ [ 24.575667401081269, 49.813007227839684 ], [ 24.575870836647081, 49.81318406135091 ], [ 24.57574309483163, 49.813000102570108 ], [ 24.575741060549465, 49.812996323599855 ], [ 24.575667401081269, 49.813007227839684 ] ] ] ] } },
{ "type": "Feature", "properties": { "fid": 971, "parcel_number": "176", "parcel_type": "ground", "land_category": "pasture" }, "geometry": { "type": "MultiPolygon", "coordinates": [ [ [ [ 24.575484890402826, 49.813043867004666 ], [ 24.575504227184382, 49.813084072958631 ], [ 24.575407967087735, 49.813100176852117 ], [ 24.575392592567464, 49.813064744984239 ], [ 24.575322402557379, 49.813080622123621 ], [ 24.575346597940946, 49.813136630071156 ], [ 24.575420445248412, 49.813124332682285 ], [ 24.575466792702358, 49.813218655332271 ], [ 24.575511357561911, 49.813250863024308 ], [ 24.575625443602391, 49.813200250927203 ], [ 24.575698724750204, 49.813266802918278 ], [ 24.575741312237241, 49.813241660828758 ], [ 24.575716660179022, 49.813207061962096 ], [ 24.575670008461945, 49.813141586839308 ], [ 24.575662406388712, 49.813126127110856 ], [ 24.575611182847332, 49.813021957890733 ], [ 24.575607974506106, 49.813016025101518 ], [ 24.575607974506099, 49.813016025101511 ], [ 24.575484890402826, 49.813043867004666 ] ] ] ] } },
{ "type": "Feature", "properties": { "fid": 972, "parcel_number": "175", "parcel_type": "ground", "land_category": "garden" }, "geometry": { "type": "MultiPolygon", "coordinates": [ [ [ [ 24.575466792702358, 49.813218655332271 ], [ 24.575387193075631, 49.813230600483621 ], [ 24.575434706003467, 49.813340584339102 ], [ 24.575657530301275, 49.813291122609215 ], [ 24.575698724750204, 49.813266802918278 ], [ 24.575665004083127, 49.813236178704528 ], [ 24.575550574638328, 49.81328767178897 ], [ 24.575511357561911, 49.813250863024308 ], [ 24.575466792702358, 49.813218655332271 ] ] ] ] } },
{ "type": "Feature", "properties": { "fid": 973, "parcel_number": "136", "parcel_type": "build", "land_category": "building" }, "geometry": { "type": "MultiPolygon", "coordinates": [ [ [ [ 24.575511357561911, 49.813250863024308 ], [ 24.575550574638328, 49.81328767178897 ], [ 24.575665004083127, 49.813236178704528 ], [ 24.575625443602391, 49.813200250927203 ], [ 24.575511357561911, 49.813250863024308 ] ] ] ] } },
{ "type": "Feature", "properties": { "fid": 974, "parcel_number": "137", "parcel_type": "build", "land_category": "building" }, "geometry": { "type": "MultiPolygon", "coordinates": [ [ [ [ 24.575387193075631, 49.813230600483621 ], [ 24.575466792702358, 49.813218655332271 ], [ 24.575420445248412, 49.813124332682285 ], [ 24.575346597940946, 49.813136630071156 ], [ 24.575387193075631, 49.813230600483621 ] ] ] ] } },
{ "type": "Feature", "properties": { "fid": 975, "parcel_number": "135", "parcel_type": "build", "land_category": "building" }, "geometry": { "type": "MultiPolygon", "coordinates": [ [ [ [ 24.575392592567464, 49.813064744984239 ], [ 24.575407967087735, 49.813100176852117 ], [ 24.575504227184382, 49.813084072958631 ], [ 24.575484890402826, 49.813043867004666 ], [ 24.575392592567464, 49.813064744984239 ] ] ] ] } },
{ "type": "Feature", "properties": { "fid": 976, "parcel_number": "177", "parcel_type": "ground", "land_category": "garden" }, "geometry": { "type": "MultiPolygon", "coordinates": [ [ [ [ 24.575504227184389, 49.812908080059181 ], [ 24.575391923738298, 49.812695277332523 ], [ 24.575263576942763, 49.812439912825397 ], [ 24.575131664958462, 49.812192599067906 ], [ 24.574949840331456, 49.812257015796234 ], [ 24.575124534580929, 49.812652716674904 ], [ 24.575322402557379, 49.813080622123621 ], [ 24.575392592567464, 49.813064744984239 ], [ 24.575484890402826, 49.813043867004666 ], [ 24.575555573479015, 49.813027878332612 ], [ 24.575504227184389, 49.812908080059181 ] ] ] ] } },
{ "type": "Feature", "properties": { "fid": 977, "parcel_number": "134", "parcel_type": "build", "land_category": "yard" }, "geometry": { "type": "MultiPolygon", "coordinates": [ [ [ [ 24.575103143448349, 49.81210747683113 ], [ 24.575030057078667, 49.812127031952834 ], [ 24.574983225566495, 49.812019483482125 ], [ 24.574962673873756, 49.812022050311811 ], [ 24.57497836184157, 49.812067216261582 ], [ 24.574933796982016, 49.812074118075891 ], [ 24.574973014058429, 49.812183396671152 ], [ 24.574926666604483, 49.812191448768409 ], [ 24.574949840331456, 49.812257015796234 ], [ 24.574992736001413, 49.812241818741995 ], [ 24.574964101086515, 49.812206402659761 ], [ 24.575092447882049, 49.812155789470374 ], [ 24.575131664958462, 49.812192599067906 ], [ 24.575162860360155, 49.812190873618661 ], [ 24.575150382199475, 49.812147162216917 ], [ 24.575103143448349, 49.81210747683113 ] ] ] ] } },
{ "type": "Feature", "properties": { "fid": 978, "parcel_number": "138", "parcel_type": "build", "land_category": "building" }, "geometry": { "type": "MultiPolygon", "coordinates": [ [ [ [ 24.574887650724847, 49.81220272585216 ], [ 24.574873188773015, 49.812163841572229 ], [ 24.574731472547303, 49.812194324508432 ], [ 24.574755537543769, 49.812240911622183 ], [ 24.574887650724847, 49.81220272585216 ] ] ] ] } },
{ "type": "Feature", "properties": { "fid": 979, "parcel_number": "134", "parcel_type": "build", "land_category": "building" }, "geometry": { "type": "MultiPolygon", "coordinates": [ [ [ [ 24.575131664958462, 49.812192599067906 ], [ 24.575092447882049, 49.812155789470374 ], [ 24.574964101086515, 49.812206402659761 ], [ 24.574992736001413, 49.812241818741995 ], [ 24.575131664958462, 49.812192599067906 ] ] ] ] } },
{ "type": "Feature", "properties": { "fid": 980, "parcel_number": "138", "parcel_type": "build", "land_category": "yard" }, "geometry": { "type": "MultiPolygon", "coordinates": [ [ [ [ 24.574926666604483, 49.812191448768409 ], [ 24.574858108857288, 49.812035133870374 ], [ 24.57466462523027, 49.812064915656599 ], [ 24.574731472547303, 49.812194324508432 ], [ 24.574873188773015, 49.812163841572229 ], [ 24.574887650724847, 49.81220272585216 ], [ 24.574926666604483, 49.812191448768409 ] ] ] ] } },
{ "type": "Feature", "properties": { "fid": 981, "parcel_number": "134", "parcel_type": "build", "land_category": "building" }, "geometry": { "type": "MultiPolygon", "coordinates": [ [ [ [ 24.574926666604483, 49.812191448768409 ], [ 24.574973014058429, 49.812183396671152 ], [ 24.574933796982016, 49.812074118075891 ], [ 24.57497836184157, 49.812067216261582 ], [ 24.574962673873756, 49.812022050311811 ], [ 24.574858928017949, 49.812035007781837 ], [ 24.574858108857288, 49.812035133870374 ], [ 24.574926666604483, 49.812191448768409 ] ] ] ] } },
{ "type": "Feature", "properties": { "fid": 982, "parcel_number": "133", "parcel_type": "build", "land_category": "yard" }, "geometry": { "type": "MultiPolygon", "coordinates": [ [ [ [ 24.575071406530856, 49.812037163058534 ], [ 24.575113839014644, 49.812030406568695 ], [ 24.575135230147229, 49.812078719284877 ], [ 24.575092939231471, 49.812084869185469 ], [ 24.575103143448349, 49.81210747683113 ], [ 24.575285859372542, 49.812062039900205 ], [ 24.575265359537145, 49.812008550800293 ], [ 24.575060699829613, 49.812013442148753 ], [ 24.575071406530856, 49.812037163058534 ] ] ] ] } },
{ "type": "Feature", "properties": { "fid": 983, "parcel_number": "133", "parcel_type": "build", "land_category": "building" }, "geometry": { "type": "MultiPolygon", "coordinates": [ [ [ [ 24.575285859372542, 49.812062039900205 ], [ 24.575103143448349, 49.81210747683113 ], [ 24.575150382199475, 49.812147162216917 ], [ 24.575256224853899, 49.812116428556394 ], [ 24.575309315514801, 49.812101012556504 ], [ 24.575309315632037, 49.812101012615521 ], [ 24.575325541123672, 49.812127971366827 ], [ 24.575285859372542, 49.812062039900205 ] ] ] ] } },
{ "type": "Feature", "properties": { "fid": 984, "parcel_number": null, "parcel_type": "ground", "land_category": "garden" }, "geometry": { "type": "MultiPolygon", "coordinates": [ [ [ [ 24.574983225566495, 49.812019483482125 ], [ 24.575030057078667, 49.812127031952834 ], [ 24.575103143448349, 49.81210747683113 ], [ 24.575060699829613, 49.812013442148753 ], [ 24.575024709295516, 49.812014302319255 ], [ 24.574983225566495, 49.812019483482125 ] ] ] ] } },
{ "type": "Feature", "properties": { "fid": 985, "parcel_number": "133", "parcel_type": "build", "land_category": "building" }, "geometry": { "type": "MultiPolygon", "coordinates": [ [ [ [ 24.575092939231471, 49.812084869185469 ], [ 24.575135230147229, 49.812078719284877 ], [ 24.575113839014644, 49.812030406568695 ], [ 24.575071406530856, 49.812037163058534 ], [ 24.575092939231471, 49.812084869185469 ] ] ] ] } },
{ "type": "Feature", "properties": { "fid": 986, "parcel_number": "174", "parcel_type": "ground", "land_category": "garden" }, "geometry": { "type": "MultiPolygon", "coordinates": [ [ [ [ 24.574864275801087, 49.812431285622573 ], [ 24.574960535897738, 49.812665944991394 ], [ 24.575108491231482, 49.812973070975659 ], [ 24.575242185810154, 49.813283645831675 ], [ 24.575279620292186, 49.813373367085688 ], [ 24.575434706003467, 49.813340584339102 ], [ 24.575387193075631, 49.813230600483621 ], [ 24.575346597940946, 49.813136630071156 ], [ 24.575322402557379, 49.813080622123621 ], [ 24.575124534580929, 49.812652716674904 ], [ 24.574949840331456, 49.812257015796234 ], [ 24.574926666604483, 49.812191448768409 ], [ 24.574887650724847, 49.81220272585216 ], [ 24.574755537543769, 49.812240911622183 ], [ 24.574864275801087, 49.812431285622573 ] ] ] ] } },
{ "type": "Feature", "properties": { "fid": 987, "parcel_number": "162", "parcel_type": "ground", "land_category": "garden" }, "geometry": { "type": "MultiPolygon", "coordinates": [ [ [ [ 24.574051412762696, 49.812629135753866 ], [ 24.573753574631354, 49.812663382396941 ], [ 24.573801849549167, 49.812789025676032 ], [ 24.573933761533464, 49.813175519996832 ], [ 24.573974967154118, 49.813297830330534 ], [ 24.573978326393028, 49.813296298839091 ], [ 24.574208281068358, 49.813270992820918 ], [ 24.574263541494211, 49.813177820549036 ], [ 24.57407636908405, 49.812688950750619 ], [ 24.574051412762696, 49.812629135753866 ] ] ] ] } },
{ "type": "Feature", "properties": { "fid": 988, "parcel_number": "159", "parcel_type": "ground", "land_category": "pasture" }, "geometry": { "type": "MultiPolygon", "coordinates": [ [ [ [ 24.573894753439255, 49.813334400107486 ], [ 24.573915935589646, 49.81337796817116 ], [ 24.573851139841182, 49.813400555909581 ], [ 24.573909920275995, 49.813565911558996 ], [ 24.573957826557631, 49.813555684762527 ], [ 24.573980108987413, 49.813593643561539 ], [ 24.573920413264641, 49.813608240700546 ], [ 24.573924594716047, 49.813625108845017 ], [ 24.574092412433497, 49.813586166830746 ], [ 24.574085282055965, 49.813553959361862 ], [ 24.574010709283989, 49.813292735171487 ], [ 24.573978326393028, 49.813296298839091 ], [ 24.573894753439255, 49.813334400107486 ] ] ] ] } },
{ "type": "Feature", "properties": { "fid": 989, "parcel_number": "160", "parcel_type": "ground", "land_category": "pasture" }, "geometry": { "type": "MultiPolygon", "coordinates": [ [ [ [ 24.574076632884605, 49.813285480420816 ], [ 24.57411023837733, 49.813384869798533 ], [ 24.574040334452054, 49.813396510454837 ], [ 24.574085282055965, 49.813553959361862 ], [ 24.574163611783728, 49.813542143789654 ], [ 24.574145890264976, 49.81342397900174 ], [ 24.574267106682978, 49.813417077379953 ], [ 24.574254706435447, 49.813264046177032 ], [ 24.574208281068358, 49.813270992820918 ], [ 24.574076632884605, 49.813285480420816 ] ] ] ] } },
{ "type": "Feature", "properties": { "fid": 990, "parcel_number": "158", "parcel_type": "ground", "land_category": "garden" }, "geometry": { "type": "MultiPolygon", "coordinates": [ [ [ [ 24.573616028418776, 49.812694450909028 ], [ 24.573621807516545, 49.812714257073146 ], [ 24.573743023934551, 49.813086948654266 ], [ 24.573836985048761, 49.813360736964711 ], [ 24.573974967154118, 49.813297830330534 ], [ 24.573933761533464, 49.813175519996832 ], [ 24.573801849549167, 49.812789025676032 ], [ 24.573753574631354, 49.812663382396941 ], [ 24.573616028418776, 49.812694450909028 ] ] ] ] } },
{ "type": "Feature", "properties": { "fid": 991, "parcel_number": "163", "parcel_type": "ground", "land_category": "orchard" }, "geometry": { "type": "MultiPolygon", "coordinates": [ [ [ [ 24.573725646177618, 49.812477250261423 ], [ 24.574060997126928, 49.812493399442211 ], [ 24.574056760545847, 49.812481898523828 ], [ 24.573978326393018, 49.812257590945194 ], [ 24.573971196015496, 49.812195474816534 ], [ 24.573837501436813, 49.812213879603711 ], [ 24.573618659458322, 49.812246858549443 ], [ 24.573721632801963, 49.812424383859181 ], [ 24.573725197990719, 49.812473846474887 ], [ 24.573725646177618, 49.812477250261423 ] ] ] ] } },
{ "type": "Feature", "properties": { "fid": 992, "parcel_number": "144", "parcel_type": "build", "land_category": "yard" }, "geometry": { "type": "MultiPolygon", "coordinates": [ [ [ [ 24.57387574217028, 49.812649335075051 ], [ 24.57386602294693, 49.812606129966213 ], [ 24.574024673846964, 49.812580823587147 ], [ 24.574031566628491, 49.812631417743319 ], [ 24.574051412762696, 49.812629135753866 ], [ 24.574108455782934, 49.812622234018704 ], [ 24.574060997126928, 49.812493399442211 ], [ 24.573725646177618, 49.812477250261423 ], [ 24.57373625474678, 49.812557817776501 ], [ 24.573796501766015, 49.812557817776501 ], [ 24.573811043790343, 49.812656774358651 ], [ 24.57387574217028, 49.812649335075051 ] ] ] ] } },
{ "type": "Feature", "properties": { "fid": 993, "parcel_number": "152", "parcel_type": "build", "land_category": "yard" }, "geometry": { "type": "MultiPolygon", "coordinates": [ [ [ [ 24.573466419287364, 49.81226842798759 ], [ 24.573485538193594, 49.812324336889859 ], [ 24.573509504070451, 49.812320857290572 ], [ 24.573527330014272, 49.812372620602567 ], [ 24.573508363857513, 49.812374915362838 ], [ 24.57353086377983, 49.812424772038064 ], [ 24.573662807187336, 49.81240482885763 ], [ 24.573679298697947, 49.812445267840957 ], [ 24.573722655074949, 49.812438566641454 ], [ 24.573721632801963, 49.812424383859181 ], [ 24.573697269021974, 49.812382380876315 ], [ 24.573643198649133, 49.812388724732777 ], [ 24.573621807516538, 49.812342712917939 ], [ 24.573667611763035, 49.812331251973504 ], [ 24.573618659458322, 49.812246858549443 ], [ 24.573539808174949, 49.812258741243127 ], [ 24.573466419287364, 49.81226842798759 ] ] ] ] } },
{ "type": "Feature", "properties": { "fid": 994, "parcel_number": "157", "parcel_type": "ground", "land_category": "garden" }, "geometry": { "type": "MultiPolygon", "coordinates": [ [ [ [ 24.573549188810688, 49.812465377738796 ], [ 24.573616028418776, 49.812694450909028 ], [ 24.573753574631354, 49.812663382396941 ], [ 24.573748371717699, 49.812649840953434 ], [ 24.573725197990719, 49.812473846474887 ], [ 24.573722655074949, 49.812438566641454 ], [ 24.573549188810688, 49.812465377738796 ] ] ] ] } },
{ "type": "Feature", "properties": { "fid": 995, "parcel_number": "155", "parcel_type": "ground", "land_category": "garden" }, "geometry": { "type": "MultiPolygon", "coordinates": [ [ [ [ 24.573836985048761, 49.813360736964711 ], [ 24.573743023934551, 49.813086948654266 ], [ 24.573621807516545, 49.812714257073146 ], [ 24.573616028418776, 49.812694450909028 ], [ 24.573509480953373, 49.812718517520203 ], [ 24.573514851853599, 49.81273266166302 ], [ 24.573687763508687, 49.813350361651793 ], [ 24.573814327709844, 49.813371066542793 ], [ 24.573836985048761, 49.813360736964711 ] ] ] ] } },
{ "type": "Feature", "properties": { "fid": 996, "parcel_number": "156", "parcel_type": "ground", "land_category": "garden" }, "geometry": { "type": "MultiPolygon", "coordinates": [ [ [ [ 24.573616028418776, 49.812694450909028 ], [ 24.573549188810688, 49.812465377738796 ], [ 24.573472069588416, 49.812477297353162 ], [ 24.57344889586145, 49.812558968067314 ], [ 24.573509480953373, 49.812718517520203 ], [ 24.573616028418776, 49.812694450909028 ] ] ] ] } },
{ "type": "Feature", "properties": { "fid": 997, "parcel_number": "161", "parcel_type": "ground", "land_category": "garden" }, "geometry": { "type": "MultiPolygon", "coordinates": [ [ [ [ 24.574267106682978, 49.813417077379953 ], [ 24.574267106682978, 49.813463088173371 ], [ 24.574152875043179, 49.813470552596613 ], [ 24.574163611783728, 49.813542143789654 ], [ 24.574359801590859, 49.813512549727498 ], [ 24.574341219119205, 49.813343178494513 ], [ 24.57426135949768, 49.813346151482897 ], [ 24.574267106682978, 49.813417077379953 ] ] ] ] } },
{ "type": "Feature", "properties": { "fid": 998, "parcel_number": "145", "parcel_type": "build", "land_category": "building" }, "geometry": { "type": "MultiPolygon", "coordinates": [ [ [ [ 24.57426135949768, 49.813346151482897 ], [ 24.574341219119205, 49.813343178494513 ], [ 24.574331280080745, 49.813252588435759 ], [ 24.574254706435447, 49.813264046177032 ], [ 24.57426135949768, 49.813346151482897 ] ] ] ] } },
{ "type": "Feature", "properties": { "fid": 999, "parcel_number": "147", "parcel_type": "build", "land_category": "building" }, "geometry": { "type": "MultiPolygon", "coordinates": [ [ [ [ 24.574040334452054, 49.813396510454837 ], [ 24.57411023837733, 49.813384869798533 ], [ 24.574076632884605, 49.813285480420816 ], [ 24.574010709283989, 49.813292735171487 ], [ 24.574040334452054, 49.813396510454837 ] ] ] ] } },
{ "type": "Feature", "properties": { "fid": 1000, "parcel_number": "146", "parcel_type": "build", "land_category": "building" }, "geometry": { "type": "MultiPolygon", "coordinates": [ [ [ [ 24.574152875043179, 49.813470552596613 ], [ 24.574267106682978, 49.813463088173371 ], [ 24.574267106682978, 49.813417077379953 ], [ 24.574145890264976, 49.81342397900174 ], [ 24.574152875043179, 49.813470552596613 ] ] ] ] } },
{ "type": "Feature", "properties": { "fid": 1001, "parcel_number": "144", "parcel_type": "build", "land_category": "building" }, "geometry": { "type": "MultiPolygon", "coordinates": [ [ [ [ 24.573811043790343, 49.812656774358651 ], [ 24.573796501766015, 49.812557817776501 ], [ 24.57373625474678, 49.812557817776501 ], [ 24.573748371717699, 49.812649840953434 ], [ 24.573753574631354, 49.812663382396941 ], [ 24.573811043790343, 49.812656774358651 ] ] ] ] } },
{ "type": "Feature", "properties": { "fid": 1002, "parcel_number": "144", "parcel_type": "build", "land_category": "building" }, "geometry": { "type": "MultiPolygon", "coordinates": [ [ [ [ 24.574031566628491, 49.812631417743319 ], [ 24.574024673846964, 49.812580823587147 ], [ 24.57386602294693, 49.812606129966213 ], [ 24.57387574217028, 49.812649335075051 ], [ 24.574031566628491, 49.812631417743319 ] ] ] ] } },
{ "type": "Feature", "properties": { "fid": 1004, "parcel_number": "151", "parcel_type": "build", "land_category": "building" }, "geometry": { "type": "MultiPolygon", "coordinates": [ [ [ [ 24.573667611763035, 49.812331251973504 ], [ 24.573621807516538, 49.812342712917939 ], [ 24.573643198649133, 49.812388724732777 ], [ 24.573697269021974, 49.812382380876315 ], [ 24.573667611763035, 49.812331251973504 ] ] ] ] } },
{ "type": "Feature", "properties": { "fid": 1010, "parcel_number": "150", "parcel_type": "build", "land_category": "building" }, "geometry": { "type": "MultiPolygon", "coordinates": [ [ [ [ 24.573348268108422, 49.812344267092172 ], [ 24.573382939869298, 49.812473846474902 ], [ 24.573439982889536, 49.812469245303483 ], [ 24.5734132439738, 49.812386424143071 ], [ 24.573508363857513, 49.812374915362838 ], [ 24.573527330014272, 49.812372620602567 ], [ 24.573509504070451, 49.812320857290572 ], [ 24.573485538193594, 49.812324336889859 ], [ 24.573348268108422, 49.812344267092172 ] ] ] ] } },
{ "type": "Feature", "properties": { "fid": 1011, "parcel_number": "152", "parcel_type": "build", "land_category": "building" }, "geometry": { "type": "MultiPolygon", "coordinates": [ [ [ [ 24.573679298697947, 49.812445267840957 ], [ 24.573662807187336, 49.81240482885763 ], [ 24.57353086377983, 49.812424772038064 ], [ 24.573464939210886, 49.812434736503874 ], [ 24.573472069588416, 49.812477297353162 ], [ 24.573549188810688, 49.812465377738796 ], [ 24.573679298697947, 49.812445267840957 ] ] ] ] } },
{ "type": "Feature", "properties": { "fid": 1013, "parcel_number": "154", "parcel_type": "ground", "land_category": "pasture" }, "geometry": { "type": "MultiPolygon", "coordinates": [ [ [ [ 24.573909920275995, 49.813565911558996 ], [ 24.573836985048761, 49.813360736964711 ], [ 24.573814327709844, 49.813371066542793 ], [ 24.573725643639374, 49.813427429812279 ], [ 24.573770208498939, 49.813660934086606 ], [ 24.573924594716047, 49.813625108845017 ], [ 24.573920413264641, 49.813608240700546 ], [ 24.573810762521084, 49.813635053126497 ], [ 24.573751936906461, 49.813499896776605 ], [ 24.573799175657591, 49.813494720568478 ], [ 24.573839284031198, 49.813580990631849 ], [ 24.573909920275995, 49.813565911558996 ] ] ] ] } },
{ "type": "Feature", "properties": { "fid": 1015, "parcel_number": "149", "parcel_type": "build", "land_category": "building" }, "geometry": { "type": "MultiPolygon", "coordinates": [ [ [ [ 24.573839284031198, 49.813580990631849 ], [ 24.573799175657591, 49.813494720568478 ], [ 24.573751936906461, 49.813499896776605 ], [ 24.573810762521084, 49.813635053126497 ], [ 24.573920413264641, 49.813608240700546 ], [ 24.573980108987413, 49.813593643561539 ], [ 24.573957826557631, 49.813555684762527 ], [ 24.573909920275995, 49.813565911558996 ], [ 24.573839284031198, 49.813580990631849 ] ] ] ] } },
{ "type": "Feature", "properties": { "fid": 1016, "parcel_number": "148", "parcel_type": "build", "land_category": "building" }, "geometry": { "type": "MultiPolygon", "coordinates": [ [ [ [ 24.573851139841182, 49.813400555909581 ], [ 24.573915935589646, 49.81337796817116 ], [ 24.573894753439255, 49.813334400107486 ], [ 24.573836985048761, 49.813360736964711 ], [ 24.573851139841182, 49.813400555909581 ] ] ] ] } },
{ "type": "Feature", "properties": { "fid": 1017, "parcel_number": "166", "parcel_type": "ground", "land_category": "garden" }, "geometry": { "type": "MultiPolygon", "coordinates": [ [ [ [ 24.574264804618458, 49.812565910944961 ], [ 24.574310780245341, 49.812689525894449 ], [ 24.574517561193712, 49.813238210004954 ], [ 24.574597018051065, 49.813475835397973 ], [ 24.574601343129682, 49.813475165999392 ], [ 24.574784950351074, 49.813426854677211 ], [ 24.574722559547691, 49.813247412201164 ], [ 24.574610256101593, 49.812926484575357 ], [ 24.574499735249884, 49.812604404531704 ], [ 24.574474778928529, 49.812510080684575 ], [ 24.5744400294146, 49.812426793127891 ], [ 24.574305816109224, 49.812449817957322 ], [ 24.574325041000403, 49.812560693503421 ], [ 24.574264804618458, 49.812565910944961 ] ] ] ] } },
{ "type": "Feature", "properties": { "fid": 1018, "parcel_number": "169", "parcel_type": "ground", "land_category": "garden" }, "geometry": { "type": "MultiPolygon", "coordinates": [ [ [ [ 24.5747813851623, 49.813258914943951 ], [ 24.574934492342145, 49.813244737772912 ], [ 24.574923992712897, 49.813206577442202 ], [ 24.574788515539833, 49.812825834791951 ], [ 24.574675530950387, 49.812526845272195 ], [ 24.574522908976853, 49.812538837974508 ], [ 24.574649473177999, 49.812917282318132 ], [ 24.574724342142062, 49.813173794582625 ], [ 24.5747813851623, 49.813258914943951 ] ] ] ] } },
{ "type": "Feature", "properties": { "fid": 1019, "parcel_number": "164", "parcel_type": "ground", "land_category": "garden" }, "geometry": { "type": "MultiPolygon", "coordinates": [ [ [ [ 24.574266036569146, 49.812456642296553 ], [ 24.574143268744564, 49.812178001877541 ], [ 24.573971196015496, 49.812195474816534 ], [ 24.573978326393018, 49.812257590945194 ], [ 24.574048282470656, 49.812457652752713 ], [ 24.574137868590253, 49.812437612238107 ], [ 24.57415569453407, 49.812475571914071 ], [ 24.574266036569146, 49.812456642296553 ] ] ] ] } },
{ "type": "Feature", "properties": { "fid": 1020, "parcel_number": "173", "parcel_type": "ground", "land_category": "garden" }, "geometry": { "type": "MultiPolygon", "coordinates": [ [ [ [ 24.574579088928655, 49.812074076866878 ], [ 24.574720776953299, 49.812375496340479 ], [ 24.574856254126363, 49.812660768694045 ], [ 24.575032730970225, 49.813097876296204 ], [ 24.575149045209521, 49.813397040604741 ], [ 24.575279620292182, 49.813373367085688 ], [ 24.575279620292182, 49.813373367085681 ], [ 24.575242185810154, 49.813283645831675 ], [ 24.575108491231482, 49.812973070975659 ], [ 24.574960535897738, 49.812665944991394 ], [ 24.574864275801087, 49.812431285622573 ], [ 24.574755537543769, 49.812240911622183 ], [ 24.574731472547303, 49.812194324508432 ], [ 24.57466462523027, 49.812064915656599 ], [ 24.574579088928655, 49.812074076866878 ] ] ] ] } },
{ "type": "Feature", "properties": { "fid": 1021, "parcel_number": "167", "parcel_type": "ground", "land_category": "garden" }, "geometry": { "type": "MultiPolygon", "coordinates": [ [ [ [ 24.574143268744564, 49.812178001877541 ], [ 24.574266036569146, 49.812456642296553 ], [ 24.5744400294146, 49.812426793127891 ], [ 24.574424866285817, 49.812390450174988 ], [ 24.574339301755465, 49.812254715200261 ], [ 24.574291171707134, 49.812175344572552 ], [ 24.574146781562156, 49.812177645172284 ], [ 24.574143268744564, 49.812178001877541 ] ] ] ] } },
{ "type": "Feature", "properties": { "fid": 1022, "parcel_number": "143", "parcel_type": "build", "land_category": "yard" }, "geometry": { "type": "MultiPolygon", "coordinates": [ [ [ [ 24.57418351972391, 49.812572951526938 ], [ 24.574182433449806, 49.812523884185865 ], [ 24.574316535309901, 49.812511638709267 ], [ 24.574305816109224, 49.812449817957322 ], [ 24.57415569453407, 49.812475571914071 ], [ 24.574137868590253, 49.812437612238107 ], [ 24.574048282470656, 49.812457652752713 ], [ 24.574056760545847, 49.812481898523828 ], [ 24.574060997126928, 49.812493399442211 ], [ 24.574093183958819, 49.812580776060187 ], [ 24.57418351972391, 49.812572951526938 ] ] ] ] } },
{ "type": "Feature", "properties": { "fid": 1023, "parcel_number": "143", "parcel_type": "build", "land_category": "building" }, "geometry": { "type": "MultiPolygon", "coordinates": [ [ [ [ 24.574316535309901, 49.812511638709267 ], [ 24.574182433449806, 49.812523884185865 ], [ 24.57418351972391, 49.812572951526938 ], [ 24.574325041000403, 49.812560693503421 ], [ 24.574316535309901, 49.812511638709267 ] ] ] ] } },
{ "type": "Feature", "properties": { "fid": 1024, "parcel_number": "165", "parcel_type": "ground", "land_category": "garden" }, "geometry": { "type": "MultiPolygon", "coordinates": [ [ [ [ 24.574597018051065, 49.813475835397973 ], [ 24.574517561193712, 49.813238210004954 ], [ 24.574310780245341, 49.812689525894449 ], [ 24.574264804618458, 49.812565910944961 ], [ 24.574093183958819, 49.812580776060187 ], [ 24.574108455782934, 49.812622234018704 ], [ 24.574216302743071, 49.812925334293297 ], [ 24.574325041000403, 49.81317034375401 ], [ 24.574331280080745, 49.813252588435759 ], [ 24.574341219119205, 49.813343178494513 ], [ 24.574359801590859, 49.813512549727498 ], [ 24.574597018051065, 49.813475835397973 ] ] ] ] } },
{ "type": "Feature", "properties": { "fid": 1025, "parcel_number": "168", "parcel_type": "ground", "land_category": "garden" }, "geometry": { "type": "MultiPolygon", "coordinates": [ [ [ [ 24.574626228631097, 49.812393373695549 ], [ 24.574465498554215, 49.812086242757687 ], [ 24.574449822607168, 49.812087921701533 ], [ 24.574378518831868, 49.812113228338326 ], [ 24.57431791062287, 49.812152338569163 ], [ 24.574419518502669, 49.812276570857492 ], [ 24.574496170061117, 49.812416906947767 ], [ 24.574626228631097, 49.812393373695549 ] ] ] ] } },
{ "type": "Feature", "properties": { "fid": 1026, "parcel_number": null, "parcel_type": "build", "land_category": "building" }, "geometry": { "type": "MultiPolygon", "coordinates": [ [ [ [ 24.574754646246564, 49.81248534940152 ], [ 24.574574604213947, 49.812502603786363 ], [ 24.574577278105522, 49.812518132727455 ], [ 24.574520235085277, 49.812523309040046 ], [ 24.574522908976853, 49.812538837974508 ], [ 24.574764450515673, 49.812519858165032 ], [ 24.574754646246564, 49.81248534940152 ] ] ] ] } },
{ "type": "Feature", "properties": { "fid": 1027, "parcel_number": "140", "parcel_type": "build", "land_category": "yard" }, "geometry": { "type": "MultiPolygon", "coordinates": [ [ [ [ 24.574670157252957, 49.812493446430807 ], [ 24.574626228631097, 49.812393373695549 ], [ 24.574496170061117, 49.812416906947767 ], [ 24.5744400294146, 49.812426793127891 ], [ 24.574474778928529, 49.812510080684575 ], [ 24.574484393609254, 49.81254641992151 ], [ 24.574522908976853, 49.812538837974508 ], [ 24.574520235085277, 49.812523309040046 ], [ 24.574577278105522, 49.812518132727455 ], [ 24.574574604213947, 49.812502603786363 ], [ 24.574670157252957, 49.812493446430807 ] ] ] ] } },
{ "type": "Feature", "properties": { "fid": 1028, "parcel_number": "139", "parcel_type": "build", "land_category": "yard" }, "geometry": { "type": "MultiPolygon", "coordinates": [ [ [ [ 24.574626228631097, 49.812393373695549 ], [ 24.574670157252957, 49.812493446430807 ], [ 24.574754646246564, 49.81248534940152 ], [ 24.574771973207238, 49.812483299563148 ], [ 24.574721113453499, 49.812376204904155 ], [ 24.574626228631097, 49.812393373695549 ] ] ] ] } },
{ "type": "Feature", "properties": { "fid": 1029, "parcel_number": "170", "parcel_type": "ground", "land_category": "garden" }, "geometry": { "type": "MultiPolygon", "coordinates": [ [ [ [ 24.574465498554215, 49.812086242757687 ], [ 24.574626228631097, 49.812393373695549 ], [ 24.574721113453499, 49.812376204904155 ], [ 24.574720776953299, 49.812375496340479 ], [ 24.574579088928655, 49.812074076866878 ], [ 24.574465498554215, 49.812086242757687 ] ] ] ] } },
{ "type": "Feature", "properties": { "fid": 1030, "parcel_number": "171", "parcel_type": "ground", "land_category": "garden" }, "geometry": { "type": "MultiPolygon", "coordinates": [ [ [ [ 24.574675530950387, 49.812526845272195 ], [ 24.574788515539833, 49.812825834791951 ], [ 24.574923992712897, 49.813206577442202 ], [ 24.574984600921894, 49.813426854677211 ], [ 24.575149045209521, 49.813397040604741 ], [ 24.575032730970225, 49.813097876296204 ], [ 24.574856254126363, 49.812660768694045 ], [ 24.574771973207238, 49.812483299563148 ], [ 24.574754646246564, 49.81248534940152 ], [ 24.574764450515673, 49.812519858165032 ], [ 24.574675530950387, 49.812526845272195 ] ] ] ] } },
{ "type": "Feature", "properties": { "fid": 1031, "parcel_number": "170", "parcel_type": "ground", "land_category": "pasture" }, "geometry": { "type": "MultiPolygon", "coordinates": [ [ [ [ 24.57473941992037, 49.813295904396433 ], [ 24.574789406837024, 49.813289972335788 ], [ 24.574811689266799, 49.81336071409838 ], [ 24.574763788610497, 49.813365991297978 ], [ 24.574784950351074, 49.813426854677211 ], [ 24.574984600921894, 49.813426854677211 ], [ 24.574977186148196, 49.813399906085991 ], [ 24.574842884668492, 49.813413051433429 ], [ 24.574833080399394, 49.813365315185038 ], [ 24.57496359315984, 49.813350503110058 ], [ 24.574934492342145, 49.813244737772912 ], [ 24.5747813851623, 49.813258914943951 ], [ 24.574728881710559, 49.813265595402811 ], [ 24.57473941992037, 49.813295904396433 ] ] ] ] } },
{ "type": "Feature", "properties": { "fid": 1032, "parcel_number": "141", "parcel_type": "build", "land_category": "building" }, "geometry": { "type": "MultiPolygon", "coordinates": [ [ [ [ 24.57496359315984, 49.813350503110058 ], [ 24.574833080399394, 49.813365315185038 ], [ 24.574842884668492, 49.813413051433429 ], [ 24.574977186148196, 49.813399906085991 ], [ 24.57496359315984, 49.813350503110058 ] ] ] ] } },
{ "type": "Feature", "properties": { "fid": 1033, "parcel_number": "142", "parcel_type": "build", "land_category": "building" }, "geometry": { "type": "MultiPolygon", "coordinates": [ [ [ [ 24.574763788610497, 49.813365991297978 ], [ 24.574811689266799, 49.81336071409838 ], [ 24.574789406837024, 49.813289972335788 ], [ 24.57473941992037, 49.813295904396433 ], [ 24.574763788610497, 49.813365991297978 ] ] ] ] } },
{ "type": "Feature", "properties": { "fid": 1034, "parcel_number": "150", "parcel_type": "build", "land_category": "building" }, "geometry": { "type": "MultiPolygon", "coordinates": [ [ [ [ 24.573485538193594, 49.812324336889859 ], [ 24.573466419287364, 49.81226842798759 ], [ 24.573382939869298, 49.812279446601131 ], [ 24.573340157604118, 49.812313955511478 ], [ 24.573348268108422, 49.812344267092172 ], [ 24.573485538193594, 49.812324336889859 ] ] ], [ [ [ 24.57353086377983, 49.812424772038064 ], [ 24.573508363857513, 49.812374915362838 ], [ 24.5734132439738, 49.812386424143071 ], [ 24.573439982889536, 49.812469245303483 ], [ 24.573472069588416, 49.812477297353162 ], [ 24.573464939210886, 49.812434736503874 ], [ 24.57353086377983, 49.812424772038064 ] ] ] ] } }
]
}
